"Period","Derived_Total","Measure","Value"
2016-06-30,"Total Income","Compensation of Employees",28421
2016-09-30,"Total Income","Compensation of Employees",28710
2016-12-31,"Total Income","Compensation of Employees",28706
2017-03-31,"Total Income","Compensation of Employees",29623
2017-06-30,"Total Income","Compensation of Employees",29835
2017-09-30,"Total Income","Compensation of Employees",30310
2017-12-31,"Total Income","Compensation of Employees",30996
2018-03-31,"Total Income","Compensation of Employees",31376
2018-06-30,"Total Income","Compensation of Employees",31806
2018-09-30,"Total Income","Compensation of Employees",32195
2018-12-31,"Total Income","Compensation of Employees",33157
2019-03-31,"Total Income","Compensation of Employees",33072
2019-06-30,"Total Income","Compensation of Employees",33900
2019-09-30,"Total Income","Compensation of Employees",34491
2019-12-31,"Total Income","Compensation of Employees",35050
2020-03-31,"Total Income","Compensation of Employees",35615
2020-06-30,"Total Income","Compensation of Employees",34360
2020-09-30,"Total Income","Compensation of Employees",35818
2020-12-31,"Total Income","Compensation of Employees",36508
2021-03-31,"Total Income","Compensation of Employees",37412
2021-06-30,"Total Income","Compensation of Employees",38344
2021-09-30,"Total Income","Compensation of Employees",38925
2021-12-31,"Total Income","Compensation of Employees",40326
2022-03-31,"Total Income","Compensation of Employees",40622
2022-06-30,"Total Income","Compensation of Employees",41516
2022-09-30,"Total Income","Compensation of Employees",42701
2022-12-31,"Total Income","Compensation of Employees",43201
2023-03-31,"Total Income","Compensation of Employees",43990
2023-06-30,"Total Income","Compensation of Employees",44988
2023-09-30,"Total Income","Compensation of Employees",45987
2023-12-31,"Total Income","Compensation of Employees",46705
2024-03-31,"Total Income","Compensation of Employees",47261
2024-06-30,"Total Income","Compensation of Employees",47623
2024-09-30,"Total Income","Compensation of Employees",47569
2024-12-31,"Total Income","Compensation of Employees",47449
2025-03-31,"Total Income","Compensation of Employees",48095
2025-06-30,"Total Income","Compensation of Employees",48138
2016-06-30,"Payments","Consumption of Fixed Capital",1233
2016-09-30,"Payments","Consumption of Fixed Capital",1264
2016-12-31,"Payments","Consumption of Fixed Capital",1297
2017-03-31,"Payments","Consumption of Fixed Capital",1329
2017-06-30,"Payments","Consumption of Fixed Capital",1333
2017-09-30,"Payments","Consumption of Fixed Capital",1371
2017-12-31,"Payments","Consumption of Fixed Capital",1400
2018-03-31,"Payments","Consumption of Fixed Capital",1433
2018-06-30,"Payments","Consumption of Fixed Capital",1435
2018-09-30,"Payments","Consumption of Fixed Capital",1464
2018-12-31,"Payments","Consumption of Fixed Capital",1494
2019-03-31,"Payments","Consumption of Fixed Capital",1522
2019-06-30,"Payments","Consumption of Fixed Capital",1523
2019-09-30,"Payments","Consumption of Fixed Capital",1550
2019-12-31,"Payments","Consumption of Fixed Capital",1584
2020-03-31,"Payments","Consumption of Fixed Capital",1616
2020-06-30,"Payments","Consumption of Fixed Capital",1644
2020-09-30,"Payments","Consumption of Fixed Capital",1661
2020-12-31,"Payments","Consumption of Fixed Capital",1669
2021-03-31,"Payments","Consumption of Fixed Capital",1681
2021-06-30,"Payments","Consumption of Fixed Capital",1810
2021-09-30,"Payments","Consumption of Fixed Capital",1873
2021-12-31,"Payments","Consumption of Fixed Capital",1945
2022-03-31,"Payments","Consumption of Fixed Capital",2037
2022-06-30,"Payments","Consumption of Fixed Capital",2061
2022-09-30,"Payments","Consumption of Fixed Capital",2181
2022-12-31,"Payments","Consumption of Fixed Capital",2287
2023-03-31,"Payments","Consumption of Fixed Capital",2376
2023-06-30,"Payments","Consumption of Fixed Capital",2308
2023-09-30,"Payments","Consumption of Fixed Capital",2375
2023-12-31,"Payments","Consumption of Fixed Capital",2427
2024-03-31,"Payments","Consumption of Fixed Capital",2470
2024-06-30,"Payments","Consumption of Fixed Capital",2471
2024-09-30,"Payments","Consumption of Fixed Capital",2509
2024-12-31,"Payments","Consumption of Fixed Capital",2526
2025-03-31,"Payments","Consumption of Fixed Capital",2545
2025-06-30,"Payments","Consumption of Fixed Capital",2569
2016-06-30,"Total Income","Government Transfers to Hhlds",7648
2016-09-30,"Total Income","Government Transfers to Hhlds",7643
2016-12-31,"Total Income","Government Transfers to Hhlds",7753
2017-03-31,"Total Income","Government Transfers to Hhlds",7864
2017-06-30,"Total Income","Government Transfers to Hhlds",7891
2017-09-30,"Total Income","Government Transfers to Hhlds",7872
2017-12-31,"Total Income","Government Transfers to Hhlds",8020
2018-03-31,"Total Income","Government Transfers to Hhlds",8161
2018-06-30,"Total Income","Government Transfers to Hhlds",8073
2018-09-30,"Total Income","Government Transfers to Hhlds",8588
2018-12-31,"Total Income","Government Transfers to Hhlds",8601
2019-03-31,"Total Income","Government Transfers to Hhlds",8719
2019-06-30,"Total Income","Government Transfers to Hhlds",9030
2019-09-30,"Total Income","Government Transfers to Hhlds",9166
2019-12-31,"Total Income","Government Transfers to Hhlds",9211
2020-03-31,"Total Income","Government Transfers to Hhlds",9473
2020-06-30,"Total Income","Government Transfers to Hhlds",10188
2020-09-30,"Total Income","Government Transfers to Hhlds",10346
2020-12-31,"Total Income","Government Transfers to Hhlds",10284
2021-03-31,"Total Income","Government Transfers to Hhlds",10476
2021-06-30,"Total Income","Government Transfers to Hhlds",10722
2021-09-30,"Total Income","Government Transfers to Hhlds",10632
2021-12-31,"Total Income","Government Transfers to Hhlds",11007
2022-03-31,"Total Income","Government Transfers to Hhlds",11146
2022-06-30,"Total Income","Government Transfers to Hhlds",11528
2022-09-30,"Total Income","Government Transfers to Hhlds",12007
2022-12-31,"Total Income","Government Transfers to Hhlds",12132
2023-03-31,"Total Income","Government Transfers to Hhlds",12251
2023-06-30,"Total Income","Government Transfers to Hhlds",12531
2023-09-30,"Total Income","Government Transfers to Hhlds",12703
2023-12-31,"Total Income","Government Transfers to Hhlds",13114
2024-03-31,"Total Income","Government Transfers to Hhlds",13412
2024-06-30,"Total Income","Government Transfers to Hhlds",13636
2024-09-30,"Total Income","Government Transfers to Hhlds",13801
2024-12-31,"Total Income","Government Transfers to Hhlds",14086
2025-03-31,"Total Income","Government Transfers to Hhlds",14446
2025-06-30,"Total Income","Government Transfers to Hhlds",14626
2016-06-30,"Payments","Hhld Transfers to Government",8645
2016-09-30,"Payments","Hhld Transfers to Government",8751
2016-12-31,"Payments","Hhld Transfers to Government",8833
2017-03-31,"Payments","Hhld Transfers to Government",8744
2017-06-30,"Payments","Hhld Transfers to Government",9280
2017-09-30,"Payments","Hhld Transfers to Government",9291
2017-12-31,"Payments","Hhld Transfers to Government",9270
2018-03-31,"Payments","Hhld Transfers to Government",9603
2018-06-30,"Payments","Hhld Transfers to Government",9326
2018-09-30,"Payments","Hhld Transfers to Government",9896
2018-12-31,"Payments","Hhld Transfers to Government",9985
2019-03-31,"Payments","Hhld Transfers to Government",10333
2019-06-30,"Payments","Hhld Transfers to Government",10392
2019-09-30,"Payments","Hhld Transfers to Government",10341
2019-12-31,"Payments","Hhld Transfers to Government",10849
2020-03-31,"Payments","Hhld Transfers to Government",10796
2020-06-30,"Payments","Hhld Transfers to Government",10245
2020-09-30,"Payments","Hhld Transfers to Government",11396
2020-12-31,"Payments","Hhld Transfers to Government",11480
2021-03-31,"Payments","Hhld Transfers to Government",11985
2021-06-30,"Payments","Hhld Transfers to Government",12613
2021-09-30,"Payments","Hhld Transfers to Government",12512
2021-12-31,"Payments","Hhld Transfers to Government",13357
2022-03-31,"Payments","Hhld Transfers to Government",13511
2022-06-30,"Payments","Hhld Transfers to Government",14229
2022-09-30,"Payments","Hhld Transfers to Government",14158
2022-12-31,"Payments","Hhld Transfers to Government",14259
2023-03-31,"Payments","Hhld Transfers to Government",14764
2023-06-30,"Payments","Hhld Transfers to Government",14550
2023-09-30,"Payments","Hhld Transfers to Government",15751
2023-12-31,"Payments","Hhld Transfers to Government",16144
2024-03-31,"Payments","Hhld Transfers to Government",16125
2024-06-30,"Payments","Hhld Transfers to Government",16467
2024-09-30,"Payments","Hhld Transfers to Government",16324
2024-12-31,"Payments","Hhld Transfers to Government",16079
2025-03-31,"Payments","Hhld Transfers to Government",16043
2025-06-30,"Payments","Hhld Transfers to Government",16020
2016-06-30,"Payments","Hhld Transfers to Private Sector",3890
2016-09-30,"Payments","Hhld Transfers to Private Sector",3955
2016-12-31,"Payments","Hhld Transfers to Private Sector",3928
2017-03-31,"Payments","Hhld Transfers to Private Sector",3981
2017-06-30,"Payments","Hhld Transfers to Private Sector",3992
2017-09-30,"Payments","Hhld Transfers to Private Sector",4053
2017-12-31,"Payments","Hhld Transfers to Private Sector",4092
2018-03-31,"Payments","Hhld Transfers to Private Sector",4220
2018-06-30,"Payments","Hhld Transfers to Private Sector",4178
2018-09-30,"Payments","Hhld Transfers to Private Sector",4139
2018-12-31,"Payments","Hhld Transfers to Private Sector",4256
2019-03-31,"Payments","Hhld Transfers to Private Sector",4274
2019-06-30,"Payments","Hhld Transfers to Private Sector",4477
2019-09-30,"Payments","Hhld Transfers to Private Sector",4609
2019-12-31,"Payments","Hhld Transfers to Private Sector",4745
2020-03-31,"Payments","Hhld Transfers to Private Sector",4839
2020-06-30,"Payments","Hhld Transfers to Private Sector",4816
2020-09-30,"Payments","Hhld Transfers to Private Sector",5014
2020-12-31,"Payments","Hhld Transfers to Private Sector",5101
2021-03-31,"Payments","Hhld Transfers to Private Sector",5123
2021-06-30,"Payments","Hhld Transfers to Private Sector",5223
2021-09-30,"Payments","Hhld Transfers to Private Sector",5280
2021-12-31,"Payments","Hhld Transfers to Private Sector",5384
2022-03-31,"Payments","Hhld Transfers to Private Sector",5267
2022-06-30,"Payments","Hhld Transfers to Private Sector",5218
2022-09-30,"Payments","Hhld Transfers to Private Sector",5176
2022-12-31,"Payments","Hhld Transfers to Private Sector",5153
2023-03-31,"Payments","Hhld Transfers to Private Sector",5159
2023-06-30,"Payments","Hhld Transfers to Private Sector",5448
2023-09-30,"Payments","Hhld Transfers to Private Sector",5498
2023-12-31,"Payments","Hhld Transfers to Private Sector",5729
2024-03-31,"Payments","Hhld Transfers to Private Sector",5790
2024-06-30,"Payments","Hhld Transfers to Private Sector",5874
2024-09-30,"Payments","Hhld Transfers to Private Sector",5902
2024-12-31,"Payments","Hhld Transfers to Private Sector",5817
2025-03-31,"Payments","Hhld Transfers to Private Sector",5940
2025-06-30,"Payments","Hhld Transfers to Private Sector",5990
2016-06-30,"Total Income","Pension Funds Revaluation Gains",901
2016-09-30,"Total Income","Pension Funds Revaluation Gains",927
2016-12-31,"Total Income","Pension Funds Revaluation Gains",967
2017-03-31,"Total Income","Pension Funds Revaluation Gains",927
2017-06-30,"Total Income","Pension Funds Revaluation Gains",936
2017-09-30,"Total Income","Pension Funds Revaluation Gains",911
2017-12-31,"Total Income","Pension Funds Revaluation Gains",998
2018-03-31,"Total Income","Pension Funds Revaluation Gains",960
2018-06-30,"Total Income","Pension Funds Revaluation Gains",1078
2018-09-30,"Total Income","Pension Funds Revaluation Gains",1094
2018-12-31,"Total Income","Pension Funds Revaluation Gains",1230
2019-03-31,"Total Income","Pension Funds Revaluation Gains",1149
2019-06-30,"Total Income","Pension Funds Revaluation Gains",1268
2019-09-30,"Total Income","Pension Funds Revaluation Gains",1287
2019-12-31,"Total Income","Pension Funds Revaluation Gains",1435
2020-03-31,"Total Income","Pension Funds Revaluation Gains",1448
2020-06-30,"Total Income","Pension Funds Revaluation Gains",1492
2020-09-30,"Total Income","Pension Funds Revaluation Gains",1606
2020-12-31,"Total Income","Pension Funds Revaluation Gains",1733
2021-03-31,"Total Income","Pension Funds Revaluation Gains",1673
2021-06-30,"Total Income","Pension Funds Revaluation Gains",1755
2021-09-30,"Total Income","Pension Funds Revaluation Gains",1641
2021-12-31,"Total Income","Pension Funds Revaluation Gains",1680
2022-03-31,"Total Income","Pension Funds Revaluation Gains",1437
2022-06-30,"Total Income","Pension Funds Revaluation Gains",1377
2022-09-30,"Total Income","Pension Funds Revaluation Gains",1250
2022-12-31,"Total Income","Pension Funds Revaluation Gains",1200
2023-03-31,"Total Income","Pension Funds Revaluation Gains",1094
2023-06-30,"Total Income","Pension Funds Revaluation Gains",1193
2023-09-30,"Total Income","Pension Funds Revaluation Gains",1179
2023-12-31,"Total Income","Pension Funds Revaluation Gains",1217
2024-03-31,"Total Income","Pension Funds Revaluation Gains",1135
2024-06-30,"Total Income","Pension Funds Revaluation Gains",1181
2024-09-30,"Total Income","Pension Funds Revaluation Gains",1085
2024-12-31,"Total Income","Pension Funds Revaluation Gains",1046
2025-03-31,"Total Income","Pension Funds Revaluation Gains",960
2025-06-30,"Total Income","Pension Funds Revaluation Gains",965
2016-06-30,"Total Income","Private Sector Transfers to Hhlds",1176
2016-09-30,"Total Income","Private Sector Transfers to Hhlds",1309
2016-12-31,"Total Income","Private Sector Transfers to Hhlds",1223
2017-03-31,"Total Income","Private Sector Transfers to Hhlds",1172
2017-06-30,"Total Income","Private Sector Transfers to Hhlds",1134
2017-09-30,"Total Income","Private Sector Transfers to Hhlds",1232
2017-12-31,"Total Income","Private Sector Transfers to Hhlds",1379
2018-03-31,"Total Income","Private Sector Transfers to Hhlds",1258
2018-06-30,"Total Income","Private Sector Transfers to Hhlds",1202
2018-09-30,"Total Income","Private Sector Transfers to Hhlds",1305
2018-12-31,"Total Income","Private Sector Transfers to Hhlds",1192
2019-03-31,"Total Income","Private Sector Transfers to Hhlds",1174
2019-06-30,"Total Income","Private Sector Transfers to Hhlds",1216
2019-09-30,"Total Income","Private Sector Transfers to Hhlds",1227
2019-12-31,"Total Income","Private Sector Transfers to Hhlds",1321
2020-03-31,"Total Income","Private Sector Transfers to Hhlds",1271
2020-06-30,"Total Income","Private Sector Transfers to Hhlds",1180
2020-09-30,"Total Income","Private Sector Transfers to Hhlds",1539
2020-12-31,"Total Income","Private Sector Transfers to Hhlds",1382
2021-03-31,"Total Income","Private Sector Transfers to Hhlds",1493
2021-06-30,"Total Income","Private Sector Transfers to Hhlds",1478
2021-09-30,"Total Income","Private Sector Transfers to Hhlds",1341
2021-12-31,"Total Income","Private Sector Transfers to Hhlds",1126
2022-03-31,"Total Income","Private Sector Transfers to Hhlds",932
2022-06-30,"Total Income","Private Sector Transfers to Hhlds",967
2022-09-30,"Total Income","Private Sector Transfers to Hhlds",1108
2022-12-31,"Total Income","Private Sector Transfers to Hhlds",1159
2023-03-31,"Total Income","Private Sector Transfers to Hhlds",1203
2023-06-30,"Total Income","Private Sector Transfers to Hhlds",1152
2023-09-30,"Total Income","Private Sector Transfers to Hhlds",1192
2023-12-31,"Total Income","Private Sector Transfers to Hhlds",1129
2024-03-31,"Total Income","Private Sector Transfers to Hhlds",1113
2024-06-30,"Total Income","Private Sector Transfers to Hhlds",1115
2024-09-30,"Total Income","Private Sector Transfers to Hhlds",1143
2024-12-31,"Total Income","Private Sector Transfers to Hhlds",1043
2025-03-31,"Total Income","Private Sector Transfers to Hhlds",1140
2025-06-30,"Total Income","Private Sector Transfers to Hhlds",1183
2016-06-30,"Total Income","Profit from Production",10469
2016-09-30,"Total Income","Profit from Production",10561
2016-12-31,"Total Income","Profit from Production",11071
2017-03-31,"Total Income","Profit from Production",11461
2017-06-30,"Total Income","Profit from Production",11296
2017-09-30,"Total Income","Profit from Production",11578
2017-12-31,"Total Income","Profit from Production",11923
2018-03-31,"Total Income","Profit from Production",12120
2018-06-30,"Total Income","Profit from Production",12355
2018-09-30,"Total Income","Profit from Production",12349
2018-12-31,"Total Income","Profit from Production",12582
2019-03-31,"Total Income","Profit from Production",12732
2019-06-30,"Total Income","Profit from Production",13318
2019-09-30,"Total Income","Profit from Production",13598
2019-12-31,"Total Income","Profit from Production",13973
2020-03-31,"Total Income","Profit from Production",13764
2020-06-30,"Total Income","Profit from Production",14427
2020-09-30,"Total Income","Profit from Production",14901
2020-12-31,"Total Income","Profit from Production",15096
2021-03-31,"Total Income","Profit from Production",15573
2021-06-30,"Total Income","Profit from Production",15921
2021-09-30,"Total Income","Profit from Production",16464
2021-12-31,"Total Income","Profit from Production",16984
2022-03-31,"Total Income","Profit from Production",17100
2022-06-30,"Total Income","Profit from Production",16605
2022-09-30,"Total Income","Profit from Production",16023
2022-12-31,"Total Income","Profit from Production",15889
2023-03-31,"Total Income","Profit from Production",16106
2023-06-30,"Total Income","Profit from Production",16883
2023-09-30,"Total Income","Profit from Production",17045
2023-12-31,"Total Income","Profit from Production",17055
2024-03-31,"Total Income","Profit from Production",17363
2024-06-30,"Total Income","Profit from Production",17095
2024-09-30,"Total Income","Profit from Production",17301
2024-12-31,"Total Income","Profit from Production",17760
2025-03-31,"Total Income","Profit from Production",17837
2025-06-30,"Total Income","Profit from Production",18396
2016-06-30,"Payments","Property Income Payable",1718
2016-09-30,"Payments","Property Income Payable",1749
2016-12-31,"Payments","Property Income Payable",1742
2017-03-31,"Payments","Property Income Payable",1701
2017-06-30,"Payments","Property Income Payable",1719
2017-09-30,"Payments","Property Income Payable",1697
2017-12-31,"Payments","Property Income Payable",1698
2018-03-31,"Payments","Property Income Payable",1705
2018-06-30,"Payments","Property Income Payable",1730
2018-09-30,"Payments","Property Income Payable",1765
2018-12-31,"Payments","Property Income Payable",1787
2019-03-31,"Payments","Property Income Payable",1772
2019-06-30,"Payments","Property Income Payable",1744
2019-09-30,"Payments","Property Income Payable",1667
2019-12-31,"Payments","Property Income Payable",1596
2020-03-31,"Payments","Property Income Payable",1566
2020-06-30,"Payments","Property Income Payable",1464
2020-09-30,"Payments","Property Income Payable",1368
2020-12-31,"Payments","Property Income Payable",1293
2021-03-31,"Payments","Property Income Payable",1222
2021-06-30,"Payments","Property Income Payable",1181
2021-09-30,"Payments","Property Income Payable",1134
2021-12-31,"Payments","Property Income Payable",1169
2022-03-31,"Payments","Property Income Payable",1241
2022-06-30,"Payments","Property Income Payable",1401
2022-09-30,"Payments","Property Income Payable",1701
2022-12-31,"Payments","Property Income Payable",2036
2023-03-31,"Payments","Property Income Payable",2337
2023-06-30,"Payments","Property Income Payable",2602
2023-09-30,"Payments","Property Income Payable",2822
2023-12-31,"Payments","Property Income Payable",2969
2024-03-31,"Payments","Property Income Payable",3058
2024-06-30,"Payments","Property Income Payable",3131
2024-09-30,"Payments","Property Income Payable",3156
2024-12-31,"Payments","Property Income Payable",3013
2025-03-31,"Payments","Property Income Payable",2815
2025-06-30,"Payments","Property Income Payable",2594
2016-06-30,"Total Income","Property Income Receivable",4132
2016-09-30,"Total Income","Property Income Receivable",3805
2016-12-31,"Total Income","Property Income Receivable",3862
2017-03-31,"Total Income","Property Income Receivable",3938
2017-06-30,"Total Income","Property Income Receivable",4090
2017-09-30,"Total Income","Property Income Receivable",4141
2017-12-31,"Total Income","Property Income Receivable",4109
2018-03-31,"Total Income","Property Income Receivable",4161
2018-06-30,"Total Income","Property Income Receivable",4273
2018-09-30,"Total Income","Property Income Receivable",4325
2018-12-31,"Total Income","Property Income Receivable",4414
2019-03-31,"Total Income","Property Income Receivable",4426
2019-06-30,"Total Income","Property Income Receivable",4577
2019-09-30,"Total Income","Property Income Receivable",4522
2019-12-31,"Total Income","Property Income Receivable",4327
2020-03-31,"Total Income","Property Income Receivable",3782
2020-06-30,"Total Income","Property Income Receivable",4268
2020-09-30,"Total Income","Property Income Receivable",4660
2020-12-31,"Total Income","Property Income Receivable",5104
2021-03-31,"Total Income","Property Income Receivable",4564
2021-06-30,"Total Income","Property Income Receivable",3809
2021-09-30,"Total Income","Property Income Receivable",3542
2021-12-31,"Total Income","Property Income Receivable",3451
2022-03-31,"Total Income","Property Income Receivable",3777
2022-06-30,"Total Income","Property Income Receivable",4202
2022-09-30,"Total Income","Property Income Receivable",4448
2022-12-31,"Total Income","Property Income Receivable",5036
2023-03-31,"Total Income","Property Income Receivable",5298
2023-06-30,"Total Income","Property Income Receivable",6225
2023-09-30,"Total Income","Property Income Receivable",6694
2023-12-31,"Total Income","Property Income Receivable",6741
2024-03-31,"Total Income","Property Income Receivable",6855
2024-06-30,"Total Income","Property Income Receivable",6733
2024-09-30,"Total Income","Property Income Receivable",6669
2024-12-31,"Total Income","Property Income Receivable",6519
2025-03-31,"Total Income","Property Income Receivable",6458
2025-06-30,"Total Income","Property Income Receivable",6631
1987-06-30,"HCE","Alcoholic beverages, tobacco and illicit drugs",502
1987-06-30,"HCE","Clothing and footwear",528
1987-06-30,"HCE","Communication",169
1987-06-30,"HCE","Food and nonalcoholic beverages",1222
1987-06-30,"HCE","Household contents and services",693
1987-06-30,"HCE","Housing and household utilities",1888
1987-06-30,"HCE","Miscellaneous goods and services",738
1987-06-30,"HCE","Recreation and culture",845
1987-06-30,"HCE","Restaurants and hotels",608
1987-06-30,"HCE","Transport",1506
1987-09-30,"HCE","Alcoholic beverages, tobacco and illicit drugs",508
1987-09-30,"HCE","Clothing and footwear",522
1987-09-30,"HCE","Communication",176
1987-09-30,"HCE","Food and nonalcoholic beverages",1250
1987-09-30,"HCE","Household contents and services",685
1987-09-30,"HCE","Housing and household utilities",1951
1987-09-30,"HCE","Miscellaneous goods and services",776
1987-09-30,"HCE","Recreation and culture",847
1987-09-30,"HCE","Restaurants and hotels",604
1987-09-30,"HCE","Transport",1558
1987-12-31,"HCE","Alcoholic beverages, tobacco and illicit drugs",521
1987-12-31,"HCE","Clothing and footwear",537
1987-12-31,"HCE","Communication",186
1987-12-31,"HCE","Food and nonalcoholic beverages",1279
1987-12-31,"HCE","Household contents and services",687
1987-12-31,"HCE","Housing and household utilities",2040
1987-12-31,"HCE","Miscellaneous goods and services",821
1987-12-31,"HCE","Recreation and culture",877
1987-12-31,"HCE","Restaurants and hotels",628
1987-12-31,"HCE","Transport",1518
1988-03-31,"HCE","Alcoholic beverages, tobacco and illicit drugs",523
1988-03-31,"HCE","Clothing and footwear",524
1988-03-31,"HCE","Communication",193
1988-03-31,"HCE","Food and nonalcoholic beverages",1291
1988-03-31,"HCE","Household contents and services",678
1988-03-31,"HCE","Housing and household utilities",2148
1988-03-31,"HCE","Miscellaneous goods and services",850
1988-03-31,"HCE","Recreation and culture",889
1988-03-31,"HCE","Restaurants and hotels",616
1988-03-31,"HCE","Transport",1482
1988-06-30,"HCE","Alcoholic beverages, tobacco and illicit drugs",528
1988-06-30,"HCE","Clothing and footwear",512
1988-06-30,"HCE","Communication",199
1988-06-30,"HCE","Food and nonalcoholic beverages",1292
1988-06-30,"HCE","Household contents and services",667
1988-06-30,"HCE","Housing and household utilities",2259
1988-06-30,"HCE","Miscellaneous goods and services",852
1988-06-30,"HCE","Recreation and culture",900
1988-06-30,"HCE","Restaurants and hotels",603
1988-06-30,"HCE","Transport",1489
1988-09-30,"HCE","Alcoholic beverages, tobacco and illicit drugs",550
1988-09-30,"HCE","Clothing and footwear",519
1988-09-30,"HCE","Communication",209
1988-09-30,"HCE","Food and nonalcoholic beverages",1349
1988-09-30,"HCE","Household contents and services",683
1988-09-30,"HCE","Housing and household utilities",2370
1988-09-30,"HCE","Miscellaneous goods and services",873
1988-09-30,"HCE","Recreation and culture",944
1988-09-30,"HCE","Restaurants and hotels",634
1988-09-30,"HCE","Transport",1594
1988-12-31,"HCE","Alcoholic beverages, tobacco and illicit drugs",555
1988-12-31,"HCE","Clothing and footwear",515
1988-12-31,"HCE","Communication",195
1988-12-31,"HCE","Food and nonalcoholic beverages",1355
1988-12-31,"HCE","Household contents and services",684
1988-12-31,"HCE","Housing and household utilities",2441
1988-12-31,"HCE","Miscellaneous goods and services",878
1988-12-31,"HCE","Recreation and culture",956
1988-12-31,"HCE","Restaurants and hotels",630
1988-12-31,"HCE","Transport",1650
1989-03-31,"HCE","Alcoholic beverages, tobacco and illicit drugs",563
1989-03-31,"HCE","Clothing and footwear",514
1989-03-31,"HCE","Communication",216
1989-03-31,"HCE","Food and nonalcoholic beverages",1372
1989-03-31,"HCE","Household contents and services",688
1989-03-31,"HCE","Housing and household utilities",2473
1989-03-31,"HCE","Miscellaneous goods and services",872
1989-03-31,"HCE","Recreation and culture",977
1989-03-31,"HCE","Restaurants and hotels",627
1989-03-31,"HCE","Transport",1737
1989-06-30,"HCE","Alcoholic beverages, tobacco and illicit drugs",594
1989-06-30,"HCE","Clothing and footwear",585
1989-06-30,"HCE","Communication",229
1989-06-30,"HCE","Food and nonalcoholic beverages",1472
1989-06-30,"HCE","Household contents and services",726
1989-06-30,"HCE","Housing and household utilities",2505
1989-06-30,"HCE","Miscellaneous goods and services",887
1989-06-30,"HCE","Recreation and culture",1013
1989-06-30,"HCE","Restaurants and hotels",659
1989-06-30,"HCE","Transport",1838
1989-09-30,"HCE","Alcoholic beverages, tobacco and illicit drugs",587
1989-09-30,"HCE","Clothing and footwear",558
1989-09-30,"HCE","Communication",255
1989-09-30,"HCE","Food and nonalcoholic beverages",1422
1989-09-30,"HCE","Household contents and services",692
1989-09-30,"HCE","Housing and household utilities",2550
1989-09-30,"HCE","Miscellaneous goods and services",880
1989-09-30,"HCE","Recreation and culture",966
1989-09-30,"HCE","Restaurants and hotels",648
1989-09-30,"HCE","Transport",1644
1989-12-31,"HCE","Alcoholic beverages, tobacco and illicit drugs",604
1989-12-31,"HCE","Clothing and footwear",550
1989-12-31,"HCE","Communication",273
1989-12-31,"HCE","Food and nonalcoholic beverages",1458
1989-12-31,"HCE","Household contents and services",695
1989-12-31,"HCE","Housing and household utilities",2592
1989-12-31,"HCE","Miscellaneous goods and services",879
1989-12-31,"HCE","Recreation and culture",976
1989-12-31,"HCE","Restaurants and hotels",616
1989-12-31,"HCE","Transport",1701
1990-03-31,"HCE","Alcoholic beverages, tobacco and illicit drugs",632
1990-03-31,"HCE","Clothing and footwear",548
1990-03-31,"HCE","Communication",277
1990-03-31,"HCE","Food and nonalcoholic beverages",1512
1990-03-31,"HCE","Household contents and services",700
1990-03-31,"HCE","Housing and household utilities",2653
1990-03-31,"HCE","Miscellaneous goods and services",900
1990-03-31,"HCE","Recreation and culture",1006
1990-03-31,"HCE","Restaurants and hotels",651
1990-03-31,"HCE","Transport",1725
1990-06-30,"HCE","Alcoholic beverages, tobacco and illicit drugs",658
1990-06-30,"HCE","Clothing and footwear",555
1990-06-30,"HCE","Communication",278
1990-06-30,"HCE","Food and nonalcoholic beverages",1548
1990-06-30,"HCE","Household contents and services",692
1990-06-30,"HCE","Housing and household utilities",2711
1990-06-30,"HCE","Miscellaneous goods and services",930
1990-06-30,"HCE","Recreation and culture",1027
1990-06-30,"HCE","Restaurants and hotels",644
1990-06-30,"HCE","Transport",1708
1990-09-30,"HCE","Alcoholic beverages, tobacco and illicit drugs",679
1990-09-30,"HCE","Clothing and footwear",563
1990-09-30,"HCE","Communication",268
1990-09-30,"HCE","Food and nonalcoholic beverages",1573
1990-09-30,"HCE","Household contents and services",688
1990-09-30,"HCE","Housing and household utilities",2772
1990-09-30,"HCE","Miscellaneous goods and services",939
1990-09-30,"HCE","Recreation and culture",1035
1990-09-30,"HCE","Restaurants and hotels",645
1990-09-30,"HCE","Transport",1702
1990-12-31,"HCE","Alcoholic beverages, tobacco and illicit drugs",700
1990-12-31,"HCE","Clothing and footwear",574
1990-12-31,"HCE","Communication",273
1990-12-31,"HCE","Food and nonalcoholic beverages",1625
1990-12-31,"HCE","Household contents and services",695
1990-12-31,"HCE","Housing and household utilities",2812
1990-12-31,"HCE","Miscellaneous goods and services",983
1990-12-31,"HCE","Recreation and culture",1046
1990-12-31,"HCE","Restaurants and hotels",668
1990-12-31,"HCE","Transport",1866
1991-03-31,"HCE","Alcoholic beverages, tobacco and illicit drugs",693
1991-03-31,"HCE","Clothing and footwear",582
1991-03-31,"HCE","Communication",279
1991-03-31,"HCE","Food and nonalcoholic beverages",1587
1991-03-31,"HCE","Household contents and services",673
1991-03-31,"HCE","Housing and household utilities",2846
1991-03-31,"HCE","Miscellaneous goods and services",974
1991-03-31,"HCE","Recreation and culture",1028
1991-03-31,"HCE","Restaurants and hotels",667
1991-03-31,"HCE","Transport",1532
1991-06-30,"HCE","Alcoholic beverages, tobacco and illicit drugs",681
1991-06-30,"HCE","Clothing and footwear",538
1991-06-30,"HCE","Communication",255
1991-06-30,"HCE","Food and nonalcoholic beverages",1574
1991-06-30,"HCE","Household contents and services",671
1991-06-30,"HCE","Housing and household utilities",2872
1991-06-30,"HCE","Miscellaneous goods and services",915
1991-06-30,"HCE","Recreation and culture",1018
1991-06-30,"HCE","Restaurants and hotels",623
1991-06-30,"HCE","Transport",1571
1991-09-30,"HCE","Alcoholic beverages, tobacco and illicit drugs",679
1991-09-30,"HCE","Clothing and footwear",547
1991-09-30,"HCE","Communication",295
1991-09-30,"HCE","Food and nonalcoholic beverages",1584
1991-09-30,"HCE","Household contents and services",677
1991-09-30,"HCE","Housing and household utilities",2867
1991-09-30,"HCE","Miscellaneous goods and services",956
1991-09-30,"HCE","Recreation and culture",1027
1991-09-30,"HCE","Restaurants and hotels",593
1991-09-30,"HCE","Transport",1645
1991-12-31,"HCE","Alcoholic beverages, tobacco and illicit drugs",671
1991-12-31,"HCE","Clothing and footwear",560
1991-12-31,"HCE","Communication",305
1991-12-31,"HCE","Food and nonalcoholic beverages",1575
1991-12-31,"HCE","Household contents and services",676
1991-12-31,"HCE","Housing and household utilities",2885
1991-12-31,"HCE","Miscellaneous goods and services",953
1991-12-31,"HCE","Recreation and culture",1024
1991-12-31,"HCE","Restaurants and hotels",621
1991-12-31,"HCE","Transport",1561
1992-03-31,"HCE","Alcoholic beverages, tobacco and illicit drugs",688
1992-03-31,"HCE","Clothing and footwear",564
1992-03-31,"HCE","Communication",309
1992-03-31,"HCE","Food and nonalcoholic beverages",1632
1992-03-31,"HCE","Household contents and services",694
1992-03-31,"HCE","Housing and household utilities",2882
1992-03-31,"HCE","Miscellaneous goods and services",989
1992-03-31,"HCE","Recreation and culture",1031
1992-03-31,"HCE","Restaurants and hotels",611
1992-03-31,"HCE","Transport",1545
1992-06-30,"HCE","Alcoholic beverages, tobacco and illicit drugs",676
1992-06-30,"HCE","Clothing and footwear",567
1992-06-30,"HCE","Communication",301
1992-06-30,"HCE","Food and nonalcoholic beverages",1617
1992-06-30,"HCE","Household contents and services",701
1992-06-30,"HCE","Housing and household utilities",2888
1992-06-30,"HCE","Miscellaneous goods and services",1002
1992-06-30,"HCE","Recreation and culture",1041
1992-06-30,"HCE","Restaurants and hotels",607
1992-06-30,"HCE","Transport",1541
1992-09-30,"HCE","Alcoholic beverages, tobacco and illicit drugs",681
1992-09-30,"HCE","Clothing and footwear",560
1992-09-30,"HCE","Communication",295
1992-09-30,"HCE","Food and nonalcoholic beverages",1640
1992-09-30,"HCE","Household contents and services",710
1992-09-30,"HCE","Housing and household utilities",2843
1992-09-30,"HCE","Miscellaneous goods and services",999
1992-09-30,"HCE","Recreation and culture",1048
1992-09-30,"HCE","Restaurants and hotels",613
1992-09-30,"HCE","Transport",1549
1992-12-31,"HCE","Alcoholic beverages, tobacco and illicit drugs",692
1992-12-31,"HCE","Clothing and footwear",554
1992-12-31,"HCE","Communication",298
1992-12-31,"HCE","Food and nonalcoholic beverages",1667
1992-12-31,"HCE","Household contents and services",728
1992-12-31,"HCE","Housing and household utilities",2905
1992-12-31,"HCE","Miscellaneous goods and services",999
1992-12-31,"HCE","Recreation and culture",1073
1992-12-31,"HCE","Restaurants and hotels",657
1992-12-31,"HCE","Transport",1567
1993-03-31,"HCE","Alcoholic beverages, tobacco and illicit drugs",694
1993-03-31,"HCE","Clothing and footwear",559
1993-03-31,"HCE","Communication",301
1993-03-31,"HCE","Food and nonalcoholic beverages",1663
1993-03-31,"HCE","Household contents and services",749
1993-03-31,"HCE","Housing and household utilities",2916
1993-03-31,"HCE","Miscellaneous goods and services",981
1993-03-31,"HCE","Recreation and culture",1085
1993-03-31,"HCE","Restaurants and hotels",598
1993-03-31,"HCE","Transport",1550
1993-06-30,"HCE","Alcoholic beverages, tobacco and illicit drugs",701
1993-06-30,"HCE","Clothing and footwear",580
1993-06-30,"HCE","Communication",303
1993-06-30,"HCE","Food and nonalcoholic beverages",1663
1993-06-30,"HCE","Household contents and services",780
1993-06-30,"HCE","Housing and household utilities",2943
1993-06-30,"HCE","Miscellaneous goods and services",977
1993-06-30,"HCE","Recreation and culture",1122
1993-06-30,"HCE","Restaurants and hotels",657
1993-06-30,"HCE","Transport",1538
1993-09-30,"HCE","Alcoholic beverages, tobacco and illicit drugs",703
1993-09-30,"HCE","Clothing and footwear",589
1993-09-30,"HCE","Communication",301
1993-09-30,"HCE","Food and nonalcoholic beverages",1678
1993-09-30,"HCE","Household contents and services",809
1993-09-30,"HCE","Housing and household utilities",2974
1993-09-30,"HCE","Miscellaneous goods and services",980
1993-09-30,"HCE","Recreation and culture",1162
1993-09-30,"HCE","Restaurants and hotels",669
1993-09-30,"HCE","Transport",1542
1993-12-31,"HCE","Alcoholic beverages, tobacco and illicit drugs",696
1993-12-31,"HCE","Clothing and footwear",587
1993-12-31,"HCE","Communication",307
1993-12-31,"HCE","Food and nonalcoholic beverages",1699
1993-12-31,"HCE","Household contents and services",821
1993-12-31,"HCE","Housing and household utilities",2994
1993-12-31,"HCE","Miscellaneous goods and services",968
1993-12-31,"HCE","Recreation and culture",1163
1993-12-31,"HCE","Restaurants and hotels",694
1993-12-31,"HCE","Transport",1630
1994-03-31,"HCE","Alcoholic beverages, tobacco and illicit drugs",696
1994-03-31,"HCE","Clothing and footwear",585
1994-03-31,"HCE","Communication",317
1994-03-31,"HCE","Food and nonalcoholic beverages",1702
1994-03-31,"HCE","Household contents and services",849
1994-03-31,"HCE","Housing and household utilities",3019
1994-03-31,"HCE","Miscellaneous goods and services",975
1994-03-31,"HCE","Recreation and culture",1204
1994-03-31,"HCE","Restaurants and hotels",699
1994-03-31,"HCE","Transport",1778
1994-06-30,"HCE","Alcoholic beverages, tobacco and illicit drugs",698
1994-06-30,"HCE","Clothing and footwear",607
1994-06-30,"HCE","Communication",323
1994-06-30,"HCE","Food and nonalcoholic beverages",1743
1994-06-30,"HCE","Household contents and services",861
1994-06-30,"HCE","Housing and household utilities",3053
1994-06-30,"HCE","Miscellaneous goods and services",1006
1994-06-30,"HCE","Recreation and culture",1264
1994-06-30,"HCE","Restaurants and hotels",741
1994-06-30,"HCE","Transport",1773
1994-09-30,"HCE","Alcoholic beverages, tobacco and illicit drugs",696
1994-09-30,"HCE","Clothing and footwear",621
1994-09-30,"HCE","Communication",324
1994-09-30,"HCE","Food and nonalcoholic beverages",1780
1994-09-30,"HCE","Household contents and services",881
1994-09-30,"HCE","Housing and household utilities",3141
1994-09-30,"HCE","Miscellaneous goods and services",1016
1994-09-30,"HCE","Recreation and culture",1285
1994-09-30,"HCE","Restaurants and hotels",730
1994-09-30,"HCE","Transport",1844
1994-12-31,"HCE","Alcoholic beverages, tobacco and illicit drugs",693
1994-12-31,"HCE","Clothing and footwear",626
1994-12-31,"HCE","Communication",330
1994-12-31,"HCE","Food and nonalcoholic beverages",1856
1994-12-31,"HCE","Household contents and services",877
1994-12-31,"HCE","Housing and household utilities",3208
1994-12-31,"HCE","Miscellaneous goods and services",1027
1994-12-31,"HCE","Recreation and culture",1284
1994-12-31,"HCE","Restaurants and hotels",790
1994-12-31,"HCE","Transport",1883
1995-03-31,"HCE","Alcoholic beverages, tobacco and illicit drugs",703
1995-03-31,"HCE","Clothing and footwear",619
1995-03-31,"HCE","Communication",340
1995-03-31,"HCE","Food and nonalcoholic beverages",1838
1995-03-31,"HCE","Household contents and services",903
1995-03-31,"HCE","Housing and household utilities",3291
1995-03-31,"HCE","Miscellaneous goods and services",1053
1995-03-31,"HCE","Recreation and culture",1305
1995-03-31,"HCE","Restaurants and hotels",799
1995-03-31,"HCE","Transport",1946
1995-06-30,"HCE","Alcoholic beverages, tobacco and illicit drugs",727
1995-06-30,"HCE","Clothing and footwear",599
1995-06-30,"HCE","Communication",358
1995-06-30,"HCE","Food and nonalcoholic beverages",1882
1995-06-30,"HCE","Household contents and services",903
1995-06-30,"HCE","Housing and household utilities",3347
1995-06-30,"HCE","Miscellaneous goods and services",1064
1995-06-30,"HCE","Recreation and culture",1309
1995-06-30,"HCE","Restaurants and hotels",725
1995-06-30,"HCE","Transport",1972
1995-09-30,"HCE","Alcoholic beverages, tobacco and illicit drugs",728
1995-09-30,"HCE","Clothing and footwear",605
1995-09-30,"HCE","Communication",371
1995-09-30,"HCE","Food and nonalcoholic beverages",1857
1995-09-30,"HCE","Household contents and services",892
1995-09-30,"HCE","Housing and household utilities",3438
1995-09-30,"HCE","Miscellaneous goods and services",1085
1995-09-30,"HCE","Recreation and culture",1336
1995-09-30,"HCE","Restaurants and hotels",762
1995-09-30,"HCE","Transport",2038
1995-12-31,"HCE","Alcoholic beverages, tobacco and illicit drugs",745
1995-12-31,"HCE","Clothing and footwear",614
1995-12-31,"HCE","Communication",375
1995-12-31,"HCE","Food and nonalcoholic beverages",1867
1995-12-31,"HCE","Household contents and services",910
1995-12-31,"HCE","Housing and household utilities",3510
1995-12-31,"HCE","Miscellaneous goods and services",1112
1995-12-31,"HCE","Recreation and culture",1399
1995-12-31,"HCE","Restaurants and hotels",725
1995-12-31,"HCE","Transport",2099
1996-03-31,"HCE","Alcoholic beverages, tobacco and illicit drugs",755
1996-03-31,"HCE","Clothing and footwear",632
1996-03-31,"HCE","Communication",393
1996-03-31,"HCE","Food and nonalcoholic beverages",1967
1996-03-31,"HCE","Household contents and services",890
1996-03-31,"HCE","Housing and household utilities",3596
1996-03-31,"HCE","Miscellaneous goods and services",1118
1996-03-31,"HCE","Recreation and culture",1428
1996-03-31,"HCE","Restaurants and hotels",772
1996-03-31,"HCE","Transport",2212
1996-06-30,"HCE","Alcoholic beverages, tobacco and illicit drugs",759
1996-06-30,"HCE","Clothing and footwear",646
1996-06-30,"HCE","Communication",394
1996-06-30,"HCE","Food and nonalcoholic beverages",1965
1996-06-30,"HCE","Household contents and services",905
1996-06-30,"HCE","Housing and household utilities",3676
1996-06-30,"HCE","Miscellaneous goods and services",1118
1996-06-30,"HCE","Recreation and culture",1450
1996-06-30,"HCE","Restaurants and hotels",810
1996-06-30,"HCE","Transport",2263
1996-09-30,"HCE","Alcoholic beverages, tobacco and illicit drugs",766
1996-09-30,"HCE","Clothing and footwear",640
1996-09-30,"HCE","Communication",400
1996-09-30,"HCE","Food and nonalcoholic beverages",2003
1996-09-30,"HCE","Household contents and services",905
1996-09-30,"HCE","Housing and household utilities",3712
1996-09-30,"HCE","Miscellaneous goods and services",1122
1996-09-30,"HCE","Recreation and culture",1506
1996-09-30,"HCE","Restaurants and hotels",842
1996-09-30,"HCE","Transport",2289
1996-12-31,"HCE","Alcoholic beverages, tobacco and illicit drugs",762
1996-12-31,"HCE","Clothing and footwear",652
1996-12-31,"HCE","Communication",398
1996-12-31,"HCE","Food and nonalcoholic beverages",2005
1996-12-31,"HCE","Household contents and services",899
1996-12-31,"HCE","Housing and household utilities",3773
1996-12-31,"HCE","Miscellaneous goods and services",1166
1996-12-31,"HCE","Recreation and culture",1520
1996-12-31,"HCE","Restaurants and hotels",813
1996-12-31,"HCE","Transport",2253
1997-03-31,"HCE","Alcoholic beverages, tobacco and illicit drugs",750
1997-03-31,"HCE","Clothing and footwear",666
1997-03-31,"HCE","Communication",423
1997-03-31,"HCE","Food and nonalcoholic beverages",2026
1997-03-31,"HCE","Household contents and services",867
1997-03-31,"HCE","Housing and household utilities",3819
1997-03-31,"HCE","Miscellaneous goods and services",1175
1997-03-31,"HCE","Recreation and culture",1566
1997-03-31,"HCE","Restaurants and hotels",898
1997-03-31,"HCE","Transport",2178
1997-06-30,"HCE","Alcoholic beverages, tobacco and illicit drugs",754
1997-06-30,"HCE","Clothing and footwear",696
1997-06-30,"HCE","Communication",454
1997-06-30,"HCE","Food and nonalcoholic beverages",2059
1997-06-30,"HCE","Household contents and services",889
1997-06-30,"HCE","Housing and household utilities",3880
1997-06-30,"HCE","Miscellaneous goods and services",1210
1997-06-30,"HCE","Recreation and culture",1582
1997-06-30,"HCE","Restaurants and hotels",903
1997-06-30,"HCE","Transport",2118
1997-09-30,"HCE","Alcoholic beverages, tobacco and illicit drugs",765
1997-09-30,"HCE","Clothing and footwear",674
1997-09-30,"HCE","Communication",470
1997-09-30,"HCE","Food and nonalcoholic beverages",2067
1997-09-30,"HCE","Household contents and services",893
1997-09-30,"HCE","Housing and household utilities",3949
1997-09-30,"HCE","Miscellaneous goods and services",1241
1997-09-30,"HCE","Recreation and culture",1615
1997-09-30,"HCE","Restaurants and hotels",889
1997-09-30,"HCE","Transport",2062
1997-12-31,"HCE","Alcoholic beverages, tobacco and illicit drugs",794
1997-12-31,"HCE","Clothing and footwear",690
1997-12-31,"HCE","Communication",475
1997-12-31,"HCE","Food and nonalcoholic beverages",2065
1997-12-31,"HCE","Household contents and services",881
1997-12-31,"HCE","Housing and household utilities",4025
1997-12-31,"HCE","Miscellaneous goods and services",1235
1997-12-31,"HCE","Recreation and culture",1634
1997-12-31,"HCE","Restaurants and hotels",921
1997-12-31,"HCE","Transport",2053
1998-03-31,"HCE","Alcoholic beverages, tobacco and illicit drugs",820
1998-03-31,"HCE","Clothing and footwear",692
1998-03-31,"HCE","Communication",429
1998-03-31,"HCE","Food and nonalcoholic beverages",2105
1998-03-31,"HCE","Household contents and services",886
1998-03-31,"HCE","Housing and household utilities",4109
1998-03-31,"HCE","Miscellaneous goods and services",1238
1998-03-31,"HCE","Recreation and culture",1654
1998-03-31,"HCE","Restaurants and hotels",1020
1998-03-31,"HCE","Transport",2072
1998-06-30,"HCE","Alcoholic beverages, tobacco and illicit drugs",822
1998-06-30,"HCE","Clothing and footwear",687
1998-06-30,"HCE","Communication",382
1998-06-30,"HCE","Food and nonalcoholic beverages",2114
1998-06-30,"HCE","Household contents and services",905
1998-06-30,"HCE","Housing and household utilities",4177
1998-06-30,"HCE","Miscellaneous goods and services",1242
1998-06-30,"HCE","Recreation and culture",1697
1998-06-30,"HCE","Restaurants and hotels",970
1998-06-30,"HCE","Transport",2094
1998-09-30,"HCE","Alcoholic beverages, tobacco and illicit drugs",837
1998-09-30,"HCE","Clothing and footwear",685
1998-09-30,"HCE","Communication",485
1998-09-30,"HCE","Food and nonalcoholic beverages",2155
1998-09-30,"HCE","Household contents and services",918
1998-09-30,"HCE","Housing and household utilities",4178
1998-09-30,"HCE","Miscellaneous goods and services",1264
1998-09-30,"HCE","Recreation and culture",1673
1998-09-30,"HCE","Restaurants and hotels",943
1998-09-30,"HCE","Transport",2078
1998-12-31,"HCE","Alcoholic beverages, tobacco and illicit drugs",852
1998-12-31,"HCE","Clothing and footwear",695
1998-12-31,"HCE","Communication",472
1998-12-31,"HCE","Food and nonalcoholic beverages",2172
1998-12-31,"HCE","Household contents and services",946
1998-12-31,"HCE","Housing and household utilities",4167
1998-12-31,"HCE","Miscellaneous goods and services",1285
1998-12-31,"HCE","Recreation and culture",1716
1998-12-31,"HCE","Restaurants and hotels",1001
1998-12-31,"HCE","Transport",2156
1999-03-31,"HCE","Alcoholic beverages, tobacco and illicit drugs",861
1999-03-31,"HCE","Clothing and footwear",701
1999-03-31,"HCE","Communication",491
1999-03-31,"HCE","Food and nonalcoholic beverages",2209
1999-03-31,"HCE","Household contents and services",970
1999-03-31,"HCE","Housing and household utilities",4153
1999-03-31,"HCE","Miscellaneous goods and services",1312
1999-03-31,"HCE","Recreation and culture",1732
1999-03-31,"HCE","Restaurants and hotels",978
1999-03-31,"HCE","Transport",2161
1999-06-30,"HCE","Alcoholic beverages, tobacco and illicit drugs",866
1999-06-30,"HCE","Clothing and footwear",720
1999-06-30,"HCE","Communication",477
1999-06-30,"HCE","Food and nonalcoholic beverages",2221
1999-06-30,"HCE","Household contents and services",972
1999-06-30,"HCE","Housing and household utilities",4192
1999-06-30,"HCE","Miscellaneous goods and services",1344
1999-06-30,"HCE","Recreation and culture",1769
1999-06-30,"HCE","Restaurants and hotels",1013
1999-06-30,"HCE","Transport",2197
1999-09-30,"HCE","Alcoholic beverages, tobacco and illicit drugs",865
1999-09-30,"HCE","Clothing and footwear",737
1999-09-30,"HCE","Communication",452
1999-09-30,"HCE","Food and nonalcoholic beverages",2248
1999-09-30,"HCE","Household contents and services",989
1999-09-30,"HCE","Housing and household utilities",4239
1999-09-30,"HCE","Miscellaneous goods and services",1352
1999-09-30,"HCE","Recreation and culture",1794
1999-09-30,"HCE","Restaurants and hotels",994
1999-09-30,"HCE","Transport",2235
1999-12-31,"HCE","Alcoholic beverages, tobacco and illicit drugs",860
1999-12-31,"HCE","Clothing and footwear",742
1999-12-31,"HCE","Communication",457
1999-12-31,"HCE","Food and nonalcoholic beverages",2258
1999-12-31,"HCE","Household contents and services",1006
1999-12-31,"HCE","Housing and household utilities",4270
1999-12-31,"HCE","Miscellaneous goods and services",1370
1999-12-31,"HCE","Recreation and culture",1820
1999-12-31,"HCE","Restaurants and hotels",925
1999-12-31,"HCE","Transport",2207
2000-03-31,"HCE","Alcoholic beverages, tobacco and illicit drugs",861
2000-03-31,"HCE","Clothing and footwear",752
2000-03-31,"HCE","Communication",459
2000-03-31,"HCE","Food and nonalcoholic beverages",2287
2000-03-31,"HCE","Household contents and services",1005
2000-03-31,"HCE","Housing and household utilities",4305
2000-03-31,"HCE","Miscellaneous goods and services",1385
2000-03-31,"HCE","Recreation and culture",1822
2000-03-31,"HCE","Restaurants and hotels",856
2000-03-31,"HCE","Transport",2191
2000-06-30,"HCE","Alcoholic beverages, tobacco and illicit drugs",885
2000-06-30,"HCE","Clothing and footwear",758
2000-06-30,"HCE","Communication",480
2000-06-30,"HCE","Food and nonalcoholic beverages",2320
2000-06-30,"HCE","Household contents and services",1010
2000-06-30,"HCE","Housing and household utilities",4320
2000-06-30,"HCE","Imports of low value goods purchased directly by households",2
2000-06-30,"HCE","Miscellaneous goods and services",1397
2000-06-30,"HCE","Recreation and culture",1844
2000-06-30,"HCE","Restaurants and hotels",973
2000-06-30,"HCE","Transport",2270
2000-09-30,"HCE","Alcoholic beverages, tobacco and illicit drugs",914
2000-09-30,"HCE","Clothing and footwear",780
2000-09-30,"HCE","Communication",474
2000-09-30,"HCE","Food and nonalcoholic beverages",2363
2000-09-30,"HCE","Household contents and services",1030
2000-09-30,"HCE","Housing and household utilities",4346
2000-09-30,"HCE","Imports of low value goods purchased directly by households",3
2000-09-30,"HCE","Miscellaneous goods and services",1423
2000-09-30,"HCE","Recreation and culture",1907
2000-09-30,"HCE","Restaurants and hotels",977
2000-09-30,"HCE","Transport",2283
2000-12-31,"HCE","Alcoholic beverages, tobacco and illicit drugs",934
2000-12-31,"HCE","Clothing and footwear",775
2000-12-31,"HCE","Communication",472
2000-12-31,"HCE","Food and nonalcoholic beverages",2406
2000-12-31,"HCE","Household contents and services",1034
2000-12-31,"HCE","Housing and household utilities",4384
2000-12-31,"HCE","Imports of low value goods purchased directly by households",6
2000-12-31,"HCE","Miscellaneous goods and services",1432
2000-12-31,"HCE","Recreation and culture",1903
2000-12-31,"HCE","Restaurants and hotels",950
2000-12-31,"HCE","Transport",2286
2001-03-31,"HCE","Alcoholic beverages, tobacco and illicit drugs",954
2001-03-31,"HCE","Clothing and footwear",776
2001-03-31,"HCE","Communication",478
2001-03-31,"HCE","Food and nonalcoholic beverages",2395
2001-03-31,"HCE","Household contents and services",1041
2001-03-31,"HCE","Housing and household utilities",4322
2001-03-31,"HCE","Imports of low value goods purchased directly by households",8
2001-03-31,"HCE","Miscellaneous goods and services",1439
2001-03-31,"HCE","Recreation and culture",1935
2001-03-31,"HCE","Restaurants and hotels",897
2001-03-31,"HCE","Transport",2265
2001-06-30,"HCE","Alcoholic beverages, tobacco and illicit drugs",982
2001-06-30,"HCE","Clothing and footwear",795
2001-06-30,"HCE","Communication",490
2001-06-30,"HCE","Food and nonalcoholic beverages",2468
2001-06-30,"HCE","Household contents and services",1058
2001-06-30,"HCE","Housing and household utilities",4356
2001-06-30,"HCE","Imports of low value goods purchased directly by households",11
2001-06-30,"HCE","Miscellaneous goods and services",1454
2001-06-30,"HCE","Recreation and culture",1965
2001-06-30,"HCE","Restaurants and hotels",942
2001-06-30,"HCE","Transport",2411
2001-09-30,"HCE","Alcoholic beverages, tobacco and illicit drugs",996
2001-09-30,"HCE","Clothing and footwear",805
2001-09-30,"HCE","Communication",519
2001-09-30,"HCE","Food and nonalcoholic beverages",2508
2001-09-30,"HCE","Household contents and services",1066
2001-09-30,"HCE","Housing and household utilities",4371
2001-09-30,"HCE","Imports of low value goods purchased directly by households",15
2001-09-30,"HCE","Miscellaneous goods and services",1484
2001-09-30,"HCE","Recreation and culture",2009
2001-09-30,"HCE","Restaurants and hotels",986
2001-09-30,"HCE","Transport",2442
2001-12-31,"HCE","Alcoholic beverages, tobacco and illicit drugs",1010
2001-12-31,"HCE","Clothing and footwear",818
2001-12-31,"HCE","Communication",514
2001-12-31,"HCE","Food and nonalcoholic beverages",2549
2001-12-31,"HCE","Household contents and services",1094
2001-12-31,"HCE","Housing and household utilities",4413
2001-12-31,"HCE","Imports of low value goods purchased directly by households",16
2001-12-31,"HCE","Miscellaneous goods and services",1518
2001-12-31,"HCE","Recreation and culture",2038
2001-12-31,"HCE","Restaurants and hotels",992
2001-12-31,"HCE","Transport",2427
2002-03-31,"HCE","Alcoholic beverages, tobacco and illicit drugs",1021
2002-03-31,"HCE","Clothing and footwear",818
2002-03-31,"HCE","Communication",519
2002-03-31,"HCE","Food and nonalcoholic beverages",2573
2002-03-31,"HCE","Household contents and services",1120
2002-03-31,"HCE","Housing and household utilities",4493
2002-03-31,"HCE","Imports of low value goods purchased directly by households",18
2002-03-31,"HCE","Miscellaneous goods and services",1546
2002-03-31,"HCE","Recreation and culture",2000
2002-03-31,"HCE","Restaurants and hotels",873
2002-03-31,"HCE","Transport",2440
2002-06-30,"HCE","Alcoholic beverages, tobacco and illicit drugs",1038
2002-06-30,"HCE","Clothing and footwear",842
2002-06-30,"HCE","Communication",534
2002-06-30,"HCE","Food and nonalcoholic beverages",2671
2002-06-30,"HCE","Household contents and services",1160
2002-06-30,"HCE","Housing and household utilities",4560
2002-06-30,"HCE","Imports of low value goods purchased directly by households",19
2002-06-30,"HCE","Miscellaneous goods and services",1589
2002-06-30,"HCE","Recreation and culture",2115
2002-06-30,"HCE","Restaurants and hotels",982
2002-06-30,"HCE","Transport",2485
2002-09-30,"HCE","Alcoholic beverages, tobacco and illicit drugs",1049
2002-09-30,"HCE","Clothing and footwear",842
2002-09-30,"HCE","Communication",526
2002-09-30,"HCE","Food and nonalcoholic beverages",2737
2002-09-30,"HCE","Household contents and services",1183
2002-09-30,"HCE","Housing and household utilities",4614
2002-09-30,"HCE","Imports of low value goods purchased directly by households",21
2002-09-30,"HCE","Miscellaneous goods and services",1617
2002-09-30,"HCE","Recreation and culture",2112
2002-09-30,"HCE","Restaurants and hotels",987
2002-09-30,"HCE","Transport",2589
2002-12-31,"HCE","Alcoholic beverages, tobacco and illicit drugs",1051
2002-12-31,"HCE","Clothing and footwear",843
2002-12-31,"HCE","Communication",544
2002-12-31,"HCE","Food and nonalcoholic beverages",2776
2002-12-31,"HCE","Household contents and services",1202
2002-12-31,"HCE","Housing and household utilities",4689
2002-12-31,"HCE","Imports of low value goods purchased directly by households",25
2002-12-31,"HCE","Miscellaneous goods and services",1658
2002-12-31,"HCE","Recreation and culture",2168
2002-12-31,"HCE","Restaurants and hotels",965
2002-12-31,"HCE","Transport",2620
2003-03-31,"HCE","Alcoholic beverages, tobacco and illicit drugs",1056
2003-03-31,"HCE","Clothing and footwear",848
2003-03-31,"HCE","Communication",558
2003-03-31,"HCE","Food and nonalcoholic beverages",2792
2003-03-31,"HCE","Household contents and services",1212
2003-03-31,"HCE","Housing and household utilities",4763
2003-03-31,"HCE","Imports of low value goods purchased directly by households",29
2003-03-31,"HCE","Miscellaneous goods and services",1680
2003-03-31,"HCE","Recreation and culture",2192
2003-03-31,"HCE","Restaurants and hotels",1051
2003-03-31,"HCE","Transport",2674
2003-06-30,"HCE","Alcoholic beverages, tobacco and illicit drugs",1058
2003-06-30,"HCE","Clothing and footwear",847
2003-06-30,"HCE","Communication",561
2003-06-30,"HCE","Food and nonalcoholic beverages",2840
2003-06-30,"HCE","Household contents and services",1230
2003-06-30,"HCE","Housing and household utilities",4825
2003-06-30,"HCE","Imports of low value goods purchased directly by households",35
2003-06-30,"HCE","Miscellaneous goods and services",1706
2003-06-30,"HCE","Recreation and culture",2238
2003-06-30,"HCE","Restaurants and hotels",1041
2003-06-30,"HCE","Transport",2653
2003-09-30,"HCE","Alcoholic beverages, tobacco and illicit drugs",1059
2003-09-30,"HCE","Clothing and footwear",869
2003-09-30,"HCE","Communication",581
2003-09-30,"HCE","Food and nonalcoholic beverages",2825
2003-09-30,"HCE","Household contents and services",1244
2003-09-30,"HCE","Housing and household utilities",4943
2003-09-30,"HCE","Imports of low value goods purchased directly by households",46
2003-09-30,"HCE","Miscellaneous goods and services",1725
2003-09-30,"HCE","Recreation and culture",2254
2003-09-30,"HCE","Restaurants and hotels",1035
2003-09-30,"HCE","Transport",2681
2003-12-31,"HCE","Alcoholic beverages, tobacco and illicit drugs",1095
2003-12-31,"HCE","Clothing and footwear",883
2003-12-31,"HCE","Communication",581
2003-12-31,"HCE","Food and nonalcoholic beverages",3000
2003-12-31,"HCE","Household contents and services",1257
2003-12-31,"HCE","Housing and household utilities",5071
2003-12-31,"HCE","Imports of low value goods purchased directly by households",57
2003-12-31,"HCE","Miscellaneous goods and services",1756
2003-12-31,"HCE","Recreation and culture",2285
2003-12-31,"HCE","Restaurants and hotels",1007
2003-12-31,"HCE","Transport",2794
2004-03-31,"HCE","Alcoholic beverages, tobacco and illicit drugs",1098
2004-03-31,"HCE","Clothing and footwear",898
2004-03-31,"HCE","Communication",594
2004-03-31,"HCE","Food and nonalcoholic beverages",3063
2004-03-31,"HCE","Household contents and services",1291
2004-03-31,"HCE","Housing and household utilities",5156
2004-03-31,"HCE","Imports of low value goods purchased directly by households",74
2004-03-31,"HCE","Miscellaneous goods and services",1821
2004-03-31,"HCE","Recreation and culture",2330
2004-03-31,"HCE","Restaurants and hotels",1039
2004-03-31,"HCE","Transport",2895
2004-06-30,"HCE","Alcoholic beverages, tobacco and illicit drugs",1088
2004-06-30,"HCE","Clothing and footwear",877
2004-06-30,"HCE","Communication",600
2004-06-30,"HCE","Food and nonalcoholic beverages",3022
2004-06-30,"HCE","Household contents and services",1299
2004-06-30,"HCE","Housing and household utilities",5239
2004-06-30,"HCE","Imports of low value goods purchased directly by households",109
2004-06-30,"HCE","Miscellaneous goods and services",1826
2004-06-30,"HCE","Recreation and culture",2318
2004-06-30,"HCE","Restaurants and hotels",1055
2004-06-30,"HCE","Transport",2866
2004-09-30,"HCE","Alcoholic beverages, tobacco and illicit drugs",1085
2004-09-30,"HCE","Clothing and footwear",952
2004-09-30,"HCE","Communication",612
2004-09-30,"HCE","Food and nonalcoholic beverages",3058
2004-09-30,"HCE","Household contents and services",1337
2004-09-30,"HCE","Housing and household utilities",5341
2004-09-30,"HCE","Imports of low value goods purchased directly by households",131
2004-09-30,"HCE","Miscellaneous goods and services",1851
2004-09-30,"HCE","Recreation and culture",2402
2004-09-30,"HCE","Restaurants and hotels",1185
2004-09-30,"HCE","Transport",2940
2004-12-31,"HCE","Alcoholic beverages, tobacco and illicit drugs",1095
2004-12-31,"HCE","Clothing and footwear",943
2004-12-31,"HCE","Communication",633
2004-12-31,"HCE","Food and nonalcoholic beverages",3065
2004-12-31,"HCE","Household contents and services",1364
2004-12-31,"HCE","Housing and household utilities",5412
2004-12-31,"HCE","Imports of low value goods purchased directly by households",158
2004-12-31,"HCE","Miscellaneous goods and services",1864
2004-12-31,"HCE","Recreation and culture",2380
2004-12-31,"HCE","Restaurants and hotels",1258
2004-12-31,"HCE","Transport",3037
2005-03-31,"HCE","Alcoholic beverages, tobacco and illicit drugs",1116
2005-03-31,"HCE","Clothing and footwear",952
2005-03-31,"HCE","Communication",647
2005-03-31,"HCE","Food and nonalcoholic beverages",3108
2005-03-31,"HCE","Household contents and services",1368
2005-03-31,"HCE","Housing and household utilities",5486
2005-03-31,"HCE","Imports of low value goods purchased directly by households",180
2005-03-31,"HCE","Miscellaneous goods and services",1878
2005-03-31,"HCE","Recreation and culture",2402
2005-03-31,"HCE","Restaurants and hotels",1223
2005-03-31,"HCE","Transport",3035
2005-06-30,"HCE","Alcoholic beverages, tobacco and illicit drugs",1141
2005-06-30,"HCE","Clothing and footwear",985
2005-06-30,"HCE","Communication",649
2005-06-30,"HCE","Food and nonalcoholic beverages",3152
2005-06-30,"HCE","Household contents and services",1409
2005-06-30,"HCE","Housing and household utilities",5597
2005-06-30,"HCE","Imports of low value goods purchased directly by households",179
2005-06-30,"HCE","Miscellaneous goods and services",1903
2005-06-30,"HCE","Recreation and culture",2464
2005-06-30,"HCE","Restaurants and hotels",1322
2005-06-30,"HCE","Transport",3159
2005-09-30,"HCE","Alcoholic beverages, tobacco and illicit drugs",1165
2005-09-30,"HCE","Clothing and footwear",998
2005-09-30,"HCE","Communication",670
2005-09-30,"HCE","Food and nonalcoholic beverages",3221
2005-09-30,"HCE","Household contents and services",1424
2005-09-30,"HCE","Housing and household utilities",5639
2005-09-30,"HCE","Imports of low value goods purchased directly by households",194
2005-09-30,"HCE","Miscellaneous goods and services",1942
2005-09-30,"HCE","Recreation and culture",2442
2005-09-30,"HCE","Restaurants and hotels",1226
2005-09-30,"HCE","Transport",3215
2005-12-31,"HCE","Alcoholic beverages, tobacco and illicit drugs",1184
2005-12-31,"HCE","Clothing and footwear",1038
2005-12-31,"HCE","Communication",686
2005-12-31,"HCE","Food and nonalcoholic beverages",3267
2005-12-31,"HCE","Household contents and services",1436
2005-12-31,"HCE","Housing and household utilities",5734
2005-12-31,"HCE","Imports of low value goods purchased directly by households",196
2005-12-31,"HCE","Miscellaneous goods and services",1968
2005-12-31,"HCE","Recreation and culture",2492
2005-12-31,"HCE","Restaurants and hotels",1340
2005-12-31,"HCE","Transport",3223
2006-03-31,"HCE","Alcoholic beverages, tobacco and illicit drugs",1223
2006-03-31,"HCE","Clothing and footwear",1030
2006-03-31,"HCE","Communication",689
2006-03-31,"HCE","Food and nonalcoholic beverages",3386
2006-03-31,"HCE","Household contents and services",1457
2006-03-31,"HCE","Housing and household utilities",5835
2006-03-31,"HCE","Imports of low value goods purchased directly by households",213
2006-03-31,"HCE","Miscellaneous goods and services",2005
2006-03-31,"HCE","Recreation and culture",2476
2006-03-31,"HCE","Restaurants and hotels",1336
2006-03-31,"HCE","Transport",3273
2006-06-30,"HCE","Alcoholic beverages, tobacco and illicit drugs",1242
2006-06-30,"HCE","Clothing and footwear",1035
2006-06-30,"HCE","Communication",686
2006-06-30,"HCE","Food and nonalcoholic beverages",3423
2006-06-30,"HCE","Household contents and services",1468
2006-06-30,"HCE","Housing and household utilities",5959
2006-06-30,"HCE","Imports of low value goods purchased directly by households",199
2006-06-30,"HCE","Miscellaneous goods and services",2037
2006-06-30,"HCE","Recreation and culture",2494
2006-06-30,"HCE","Restaurants and hotels",1326
2006-06-30,"HCE","Transport",3344
2006-09-30,"HCE","Alcoholic beverages, tobacco and illicit drugs",1263
2006-09-30,"HCE","Clothing and footwear",1061
2006-09-30,"HCE","Communication",655
2006-09-30,"HCE","Food and nonalcoholic beverages",3431
2006-09-30,"HCE","Household contents and services",1499
2006-09-30,"HCE","Housing and household utilities",6050
2006-09-30,"HCE","Imports of low value goods purchased directly by households",165
2006-09-30,"HCE","Miscellaneous goods and services",2060
2006-09-30,"HCE","Recreation and culture",2562
2006-09-30,"HCE","Restaurants and hotels",1400
2006-09-30,"HCE","Transport",3380
2006-12-31,"HCE","Alcoholic beverages, tobacco and illicit drugs",1277
2006-12-31,"HCE","Clothing and footwear",1045
2006-12-31,"HCE","Communication",785
2006-12-31,"HCE","Food and nonalcoholic beverages",3521
2006-12-31,"HCE","Household contents and services",1544
2006-12-31,"HCE","Housing and household utilities",6139
2006-12-31,"HCE","Imports of low value goods purchased directly by households",156
2006-12-31,"HCE","Miscellaneous goods and services",2109
2006-12-31,"HCE","Recreation and culture",2574
2006-12-31,"HCE","Restaurants and hotels",1431
2006-12-31,"HCE","Transport",3336
2007-03-31,"HCE","Alcoholic beverages, tobacco and illicit drugs",1274
2007-03-31,"HCE","Clothing and footwear",1093
2007-03-31,"HCE","Communication",787
2007-03-31,"HCE","Food and nonalcoholic beverages",3487
2007-03-31,"HCE","Household contents and services",1602
2007-03-31,"HCE","Housing and household utilities",6260
2007-03-31,"HCE","Imports of low value goods purchased directly by households",150
2007-03-31,"HCE","Miscellaneous goods and services",2149
2007-03-31,"HCE","Recreation and culture",2638
2007-03-31,"HCE","Restaurants and hotels",1470
2007-03-31,"HCE","Transport",3380
2007-06-30,"HCE","Alcoholic beverages, tobacco and illicit drugs",1292
2007-06-30,"HCE","Clothing and footwear",1096
2007-06-30,"HCE","Communication",779
2007-06-30,"HCE","Food and nonalcoholic beverages",3563
2007-06-30,"HCE","Household contents and services",1599
2007-06-30,"HCE","Housing and household utilities",6344
2007-06-30,"HCE","Imports of low value goods purchased directly by households",157
2007-06-30,"HCE","Miscellaneous goods and services",2156
2007-06-30,"HCE","Recreation and culture",2616
2007-06-30,"HCE","Restaurants and hotels",1470
2007-06-30,"HCE","Transport",3454
2007-09-30,"HCE","Alcoholic beverages, tobacco and illicit drugs",1298
2007-09-30,"HCE","Clothing and footwear",1071
2007-09-30,"HCE","Communication",789
2007-09-30,"HCE","Food and nonalcoholic beverages",3618
2007-09-30,"HCE","Household contents and services",1578
2007-09-30,"HCE","Housing and household utilities",6456
2007-09-30,"HCE","Imports of low value goods purchased directly by households",182
2007-09-30,"HCE","Miscellaneous goods and services",2178
2007-09-30,"HCE","Recreation and culture",2605
2007-09-30,"HCE","Restaurants and hotels",1485
2007-09-30,"HCE","Transport",3476
2007-12-31,"HCE","Alcoholic beverages, tobacco and illicit drugs",1322
2007-12-31,"HCE","Clothing and footwear",1101
2007-12-31,"HCE","Communication",788
2007-12-31,"HCE","Food and nonalcoholic beverages",3692
2007-12-31,"HCE","Household contents and services",1546
2007-12-31,"HCE","Housing and household utilities",6566
2007-12-31,"HCE","Imports of low value goods purchased directly by households",174
2007-12-31,"HCE","Miscellaneous goods and services",2174
2007-12-31,"HCE","Recreation and culture",2598
2007-12-31,"HCE","Restaurants and hotels",1504
2007-12-31,"HCE","Transport",3620
2008-03-31,"HCE","Alcoholic beverages, tobacco and illicit drugs",1349
2008-03-31,"HCE","Clothing and footwear",1107
2008-03-31,"HCE","Communication",811
2008-03-31,"HCE","Food and nonalcoholic beverages",3835
2008-03-31,"HCE","Household contents and services",1545
2008-03-31,"HCE","Housing and household utilities",6684
2008-03-31,"HCE","Imports of low value goods purchased directly by households",174
2008-03-31,"HCE","Miscellaneous goods and services",2156
2008-03-31,"HCE","Recreation and culture",2696
2008-03-31,"HCE","Restaurants and hotels",1560
2008-03-31,"HCE","Transport",3724
2008-06-30,"HCE","Alcoholic beverages, tobacco and illicit drugs",1325
2008-06-30,"HCE","Clothing and footwear",1073
2008-06-30,"HCE","Communication",837
2008-06-30,"HCE","Food and nonalcoholic beverages",3779
2008-06-30,"HCE","Household contents and services",1531
2008-06-30,"HCE","Housing and household utilities",6786
2008-06-30,"HCE","Imports of low value goods purchased directly by households",183
2008-06-30,"HCE","Miscellaneous goods and services",2177
2008-06-30,"HCE","Recreation and culture",2658
2008-06-30,"HCE","Restaurants and hotels",1499
2008-06-30,"HCE","Transport",3638
2008-09-30,"HCE","Alcoholic beverages, tobacco and illicit drugs",1344
2008-09-30,"HCE","Clothing and footwear",1126
2008-09-30,"HCE","Communication",839
2008-09-30,"HCE","Food and nonalcoholic beverages",3833
2008-09-30,"HCE","Household contents and services",1520
2008-09-30,"HCE","Housing and household utilities",6910
2008-09-30,"HCE","Imports of low value goods purchased directly by households",182
2008-09-30,"HCE","Miscellaneous goods and services",2217
2008-09-30,"HCE","Recreation and culture",2679
2008-09-30,"HCE","Restaurants and hotels",1598
2008-09-30,"HCE","Transport",3661
2008-12-31,"HCE","Alcoholic beverages, tobacco and illicit drugs",1331
2008-12-31,"HCE","Clothing and footwear",1139
2008-12-31,"HCE","Communication",856
2008-12-31,"HCE","Food and nonalcoholic beverages",3901
2008-12-31,"HCE","Household contents and services",1515
2008-12-31,"HCE","Housing and household utilities",6992
2008-12-31,"HCE","Imports of low value goods purchased directly by households",205
2008-12-31,"HCE","Miscellaneous goods and services",2283
2008-12-31,"HCE","Recreation and culture",2715
2008-12-31,"HCE","Restaurants and hotels",1586
2008-12-31,"HCE","Transport",3497
2009-03-31,"HCE","Alcoholic beverages, tobacco and illicit drugs",1338
2009-03-31,"HCE","Clothing and footwear",1128
2009-03-31,"HCE","Communication",843
2009-03-31,"HCE","Food and nonalcoholic beverages",3983
2009-03-31,"HCE","Household contents and services",1469
2009-03-31,"HCE","Housing and household utilities",7049
2009-03-31,"HCE","Imports of low value goods purchased directly by households",186
2009-03-31,"HCE","Miscellaneous goods and services",2386
2009-03-31,"HCE","Recreation and culture",2612
2009-03-31,"HCE","Restaurants and hotels",1421
2009-03-31,"HCE","Transport",3222
2009-06-30,"HCE","Alcoholic beverages, tobacco and illicit drugs",1374
2009-06-30,"HCE","Clothing and footwear",1151
2009-06-30,"HCE","Communication",864
2009-06-30,"HCE","Food and nonalcoholic beverages",4145
2009-06-30,"HCE","Household contents and services",1483
2009-06-30,"HCE","Housing and household utilities",7143
2009-06-30,"HCE","Imports of low value goods purchased directly by households",157
2009-06-30,"HCE","Miscellaneous goods and services",2501
2009-06-30,"HCE","Recreation and culture",2586
2009-06-30,"HCE","Restaurants and hotels",1575
2009-06-30,"HCE","Transport",3218
2009-09-30,"HCE","Alcoholic beverages, tobacco and illicit drugs",1398
2009-09-30,"HCE","Clothing and footwear",1155
2009-09-30,"HCE","Communication",872
2009-09-30,"HCE","Food and nonalcoholic beverages",4227
2009-09-30,"HCE","Household contents and services",1512
2009-09-30,"HCE","Housing and household utilities",7175
2009-09-30,"HCE","Imports of low value goods purchased directly by households",141
2009-09-30,"HCE","Miscellaneous goods and services",2535
2009-09-30,"HCE","Recreation and culture",2582
2009-09-30,"HCE","Restaurants and hotels",1496
2009-09-30,"HCE","Transport",3335
2009-12-31,"HCE","Alcoholic beverages, tobacco and illicit drugs",1398
2009-12-31,"HCE","Clothing and footwear",1166
2009-12-31,"HCE","Communication",872
2009-12-31,"HCE","Food and nonalcoholic beverages",4107
2009-12-31,"HCE","Household contents and services",1523
2009-12-31,"HCE","Housing and household utilities",7257
2009-12-31,"HCE","Imports of low value goods purchased directly by households",132
2009-12-31,"HCE","Miscellaneous goods and services",2546
2009-12-31,"HCE","Recreation and culture",2629
2009-12-31,"HCE","Restaurants and hotels",1558
2009-12-31,"HCE","Transport",3485
2010-03-31,"HCE","Alcoholic beverages, tobacco and illicit drugs",1399
2010-03-31,"HCE","Clothing and footwear",1194
2010-03-31,"HCE","Communication",892
2010-03-31,"HCE","Food and nonalcoholic beverages",4088
2010-03-31,"HCE","Household contents and services",1528
2010-03-31,"HCE","Housing and household utilities",7339
2010-03-31,"HCE","Imports of low value goods purchased directly by households",133
2010-03-31,"HCE","Miscellaneous goods and services",2578
2010-03-31,"HCE","Recreation and culture",2631
2010-03-31,"HCE","Restaurants and hotels",1592
2010-03-31,"HCE","Transport",3728
2010-06-30,"HCE","Alcoholic beverages, tobacco and illicit drugs",1421
2010-06-30,"HCE","Clothing and footwear",1222
2010-06-30,"HCE","Communication",921
2010-06-30,"HCE","Food and nonalcoholic beverages",4137
2010-06-30,"HCE","Household contents and services",1538
2010-06-30,"HCE","Housing and household utilities",7421
2010-06-30,"HCE","Imports of low value goods purchased directly by households",130
2010-06-30,"HCE","Miscellaneous goods and services",2531
2010-06-30,"HCE","Recreation and culture",2608
2010-06-30,"HCE","Restaurants and hotels",1594
2010-06-30,"HCE","Transport",3682
2010-09-30,"HCE","Alcoholic beverages, tobacco and illicit drugs",1427
2010-09-30,"HCE","Clothing and footwear",1220
2010-09-30,"HCE","Communication",960
2010-09-30,"HCE","Food and nonalcoholic beverages",4187
2010-09-30,"HCE","Household contents and services",1564
2010-09-30,"HCE","Housing and household utilities",7527
2010-09-30,"HCE","Imports of low value goods purchased directly by households",142
2010-09-30,"HCE","Miscellaneous goods and services",2525
2010-09-30,"HCE","Recreation and culture",2594
2010-09-30,"HCE","Restaurants and hotels",1603
2010-09-30,"HCE","Transport",3694
2010-12-31,"HCE","Alcoholic beverages, tobacco and illicit drugs",1477
2010-12-31,"HCE","Clothing and footwear",1220
2010-12-31,"HCE","Communication",988
2010-12-31,"HCE","Food and nonalcoholic beverages",4352
2010-12-31,"HCE","Household contents and services",1512
2010-12-31,"HCE","Housing and household utilities",7616
2010-12-31,"HCE","Imports of low value goods purchased directly by households",134
2010-12-31,"HCE","Miscellaneous goods and services",2552
2010-12-31,"HCE","Recreation and culture",2615
2010-12-31,"HCE","Restaurants and hotels",1660
2010-12-31,"HCE","Transport",3746
2011-03-31,"HCE","Alcoholic beverages, tobacco and illicit drugs",1482
2011-03-31,"HCE","Clothing and footwear",1213
2011-03-31,"HCE","Communication",1016
2011-03-31,"HCE","Food and nonalcoholic beverages",4411
2011-03-31,"HCE","Household contents and services",1557
2011-03-31,"HCE","Housing and household utilities",7712
2011-03-31,"HCE","Imports of low value goods purchased directly by households",149
2011-03-31,"HCE","Miscellaneous goods and services",2589
2011-03-31,"HCE","Recreation and culture",2678
2011-03-31,"HCE","Restaurants and hotels",1704
2011-03-31,"HCE","Transport",3822
2011-06-30,"HCE","Alcoholic beverages, tobacco and illicit drugs",1474
2011-06-30,"HCE","Clothing and footwear",1221
2011-06-30,"HCE","Communication",1006
2011-06-30,"HCE","Food and nonalcoholic beverages",4432
2011-06-30,"HCE","Household contents and services",1579
2011-06-30,"HCE","Housing and household utilities",7794
2011-06-30,"HCE","Imports of low value goods purchased directly by households",159
2011-06-30,"HCE","Miscellaneous goods and services",2662
2011-06-30,"HCE","Recreation and culture",2821
2011-06-30,"HCE","Restaurants and hotels",1738
2011-06-30,"HCE","Transport",3952
2011-09-30,"HCE","Alcoholic beverages, tobacco and illicit drugs",1495
2011-09-30,"HCE","Clothing and footwear",1253
2011-09-30,"HCE","Communication",984
2011-09-30,"HCE","Food and nonalcoholic beverages",4497
2011-09-30,"HCE","Household contents and services",1580
2011-09-30,"HCE","Housing and household utilities",7881
2011-09-30,"HCE","Imports of low value goods purchased directly by households",175
2011-09-30,"HCE","Miscellaneous goods and services",2738
2011-09-30,"HCE","Recreation and culture",2870
2011-09-30,"HCE","Restaurants and hotels",1805
2011-09-30,"HCE","Transport",3942
2011-12-31,"HCE","Alcoholic beverages, tobacco and illicit drugs",1485
2011-12-31,"HCE","Clothing and footwear",1248
2011-12-31,"HCE","Communication",978
2011-12-31,"HCE","Food and nonalcoholic beverages",4518
2011-12-31,"HCE","Household contents and services",1624
2011-12-31,"HCE","Housing and household utilities",7926
2011-12-31,"HCE","Imports of low value goods purchased directly by households",199
2011-12-31,"HCE","Miscellaneous goods and services",2795
2011-12-31,"HCE","Recreation and culture",2817
2011-12-31,"HCE","Restaurants and hotels",1789
2011-12-31,"HCE","Transport",3942
2012-03-31,"HCE","Alcoholic beverages, tobacco and illicit drugs",1495
2012-03-31,"HCE","Clothing and footwear",1294
2012-03-31,"HCE","Communication",975
2012-03-31,"HCE","Food and nonalcoholic beverages",4504
2012-03-31,"HCE","Household contents and services",1630
2012-03-31,"HCE","Housing and household utilities",8079
2012-03-31,"HCE","Imports of low value goods purchased directly by households",208
2012-03-31,"HCE","Miscellaneous goods and services",2822
2012-03-31,"HCE","Recreation and culture",2871
2012-03-31,"HCE","Restaurants and hotels",1899
2012-03-31,"HCE","Transport",3993
2012-06-30,"HCE","Alcoholic beverages, tobacco and illicit drugs",1521
2012-06-30,"HCE","Clothing and footwear",1292
2012-06-30,"HCE","Communication",975
2012-06-30,"HCE","Food and nonalcoholic beverages",4510
2012-06-30,"HCE","Household contents and services",1615
2012-06-30,"HCE","Housing and household utilities",8173
2012-06-30,"HCE","Imports of low value goods purchased directly by households",234
2012-06-30,"HCE","Miscellaneous goods and services",2830
2012-06-30,"HCE","Recreation and culture",2802
2012-06-30,"HCE","Restaurants and hotels",1850
2012-06-30,"HCE","Transport",4052
2012-09-30,"HCE","Alcoholic beverages, tobacco and illicit drugs",1519
2012-09-30,"HCE","Clothing and footwear",1298
2012-09-30,"HCE","Communication",994
2012-09-30,"HCE","Food and nonalcoholic beverages",4477
2012-09-30,"HCE","Household contents and services",1631
2012-09-30,"HCE","Housing and household utilities",8236
2012-09-30,"HCE","Imports of low value goods purchased directly by households",227
2012-09-30,"HCE","Miscellaneous goods and services",2852
2012-09-30,"HCE","Recreation and culture",2787
2012-09-30,"HCE","Restaurants and hotels",1825
2012-09-30,"HCE","Transport",4007
2012-12-31,"HCE","Alcoholic beverages, tobacco and illicit drugs",1538
2012-12-31,"HCE","Clothing and footwear",1308
2012-12-31,"HCE","Communication",977
2012-12-31,"HCE","Food and nonalcoholic beverages",4507
2012-12-31,"HCE","Household contents and services",1650
2012-12-31,"HCE","Housing and household utilities",8332
2012-12-31,"HCE","Imports of low value goods purchased directly by households",229
2012-12-31,"HCE","Miscellaneous goods and services",2919
2012-12-31,"HCE","Recreation and culture",2821
2012-12-31,"HCE","Restaurants and hotels",1890
2012-12-31,"HCE","Transport",4082
2013-03-31,"HCE","Alcoholic beverages, tobacco and illicit drugs",1566
2013-03-31,"HCE","Clothing and footwear",1296
2013-03-31,"HCE","Communication",970
2013-03-31,"HCE","Food and nonalcoholic beverages",4575
2013-03-31,"HCE","Household contents and services",1676
2013-03-31,"HCE","Housing and household utilities",8448
2013-03-31,"HCE","Imports of low value goods purchased directly by households",226
2013-03-31,"HCE","Miscellaneous goods and services",2964
2013-03-31,"HCE","Recreation and culture",2877
2013-03-31,"HCE","Restaurants and hotels",1921
2013-03-31,"HCE","Transport",4162
2013-06-30,"HCE","Alcoholic beverages, tobacco and illicit drugs",1566
2013-06-30,"HCE","Clothing and footwear",1337
2013-06-30,"HCE","Communication",956
2013-06-30,"HCE","Food and nonalcoholic beverages",4616
2013-06-30,"HCE","Household contents and services",1733
2013-06-30,"HCE","Housing and household utilities",8529
2013-06-30,"HCE","Imports of low value goods purchased directly by households",267
2013-06-30,"HCE","Miscellaneous goods and services",3028
2013-06-30,"HCE","Recreation and culture",2897
2013-06-30,"HCE","Restaurants and hotels",2004
2013-06-30,"HCE","Transport",4192
2013-09-30,"HCE","Alcoholic beverages, tobacco and illicit drugs",1573
2013-09-30,"HCE","Clothing and footwear",1284
2013-09-30,"HCE","Communication",962
2013-09-30,"HCE","Food and nonalcoholic beverages",4652
2013-09-30,"HCE","Household contents and services",1759
2013-09-30,"HCE","Housing and household utilities",8616
2013-09-30,"HCE","Imports of low value goods purchased directly by households",269
2013-09-30,"HCE","Miscellaneous goods and services",3082
2013-09-30,"HCE","Recreation and culture",2954
2013-09-30,"HCE","Restaurants and hotels",1976
2013-09-30,"HCE","Transport",4303
2013-12-31,"HCE","Alcoholic beverages, tobacco and illicit drugs",1600
2013-12-31,"HCE","Clothing and footwear",1353
2013-12-31,"HCE","Communication",966
2013-12-31,"HCE","Food and nonalcoholic beverages",4663
2013-12-31,"HCE","Household contents and services",1781
2013-12-31,"HCE","Housing and household utilities",8722
2013-12-31,"HCE","Imports of low value goods purchased directly by households",269
2013-12-31,"HCE","Miscellaneous goods and services",3100
2013-12-31,"HCE","Recreation and culture",2962
2013-12-31,"HCE","Restaurants and hotels",2032
2013-12-31,"HCE","Transport",4407
2014-03-31,"HCE","Alcoholic beverages, tobacco and illicit drugs",1628
2014-03-31,"HCE","Clothing and footwear",1360
2014-03-31,"HCE","Communication",957
2014-03-31,"HCE","Food and nonalcoholic beverages",4650
2014-03-31,"HCE","Household contents and services",1794
2014-03-31,"HCE","Housing and household utilities",8798
2014-03-31,"HCE","Imports of low value goods purchased directly by households",288
2014-03-31,"HCE","Miscellaneous goods and services",3132
2014-03-31,"HCE","Recreation and culture",2972
2014-03-31,"HCE","Restaurants and hotels",2108
2014-03-31,"HCE","Transport",4491
2014-06-30,"HCE","Alcoholic beverages, tobacco and illicit drugs",1660
2014-06-30,"HCE","Clothing and footwear",1336
2014-06-30,"HCE","Communication",952
2014-06-30,"HCE","Food and nonalcoholic beverages",4697
2014-06-30,"HCE","Household contents and services",1819
2014-06-30,"HCE","Housing and household utilities",8927
2014-06-30,"HCE","Imports of low value goods purchased directly by households",284
2014-06-30,"HCE","Miscellaneous goods and services",3154
2014-06-30,"HCE","Recreation and culture",2994
2014-06-30,"HCE","Restaurants and hotels",2060
2014-06-30,"HCE","Transport",4498
2014-09-30,"HCE","Alcoholic beverages, tobacco and illicit drugs",1709
2014-09-30,"HCE","Clothing and footwear",1359
2014-09-30,"HCE","Communication",951
2014-09-30,"HCE","Food and nonalcoholic beverages",4761
2014-09-30,"HCE","Household contents and services",1860
2014-09-30,"HCE","Housing and household utilities",9069
2014-09-30,"HCE","Imports of low value goods purchased directly by households",298
2014-09-30,"HCE","Miscellaneous goods and services",3178
2014-09-30,"HCE","Recreation and culture",3014
2014-09-30,"HCE","Restaurants and hotels",2061
2014-09-30,"HCE","Transport",4542
2014-12-31,"HCE","Alcoholic beverages, tobacco and illicit drugs",1727
2014-12-31,"HCE","Clothing and footwear",1360
2014-12-31,"HCE","Communication",946
2014-12-31,"HCE","Food and nonalcoholic beverages",4789
2014-12-31,"HCE","Household contents and services",1888
2014-12-31,"HCE","Housing and household utilities",9175
2014-12-31,"HCE","Imports of low value goods purchased directly by households",314
2014-12-31,"HCE","Miscellaneous goods and services",3230
2014-12-31,"HCE","Recreation and culture",3041
2014-12-31,"HCE","Restaurants and hotels",1966
2014-12-31,"HCE","Transport",4570
2015-03-31,"HCE","Alcoholic beverages, tobacco and illicit drugs",1752
2015-03-31,"HCE","Clothing and footwear",1374
2015-03-31,"HCE","Communication",936
2015-03-31,"HCE","Food and nonalcoholic beverages",4882
2015-03-31,"HCE","Household contents and services",1945
2015-03-31,"HCE","Housing and household utilities",9280
2015-03-31,"HCE","Imports of low value goods purchased directly by households",317
2015-03-31,"HCE","Miscellaneous goods and services",3292
2015-03-31,"HCE","Recreation and culture",3139
2015-03-31,"HCE","Restaurants and hotels",1937
2015-03-31,"HCE","Transport",4602
2015-06-30,"HCE","Alcoholic beverages, tobacco and illicit drugs",1778
2015-06-30,"HCE","Clothing and footwear",1382
2015-06-30,"HCE","Communication",943
2015-06-30,"HCE","Food and nonalcoholic beverages",4916
2015-06-30,"HCE","Household contents and services",1946
2015-06-30,"HCE","Housing and household utilities",9400
2015-06-30,"HCE","Imports of low value goods purchased directly by households",307
2015-06-30,"HCE","Miscellaneous goods and services",3352
2015-06-30,"HCE","Recreation and culture",3192
2015-06-30,"HCE","Restaurants and hotels",1988
2015-06-30,"HCE","Transport",4686
2015-09-30,"HCE","Alcoholic beverages, tobacco and illicit drugs",1817
2015-09-30,"HCE","Clothing and footwear",1390
2015-09-30,"HCE","Communication",938
2015-09-30,"HCE","Food and nonalcoholic beverages",4976
2015-09-30,"HCE","Household contents and services",1997
2015-09-30,"HCE","Housing and household utilities",9513
2015-09-30,"HCE","Imports of low value goods purchased directly by households",338
2015-09-30,"HCE","Miscellaneous goods and services",3455
2015-09-30,"HCE","Recreation and culture",3207
2015-09-30,"HCE","Restaurants and hotels",2057
2015-09-30,"HCE","Transport",4779
2015-12-31,"HCE","Alcoholic beverages, tobacco and illicit drugs",1849
2015-12-31,"HCE","Clothing and footwear",1421
2015-12-31,"HCE","Communication",946
2015-12-31,"HCE","Food and nonalcoholic beverages",4971
2015-12-31,"HCE","Household contents and services",2042
2015-12-31,"HCE","Housing and household utilities",9635
2015-12-31,"HCE","Imports of low value goods purchased directly by households",350
2015-12-31,"HCE","Miscellaneous goods and services",3508
2015-12-31,"HCE","Recreation and culture",3274
2015-12-31,"HCE","Restaurants and hotels",2145
2015-12-31,"HCE","Transport",4744
2016-03-31,"HCE","Alcoholic beverages, tobacco and illicit drugs",1884
2016-03-31,"HCE","Clothing and footwear",1430
2016-03-31,"HCE","Communication",958
2016-03-31,"HCE","Food and nonalcoholic beverages",5048
2016-03-31,"HCE","Household contents and services",2067
2016-03-31,"HCE","Housing and household utilities",9690
2016-03-31,"HCE","Imports of low value goods purchased directly by households",346
2016-03-31,"HCE","Miscellaneous goods and services",3581
2016-03-31,"HCE","Recreation and culture",3270
2016-03-31,"HCE","Restaurants and hotels",2087
2016-03-31,"HCE","Transport",4747
2016-06-30,"HCE","Alcoholic beverages, tobacco and illicit drugs",1954
2016-06-30,"HCE","Clothing and footwear",1465
2016-06-30,"HCE","Communication",964
2016-06-30,"HCE","Food and nonalcoholic beverages",5114
2016-06-30,"HCE","Household contents and services",2108
2016-06-30,"HCE","Housing and household utilities",9832
2016-06-30,"HCE","Imports of low value goods purchased directly by households",363
2016-06-30,"HCE","Miscellaneous goods and services",3688
2016-06-30,"HCE","Recreation and culture",3383
2016-06-30,"HCE","Restaurants and hotels",2304
2016-06-30,"HCE","Transport",4929
2016-09-30,"HCE","Alcoholic beverages, tobacco and illicit drugs",1998
2016-09-30,"HCE","Clothing and footwear",1452
2016-09-30,"HCE","Communication",969
2016-09-30,"HCE","Food and nonalcoholic beverages",5129
2016-09-30,"HCE","Household contents and services",2117
2016-09-30,"HCE","Housing and household utilities",9999
2016-09-30,"HCE","Imports of low value goods purchased directly by households",353
2016-09-30,"HCE","Miscellaneous goods and services",3695
2016-09-30,"HCE","Recreation and culture",3423
2016-09-30,"HCE","Restaurants and hotels",2410
2016-09-30,"HCE","Transport",5077
2016-12-31,"HCE","Alcoholic beverages, tobacco and illicit drugs",2038
2016-12-31,"HCE","Clothing and footwear",1451
2016-12-31,"HCE","Communication",963
2016-12-31,"HCE","Food and nonalcoholic beverages",5221
2016-12-31,"HCE","Household contents and services",2148
2016-12-31,"HCE","Housing and household utilities",10148
2016-12-31,"HCE","Imports of low value goods purchased directly by households",363
2016-12-31,"HCE","Miscellaneous goods and services",3784
2016-12-31,"HCE","Recreation and culture",3497
2016-12-31,"HCE","Restaurants and hotels",2411
2016-12-31,"HCE","Transport",5164
2017-03-31,"HCE","Alcoholic beverages, tobacco and illicit drugs",2080
2017-03-31,"HCE","Clothing and footwear",1480
2017-03-31,"HCE","Communication",963
2017-03-31,"HCE","Food and nonalcoholic beverages",5294
2017-03-31,"HCE","Household contents and services",2185
2017-03-31,"HCE","Housing and household utilities",10314
2017-03-31,"HCE","Imports of low value goods purchased directly by households",376
2017-03-31,"HCE","Miscellaneous goods and services",3845
2017-03-31,"HCE","Recreation and culture",3581
2017-03-31,"HCE","Restaurants and hotels",2547
2017-03-31,"HCE","Transport",5537
2017-06-30,"HCE","Alcoholic beverages, tobacco and illicit drugs",2093
2017-06-30,"HCE","Clothing and footwear",1503
2017-06-30,"HCE","Communication",966
2017-06-30,"HCE","Food and nonalcoholic beverages",5395
2017-06-30,"HCE","Household contents and services",2207
2017-06-30,"HCE","Housing and household utilities",10477
2017-06-30,"HCE","Imports of low value goods purchased directly by households",386
2017-06-30,"HCE","Miscellaneous goods and services",3921
2017-06-30,"HCE","Recreation and culture",3595
2017-06-30,"HCE","Restaurants and hotels",2595
2017-06-30,"HCE","Transport",5422
2017-09-30,"HCE","Alcoholic beverages, tobacco and illicit drugs",2116
2017-09-30,"HCE","Clothing and footwear",1542
2017-09-30,"HCE","Communication",961
2017-09-30,"HCE","Food and nonalcoholic beverages",5484
2017-09-30,"HCE","Household contents and services",2229
2017-09-30,"HCE","Housing and household utilities",10637
2017-09-30,"HCE","Imports of low value goods purchased directly by households",383
2017-09-30,"HCE","Miscellaneous goods and services",4001
2017-09-30,"HCE","Recreation and culture",3632
2017-09-30,"HCE","Restaurants and hotels",2580
2017-09-30,"HCE","Transport",5495
2017-12-31,"HCE","Alcoholic beverages, tobacco and illicit drugs",2158
2017-12-31,"HCE","Clothing and footwear",1552
2017-12-31,"HCE","Communication",958
2017-12-31,"HCE","Food and nonalcoholic beverages",5608
2017-12-31,"HCE","Household contents and services",2257
2017-12-31,"HCE","Housing and household utilities",10814
2017-12-31,"HCE","Imports of low value goods purchased directly by households",409
2017-12-31,"HCE","Miscellaneous goods and services",4106
2017-12-31,"HCE","Recreation and culture",3632
2017-12-31,"HCE","Restaurants and hotels",2631
2017-12-31,"HCE","Transport",5662
2018-03-31,"HCE","Alcoholic beverages, tobacco and illicit drugs",2143
2018-03-31,"HCE","Clothing and footwear",1500
2018-03-31,"HCE","Communication",965
2018-03-31,"HCE","Food and nonalcoholic beverages",5579
2018-03-31,"HCE","Household contents and services",2301
2018-03-31,"HCE","Housing and household utilities",10955
2018-03-31,"HCE","Imports of low value goods purchased directly by households",429
2018-03-31,"HCE","Miscellaneous goods and services",4160
2018-03-31,"HCE","Recreation and culture",3682
2018-03-31,"HCE","Restaurants and hotels",2640
2018-03-31,"HCE","Transport",5825
2018-06-30,"HCE","Alcoholic beverages, tobacco and illicit drugs",2152
2018-06-30,"HCE","Clothing and footwear",1564
2018-06-30,"HCE","Communication",969
2018-06-30,"HCE","Food and nonalcoholic beverages",5650
2018-06-30,"HCE","Household contents and services",2343
2018-06-30,"HCE","Housing and household utilities",11166
2018-06-30,"HCE","Imports of low value goods purchased directly by households",440
2018-06-30,"HCE","Miscellaneous goods and services",4261
2018-06-30,"HCE","Recreation and culture",3740
2018-06-30,"HCE","Restaurants and hotels",2659
2018-06-30,"HCE","Transport",5972
2018-09-30,"HCE","Alcoholic beverages, tobacco and illicit drugs",2174
2018-09-30,"HCE","Clothing and footwear",1620
2018-09-30,"HCE","Communication",958
2018-09-30,"HCE","Food and nonalcoholic beverages",5658
2018-09-30,"HCE","Household contents and services",2383
2018-09-30,"HCE","Housing and household utilities",11312
2018-09-30,"HCE","Imports of low value goods purchased directly by households",451
2018-09-30,"HCE","Miscellaneous goods and services",4355
2018-09-30,"HCE","Recreation and culture",3859
2018-09-30,"HCE","Restaurants and hotels",2734
2018-09-30,"HCE","Transport",6133
2018-12-31,"HCE","Alcoholic beverages, tobacco and illicit drugs",2241
2018-12-31,"HCE","Clothing and footwear",1646
2018-12-31,"HCE","Communication",950
2018-12-31,"HCE","Food and nonalcoholic beverages",5741
2018-12-31,"HCE","Household contents and services",2409
2018-12-31,"HCE","Housing and household utilities",11441
2018-12-31,"HCE","Imports of low value goods purchased directly by households",470
2018-12-31,"HCE","Miscellaneous goods and services",4454
2018-12-31,"HCE","Recreation and culture",3895
2018-12-31,"HCE","Restaurants and hotels",2818
2018-12-31,"HCE","Transport",6154
2019-03-31,"HCE","Alcoholic beverages, tobacco and illicit drugs",2265
2019-03-31,"HCE","Clothing and footwear",1623
2019-03-31,"HCE","Communication",943
2019-03-31,"HCE","Food and nonalcoholic beverages",5711
2019-03-31,"HCE","Household contents and services",2426
2019-03-31,"HCE","Housing and household utilities",11646
2019-03-31,"HCE","Imports of low value goods purchased directly by households",494
2019-03-31,"HCE","Miscellaneous goods and services",4583
2019-03-31,"HCE","Recreation and culture",3813
2019-03-31,"HCE","Restaurants and hotels",2778
2019-03-31,"HCE","Transport",5996
2019-06-30,"HCE","Alcoholic beverages, tobacco and illicit drugs",2335
2019-06-30,"HCE","Clothing and footwear",1668
2019-06-30,"HCE","Communication",958
2019-06-30,"HCE","Food and nonalcoholic beverages",5697
2019-06-30,"HCE","Household contents and services",2453
2019-06-30,"HCE","Housing and household utilities",11855
2019-06-30,"HCE","Imports of low value goods purchased directly by households",533
2019-06-30,"HCE","Miscellaneous goods and services",4649
2019-06-30,"HCE","Recreation and culture",3983
2019-06-30,"HCE","Restaurants and hotels",2827
2019-06-30,"HCE","Transport",6012
2019-09-30,"HCE","Alcoholic beverages, tobacco and illicit drugs",2402
2019-09-30,"HCE","Clothing and footwear",1703
2019-09-30,"HCE","Communication",974
2019-09-30,"HCE","Food and nonalcoholic beverages",5723
2019-09-30,"HCE","Household contents and services",2524
2019-09-30,"HCE","Housing and household utilities",12040
2019-09-30,"HCE","Imports of low value goods purchased directly by households",581
2019-09-30,"HCE","Miscellaneous goods and services",4730
2019-09-30,"HCE","Recreation and culture",4045
2019-09-30,"HCE","Restaurants and hotels",2864
2019-09-30,"HCE","Transport",5995
2019-12-31,"HCE","Alcoholic beverages, tobacco and illicit drugs",2461
2019-12-31,"HCE","Clothing and footwear",1723
2019-12-31,"HCE","Communication",973
2019-12-31,"HCE","Food and nonalcoholic beverages",5770
2019-12-31,"HCE","Household contents and services",2554
2019-12-31,"HCE","Housing and household utilities",12173
2019-12-31,"HCE","Imports of low value goods purchased directly by households",560
2019-12-31,"HCE","Miscellaneous goods and services",4734
2019-12-31,"HCE","Recreation and culture",4124
2019-12-31,"HCE","Restaurants and hotels",2914
2019-12-31,"HCE","Transport",6002
2020-03-31,"HCE","Alcoholic beverages, tobacco and illicit drugs",2535
2020-03-31,"HCE","Clothing and footwear",1575
2020-03-31,"HCE","Communication",957
2020-03-31,"HCE","Food and nonalcoholic beverages",6317
2020-03-31,"HCE","Household contents and services",2524
2020-03-31,"HCE","Housing and household utilities",12283
2020-03-31,"HCE","Imports of low value goods purchased directly by households",532
2020-03-31,"HCE","Miscellaneous goods and services",4752
2020-03-31,"HCE","Recreation and culture",4060
2020-03-31,"HCE","Restaurants and hotels",2611
2020-03-31,"HCE","Transport",5645
2020-06-30,"HCE","Alcoholic beverages, tobacco and illicit drugs",2018
2020-06-30,"HCE","Clothing and footwear",1334
2020-06-30,"HCE","Communication",966
2020-06-30,"HCE","Food and nonalcoholic beverages",6123
2020-06-30,"HCE","Household contents and services",2241
2020-06-30,"HCE","Housing and household utilities",12309
2020-06-30,"HCE","Imports of low value goods purchased directly by households",518
2020-06-30,"HCE","Miscellaneous goods and services",4381
2020-06-30,"HCE","Recreation and culture",3527
2020-06-30,"HCE","Restaurants and hotels",1963
2020-06-30,"HCE","Transport",3381
2020-09-30,"HCE","Alcoholic beverages, tobacco and illicit drugs",2489
2020-09-30,"HCE","Clothing and footwear",1826
2020-09-30,"HCE","Communication",973
2020-09-30,"HCE","Food and nonalcoholic beverages",6204
2020-09-30,"HCE","Household contents and services",2931
2020-09-30,"HCE","Housing and household utilities",12583
2020-09-30,"HCE","Imports of low value goods purchased directly by households",507
2020-09-30,"HCE","Miscellaneous goods and services",4766
2020-09-30,"HCE","Recreation and culture",4256
2020-09-30,"HCE","Restaurants and hotels",2990
2020-09-30,"HCE","Transport",4836
2020-12-31,"HCE","Alcoholic beverages, tobacco and illicit drugs",2416
2020-12-31,"HCE","Clothing and footwear",1909
2020-12-31,"HCE","Communication",980
2020-12-31,"HCE","Food and nonalcoholic beverages",6063
2020-12-31,"HCE","Household contents and services",2987
2020-12-31,"HCE","Housing and household utilities",12797
2020-12-31,"HCE","Imports of low value goods purchased directly by households",483
2020-12-31,"HCE","Miscellaneous goods and services",4922
2020-12-31,"HCE","Recreation and culture",4419
2020-12-31,"HCE","Restaurants and hotels",3397
2020-12-31,"HCE","Transport",4963
2021-03-31,"HCE","Alcoholic beverages, tobacco and illicit drugs",2408
2021-03-31,"HCE","Clothing and footwear",1994
2021-03-31,"HCE","Communication",1021
2021-03-31,"HCE","Food and nonalcoholic beverages",6153
2021-03-31,"HCE","Household contents and services",3082
2021-03-31,"HCE","Housing and household utilities",13042
2021-03-31,"HCE","Imports of low value goods purchased directly by households",515
2021-03-31,"HCE","Miscellaneous goods and services",5053
2021-03-31,"HCE","Recreation and culture",4872
2021-03-31,"HCE","Restaurants and hotels",4289
2021-03-31,"HCE","Transport",5373
2021-06-30,"HCE","Alcoholic beverages, tobacco and illicit drugs",2457
2021-06-30,"HCE","Clothing and footwear",2036
2021-06-30,"HCE","Communication",987
2021-06-30,"HCE","Food and nonalcoholic beverages",6285
2021-06-30,"HCE","Household contents and services",3205
2021-06-30,"HCE","Housing and household utilities",13121
2021-06-30,"HCE","Imports of low value goods purchased directly by households",521
2021-06-30,"HCE","Miscellaneous goods and services",5200
2021-06-30,"HCE","Recreation and culture",4858
2021-06-30,"HCE","Restaurants and hotels",3823
2021-06-30,"HCE","Transport",5903
2021-09-30,"HCE","Alcoholic beverages, tobacco and illicit drugs",2324
2021-09-30,"HCE","Clothing and footwear",1701
2021-09-30,"HCE","Communication",976
2021-09-30,"HCE","Food and nonalcoholic beverages",6676
2021-09-30,"HCE","Household contents and services",2749
2021-09-30,"HCE","Housing and household utilities",13378
2021-09-30,"HCE","Imports of low value goods purchased directly by households",582
2021-09-30,"HCE","Miscellaneous goods and services",5009
2021-09-30,"HCE","Recreation and culture",4278
2021-09-30,"HCE","Restaurants and hotels",2893
2021-09-30,"HCE","Transport",4944
2021-12-31,"HCE","Alcoholic beverages, tobacco and illicit drugs",2467
2021-12-31,"HCE","Clothing and footwear",2083
2021-12-31,"HCE","Communication",1000
2021-12-31,"HCE","Food and nonalcoholic beverages",6586
2021-12-31,"HCE","Household contents and services",3213
2021-12-31,"HCE","Housing and household utilities",13671
2021-12-31,"HCE","Imports of low value goods purchased directly by households",650
2021-12-31,"HCE","Miscellaneous goods and services",5389
2021-12-31,"HCE","Recreation and culture",4893
2021-12-31,"HCE","Restaurants and hotels",3260
2021-12-31,"HCE","Transport",5382
2022-03-31,"HCE","Alcoholic beverages, tobacco and illicit drugs",2531
2022-03-31,"HCE","Clothing and footwear",2127
2022-03-31,"HCE","Communication",1042
2022-03-31,"HCE","Food and nonalcoholic beverages",6754
2022-03-31,"HCE","Household contents and services",3312
2022-03-31,"HCE","Housing and household utilities",14058
2022-03-31,"HCE","Imports of low value goods purchased directly by households",601
2022-03-31,"HCE","Miscellaneous goods and services",5542
2022-03-31,"HCE","Recreation and culture",5294
2022-03-31,"HCE","Restaurants and hotels",4130
2022-03-31,"HCE","Transport",6384
2022-06-30,"HCE","Alcoholic beverages, tobacco and illicit drugs",2535
2022-06-30,"HCE","Clothing and footwear",2134
2022-06-30,"HCE","Communication",1029
2022-06-30,"HCE","Food and nonalcoholic beverages",6684
2022-06-30,"HCE","Household contents and services",3196
2022-06-30,"HCE","Housing and household utilities",14229
2022-06-30,"HCE","Imports of low value goods purchased directly by households",592
2022-06-30,"HCE","Miscellaneous goods and services",5646
2022-06-30,"HCE","Recreation and culture",5234
2022-06-30,"HCE","Restaurants and hotels",3917
2022-06-30,"HCE","Transport",6277
2022-09-30,"HCE","Alcoholic beverages, tobacco and illicit drugs",2577
2022-09-30,"HCE","Clothing and footwear",2162
2022-09-30,"HCE","Communication",1037
2022-09-30,"HCE","Food and nonalcoholic beverages",6877
2022-09-30,"HCE","Household contents and services",3185
2022-09-30,"HCE","Housing and household utilities",14471
2022-09-30,"HCE","Imports of low value goods purchased directly by households",573
2022-09-30,"HCE","Miscellaneous goods and services",5858
2022-09-30,"HCE","Recreation and culture",5049
2022-09-30,"HCE","Restaurants and hotels",3949
2022-09-30,"HCE","Transport",7141
2022-12-31,"HCE","Alcoholic beverages, tobacco and illicit drugs",2682
2022-12-31,"HCE","Clothing and footwear",2188
2022-12-31,"HCE","Communication",1030
2022-12-31,"HCE","Food and nonalcoholic beverages",7170
2022-12-31,"HCE","Household contents and services",3142
2022-12-31,"HCE","Housing and household utilities",14765
2022-12-31,"HCE","Imports of low value goods purchased directly by households",586
2022-12-31,"HCE","Miscellaneous goods and services",5962
2022-12-31,"HCE","Recreation and culture",5251
2022-12-31,"HCE","Restaurants and hotels",3981
2022-12-31,"HCE","Transport",7358
2023-03-31,"HCE","Alcoholic beverages, tobacco and illicit drugs",2562
2023-03-31,"HCE","Clothing and footwear",2195
2023-03-31,"HCE","Communication",1019
2023-03-31,"HCE","Food and nonalcoholic beverages",7276
2023-03-31,"HCE","Household contents and services",3210
2023-03-31,"HCE","Housing and household utilities",15066
2023-03-31,"HCE","Imports of low value goods purchased directly by households",600
2023-03-31,"HCE","Miscellaneous goods and services",6132
2023-03-31,"HCE","Recreation and culture",5440
2023-03-31,"HCE","Restaurants and hotels",4081
2023-03-31,"HCE","Transport",7573
2023-06-30,"HCE","Alcoholic beverages, tobacco and illicit drugs",2579
2023-06-30,"HCE","Clothing and footwear",2110
2023-06-30,"HCE","Communication",1008
2023-06-30,"HCE","Food and nonalcoholic beverages",7373
2023-06-30,"HCE","Household contents and services",3189
2023-06-30,"HCE","Housing and household utilities",15369
2023-06-30,"HCE","Imports of low value goods purchased directly by households",644
2023-06-30,"HCE","Miscellaneous goods and services",6292
2023-06-30,"HCE","Recreation and culture",5440
2023-06-30,"HCE","Restaurants and hotels",3960
2023-06-30,"HCE","Transport",8089
2023-09-30,"HCE","Alcoholic beverages, tobacco and illicit drugs",2606
2023-09-30,"HCE","Clothing and footwear",2139
2023-09-30,"HCE","Communication",1014
2023-09-30,"HCE","Food and nonalcoholic beverages",7469
2023-09-30,"HCE","Household contents and services",3144
2023-09-30,"HCE","Housing and household utilities",15671
2023-09-30,"HCE","Imports of low value goods purchased directly by households",662
2023-09-30,"HCE","Miscellaneous goods and services",6416
2023-09-30,"HCE","Recreation and culture",5317
2023-09-30,"HCE","Restaurants and hotels",3926
2023-09-30,"HCE","Transport",7661
2023-12-31,"HCE","Alcoholic beverages, tobacco and illicit drugs",2617
2023-12-31,"HCE","Clothing and footwear",2078
2023-12-31,"HCE","Communication",1012
2023-12-31,"HCE","Food and nonalcoholic beverages",7509
2023-12-31,"HCE","Household contents and services",3094
2023-12-31,"HCE","Housing and household utilities",15948
2023-12-31,"HCE","Imports of low value goods purchased directly by households",691
2023-12-31,"HCE","Miscellaneous goods and services",6483
2023-12-31,"HCE","Recreation and culture",5245
2023-12-31,"HCE","Restaurants and hotels",3934
2023-12-31,"HCE","Transport",7837
2024-03-31,"HCE","Alcoholic beverages, tobacco and illicit drugs",2643
2024-03-31,"HCE","Clothing and footwear",2014
2024-03-31,"HCE","Communication",980
2024-03-31,"HCE","Food and nonalcoholic beverages",7533
2024-03-31,"HCE","Household contents and services",3075
2024-03-31,"HCE","Housing and household utilities",16210
2024-03-31,"HCE","Imports of low value goods purchased directly by households",721
2024-03-31,"HCE","Miscellaneous goods and services",6542
2024-03-31,"HCE","Recreation and culture",5277
2024-03-31,"HCE","Restaurants and hotels",4096
2024-03-31,"HCE","Transport",7583
2024-06-30,"HCE","Alcoholic beverages, tobacco and illicit drugs",2654
2024-06-30,"HCE","Clothing and footwear",2038
2024-06-30,"HCE","Communication",1000
2024-06-30,"HCE","Food and nonalcoholic beverages",7631
2024-06-30,"HCE","Household contents and services",3074
2024-06-30,"HCE","Housing and household utilities",16504
2024-06-30,"HCE","Imports of low value goods purchased directly by households",723
2024-06-30,"HCE","Miscellaneous goods and services",6630
2024-06-30,"HCE","Recreation and culture",5460
2024-06-30,"HCE","Restaurants and hotels",3834
2024-06-30,"HCE","Transport",7377
2024-09-30,"HCE","Alcoholic beverages, tobacco and illicit drugs",2652
2024-09-30,"HCE","Clothing and footwear",2035
2024-09-30,"HCE","Communication",1008
2024-09-30,"HCE","Food and nonalcoholic beverages",7602
2024-09-30,"HCE","Household contents and services",3089
2024-09-30,"HCE","Housing and household utilities",16734
2024-09-30,"HCE","Imports of low value goods purchased directly by households",712
2024-09-30,"HCE","Miscellaneous goods and services",6709
2024-09-30,"HCE","Recreation and culture",5464
2024-09-30,"HCE","Restaurants and hotels",3775
2024-09-30,"HCE","Transport",7378
2024-12-31,"HCE","Alcoholic beverages, tobacco and illicit drugs",2658
2024-12-31,"HCE","Clothing and footwear",2047
2024-12-31,"HCE","Communication",988
2024-12-31,"HCE","Food and nonalcoholic beverages",7623
2024-12-31,"HCE","Household contents and services",3126
2024-12-31,"HCE","Housing and household utilities",16918
2024-12-31,"HCE","Imports of low value goods purchased directly by households",726
2024-12-31,"HCE","Miscellaneous goods and services",6757
2024-12-31,"HCE","Recreation and culture",5517
2024-12-31,"HCE","Restaurants and hotels",3906
2024-12-31,"HCE","Transport",7334
2025-03-31,"HCE","Alcoholic beverages, tobacco and illicit drugs",2638
2025-03-31,"HCE","Clothing and footwear",2072
2025-03-31,"HCE","Communication",971
2025-03-31,"HCE","Food and nonalcoholic beverages",7718
2025-03-31,"HCE","Household contents and services",3153
2025-03-31,"HCE","Housing and household utilities",17122
2025-03-31,"HCE","Imports of low value goods purchased directly by households",748
2025-03-31,"HCE","Miscellaneous goods and services",6818
2025-03-31,"HCE","Recreation and culture",5725
2025-03-31,"HCE","Restaurants and hotels",4138
2025-03-31,"HCE","Transport",7705
2025-06-30,"HCE","Alcoholic beverages, tobacco and illicit drugs",2657
2025-06-30,"HCE","Clothing and footwear",2063
2025-06-30,"HCE","Communication",993
2025-06-30,"HCE","Food and nonalcoholic beverages",7867
2025-06-30,"HCE","Household contents and services",3186
2025-06-30,"HCE","Housing and household utilities",17332
2025-06-30,"HCE","Imports of low value goods purchased directly by households",758
2025-06-30,"HCE","Miscellaneous goods and services",6898
2025-06-30,"HCE","Recreation and culture",5899
2025-06-30,"HCE","Restaurants and hotels",3982
2025-06-30,"HCE","Transport",7657
2016-06-30,"HCE","HCE Difference between ISA and QGDP",1499
2016-09-30,"HCE","HCE Difference between ISA and QGDP",1543
2016-12-31,"HCE","HCE Difference between ISA and QGDP",1583
2017-03-31,"HCE","HCE Difference between ISA and QGDP",1600
2017-06-30,"HCE","HCE Difference between ISA and QGDP",1565
2017-09-30,"HCE","HCE Difference between ISA and QGDP",1557
2017-12-31,"HCE","HCE Difference between ISA and QGDP",1565
2018-03-31,"HCE","HCE Difference between ISA and QGDP",1579
2018-06-30,"HCE","HCE Difference between ISA and QGDP",1639
2018-09-30,"HCE","HCE Difference between ISA and QGDP",1683
2018-12-31,"HCE","HCE Difference between ISA and QGDP",1729
2019-03-31,"HCE","HCE Difference between ISA and QGDP",1749
2019-06-30,"HCE","HCE Difference between ISA and QGDP",1753
2019-09-30,"HCE","HCE Difference between ISA and QGDP",1753
2019-12-31,"HCE","HCE Difference between ISA and QGDP",1752
2020-03-31,"HCE","HCE Difference between ISA and QGDP",1750
2020-06-30,"HCE","HCE Difference between ISA and QGDP",1649
2020-09-30,"HCE","HCE Difference between ISA and QGDP",1877
2020-12-31,"HCE","HCE Difference between ISA and QGDP",1929
2021-03-31,"HCE","HCE Difference between ISA and QGDP",2068
2021-06-30,"HCE","HCE Difference between ISA and QGDP",2147
2021-09-30,"HCE","HCE Difference between ISA and QGDP",2151
2021-12-31,"HCE","HCE Difference between ISA and QGDP",2266
2022-03-31,"HCE","HCE Difference between ISA and QGDP",2322
2022-06-30,"HCE","HCE Difference between ISA and QGDP",2335
2022-09-30,"HCE","HCE Difference between ISA and QGDP",2344
2022-12-31,"HCE","HCE Difference between ISA and QGDP",2404
2023-03-31,"HCE","HCE Difference between ISA and QGDP",2425
2023-06-30,"HCE","HCE Difference between ISA and QGDP",2421
2023-09-30,"HCE","HCE Difference between ISA and QGDP",2457
2023-12-31,"HCE","HCE Difference between ISA and QGDP",2535
2024-03-31,"HCE","HCE Difference between ISA and QGDP",2532
2024-06-30,"HCE","HCE Difference between ISA and QGDP",2557
2024-09-30,"HCE","HCE Difference between ISA and QGDP",2612
2024-12-31,"HCE","HCE Difference between ISA and QGDP",2611
2025-03-31,"HCE","HCE Difference between ISA and QGDP",2636
2025-06-30,"HCE","HCE Difference between ISA and QGDP",2670
1987-06-30,"HCE","HCE",8699
1987-09-30,"HCE","HCE",8877
1987-12-31,"HCE","HCE",9094
1988-03-31,"HCE","HCE",9194
1988-06-30,"HCE","HCE",9301
1988-09-30,"HCE","HCE",9725
1988-12-31,"HCE","HCE",9859
1989-03-31,"HCE","HCE",10039
1989-06-30,"HCE","HCE",10508
1989-09-30,"HCE","HCE",10202
1989-12-31,"HCE","HCE",10344
1990-03-31,"HCE","HCE",10604
1990-06-30,"HCE","HCE",10751
1990-09-30,"HCE","HCE",10864
1990-12-31,"HCE","HCE",11242
1991-03-31,"HCE","HCE",10861
1991-06-30,"HCE","HCE",10718
1991-09-30,"HCE","HCE",10870
1991-12-31,"HCE","HCE",10831
1992-03-31,"HCE","HCE",10945
1992-06-30,"HCE","HCE",10941
1992-09-30,"HCE","HCE",10938
1992-12-31,"HCE","HCE",11140
1993-03-31,"HCE","HCE",11096
1993-06-30,"HCE","HCE",11264
1993-09-30,"HCE","HCE",11407
1993-12-31,"HCE","HCE",11559
1994-03-31,"HCE","HCE",11824
1994-06-30,"HCE","HCE",12069
1994-09-30,"HCE","HCE",12318
1994-12-31,"HCE","HCE",12574
1995-03-31,"HCE","HCE",12797
1995-06-30,"HCE","HCE",12886
1995-09-30,"HCE","HCE",13112
1995-12-31,"HCE","HCE",13356
1996-03-31,"HCE","HCE",13763
1996-06-30,"HCE","HCE",13986
1996-09-30,"HCE","HCE",14185
1996-12-31,"HCE","HCE",14241
1997-03-31,"HCE","HCE",14368
1997-06-30,"HCE","HCE",14545
1997-09-30,"HCE","HCE",14625
1997-12-31,"HCE","HCE",14773
1998-03-31,"HCE","HCE",15025
1998-06-30,"HCE","HCE",15090
1998-09-30,"HCE","HCE",15216
1998-12-31,"HCE","HCE",15462
1999-03-31,"HCE","HCE",15568
1999-06-30,"HCE","HCE",15771
1999-09-30,"HCE","HCE",15905
1999-12-31,"HCE","HCE",15915
2000-03-31,"HCE","HCE",15923
2000-06-30,"HCE","HCE",16259
2000-09-30,"HCE","HCE",16500
2000-12-31,"HCE","HCE",16582
2001-03-31,"HCE","HCE",16510
2001-06-30,"HCE","HCE",16932
2001-09-30,"HCE","HCE",17201
2001-12-31,"HCE","HCE",17389
2002-03-31,"HCE","HCE",17421
2002-06-30,"HCE","HCE",17995
2002-09-30,"HCE","HCE",18277
2002-12-31,"HCE","HCE",18541
2003-03-31,"HCE","HCE",18855
2003-06-30,"HCE","HCE",19034
2003-09-30,"HCE","HCE",19262
2003-12-31,"HCE","HCE",19786
2004-03-31,"HCE","HCE",20259
2004-06-30,"HCE","HCE",20299
2004-09-30,"HCE","HCE",20894
2004-12-31,"HCE","HCE",21209
2005-03-31,"HCE","HCE",21395
2005-06-30,"HCE","HCE",21960
2005-09-30,"HCE","HCE",22136
2005-12-31,"HCE","HCE",22564
2006-03-31,"HCE","HCE",22923
2006-06-30,"HCE","HCE",23213
2006-09-30,"HCE","HCE",23526
2006-12-31,"HCE","HCE",23917
2007-03-31,"HCE","HCE",24290
2007-06-30,"HCE","HCE",24526
2007-09-30,"HCE","HCE",24736
2007-12-31,"HCE","HCE",25085
2008-03-31,"HCE","HCE",25641
2008-06-30,"HCE","HCE",25486
2008-09-30,"HCE","HCE",25909
2008-12-31,"HCE","HCE",26020
2009-03-31,"HCE","HCE",25637
2009-06-30,"HCE","HCE",26197
2009-09-30,"HCE","HCE",26428
2009-12-31,"HCE","HCE",26673
2010-03-31,"HCE","HCE",27102
2010-06-30,"HCE","HCE",27205
2010-09-30,"HCE","HCE",27443
2010-12-31,"HCE","HCE",27872
2011-03-31,"HCE","HCE",28333
2011-06-30,"HCE","HCE",28838
2011-09-30,"HCE","HCE",29220
2011-12-31,"HCE","HCE",29321
2012-03-31,"HCE","HCE",29770
2012-06-30,"HCE","HCE",29854
2012-09-30,"HCE","HCE",29853
2012-12-31,"HCE","HCE",30253
2013-03-31,"HCE","HCE",30681
2013-06-30,"HCE","HCE",31125
2013-09-30,"HCE","HCE",31430
2013-12-31,"HCE","HCE",31855
2014-03-31,"HCE","HCE",32178
2014-06-30,"HCE","HCE",32381
2014-09-30,"HCE","HCE",32802
2014-12-31,"HCE","HCE",33006
2015-03-31,"HCE","HCE",33456
2015-06-30,"HCE","HCE",33890
2015-09-30,"HCE","HCE",34467
2015-12-31,"HCE","HCE",34885
2016-03-31,"HCE","HCE",35108
2016-06-30,"HCE","HCE",37603
2016-09-30,"HCE","HCE",38165
2016-12-31,"HCE","HCE",38771
2017-03-31,"HCE","HCE",39802
2017-06-30,"HCE","HCE",40125
2017-09-30,"HCE","HCE",40617
2017-12-31,"HCE","HCE",41352
2018-03-31,"HCE","HCE",41758
2018-06-30,"HCE","HCE",42555
2018-09-30,"HCE","HCE",43320
2018-12-31,"HCE","HCE",43948
2019-03-31,"HCE","HCE",44027
2019-06-30,"HCE","HCE",44723
2019-09-30,"HCE","HCE",45334
2019-12-31,"HCE","HCE",45740
2020-03-31,"HCE","HCE",45541
2020-06-30,"HCE","HCE",40410
2020-09-30,"HCE","HCE",46238
2020-12-31,"HCE","HCE",47265
2021-03-31,"HCE","HCE",49870
2021-06-30,"HCE","HCE",50543
2021-09-30,"HCE","HCE",47661
2021-12-31,"HCE","HCE",50860
2022-03-31,"HCE","HCE",54097
2022-06-30,"HCE","HCE",53808
2022-09-30,"HCE","HCE",55223
2022-12-31,"HCE","HCE",56519
2023-03-31,"HCE","HCE",57579
2023-06-30,"HCE","HCE",58474
2023-09-30,"HCE","HCE",58482
2023-12-31,"HCE","HCE",58983
2024-03-31,"HCE","HCE",59206
2024-06-30,"HCE","HCE",59482
2024-09-30,"HCE","HCE",59770
2024-12-31,"HCE","HCE",60211
2025-03-31,"HCE","HCE",61444
2025-06-30,"HCE","HCE",61962
1987-06-30,"Total Income","Total Income",NA
1987-09-30,"Total Income","Total Income",NA
1987-12-31,"Total Income","Total Income",NA
1988-03-31,"Total Income","Total Income",NA
1988-06-30,"Total Income","Total Income",NA
1988-09-30,"Total Income","Total Income",NA
1988-12-31,"Total Income","Total Income",NA
1989-03-31,"Total Income","Total Income",NA
1989-06-30,"Total Income","Total Income",NA
1989-09-30,"Total Income","Total Income",NA
1989-12-31,"Total Income","Total Income",NA
1990-03-31,"Total Income","Total Income",NA
1990-06-30,"Total Income","Total Income",NA
1990-09-30,"Total Income","Total Income",NA
1990-12-31,"Total Income","Total Income",NA
1991-03-31,"Total Income","Total Income",NA
1991-06-30,"Total Income","Total Income",NA
1991-09-30,"Total Income","Total Income",NA
1991-12-31,"Total Income","Total Income",NA
1992-03-31,"Total Income","Total Income",NA
1992-06-30,"Total Income","Total Income",NA
1992-09-30,"Total Income","Total Income",NA
1992-12-31,"Total Income","Total Income",NA
1993-03-31,"Total Income","Total Income",NA
1993-06-30,"Total Income","Total Income",NA
1993-09-30,"Total Income","Total Income",NA
1993-12-31,"Total Income","Total Income",NA
1994-03-31,"Total Income","Total Income",NA
1994-06-30,"Total Income","Total Income",NA
1994-09-30,"Total Income","Total Income",NA
1994-12-31,"Total Income","Total Income",NA
1995-03-31,"Total Income","Total Income",NA
1995-06-30,"Total Income","Total Income",NA
1995-09-30,"Total Income","Total Income",NA
1995-12-31,"Total Income","Total Income",NA
1996-03-31,"Total Income","Total Income",NA
1996-06-30,"Total Income","Total Income",NA
1996-09-30,"Total Income","Total Income",NA
1996-12-31,"Total Income","Total Income",NA
1997-03-31,"Total Income","Total Income",NA
1997-06-30,"Total Income","Total Income",NA
1997-09-30,"Total Income","Total Income",NA
1997-12-31,"Total Income","Total Income",NA
1998-03-31,"Total Income","Total Income",NA
1998-06-30,"Total Income","Total Income",NA
1998-09-30,"Total Income","Total Income",NA
1998-12-31,"Total Income","Total Income",NA
1999-03-31,"Total Income","Total Income",NA
1999-06-30,"Total Income","Total Income",NA
1999-09-30,"Total Income","Total Income",NA
1999-12-31,"Total Income","Total Income",NA
2000-03-31,"Total Income","Total Income",NA
2000-06-30,"Total Income","Total Income",NA
2000-09-30,"Total Income","Total Income",NA
2000-12-31,"Total Income","Total Income",NA
2001-03-31,"Total Income","Total Income",NA
2001-06-30,"Total Income","Total Income",NA
2001-09-30,"Total Income","Total Income",NA
2001-12-31,"Total Income","Total Income",NA
2002-03-31,"Total Income","Total Income",NA
2002-06-30,"Total Income","Total Income",NA
2002-09-30,"Total Income","Total Income",NA
2002-12-31,"Total Income","Total Income",NA
2003-03-31,"Total Income","Total Income",NA
2003-06-30,"Total Income","Total Income",NA
2003-09-30,"Total Income","Total Income",NA
2003-12-31,"Total Income","Total Income",NA
2004-03-31,"Total Income","Total Income",NA
2004-06-30,"Total Income","Total Income",NA
2004-09-30,"Total Income","Total Income",NA
2004-12-31,"Total Income","Total Income",NA
2005-03-31,"Total Income","Total Income",NA
2005-06-30,"Total Income","Total Income",NA
2005-09-30,"Total Income","Total Income",NA
2005-12-31,"Total Income","Total Income",NA
2006-03-31,"Total Income","Total Income",NA
2006-06-30,"Total Income","Total Income",NA
2006-09-30,"Total Income","Total Income",NA
2006-12-31,"Total Income","Total Income",NA
2007-03-31,"Total Income","Total Income",NA
2007-06-30,"Total Income","Total Income",NA
2007-09-30,"Total Income","Total Income",NA
2007-12-31,"Total Income","Total Income",NA
2008-03-31,"Total Income","Total Income",NA
2008-06-30,"Total Income","Total Income",NA
2008-09-30,"Total Income","Total Income",NA
2008-12-31,"Total Income","Total Income",NA
2009-03-31,"Total Income","Total Income",NA
2009-06-30,"Total Income","Total Income",NA
2009-09-30,"Total Income","Total Income",NA
2009-12-31,"Total Income","Total Income",NA
2010-03-31,"Total Income","Total Income",NA
2010-06-30,"Total Income","Total Income",NA
2010-09-30,"Total Income","Total Income",NA
2010-12-31,"Total Income","Total Income",NA
2011-03-31,"Total Income","Total Income",NA
2011-06-30,"Total Income","Total Income",NA
2011-09-30,"Total Income","Total Income",NA
2011-12-31,"Total Income","Total Income",NA
2012-03-31,"Total Income","Total Income",NA
2012-06-30,"Total Income","Total Income",NA
2012-09-30,"Total Income","Total Income",NA
2012-12-31,"Total Income","Total Income",NA
2013-03-31,"Total Income","Total Income",NA
2013-06-30,"Total Income","Total Income",NA
2013-09-30,"Total Income","Total Income",NA
2013-12-31,"Total Income","Total Income",NA
2014-03-31,"Total Income","Total Income",NA
2014-06-30,"Total Income","Total Income",NA
2014-09-30,"Total Income","Total Income",NA
2014-12-31,"Total Income","Total Income",NA
2015-03-31,"Total Income","Total Income",NA
2015-06-30,"Total Income","Total Income",NA
2015-09-30,"Total Income","Total Income",NA
2015-12-31,"Total Income","Total Income",NA
2016-03-31,"Total Income","Total Income",NA
2016-06-30,"Total Income","Total Income",52747
2016-09-30,"Total Income","Total Income",52955
2016-12-31,"Total Income","Total Income",53582
2017-03-31,"Total Income","Total Income",54985
2017-06-30,"Total Income","Total Income",55182
2017-09-30,"Total Income","Total Income",56044
2017-12-31,"Total Income","Total Income",57425
2018-03-31,"Total Income","Total Income",58036
2018-06-30,"Total Income","Total Income",58787
2018-09-30,"Total Income","Total Income",59856
2018-12-31,"Total Income","Total Income",61176
2019-03-31,"Total Income","Total Income",61272
2019-06-30,"Total Income","Total Income",63309
2019-09-30,"Total Income","Total Income",64291
2019-12-31,"Total Income","Total Income",65317
2020-03-31,"Total Income","Total Income",65353
2020-06-30,"Total Income","Total Income",65915
2020-09-30,"Total Income","Total Income",68870
2020-12-31,"Total Income","Total Income",70107
2021-03-31,"Total Income","Total Income",71191
2021-06-30,"Total Income","Total Income",72029
2021-09-30,"Total Income","Total Income",72545
2021-12-31,"Total Income","Total Income",74574
2022-03-31,"Total Income","Total Income",75014
2022-06-30,"Total Income","Total Income",76195
2022-09-30,"Total Income","Total Income",77537
2022-12-31,"Total Income","Total Income",78617
2023-03-31,"Total Income","Total Income",79942
2023-06-30,"Total Income","Total Income",82972
2023-09-30,"Total Income","Total Income",84800
2023-12-31,"Total Income","Total Income",85961
2024-03-31,"Total Income","Total Income",87139
2024-06-30,"Total Income","Total Income",87383
2024-09-30,"Total Income","Total Income",87568
2024-12-31,"Total Income","Total Income",87903
2025-03-31,"Total Income","Total Income",88936
2025-06-30,"Total Income","Total Income",89939
1987-06-30,"Disposable Income","Disposable Income",NA
1987-09-30,"Disposable Income","Disposable Income",NA
1987-12-31,"Disposable Income","Disposable Income",NA
1988-03-31,"Disposable Income","Disposable Income",NA
1988-06-30,"Disposable Income","Disposable Income",NA
1988-09-30,"Disposable Income","Disposable Income",NA
1988-12-31,"Disposable Income","Disposable Income",NA
1989-03-31,"Disposable Income","Disposable Income",NA
1989-06-30,"Disposable Income","Disposable Income",NA
1989-09-30,"Disposable Income","Disposable Income",NA
1989-12-31,"Disposable Income","Disposable Income",NA
1990-03-31,"Disposable Income","Disposable Income",NA
1990-06-30,"Disposable Income","Disposable Income",NA
1990-09-30,"Disposable Income","Disposable Income",NA
1990-12-31,"Disposable Income","Disposable Income",NA
1991-03-31,"Disposable Income","Disposable Income",NA
1991-06-30,"Disposable Income","Disposable Income",NA
1991-09-30,"Disposable Income","Disposable Income",NA
1991-12-31,"Disposable Income","Disposable Income",NA
1992-03-31,"Disposable Income","Disposable Income",NA
1992-06-30,"Disposable Income","Disposable Income",NA
1992-09-30,"Disposable Income","Disposable Income",NA
1992-12-31,"Disposable Income","Disposable Income",NA
1993-03-31,"Disposable Income","Disposable Income",NA
1993-06-30,"Disposable Income","Disposable Income",NA
1993-09-30,"Disposable Income","Disposable Income",NA
1993-12-31,"Disposable Income","Disposable Income",NA
1994-03-31,"Disposable Income","Disposable Income",NA
1994-06-30,"Disposable Income","Disposable Income",NA
1994-09-30,"Disposable Income","Disposable Income",NA
1994-12-31,"Disposable Income","Disposable Income",NA
1995-03-31,"Disposable Income","Disposable Income",NA
1995-06-30,"Disposable Income","Disposable Income",NA
1995-09-30,"Disposable Income","Disposable Income",NA
1995-12-31,"Disposable Income","Disposable Income",NA
1996-03-31,"Disposable Income","Disposable Income",NA
1996-06-30,"Disposable Income","Disposable Income",NA
1996-09-30,"Disposable Income","Disposable Income",NA
1996-12-31,"Disposable Income","Disposable Income",NA
1997-03-31,"Disposable Income","Disposable Income",NA
1997-06-30,"Disposable Income","Disposable Income",NA
1997-09-30,"Disposable Income","Disposable Income",NA
1997-12-31,"Disposable Income","Disposable Income",NA
1998-03-31,"Disposable Income","Disposable Income",NA
1998-06-30,"Disposable Income","Disposable Income",NA
1998-09-30,"Disposable Income","Disposable Income",NA
1998-12-31,"Disposable Income","Disposable Income",NA
1999-03-31,"Disposable Income","Disposable Income",NA
1999-06-30,"Disposable Income","Disposable Income",NA
1999-09-30,"Disposable Income","Disposable Income",NA
1999-12-31,"Disposable Income","Disposable Income",NA
2000-03-31,"Disposable Income","Disposable Income",NA
2000-06-30,"Disposable Income","Disposable Income",NA
2000-09-30,"Disposable Income","Disposable Income",NA
2000-12-31,"Disposable Income","Disposable Income",NA
2001-03-31,"Disposable Income","Disposable Income",NA
2001-06-30,"Disposable Income","Disposable Income",NA
2001-09-30,"Disposable Income","Disposable Income",NA
2001-12-31,"Disposable Income","Disposable Income",NA
2002-03-31,"Disposable Income","Disposable Income",NA
2002-06-30,"Disposable Income","Disposable Income",NA
2002-09-30,"Disposable Income","Disposable Income",NA
2002-12-31,"Disposable Income","Disposable Income",NA
2003-03-31,"Disposable Income","Disposable Income",NA
2003-06-30,"Disposable Income","Disposable Income",NA
2003-09-30,"Disposable Income","Disposable Income",NA
2003-12-31,"Disposable Income","Disposable Income",NA
2004-03-31,"Disposable Income","Disposable Income",NA
2004-06-30,"Disposable Income","Disposable Income",NA
2004-09-30,"Disposable Income","Disposable Income",NA
2004-12-31,"Disposable Income","Disposable Income",NA
2005-03-31,"Disposable Income","Disposable Income",NA
2005-06-30,"Disposable Income","Disposable Income",NA
2005-09-30,"Disposable Income","Disposable Income",NA
2005-12-31,"Disposable Income","Disposable Income",NA
2006-03-31,"Disposable Income","Disposable Income",NA
2006-06-30,"Disposable Income","Disposable Income",NA
2006-09-30,"Disposable Income","Disposable Income",NA
2006-12-31,"Disposable Income","Disposable Income",NA
2007-03-31,"Disposable Income","Disposable Income",NA
2007-06-30,"Disposable Income","Disposable Income",NA
2007-09-30,"Disposable Income","Disposable Income",NA
2007-12-31,"Disposable Income","Disposable Income",NA
2008-03-31,"Disposable Income","Disposable Income",NA
2008-06-30,"Disposable Income","Disposable Income",NA
2008-09-30,"Disposable Income","Disposable Income",NA
2008-12-31,"Disposable Income","Disposable Income",NA
2009-03-31,"Disposable Income","Disposable Income",NA
2009-06-30,"Disposable Income","Disposable Income",NA
2009-09-30,"Disposable Income","Disposable Income",NA
2009-12-31,"Disposable Income","Disposable Income",NA
2010-03-31,"Disposable Income","Disposable Income",NA
2010-06-30,"Disposable Income","Disposable Income",NA
2010-09-30,"Disposable Income","Disposable Income",NA
2010-12-31,"Disposable Income","Disposable Income",NA
2011-03-31,"Disposable Income","Disposable Income",NA
2011-06-30,"Disposable Income","Disposable Income",NA
2011-09-30,"Disposable Income","Disposable Income",NA
2011-12-31,"Disposable Income","Disposable Income",NA
2012-03-31,"Disposable Income","Disposable Income",NA
2012-06-30,"Disposable Income","Disposable Income",NA
2012-09-30,"Disposable Income","Disposable Income",NA
2012-12-31,"Disposable Income","Disposable Income",NA
2013-03-31,"Disposable Income","Disposable Income",NA
2013-06-30,"Disposable Income","Disposable Income",NA
2013-09-30,"Disposable Income","Disposable Income",NA
2013-12-31,"Disposable Income","Disposable Income",NA
2014-03-31,"Disposable Income","Disposable Income",NA
2014-06-30,"Disposable Income","Disposable Income",NA
2014-09-30,"Disposable Income","Disposable Income",NA
2014-12-31,"Disposable Income","Disposable Income",NA
2015-03-31,"Disposable Income","Disposable Income",NA
2015-06-30,"Disposable Income","Disposable Income",NA
2015-09-30,"Disposable Income","Disposable Income",NA
2015-12-31,"Disposable Income","Disposable Income",NA
2016-03-31,"Disposable Income","Disposable Income",NA
2016-06-30,"Disposable Income","Disposable Income",37261
2016-09-30,"Disposable Income","Disposable Income",37236
2016-12-31,"Disposable Income","Disposable Income",37782
2017-03-31,"Disposable Income","Disposable Income",39230
2017-06-30,"Disposable Income","Disposable Income",38858
2017-09-30,"Disposable Income","Disposable Income",39632
2017-12-31,"Disposable Income","Disposable Income",40965
2018-03-31,"Disposable Income","Disposable Income",41075
2018-06-30,"Disposable Income","Disposable Income",42118
2018-09-30,"Disposable Income","Disposable Income",42592
2018-12-31,"Disposable Income","Disposable Income",43654
2019-03-31,"Disposable Income","Disposable Income",43371
2019-06-30,"Disposable Income","Disposable Income",45173
2019-09-30,"Disposable Income","Disposable Income",46124
2019-12-31,"Disposable Income","Disposable Income",46543
2020-03-31,"Disposable Income","Disposable Income",46536
2020-06-30,"Disposable Income","Disposable Income",47746
2020-09-30,"Disposable Income","Disposable Income",49431
2020-12-31,"Disposable Income","Disposable Income",50564
2021-03-31,"Disposable Income","Disposable Income",51180
2021-06-30,"Disposable Income","Disposable Income",51202
2021-09-30,"Disposable Income","Disposable Income",51746
2021-12-31,"Disposable Income","Disposable Income",52719
2022-03-31,"Disposable Income","Disposable Income",52958
2022-06-30,"Disposable Income","Disposable Income",53286
2022-09-30,"Disposable Income","Disposable Income",54321
2022-12-31,"Disposable Income","Disposable Income",54882
2023-03-31,"Disposable Income","Disposable Income",55306
2023-06-30,"Disposable Income","Disposable Income",58064
2023-09-30,"Disposable Income","Disposable Income",58354
2023-12-31,"Disposable Income","Disposable Income",58692
2024-03-31,"Disposable Income","Disposable Income",59696
2024-06-30,"Disposable Income","Disposable Income",59440
2024-09-30,"Disposable Income","Disposable Income",59677
2024-12-31,"Disposable Income","Disposable Income",60468
2025-03-31,"Disposable Income","Disposable Income",61593
2025-06-30,"Disposable Income","Disposable Income",62766
1987-06-30,"Saving","Saving",NA
1987-09-30,"Saving","Saving",NA
1987-12-31,"Saving","Saving",NA
1988-03-31,"Saving","Saving",NA
1988-06-30,"Saving","Saving",NA
1988-09-30,"Saving","Saving",NA
1988-12-31,"Saving","Saving",NA
1989-03-31,"Saving","Saving",NA
1989-06-30,"Saving","Saving",NA
1989-09-30,"Saving","Saving",NA
1989-12-31,"Saving","Saving",NA
1990-03-31,"Saving","Saving",NA
1990-06-30,"Saving","Saving",NA
1990-09-30,"Saving","Saving",NA
1990-12-31,"Saving","Saving",NA
1991-03-31,"Saving","Saving",NA
1991-06-30,"Saving","Saving",NA
1991-09-30,"Saving","Saving",NA
1991-12-31,"Saving","Saving",NA
1992-03-31,"Saving","Saving",NA
1992-06-30,"Saving","Saving",NA
1992-09-30,"Saving","Saving",NA
1992-12-31,"Saving","Saving",NA
1993-03-31,"Saving","Saving",NA
1993-06-30,"Saving","Saving",NA
1993-09-30,"Saving","Saving",NA
1993-12-31,"Saving","Saving",NA
1994-03-31,"Saving","Saving",NA
1994-06-30,"Saving","Saving",NA
1994-09-30,"Saving","Saving",NA
1994-12-31,"Saving","Saving",NA
1995-03-31,"Saving","Saving",NA
1995-06-30,"Saving","Saving",NA
1995-09-30,"Saving","Saving",NA
1995-12-31,"Saving","Saving",NA
1996-03-31,"Saving","Saving",NA
1996-06-30,"Saving","Saving",NA
1996-09-30,"Saving","Saving",NA
1996-12-31,"Saving","Saving",NA
1997-03-31,"Saving","Saving",NA
1997-06-30,"Saving","Saving",NA
1997-09-30,"Saving","Saving",NA
1997-12-31,"Saving","Saving",NA
1998-03-31,"Saving","Saving",NA
1998-06-30,"Saving","Saving",NA
1998-09-30,"Saving","Saving",NA
1998-12-31,"Saving","Saving",NA
1999-03-31,"Saving","Saving",NA
1999-06-30,"Saving","Saving",NA
1999-09-30,"Saving","Saving",NA
1999-12-31,"Saving","Saving",NA
2000-03-31,"Saving","Saving",NA
2000-06-30,"Saving","Saving",NA
2000-09-30,"Saving","Saving",NA
2000-12-31,"Saving","Saving",NA
2001-03-31,"Saving","Saving",NA
2001-06-30,"Saving","Saving",NA
2001-09-30,"Saving","Saving",NA
2001-12-31,"Saving","Saving",NA
2002-03-31,"Saving","Saving",NA
2002-06-30,"Saving","Saving",NA
2002-09-30,"Saving","Saving",NA
2002-12-31,"Saving","Saving",NA
2003-03-31,"Saving","Saving",NA
2003-06-30,"Saving","Saving",NA
2003-09-30,"Saving","Saving",NA
2003-12-31,"Saving","Saving",NA
2004-03-31,"Saving","Saving",NA
2004-06-30,"Saving","Saving",NA
2004-09-30,"Saving","Saving",NA
2004-12-31,"Saving","Saving",NA
2005-03-31,"Saving","Saving",NA
2005-06-30,"Saving","Saving",NA
2005-09-30,"Saving","Saving",NA
2005-12-31,"Saving","Saving",NA
2006-03-31,"Saving","Saving",NA
2006-06-30,"Saving","Saving",NA
2006-09-30,"Saving","Saving",NA
2006-12-31,"Saving","Saving",NA
2007-03-31,"Saving","Saving",NA
2007-06-30,"Saving","Saving",NA
2007-09-30,"Saving","Saving",NA
2007-12-31,"Saving","Saving",NA
2008-03-31,"Saving","Saving",NA
2008-06-30,"Saving","Saving",NA
2008-09-30,"Saving","Saving",NA
2008-12-31,"Saving","Saving",NA
2009-03-31,"Saving","Saving",NA
2009-06-30,"Saving","Saving",NA
2009-09-30,"Saving","Saving",NA
2009-12-31,"Saving","Saving",NA
2010-03-31,"Saving","Saving",NA
2010-06-30,"Saving","Saving",NA
2010-09-30,"Saving","Saving",NA
2010-12-31,"Saving","Saving",NA
2011-03-31,"Saving","Saving",NA
2011-06-30,"Saving","Saving",NA
2011-09-30,"Saving","Saving",NA
2011-12-31,"Saving","Saving",NA
2012-03-31,"Saving","Saving",NA
2012-06-30,"Saving","Saving",NA
2012-09-30,"Saving","Saving",NA
2012-12-31,"Saving","Saving",NA
2013-03-31,"Saving","Saving",NA
2013-06-30,"Saving","Saving",NA
2013-09-30,"Saving","Saving",NA
2013-12-31,"Saving","Saving",NA
2014-03-31,"Saving","Saving",NA
2014-06-30,"Saving","Saving",NA
2014-09-30,"Saving","Saving",NA
2014-12-31,"Saving","Saving",NA
2015-03-31,"Saving","Saving",NA
2015-06-30,"Saving","Saving",NA
2015-09-30,"Saving","Saving",NA
2015-12-31,"Saving","Saving",NA
2016-03-31,"Saving","Saving",NA
2016-06-30,"Saving","Saving",-342
2016-09-30,"Saving","Saving",-929
2016-12-31,"Saving","Saving",-989
2017-03-31,"Saving","Saving",-572
2017-06-30,"Saving","Saving",-1267
2017-09-30,"Saving","Saving",-985
2017-12-31,"Saving","Saving",-387
2018-03-31,"Saving","Saving",-683
2018-06-30,"Saving","Saving",-437
2018-09-30,"Saving","Saving",-728
2018-12-31,"Saving","Saving",-294
2019-03-31,"Saving","Saving",-656
2019-06-30,"Saving","Saving",450
2019-09-30,"Saving","Saving",790
2019-12-31,"Saving","Saving",803
2020-03-31,"Saving","Saving",995
2020-06-30,"Saving","Saving",7336
2020-09-30,"Saving","Saving",3193
2020-12-31,"Saving","Saving",3299
2021-03-31,"Saving","Saving",1310
2021-06-30,"Saving","Saving",659
2021-09-30,"Saving","Saving",4085
2021-12-31,"Saving","Saving",1859
2022-03-31,"Saving","Saving",-1139
2022-06-30,"Saving","Saving",-522
2022-09-30,"Saving","Saving",-902
2022-12-31,"Saving","Saving",-1637
2023-03-31,"Saving","Saving",-2273
2023-06-30,"Saving","Saving",-410
2023-09-30,"Saving","Saving",-128
2023-12-31,"Saving","Saving",-291
2024-03-31,"Saving","Saving",490
2024-06-30,"Saving","Saving",-42
2024-09-30,"Saving","Saving",-93
2024-12-31,"Saving","Saving",257
2025-03-31,"Saving","Saving",149
2025-06-30,"Saving","Saving",804
