Series_reference,period,value,Status,Units,Magnitude,seasonality,SNA_Account,Transaction,Transaction_Label,Asset_type,Asset_type_label,Sector,Sector_name,Subject,year,month
SNEQ.SG03AB01GE00S900,2011.06,51784,FINAL,Dollars,6,A,Consolidated accounts - table 1.1,B01GE,Gross domestic product - expenditure measure,,,,,National Accounts - SNA 2008 - SNE,2011,6
SNEQ.SG03AB01GE00S900,2011.09,51106,FINAL,Dollars,6,A,Consolidated accounts - table 1.1,B01GE,Gross domestic product - expenditure measure,,,,,National Accounts - SNA 2008 - SNE,2011,9
SNEQ.SG03AB01GE00S900,2011.12,56357,FINAL,Dollars,6,A,Consolidated accounts - table 1.1,B01GE,Gross domestic product - expenditure measure,,,,,National Accounts - SNA 2008 - SNE,2011,12
SNEQ.SG03AB01GE00S900,2012.03,54022,FINAL,Dollars,6,A,Consolidated accounts - table 1.1,B01GE,Gross domestic product - expenditure measure,,,,,National Accounts - SNA 2008 - SNE,2012,3
SNEQ.SG03AB01GE00S900,2012.06,53708,FINAL,Dollars,6,A,Consolidated accounts - table 1.1,B01GE,Gross domestic product - expenditure measure,,,,,National Accounts - SNA 2008 - SNE,2012,6
SNEQ.SG03AB01GE00S900,2012.09,51768,FINAL,Dollars,6,A,Consolidated accounts - table 1.1,B01GE,Gross domestic product - expenditure measure,,,,,National Accounts - SNA 2008 - SNE,2012,9
SNEQ.SG03AB01GE00S900,2012.12,56843,FINAL,Dollars,6,A,Consolidated accounts - table 1.1,B01GE,Gross domestic product - expenditure measure,,,,,National Accounts - SNA 2008 - SNE,2012,12
SNEQ.SG03AB01GE00S900,2013.03,55607,FINAL,Dollars,6,A,Consolidated accounts - table 1.1,B01GE,Gross domestic product - expenditure measure,,,,,National Accounts - SNA 2008 - SNE,2013,3
SNEQ.SG03AB01GE00S900,2013.06,54965,FINAL,Dollars,6,A,Consolidated accounts - table 1.1,B01GE,Gross domestic product - expenditure measure,,,,,National Accounts - SNA 2008 - SNE,2013,6
SNEQ.SG03AB01GE00S900,2013.09,55206,FINAL,Dollars,6,A,Consolidated accounts - table 1.1,B01GE,Gross domestic product - expenditure measure,,,,,National Accounts - SNA 2008 - SNE,2013,9
SNEQ.SG03AB01GE00S900,2013.12,62479,FINAL,Dollars,6,A,Consolidated accounts - table 1.1,B01GE,Gross domestic product - expenditure measure,,,,,National Accounts - SNA 2008 - SNE,2013,12
SNEQ.SG03AB01GE00S900,2014.03,60271,FINAL,Dollars,6,A,Consolidated accounts - table 1.1,B01GE,Gross domestic product - expenditure measure,,,,,National Accounts - SNA 2008 - SNE,2014,3
SNEQ.SG03AB01GE00S900,2014.06,59172,FINAL,Dollars,6,A,Consolidated accounts - table 1.1,B01GE,Gross domestic product - expenditure measure,,,,,National Accounts - SNA 2008 - SNE,2014,6
SNEQ.SG03AB01GE00S900,2014.09,57922,FINAL,Dollars,6,A,Consolidated accounts - table 1.1,B01GE,Gross domestic product - expenditure measure,,,,,National Accounts - SNA 2008 - SNE,2014,9
SNEQ.SG03AB01GE00S900,2014.12,63722,FINAL,Dollars,6,A,Consolidated accounts - table 1.1,B01GE,Gross domestic product - expenditure measure,,,,,National Accounts - SNA 2008 - SNE,2014,12
SNEQ.SG03AB01GE00S900,2015.03,62101,FINAL,Dollars,6,A,Consolidated accounts - table 1.1,B01GE,Gross domestic product - expenditure measure,,,,,National Accounts - SNA 2008 - SNE,2015,3
SNEQ.SG03AB01GE00S900,2015.06,62128,FINAL,Dollars,6,A,Consolidated accounts - table 1.1,B01GE,Gross domestic product - expenditure measure,,,,,National Accounts - SNA 2008 - SNE,2015,6
SNEQ.SG03AB01GE00S900,2015.09,61057,FINAL,Dollars,6,A,Consolidated accounts - table 1.1,B01GE,Gross domestic product - expenditure measure,,,,,National Accounts - SNA 2008 - SNE,2015,9
SNEQ.SG03AB01GE00S900,2015.12,66694,FINAL,Dollars,6,A,Consolidated accounts - table 1.1,B01GE,Gross domestic product - expenditure measure,,,,,National Accounts - SNA 2008 - SNE,2015,12
SNEQ.SG03AB01GE00S900,2016.03,65691,FINAL,Dollars,6,A,Consolidated accounts - table 1.1,B01GE,Gross domestic product - expenditure measure,,,,,National Accounts - SNA 2008 - SNE,2016,3
SNEQ.SG03AB01GE00S900,2016.06,65469,FINAL,Dollars,6,A,Consolidated accounts - table 1.1,B01GE,Gross domestic product - expenditure measure,,,,,National Accounts - SNA 2008 - SNE,2016,6
SNEQ.SG03AB01GE00S900,2016.09,64555,REVISED,Dollars,6,A,Consolidated accounts - table 1.1,B01GE,Gross domestic product - expenditure measure,,,,,National Accounts - SNA 2008 - SNE,2016,9
SNEQ.SG03AB01GE00S900,2016.12,71211,REVISED,Dollars,6,A,Consolidated accounts - table 1.1,B01GE,Gross domestic product - expenditure measure,,,,,National Accounts - SNA 2008 - SNE,2016,12
SNEQ.SG03AB01GE00S900,2017.03,70318,REVISED,Dollars,6,A,Consolidated accounts - table 1.1,B01GE,Gross domestic product - expenditure measure,,,,,National Accounts - SNA 2008 - SNE,2017,3
SNEQ.SG03AB01GE00S900,2017.06,69681,REVISED,Dollars,6,A,Consolidated accounts - table 1.1,B01GE,Gross domestic product - expenditure measure,,,,,National Accounts - SNA 2008 - SNE,2017,6
SNEQ.SG03AB01GE00S900,2017.09,69354,REVISED,Dollars,6,A,Consolidated accounts - table 1.1,B01GE,Gross domestic product - expenditure measure,,,,,National Accounts - SNA 2008 - SNE,2017,9
SNEQ.SG03AB01GE00S900,2017.12,77181,REVISED,Dollars,6,A,Consolidated accounts - table 1.1,B01GE,Gross domestic product - expenditure measure,,,,,National Accounts - SNA 2008 - SNE,2017,12
SNEQ.SG03AB01GE00S900,2018.03,74534,REVISED,Dollars,6,A,Consolidated accounts - table 1.1,B01GE,Gross domestic product - expenditure measure,,,,,National Accounts - SNA 2008 - SNE,2018,3
SNEQ.SG03AB01GE00S900,2018.06,74520,REVISED,Dollars,6,A,Consolidated accounts - table 1.1,B01GE,Gross domestic product - expenditure measure,,,,,National Accounts - SNA 2008 - SNE,2018,6
SNEQ.SG03AB01GE00S900,2018.09,73068,REVISED,Dollars,6,A,Consolidated accounts - table 1.1,B01GE,Gross domestic product - expenditure measure,,,,,National Accounts - SNA 2008 - SNE,2018,9
SNEQ.SG03AB01GE00S900,2018.12,80351,REVISED,Dollars,6,A,Consolidated accounts - table 1.1,B01GE,Gross domestic product - expenditure measure,,,,,National Accounts - SNA 2008 - SNE,2018,12
SNEQ.SG03AB01GE00S900,2019.03,78242,REVISED,Dollars,6,A,Consolidated accounts - table 1.1,B01GE,Gross domestic product - expenditure measure,,,,,National Accounts - SNA 2008 - SNE,2019,3
SNEQ.SG03AB01GE00S900,2019.06,78662,REVISED,Dollars,6,A,Consolidated accounts - table 1.1,B01GE,Gross domestic product - expenditure measure,,,,,National Accounts - SNA 2008 - SNE,2019,6
SNEQ.SG03AB01GE00S900,2019.09,77575,REVISED,Dollars,6,A,Consolidated accounts - table 1.1,B01GE,Gross domestic product - expenditure measure,,,,,National Accounts - SNA 2008 - SNE,2019,9
SNEQ.SG03AB01GE00S900,2019.12,85456,REVISED,Dollars,6,A,Consolidated accounts - table 1.1,B01GE,Gross domestic product - expenditure measure,,,,,National Accounts - SNA 2008 - SNE,2019,12
SNEQ.SG03AB01GE00S900,2020.03,81538,REVISED,Dollars,6,A,Consolidated accounts - table 1.1,B01GE,Gross domestic product - expenditure measure,,,,,National Accounts - SNA 2008 - SNE,2020,3
SNEQ.SG03AB01GE00S900,2020.06,73067,REVISED,Dollars,6,A,Consolidated accounts - table 1.1,B01GE,Gross domestic product - expenditure measure,,,,,National Accounts - SNA 2008 - SNE,2020,6
SNEQ.SG03AB01GE00S900,2020.09,81071,REVISED,Dollars,6,A,Consolidated accounts - table 1.1,B01GE,Gross domestic product - expenditure measure,,,,,National Accounts - SNA 2008 - SNE,2020,9
SNEQ.SG03AB01GE00S900,2020.12,88116,REVISED,Dollars,6,A,Consolidated accounts - table 1.1,B01GE,Gross domestic product - expenditure measure,,,,,National Accounts - SNA 2008 - SNE,2020,12
SNEQ.SG03AB01GE00S900,2021.03,86170,REVISED,Dollars,6,A,Consolidated accounts - table 1.1,B01GE,Gross domestic product - expenditure measure,,,,,National Accounts - SNA 2008 - SNE,2021,3
SNEQ.SG03AB01GE00S900,2021.06,87926,REVISED,Dollars,6,A,Consolidated accounts - table 1.1,B01GE,Gross domestic product - expenditure measure,,,,,National Accounts - SNA 2008 - SNE,2021,6
SNEQ.SG03AB01GE00S900,2021.09,83797,REVISED,Dollars,6,A,Consolidated accounts - table 1.1,B01GE,Gross domestic product - expenditure measure,,,,,National Accounts - SNA 2008 - SNE,2021,9
SNEQ.SG03AB01GE00S900,2021.12,95096,REVISED,Dollars,6,A,Consolidated accounts - table 1.1,B01GE,Gross domestic product - expenditure measure,,,,,National Accounts - SNA 2008 - SNE,2021,12
SNEQ.SG03AB01GE00S900,2022.03,92163,REVISED,Dollars,6,A,Consolidated accounts - table 1.1,B01GE,Gross domestic product - expenditure measure,,,,,National Accounts - SNA 2008 - SNE,2022,3
SNEQ.SG03AB01GE00S900,2022.06,94686,REVISED,Dollars,6,A,Consolidated accounts - table 1.1,B01GE,Gross domestic product - expenditure measure,,,,,National Accounts - SNA 2008 - SNE,2022,6
SNEQ.SG03AB01GE00S900,2022.09,94855,REVISED,Dollars,6,A,Consolidated accounts - table 1.1,B01GE,Gross domestic product - expenditure measure,,,,,National Accounts - SNA 2008 - SNE,2022,9
SNEQ.SG03AB01GE00S900,2022.12,104012,REVISED,Dollars,6,A,Consolidated accounts - table 1.1,B01GE,Gross domestic product - expenditure measure,,,,,National Accounts - SNA 2008 - SNE,2022,12
SNEQ.SG03AB01GE00S900,2023.03,100200,REVISED,Dollars,6,A,Consolidated accounts - table 1.1,B01GE,Gross domestic product - expenditure measure,,,,,National Accounts - SNA 2008 - SNE,2023,3
SNEQ.SG03AB01GE00S900,2023.06,102575,REVISED,Dollars,6,A,Consolidated accounts - table 1.1,B01GE,Gross domestic product - expenditure measure,,,,,National Accounts - SNA 2008 - SNE,2023,6
SNEQ.SG03AB01GE00S900,2023.09,101210,REVISED,Dollars,6,A,Consolidated accounts - table 1.1,B01GE,Gross domestic product - expenditure measure,,,,,National Accounts - SNA 2008 - SNE,2023,9
SNEQ.SG03AB01GE00S900,2023.12,107950,REVISED,Dollars,6,A,Consolidated accounts - table 1.1,B01GE,Gross domestic product - expenditure measure,,,,,National Accounts - SNA 2008 - SNE,2023,12
SNEQ.SG03AB01GE00S900,2024.03,105529,REVISED,Dollars,6,A,Consolidated accounts - table 1.1,B01GE,Gross domestic product - expenditure measure,,,,,National Accounts - SNA 2008 - SNE,2024,3
SNEQ.SG03AB01GE00S900,2024.06,105446,REVISED,Dollars,6,A,Consolidated accounts - table 1.1,B01GE,Gross domestic product - expenditure measure,,,,,National Accounts - SNA 2008 - SNE,2024,6
SNEQ.SG03AB01GE00S900,2024.09,103037,REVISED,Dollars,6,A,Consolidated accounts - table 1.1,B01GE,Gross domestic product - expenditure measure,,,,,National Accounts - SNA 2008 - SNE,2024,9
SNEQ.SG03AB01GE00S900,2024.12,112800,REVISED,Dollars,6,A,Consolidated accounts - table 1.1,B01GE,Gross domestic product - expenditure measure,,,,,National Accounts - SNA 2008 - SNE,2024,12
SNEQ.SG03AB01GE00S900,2025.03,110356,REVISED,Dollars,6,A,Consolidated accounts - table 1.1,B01GE,Gross domestic product - expenditure measure,,,,,National Accounts - SNA 2008 - SNE,2025,3
SNEQ.SG03AB01GE00S900,2025.06,109910,FINAL,Dollars,6,A,Consolidated accounts - table 1.1,B01GE,Gross domestic product - expenditure measure,,,,,National Accounts - SNA 2008 - SNE,2025,6
SNEQ.SG03AB01GI00S900,2011.06,51510,FINAL,Dollars,6,A,Consolidated accounts - table 1.1,B01GI,Gross domestic product - income measure,,,,,National Accounts - SNA 2008 - SNE,2011,6
SNEQ.SG03AB01GI00S900,2011.09,52896,FINAL,Dollars,6,A,Consolidated accounts - table 1.1,B01GI,Gross domestic product - income measure,,,,,National Accounts - SNA 2008 - SNE,2011,9
SNEQ.SG03AB01GI00S900,2011.12,56393,REVISED,Dollars,6,A,Consolidated accounts - table 1.1,B01GI,Gross domestic product - income measure,,,,,National Accounts - SNA 2008 - SNE,2011,12
SNEQ.SG03AB01GI00S900,2012.03,52470,FINAL,Dollars,6,A,Consolidated accounts - table 1.1,B01GI,Gross domestic product - income measure,,,,,National Accounts - SNA 2008 - SNE,2012,3
SNEQ.SG03AB01GI00S900,2012.06,53514,REVISED,Dollars,6,A,Consolidated accounts - table 1.1,B01GI,Gross domestic product - income measure,,,,,National Accounts - SNA 2008 - SNE,2012,6
SNEQ.SG03AB01GI00S900,2012.09,53454,FINAL,Dollars,6,A,Consolidated accounts - table 1.1,B01GI,Gross domestic product - income measure,,,,,National Accounts - SNA 2008 - SNE,2012,9
SNEQ.SG03AB01GI00S900,2012.12,56903,REVISED,Dollars,6,A,Consolidated accounts - table 1.1,B01GI,Gross domestic product - income measure,,,,,National Accounts - SNA 2008 - SNE,2012,12
SNEQ.SG03AB01GI00S900,2013.03,54054,FINAL,Dollars,6,A,Consolidated accounts - table 1.1,B01GI,Gross domestic product - income measure,,,,,National Accounts - SNA 2008 - SNE,2013,3
SNEQ.SG03AB01GI00S900,2013.06,54802,REVISED,Dollars,6,A,Consolidated accounts - table 1.1,B01GI,Gross domestic product - income measure,,,,,National Accounts - SNA 2008 - SNE,2013,6
SNEQ.SG03AB01GI00S900,2013.09,57105,REVISED,Dollars,6,A,Consolidated accounts - table 1.1,B01GI,Gross domestic product - income measure,,,,,National Accounts - SNA 2008 - SNE,2013,9
SNEQ.SG03AB01GI00S900,2013.12,62558,REVISED,Dollars,6,A,Consolidated accounts - table 1.1,B01GI,Gross domestic product - income measure,,,,,National Accounts - SNA 2008 - SNE,2013,12
SNEQ.SG03AB01GI00S900,2014.03,58457,REVISED,Dollars,6,A,Consolidated accounts - table 1.1,B01GI,Gross domestic product - income measure,,,,,National Accounts - SNA 2008 - SNE,2014,3
SNEQ.SG03AB01GI00S900,2014.06,58940,REVISED,Dollars,6,A,Consolidated accounts - table 1.1,B01GI,Gross domestic product - income measure,,,,,National Accounts - SNA 2008 - SNE,2014,6
SNEQ.SG03AB01GI00S900,2014.09,59622,REVISED,Dollars,6,A,Consolidated accounts - table 1.1,B01GI,Gross domestic product - income measure,,,,,National Accounts - SNA 2008 - SNE,2014,9
SNEQ.SG03AB01GI00S900,2014.12,63932,FINAL,Dollars,6,A,Consolidated accounts - table 1.1,B01GI,Gross domestic product - income measure,,,,,National Accounts - SNA 2008 - SNE,2014,12
SNEQ.SG03AB01GI00S900,2015.03,60422,REVISED,Dollars,6,A,Consolidated accounts - table 1.1,B01GI,Gross domestic product - income measure,,,,,National Accounts - SNA 2008 - SNE,2015,3
SNEQ.SG03AB01GI00S900,2015.06,61907,REVISED,Dollars,6,A,Consolidated accounts - table 1.1,B01GI,Gross domestic product - income measure,,,,,National Accounts - SNA 2008 - SNE,2015,6
SNEQ.SG03AB01GI00S900,2015.09,62822,REVISED,Dollars,6,A,Consolidated accounts - table 1.1,B01GI,Gross domestic product - income measure,,,,,National Accounts - SNA 2008 - SNE,2015,9
SNEQ.SG03AB01GI00S900,2015.12,66964,FINAL,Dollars,6,A,Consolidated accounts - table 1.1,B01GI,Gross domestic product - income measure,,,,,National Accounts - SNA 2008 - SNE,2015,12
SNEQ.SG03AB01GI00S900,2016.03,63876,REVISED,Dollars,6,A,Consolidated accounts - table 1.1,B01GI,Gross domestic product - income measure,,,,,National Accounts - SNA 2008 - SNE,2016,3
SNEQ.SG03AB01GI00S900,2016.06,65275,REVISED,Dollars,6,A,Consolidated accounts - table 1.1,B01GI,Gross domestic product - income measure,,,,,National Accounts - SNA 2008 - SNE,2016,6
SNEQ.SG03AB01GI00S900,2016.09,66284,FINAL,Dollars,6,A,Consolidated accounts - table 1.1,B01GI,Gross domestic product - income measure,,,,,National Accounts - SNA 2008 - SNE,2016,9
SNEQ.SG03AB01GI00S900,2016.12,71597,FINAL,Dollars,6,A,Consolidated accounts - table 1.1,B01GI,Gross domestic product - income measure,,,,,National Accounts - SNA 2008 - SNE,2016,12
SNEQ.SG03AB01GI00S900,2017.03,68491,REVISED,Dollars,6,A,Consolidated accounts - table 1.1,B01GI,Gross domestic product - income measure,,,,,National Accounts - SNA 2008 - SNE,2017,3
SNEQ.SG03AB01GI00S900,2017.06,69587,REVISED,Dollars,6,A,Consolidated accounts - table 1.1,B01GI,Gross domestic product - income measure,,,,,National Accounts - SNA 2008 - SNE,2017,6
SNEQ.SG03AB01GI00S900,2017.09,71237,REVISED,Dollars,6,A,Consolidated accounts - table 1.1,B01GI,Gross domestic product - income measure,,,,,National Accounts - SNA 2008 - SNE,2017,9
SNEQ.SG03AB01GI00S900,2017.12,77422,FINAL,Dollars,6,A,Consolidated accounts - table 1.1,B01GI,Gross domestic product - income measure,,,,,National Accounts - SNA 2008 - SNE,2017,12
SNEQ.SG03AB01GI00S900,2018.03,72729,REVISED,Dollars,6,A,Consolidated accounts - table 1.1,B01GI,Gross domestic product - income measure,,,,,National Accounts - SNA 2008 - SNE,2018,3
SNEQ.SG03AB01GI00S900,2018.06,74555,REVISED,Dollars,6,A,Consolidated accounts - table 1.1,B01GI,Gross domestic product - income measure,,,,,National Accounts - SNA 2008 - SNE,2018,6
SNEQ.SG03AB01GI00S900,2018.09,75229,FINAL,Dollars,6,A,Consolidated accounts - table 1.1,B01GI,Gross domestic product - income measure,,,,,National Accounts - SNA 2008 - SNE,2018,9
SNEQ.SG03AB01GI00S900,2018.12,80453,REVISED,Dollars,6,A,Consolidated accounts - table 1.1,B01GI,Gross domestic product - income measure,,,,,National Accounts - SNA 2008 - SNE,2018,12
SNEQ.SG03AB01GI00S900,2019.03,76137,REVISED,Dollars,6,A,Consolidated accounts - table 1.1,B01GI,Gross domestic product - income measure,,,,,National Accounts - SNA 2008 - SNE,2019,3
SNEQ.SG03AB01GI00S900,2019.06,78631,REVISED,Dollars,6,A,Consolidated accounts - table 1.1,B01GI,Gross domestic product - income measure,,,,,National Accounts - SNA 2008 - SNE,2019,6
SNEQ.SG03AB01GI00S900,2019.09,80036,REVISED,Dollars,6,A,Consolidated accounts - table 1.1,B01GI,Gross domestic product - income measure,,,,,National Accounts - SNA 2008 - SNE,2019,9
SNEQ.SG03AB01GI00S900,2019.12,85325,REVISED,Dollars,6,A,Consolidated accounts - table 1.1,B01GI,Gross domestic product - income measure,,,,,National Accounts - SNA 2008 - SNE,2019,12
SNEQ.SG03AB01GI00S900,2020.03,79326,REVISED,Dollars,6,A,Consolidated accounts - table 1.1,B01GI,Gross domestic product - income measure,,,,,National Accounts - SNA 2008 - SNE,2020,3
SNEQ.SG03AB01GI00S900,2020.06,72972,FINAL,Dollars,6,A,Consolidated accounts - table 1.1,B01GI,Gross domestic product - income measure,,,,,National Accounts - SNA 2008 - SNE,2020,6
SNEQ.SG03AB01GI00S900,2020.09,83868,REVISED,Dollars,6,A,Consolidated accounts - table 1.1,B01GI,Gross domestic product - income measure,,,,,National Accounts - SNA 2008 - SNE,2020,9
SNEQ.SG03AB01GI00S900,2020.12,87917,FINAL,Dollars,6,A,Consolidated accounts - table 1.1,B01GI,Gross domestic product - income measure,,,,,National Accounts - SNA 2008 - SNE,2020,12
SNEQ.SG03AB01GI00S900,2021.03,83749,REVISED,Dollars,6,A,Consolidated accounts - table 1.1,B01GI,Gross domestic product - income measure,,,,,National Accounts - SNA 2008 - SNE,2021,3
SNEQ.SG03AB01GI00S900,2021.06,87834,REVISED,Dollars,6,A,Consolidated accounts - table 1.1,B01GI,Gross domestic product - income measure,,,,,National Accounts - SNA 2008 - SNE,2021,6
SNEQ.SG03AB01GI00S900,2021.09,86902,REVISED,Dollars,6,A,Consolidated accounts - table 1.1,B01GI,Gross domestic product - income measure,,,,,National Accounts - SNA 2008 - SNE,2021,9
SNEQ.SG03AB01GI00S900,2021.12,94855,REVISED,Dollars,6,A,Consolidated accounts - table 1.1,B01GI,Gross domestic product - income measure,,,,,National Accounts - SNA 2008 - SNE,2021,12
SNEQ.SG03AB01GI00S900,2022.03,89483,REVISED,Dollars,6,A,Consolidated accounts - table 1.1,B01GI,Gross domestic product - income measure,,,,,National Accounts - SNA 2008 - SNE,2022,3
SNEQ.SG03AB01GI00S900,2022.06,94356,REVISED,Dollars,6,A,Consolidated accounts - table 1.1,B01GI,Gross domestic product - income measure,,,,,National Accounts - SNA 2008 - SNE,2022,6
SNEQ.SG03AB01GI00S900,2022.09,98181,FINAL,Dollars,6,A,Consolidated accounts - table 1.1,B01GI,Gross domestic product - income measure,,,,,National Accounts - SNA 2008 - SNE,2022,9
SNEQ.SG03AB01GI00S900,2022.12,103747,REVISED,Dollars,6,A,Consolidated accounts - table 1.1,B01GI,Gross domestic product - income measure,,,,,National Accounts - SNA 2008 - SNE,2022,12
SNEQ.SG03AB01GI00S900,2023.03,97239,FINAL,Dollars,6,A,Consolidated accounts - table 1.1,B01GI,Gross domestic product - income measure,,,,,National Accounts - SNA 2008 - SNE,2023,3
SNEQ.SG03AB01GI00S900,2023.06,101998,REVISED,Dollars,6,A,Consolidated accounts - table 1.1,B01GI,Gross domestic product - income measure,,,,,National Accounts - SNA 2008 - SNE,2023,6
SNEQ.SG03AB01GI00S900,2023.09,104310,REVISED,Dollars,6,A,Consolidated accounts - table 1.1,B01GI,Gross domestic product - income measure,,,,,National Accounts - SNA 2008 - SNE,2023,9
SNEQ.SG03AB01GI00S900,2023.12,107335,REVISED,Dollars,6,A,Consolidated accounts - table 1.1,B01GI,Gross domestic product - income measure,,,,,National Accounts - SNA 2008 - SNE,2023,12
SNEQ.SG03AB01GI00S900,2024.03,102184,REVISED,Dollars,6,A,Consolidated accounts - table 1.1,B01GI,Gross domestic product - income measure,,,,,National Accounts - SNA 2008 - SNE,2024,3
SNEQ.SG03AB01GI00S900,2024.06,104652,REVISED,Dollars,6,A,Consolidated accounts - table 1.1,B01GI,Gross domestic product - income measure,,,,,National Accounts - SNA 2008 - SNE,2024,6
SNEQ.SG03AB01GI00S900,2024.09,105727,REVISED,Dollars,6,A,Consolidated accounts - table 1.1,B01GI,Gross domestic product - income measure,,,,,National Accounts - SNA 2008 - SNE,2024,9
SNEQ.SG03AB01GI00S900,2024.12,111476,REVISED,Dollars,6,A,Consolidated accounts - table 1.1,B01GI,Gross domestic product - income measure,,,,,National Accounts - SNA 2008 - SNE,2024,12
SNEQ.SG03AB01GI00S900,2025.03,106359,REVISED,Dollars,6,A,Consolidated accounts - table 1.1,B01GI,Gross domestic product - income measure,,,,,National Accounts - SNA 2008 - SNE,2025,3
SNEQ.SG03AB01GI00S900,2025.06,107958,FINAL,Dollars,6,A,Consolidated accounts - table 1.1,B01GI,Gross domestic product - income measure,,,,,National Accounts - SNA 2008 - SNE,2025,6
SNEQ.SG03AB02G000S900,2011.06,22314,FINAL,Dollars,6,A,Consolidated accounts - table 1.1,B02G,Gross operating surplus and gross mixed income,,,,,National Accounts - SNA 2008 - SNE,2011,6
SNEQ.SG03AB02G000S900,2011.09,23366,FINAL,Dollars,6,A,Consolidated accounts - table 1.1,B02G,Gross operating surplus and gross mixed income,,,,,National Accounts - SNA 2008 - SNE,2011,9
SNEQ.SG03AB02G000S900,2011.12,25244,FINAL,Dollars,6,A,Consolidated accounts - table 1.1,B02G,Gross operating surplus and gross mixed income,,,,,National Accounts - SNA 2008 - SNE,2011,12
SNEQ.SG03AB02G000S900,2012.03,22820,FINAL,Dollars,6,A,Consolidated accounts - table 1.1,B02G,Gross operating surplus and gross mixed income,,,,,National Accounts - SNA 2008 - SNE,2012,3
SNEQ.SG03AB02G000S900,2012.06,23112,REVISED,Dollars,6,A,Consolidated accounts - table 1.1,B02G,Gross operating surplus and gross mixed income,,,,,National Accounts - SNA 2008 - SNE,2012,6
SNEQ.SG03AB02G000S900,2012.09,22968,FINAL,Dollars,6,A,Consolidated accounts - table 1.1,B02G,Gross operating surplus and gross mixed income,,,,,National Accounts - SNA 2008 - SNE,2012,9
SNEQ.SG03AB02G000S900,2012.12,24754,REVISED,Dollars,6,A,Consolidated accounts - table 1.1,B02G,Gross operating surplus and gross mixed income,,,,,National Accounts - SNA 2008 - SNE,2012,12
SNEQ.SG03AB02G000S900,2013.03,23599,FINAL,Dollars,6,A,Consolidated accounts - table 1.1,B02G,Gross operating surplus and gross mixed income,,,,,National Accounts - SNA 2008 - SNE,2013,3
SNEQ.SG03AB02G000S900,2013.06,23418,REVISED,Dollars,6,A,Consolidated accounts - table 1.1,B02G,Gross operating surplus and gross mixed income,,,,,National Accounts - SNA 2008 - SNE,2013,6
SNEQ.SG03AB02G000S900,2013.09,25470,FINAL,Dollars,6,A,Consolidated accounts - table 1.1,B02G,Gross operating surplus and gross mixed income,,,,,National Accounts - SNA 2008 - SNE,2013,9
SNEQ.SG03AB02G000S900,2013.12,28749,REVISED,Dollars,6,A,Consolidated accounts - table 1.1,B02G,Gross operating surplus and gross mixed income,,,,,National Accounts - SNA 2008 - SNE,2013,12
SNEQ.SG03AB02G000S900,2014.03,26553,REVISED,Dollars,6,A,Consolidated accounts - table 1.1,B02G,Gross operating surplus and gross mixed income,,,,,National Accounts - SNA 2008 - SNE,2014,3
SNEQ.SG03AB02G000S900,2014.06,25878,REVISED,Dollars,6,A,Consolidated accounts - table 1.1,B02G,Gross operating surplus and gross mixed income,,,,,National Accounts - SNA 2008 - SNE,2014,6
SNEQ.SG03AB02G000S900,2014.09,26025,REVISED,Dollars,6,A,Consolidated accounts - table 1.1,B02G,Gross operating surplus and gross mixed income,,,,,National Accounts - SNA 2008 - SNE,2014,9
SNEQ.SG03AB02G000S900,2014.12,28277,REVISED,Dollars,6,A,Consolidated accounts - table 1.1,B02G,Gross operating surplus and gross mixed income,,,,,National Accounts - SNA 2008 - SNE,2014,12
SNEQ.SG03AB02G000S900,2015.03,26784,REVISED,Dollars,6,A,Consolidated accounts - table 1.1,B02G,Gross operating surplus and gross mixed income,,,,,National Accounts - SNA 2008 - SNE,2015,3
SNEQ.SG03AB02G000S900,2015.06,27025,REVISED,Dollars,6,A,Consolidated accounts - table 1.1,B02G,Gross operating surplus and gross mixed income,,,,,National Accounts - SNA 2008 - SNE,2015,6
SNEQ.SG03AB02G000S900,2015.09,27323,FINAL,Dollars,6,A,Consolidated accounts - table 1.1,B02G,Gross operating surplus and gross mixed income,,,,,National Accounts - SNA 2008 - SNE,2015,9
SNEQ.SG03AB02G000S900,2015.12,29680,FINAL,Dollars,6,A,Consolidated accounts - table 1.1,B02G,Gross operating surplus and gross mixed income,,,,,National Accounts - SNA 2008 - SNE,2015,12
SNEQ.SG03AB02G000S900,2016.03,27929,REVISED,Dollars,6,A,Consolidated accounts - table 1.1,B02G,Gross operating surplus and gross mixed income,,,,,National Accounts - SNA 2008 - SNE,2016,3
SNEQ.SG03AB02G000S900,2016.06,28041,REVISED,Dollars,6,A,Consolidated accounts - table 1.1,B02G,Gross operating surplus and gross mixed income,,,,,National Accounts - SNA 2008 - SNE,2016,6
SNEQ.SG03AB02G000S900,2016.09,28849,REVISED,Dollars,6,A,Consolidated accounts - table 1.1,B02G,Gross operating surplus and gross mixed income,,,,,National Accounts - SNA 2008 - SNE,2016,9
SNEQ.SG03AB02G000S900,2016.12,32433,REVISED,Dollars,6,A,Consolidated accounts - table 1.1,B02G,Gross operating surplus and gross mixed income,,,,,National Accounts - SNA 2008 - SNE,2016,12
SNEQ.SG03AB02G000S900,2017.03,30560,REVISED,Dollars,6,A,Consolidated accounts - table 1.1,B02G,Gross operating surplus and gross mixed income,,,,,National Accounts - SNA 2008 - SNE,2017,3
SNEQ.SG03AB02G000S900,2017.06,30488,REVISED,Dollars,6,A,Consolidated accounts - table 1.1,B02G,Gross operating surplus and gross mixed income,,,,,National Accounts - SNA 2008 - SNE,2017,6
SNEQ.SG03AB02G000S900,2017.09,31855,REVISED,Dollars,6,A,Consolidated accounts - table 1.1,B02G,Gross operating surplus and gross mixed income,,,,,National Accounts - SNA 2008 - SNE,2017,9
SNEQ.SG03AB02G000S900,2017.12,35334,REVISED,Dollars,6,A,Consolidated accounts - table 1.1,B02G,Gross operating surplus and gross mixed income,,,,,National Accounts - SNA 2008 - SNE,2017,12
SNEQ.SG03AB02G000S900,2018.03,32557,REVISED,Dollars,6,A,Consolidated accounts - table 1.1,B02G,Gross operating surplus and gross mixed income,,,,,National Accounts - SNA 2008 - SNE,2018,3
SNEQ.SG03AB02G000S900,2018.06,33029,REVISED,Dollars,6,A,Consolidated accounts - table 1.1,B02G,Gross operating surplus and gross mixed income,,,,,National Accounts - SNA 2008 - SNE,2018,6
SNEQ.SG03AB02G000S900,2018.09,33424,FINAL,Dollars,6,A,Consolidated accounts - table 1.1,B02G,Gross operating surplus and gross mixed income,,,,,National Accounts - SNA 2008 - SNE,2018,9
SNEQ.SG03AB02G000S900,2018.12,35528,REVISED,Dollars,6,A,Consolidated accounts - table 1.1,B02G,Gross operating surplus and gross mixed income,,,,,National Accounts - SNA 2008 - SNE,2018,12
SNEQ.SG03AB02G000S900,2019.03,33784,REVISED,Dollars,6,A,Consolidated accounts - table 1.1,B02G,Gross operating surplus and gross mixed income,,,,,National Accounts - SNA 2008 - SNE,2019,3
SNEQ.SG03AB02G000S900,2019.06,33876,REVISED,Dollars,6,A,Consolidated accounts - table 1.1,B02G,Gross operating surplus and gross mixed income,,,,,National Accounts - SNA 2008 - SNE,2019,6
SNEQ.SG03AB02G000S900,2019.09,35425,FINAL,Dollars,6,A,Consolidated accounts - table 1.1,B02G,Gross operating surplus and gross mixed income,,,,,National Accounts - SNA 2008 - SNE,2019,9
SNEQ.SG03AB02G000S900,2019.12,37909,REVISED,Dollars,6,A,Consolidated accounts - table 1.1,B02G,Gross operating surplus and gross mixed income,,,,,National Accounts - SNA 2008 - SNE,2019,12
SNEQ.SG03AB02G000S900,2020.03,37912,FINAL,Dollars,6,A,Consolidated accounts - table 1.1,B02G,Gross operating surplus and gross mixed income,,,,,National Accounts - SNA 2008 - SNE,2020,3
SNEQ.SG03AB02G000S900,2020.06,37383,FINAL,Dollars,6,A,Consolidated accounts - table 1.1,B02G,Gross operating surplus and gross mixed income,,,,,National Accounts - SNA 2008 - SNE,2020,6
SNEQ.SG03AB02G000S900,2020.09,39923,FINAL,Dollars,6,A,Consolidated accounts - table 1.1,B02G,Gross operating surplus and gross mixed income,,,,,National Accounts - SNA 2008 - SNE,2020,9
SNEQ.SG03AB02G000S900,2020.12,39715,FINAL,Dollars,6,A,Consolidated accounts - table 1.1,B02G,Gross operating surplus and gross mixed income,,,,,National Accounts - SNA 2008 - SNE,2020,12
SNEQ.SG03AB02G000S900,2021.03,36902,FINAL,Dollars,6,A,Consolidated accounts - table 1.1,B02G,Gross operating surplus and gross mixed income,,,,,National Accounts - SNA 2008 - SNE,2021,3
SNEQ.SG03AB02G000S900,2021.06,37270,REVISED,Dollars,6,A,Consolidated accounts - table 1.1,B02G,Gross operating surplus and gross mixed income,,,,,National Accounts - SNA 2008 - SNE,2021,6
SNEQ.SG03AB02G000S900,2021.09,41291,REVISED,Dollars,6,A,Consolidated accounts - table 1.1,B02G,Gross operating surplus and gross mixed income,,,,,National Accounts - SNA 2008 - SNE,2021,9
SNEQ.SG03AB02G000S900,2021.12,45647,FINAL,Dollars,6,A,Consolidated accounts - table 1.1,B02G,Gross operating surplus and gross mixed income,,,,,National Accounts - SNA 2008 - SNE,2021,12
SNEQ.SG03AB02G000S900,2022.03,39886,REVISED,Dollars,6,A,Consolidated accounts - table 1.1,B02G,Gross operating surplus and gross mixed income,,,,,National Accounts - SNA 2008 - SNE,2022,3
SNEQ.SG03AB02G000S900,2022.06,41222,REVISED,Dollars,6,A,Consolidated accounts - table 1.1,B02G,Gross operating surplus and gross mixed income,,,,,National Accounts - SNA 2008 - SNE,2022,6
SNEQ.SG03AB02G000S900,2022.09,43998,REVISED,Dollars,6,A,Consolidated accounts - table 1.1,B02G,Gross operating surplus and gross mixed income,,,,,National Accounts - SNA 2008 - SNE,2022,9
SNEQ.SG03AB02G000S900,2022.12,47269,REVISED,Dollars,6,A,Consolidated accounts - table 1.1,B02G,Gross operating surplus and gross mixed income,,,,,National Accounts - SNA 2008 - SNE,2022,12
SNEQ.SG03AB02G000S900,2023.03,42263,REVISED,Dollars,6,A,Consolidated accounts - table 1.1,B02G,Gross operating surplus and gross mixed income,,,,,National Accounts - SNA 2008 - SNE,2023,3
SNEQ.SG03AB02G000S900,2023.06,44193,REVISED,Dollars,6,A,Consolidated accounts - table 1.1,B02G,Gross operating surplus and gross mixed income,,,,,National Accounts - SNA 2008 - SNE,2023,6
SNEQ.SG03AB02G000S900,2023.09,45816,REVISED,Dollars,6,A,Consolidated accounts - table 1.1,B02G,Gross operating surplus and gross mixed income,,,,,National Accounts - SNA 2008 - SNE,2023,9
SNEQ.SG03AB02G000S900,2023.12,46244,REVISED,Dollars,6,A,Consolidated accounts - table 1.1,B02G,Gross operating surplus and gross mixed income,,,,,National Accounts - SNA 2008 - SNE,2023,12
SNEQ.SG03AB02G000S900,2024.03,42839,REVISED,Dollars,6,A,Consolidated accounts - table 1.1,B02G,Gross operating surplus and gross mixed income,,,,,National Accounts - SNA 2008 - SNE,2024,3
SNEQ.SG03AB02G000S900,2024.06,42966,REVISED,Dollars,6,A,Consolidated accounts - table 1.1,B02G,Gross operating surplus and gross mixed income,,,,,National Accounts - SNA 2008 - SNE,2024,6
SNEQ.SG03AB02G000S900,2024.09,44947,REVISED,Dollars,6,A,Consolidated accounts - table 1.1,B02G,Gross operating surplus and gross mixed income,,,,,National Accounts - SNA 2008 - SNE,2024,9
SNEQ.SG03AB02G000S900,2024.12,49204,REVISED,Dollars,6,A,Consolidated accounts - table 1.1,B02G,Gross operating surplus and gross mixed income,,,,,National Accounts - SNA 2008 - SNE,2024,12
SNEQ.SG03AB02G000S900,2025.03,45408,REVISED,Dollars,6,A,Consolidated accounts - table 1.1,B02G,Gross operating surplus and gross mixed income,,,,,National Accounts - SNA 2008 - SNE,2025,3
SNEQ.SG03AB02G000S900,2025.06,45173,FINAL,Dollars,6,A,Consolidated accounts - table 1.1,B02G,Gross operating surplus and gross mixed income,,,,,National Accounts - SNA 2008 - SNE,2025,6
SNEQ.SG03AB05GNE0S900,2011.06,49700,FINAL,Dollars,6,A,Consolidated accounts - table 1.1,B05GNE,Gross national expenditure,,,,,National Accounts - SNA 2008 - SNE,2011,6
SNEQ.SG03AB05GNE0S900,2011.09,52534,FINAL,Dollars,6,A,Consolidated accounts - table 1.1,B05GNE,Gross national expenditure,,,,,National Accounts - SNA 2008 - SNE,2011,9
SNEQ.SG03AB05GNE0S900,2011.12,55672,FINAL,Dollars,6,A,Consolidated accounts - table 1.1,B05GNE,Gross national expenditure,,,,,National Accounts - SNA 2008 - SNE,2011,12
SNEQ.SG03AB05GNE0S900,2012.03,52064,FINAL,Dollars,6,A,Consolidated accounts - table 1.1,B05GNE,Gross national expenditure,,,,,National Accounts - SNA 2008 - SNE,2012,3
SNEQ.SG03AB05GNE0S900,2012.06,52373,FINAL,Dollars,6,A,Consolidated accounts - table 1.1,B05GNE,Gross national expenditure,,,,,National Accounts - SNA 2008 - SNE,2012,6
SNEQ.SG03AB05GNE0S900,2012.09,53657,FINAL,Dollars,6,A,Consolidated accounts - table 1.1,B05GNE,Gross national expenditure,,,,,National Accounts - SNA 2008 - SNE,2012,9
SNEQ.SG03AB05GNE0S900,2012.12,57262,FINAL,Dollars,6,A,Consolidated accounts - table 1.1,B05GNE,Gross national expenditure,,,,,National Accounts - SNA 2008 - SNE,2012,12
SNEQ.SG03AB05GNE0S900,2013.03,53121,FINAL,Dollars,6,A,Consolidated accounts - table 1.1,B05GNE,Gross national expenditure,,,,,National Accounts - SNA 2008 - SNE,2013,3
SNEQ.SG03AB05GNE0S900,2013.06,53921,FINAL,Dollars,6,A,Consolidated accounts - table 1.1,B05GNE,Gross national expenditure,,,,,National Accounts - SNA 2008 - SNE,2013,6
SNEQ.SG03AB05GNE0S900,2013.09,57667,FINAL,Dollars,6,A,Consolidated accounts - table 1.1,B05GNE,Gross national expenditure,,,,,National Accounts - SNA 2008 - SNE,2013,9
SNEQ.SG03AB05GNE0S900,2013.12,61347,FINAL,Dollars,6,A,Consolidated accounts - table 1.1,B05GNE,Gross national expenditure,,,,,National Accounts - SNA 2008 - SNE,2013,12
SNEQ.SG03AB05GNE0S900,2014.03,56239,FINAL,Dollars,6,A,Consolidated accounts - table 1.1,B05GNE,Gross national expenditure,,,,,National Accounts - SNA 2008 - SNE,2014,3
SNEQ.SG03AB05GNE0S900,2014.06,57630,FINAL,Dollars,6,A,Consolidated accounts - table 1.1,B05GNE,Gross national expenditure,,,,,National Accounts - SNA 2008 - SNE,2014,6
SNEQ.SG03AB05GNE0S900,2014.09,60549,FINAL,Dollars,6,A,Consolidated accounts - table 1.1,B05GNE,Gross national expenditure,,,,,National Accounts - SNA 2008 - SNE,2014,9
SNEQ.SG03AB05GNE0S900,2014.12,63972,FINAL,Dollars,6,A,Consolidated accounts - table 1.1,B05GNE,Gross national expenditure,,,,,National Accounts - SNA 2008 - SNE,2014,12
SNEQ.SG03AB05GNE0S900,2015.03,58798,FINAL,Dollars,6,A,Consolidated accounts - table 1.1,B05GNE,Gross national expenditure,,,,,National Accounts - SNA 2008 - SNE,2015,3
SNEQ.SG03AB05GNE0S900,2015.06,60810,FINAL,Dollars,6,A,Consolidated accounts - table 1.1,B05GNE,Gross national expenditure,,,,,National Accounts - SNA 2008 - SNE,2015,6
SNEQ.SG03AB05GNE0S900,2015.09,63351,FINAL,Dollars,6,A,Consolidated accounts - table 1.1,B05GNE,Gross national expenditure,,,,,National Accounts - SNA 2008 - SNE,2015,9
SNEQ.SG03AB05GNE0S900,2015.12,66872,FINAL,Dollars,6,A,Consolidated accounts - table 1.1,B05GNE,Gross national expenditure,,,,,National Accounts - SNA 2008 - SNE,2015,12
SNEQ.SG03AB05GNE0S900,2016.03,61940,FINAL,Dollars,6,A,Consolidated accounts - table 1.1,B05GNE,Gross national expenditure,,,,,National Accounts - SNA 2008 - SNE,2016,3
SNEQ.SG03AB05GNE0S900,2016.06,63783,FINAL,Dollars,6,A,Consolidated accounts - table 1.1,B05GNE,Gross national expenditure,,,,,National Accounts - SNA 2008 - SNE,2016,6
SNEQ.SG03AB05GNE0S900,2016.09,67079,FINAL,Dollars,6,A,Consolidated accounts - table 1.1,B05GNE,Gross national expenditure,,,,,National Accounts - SNA 2008 - SNE,2016,9
SNEQ.SG03AB05GNE0S900,2016.12,71389,FINAL,Dollars,6,A,Consolidated accounts - table 1.1,B05GNE,Gross national expenditure,,,,,National Accounts - SNA 2008 - SNE,2016,12
SNEQ.SG03AB05GNE0S900,2017.03,67177,FINAL,Dollars,6,A,Consolidated accounts - table 1.1,B05GNE,Gross national expenditure,,,,,National Accounts - SNA 2008 - SNE,2017,3
SNEQ.SG03AB05GNE0S900,2017.06,67674,REVISED,Dollars,6,A,Consolidated accounts - table 1.1,B05GNE,Gross national expenditure,,,,,National Accounts - SNA 2008 - SNE,2017,6
SNEQ.SG03AB05GNE0S900,2017.09,71477,REVISED,Dollars,6,A,Consolidated accounts - table 1.1,B05GNE,Gross national expenditure,,,,,National Accounts - SNA 2008 - SNE,2017,9
SNEQ.SG03AB05GNE0S900,2017.12,77159,FINAL,Dollars,6,A,Consolidated accounts - table 1.1,B05GNE,Gross national expenditure,,,,,National Accounts - SNA 2008 - SNE,2017,12
SNEQ.SG03AB05GNE0S900,2018.03,71804,REVISED,Dollars,6,A,Consolidated accounts - table 1.1,B05GNE,Gross national expenditure,,,,,National Accounts - SNA 2008 - SNE,2018,3
SNEQ.SG03AB05GNE0S900,2018.06,73389,REVISED,Dollars,6,A,Consolidated accounts - table 1.1,B05GNE,Gross national expenditure,,,,,National Accounts - SNA 2008 - SNE,2018,6
SNEQ.SG03AB05GNE0S900,2018.09,76728,REVISED,Dollars,6,A,Consolidated accounts - table 1.1,B05GNE,Gross national expenditure,,,,,National Accounts - SNA 2008 - SNE,2018,9
SNEQ.SG03AB05GNE0S900,2018.12,81249,REVISED,Dollars,6,A,Consolidated accounts - table 1.1,B05GNE,Gross national expenditure,,,,,National Accounts - SNA 2008 - SNE,2018,12
SNEQ.SG03AB05GNE0S900,2019.03,75116,REVISED,Dollars,6,A,Consolidated accounts - table 1.1,B05GNE,Gross national expenditure,,,,,National Accounts - SNA 2008 - SNE,2019,3
SNEQ.SG03AB05GNE0S900,2019.06,77351,REVISED,Dollars,6,A,Consolidated accounts - table 1.1,B05GNE,Gross national expenditure,,,,,National Accounts - SNA 2008 - SNE,2019,6
SNEQ.SG03AB05GNE0S900,2019.09,81412,REVISED,Dollars,6,A,Consolidated accounts - table 1.1,B05GNE,Gross national expenditure,,,,,National Accounts - SNA 2008 - SNE,2019,9
SNEQ.SG03AB05GNE0S900,2019.12,86132,REVISED,Dollars,6,A,Consolidated accounts - table 1.1,B05GNE,Gross national expenditure,,,,,National Accounts - SNA 2008 - SNE,2019,12
SNEQ.SG03AB05GNE0S900,2020.03,77758,REVISED,Dollars,6,A,Consolidated accounts - table 1.1,B05GNE,Gross national expenditure,,,,,National Accounts - SNA 2008 - SNE,2020,3
SNEQ.SG03AB05GNE0S900,2020.06,69891,REVISED,Dollars,6,A,Consolidated accounts - table 1.1,B05GNE,Gross national expenditure,,,,,National Accounts - SNA 2008 - SNE,2020,6
SNEQ.SG03AB05GNE0S900,2020.09,83300,REVISED,Dollars,6,A,Consolidated accounts - table 1.1,B05GNE,Gross national expenditure,,,,,National Accounts - SNA 2008 - SNE,2020,9
SNEQ.SG03AB05GNE0S900,2020.12,89483,REVISED,Dollars,6,A,Consolidated accounts - table 1.1,B05GNE,Gross national expenditure,,,,,National Accounts - SNA 2008 - SNE,2020,12
SNEQ.SG03AB05GNE0S900,2021.03,87362,REVISED,Dollars,6,A,Consolidated accounts - table 1.1,B05GNE,Gross national expenditure,,,,,National Accounts - SNA 2008 - SNE,2021,3
SNEQ.SG03AB05GNE0S900,2021.06,86755,REVISED,Dollars,6,A,Consolidated accounts - table 1.1,B05GNE,Gross national expenditure,,,,,National Accounts - SNA 2008 - SNE,2021,6
SNEQ.SG03AB05GNE0S900,2021.09,90018,REVISED,Dollars,6,A,Consolidated accounts - table 1.1,B05GNE,Gross national expenditure,,,,,National Accounts - SNA 2008 - SNE,2021,9
SNEQ.SG03AB05GNE0S900,2021.12,99922,REVISED,Dollars,6,A,Consolidated accounts - table 1.1,B05GNE,Gross national expenditure,,,,,National Accounts - SNA 2008 - SNE,2021,12
SNEQ.SG03AB05GNE0S900,2022.03,95790,REVISED,Dollars,6,A,Consolidated accounts - table 1.1,B05GNE,Gross national expenditure,,,,,National Accounts - SNA 2008 - SNE,2022,3
SNEQ.SG03AB05GNE0S900,2022.06,97710,REVISED,Dollars,6,A,Consolidated accounts - table 1.1,B05GNE,Gross national expenditure,,,,,National Accounts - SNA 2008 - SNE,2022,6
SNEQ.SG03AB05GNE0S900,2022.09,103187,REVISED,Dollars,6,A,Consolidated accounts - table 1.1,B05GNE,Gross national expenditure,,,,,National Accounts - SNA 2008 - SNE,2022,9
SNEQ.SG03AB05GNE0S900,2022.12,110908,REVISED,Dollars,6,A,Consolidated accounts - table 1.1,B05GNE,Gross national expenditure,,,,,National Accounts - SNA 2008 - SNE,2022,12
SNEQ.SG03AB05GNE0S900,2023.03,102092,REVISED,Dollars,6,A,Consolidated accounts - table 1.1,B05GNE,Gross national expenditure,,,,,National Accounts - SNA 2008 - SNE,2023,3
SNEQ.SG03AB05GNE0S900,2023.06,103216,REVISED,Dollars,6,A,Consolidated accounts - table 1.1,B05GNE,Gross national expenditure,,,,,National Accounts - SNA 2008 - SNE,2023,6
SNEQ.SG03AB05GNE0S900,2023.09,108279,REVISED,Dollars,6,A,Consolidated accounts - table 1.1,B05GNE,Gross national expenditure,,,,,National Accounts - SNA 2008 - SNE,2023,9
SNEQ.SG03AB05GNE0S900,2023.12,111763,REVISED,Dollars,6,A,Consolidated accounts - table 1.1,B05GNE,Gross national expenditure,,,,,National Accounts - SNA 2008 - SNE,2023,12
SNEQ.SG03AB05GNE0S900,2024.03,104878,REVISED,Dollars,6,A,Consolidated accounts - table 1.1,B05GNE,Gross national expenditure,,,,,National Accounts - SNA 2008 - SNE,2024,3
SNEQ.SG03AB05GNE0S900,2024.06,105589,REVISED,Dollars,6,A,Consolidated accounts - table 1.1,B05GNE,Gross national expenditure,,,,,National Accounts - SNA 2008 - SNE,2024,6
SNEQ.SG03AB05GNE0S900,2024.09,109054,REVISED,Dollars,6,A,Consolidated accounts - table 1.1,B05GNE,Gross national expenditure,,,,,National Accounts - SNA 2008 - SNE,2024,9
SNEQ.SG03AB05GNE0S900,2024.12,114789,REVISED,Dollars,6,A,Consolidated accounts - table 1.1,B05GNE,Gross national expenditure,,,,,National Accounts - SNA 2008 - SNE,2024,12
SNEQ.SG03AB05GNE0S900,2025.03,107609,REVISED,Dollars,6,A,Consolidated accounts - table 1.1,B05GNE,Gross national expenditure,,,,,National Accounts - SNA 2008 - SNE,2025,3
SNEQ.SG03AB05GNE0S900,2025.06,108252,FINAL,Dollars,6,A,Consolidated accounts - table 1.1,B05GNE,Gross national expenditure,,,,,National Accounts - SNA 2008 - SNE,2025,6
SNEQ.SG03AB980000S900,2011.06,-274,FINAL,Dollars,6,A,Consolidated accounts - table 1.1,B98,Statistical discrepancy,,,,,National Accounts - SNA 2008 - SNE,2011,6
SNEQ.SG03AB980000S900,2011.09,1790,FINAL,Dollars,6,A,Consolidated accounts - table 1.1,B98,Statistical discrepancy,,,,,National Accounts - SNA 2008 - SNE,2011,9
SNEQ.SG03AB980000S900,2011.12,36,REVISED,Dollars,6,A,Consolidated accounts - table 1.1,B98,Statistical discrepancy,,,,,National Accounts - SNA 2008 - SNE,2011,12
SNEQ.SG03AB980000S900,2012.03,-1552,FINAL,Dollars,6,A,Consolidated accounts - table 1.1,B98,Statistical discrepancy,,,,,National Accounts - SNA 2008 - SNE,2012,3
SNEQ.SG03AB980000S900,2012.06,-194,REVISED,Dollars,6,A,Consolidated accounts - table 1.1,B98,Statistical discrepancy,,,,,National Accounts - SNA 2008 - SNE,2012,6
SNEQ.SG03AB980000S900,2012.09,1686,FINAL,Dollars,6,A,Consolidated accounts - table 1.1,B98,Statistical discrepancy,,,,,National Accounts - SNA 2008 - SNE,2012,9
SNEQ.SG03AB980000S900,2012.12,60,REVISED,Dollars,6,A,Consolidated accounts - table 1.1,B98,Statistical discrepancy,,,,,National Accounts - SNA 2008 - SNE,2012,12
SNEQ.SG03AB980000S900,2013.03,-1553,FINAL,Dollars,6,A,Consolidated accounts - table 1.1,B98,Statistical discrepancy,,,,,National Accounts - SNA 2008 - SNE,2013,3
SNEQ.SG03AB980000S900,2013.06,-163,REVISED,Dollars,6,A,Consolidated accounts - table 1.1,B98,Statistical discrepancy,,,,,National Accounts - SNA 2008 - SNE,2013,6
SNEQ.SG03AB980000S900,2013.09,1899,REVISED,Dollars,6,A,Consolidated accounts - table 1.1,B98,Statistical discrepancy,,,,,National Accounts - SNA 2008 - SNE,2013,9
SNEQ.SG03AB980000S900,2013.12,79,REVISED,Dollars,6,A,Consolidated accounts - table 1.1,B98,Statistical discrepancy,,,,,National Accounts - SNA 2008 - SNE,2013,12
SNEQ.SG03AB980000S900,2014.03,-1814,REVISED,Dollars,6,A,Consolidated accounts - table 1.1,B98,Statistical discrepancy,,,,,National Accounts - SNA 2008 - SNE,2014,3
SNEQ.SG03AB980000S900,2014.06,-232,REVISED,Dollars,6,A,Consolidated accounts - table 1.1,B98,Statistical discrepancy,,,,,National Accounts - SNA 2008 - SNE,2014,6
SNEQ.SG03AB980000S900,2014.09,1700,REVISED,Dollars,6,A,Consolidated accounts - table 1.1,B98,Statistical discrepancy,,,,,National Accounts - SNA 2008 - SNE,2014,9
SNEQ.SG03AB980000S900,2014.12,210,FINAL,Dollars,6,A,Consolidated accounts - table 1.1,B98,Statistical discrepancy,,,,,National Accounts - SNA 2008 - SNE,2014,12
SNEQ.SG03AB980000S900,2015.03,-1679,REVISED,Dollars,6,A,Consolidated accounts - table 1.1,B98,Statistical discrepancy,,,,,National Accounts - SNA 2008 - SNE,2015,3
SNEQ.SG03AB980000S900,2015.06,-221,REVISED,Dollars,6,A,Consolidated accounts - table 1.1,B98,Statistical discrepancy,,,,,National Accounts - SNA 2008 - SNE,2015,6
SNEQ.SG03AB980000S900,2015.09,1765,REVISED,Dollars,6,A,Consolidated accounts - table 1.1,B98,Statistical discrepancy,,,,,National Accounts - SNA 2008 - SNE,2015,9
SNEQ.SG03AB980000S900,2015.12,270,FINAL,Dollars,6,A,Consolidated accounts - table 1.1,B98,Statistical discrepancy,,,,,National Accounts - SNA 2008 - SNE,2015,12
SNEQ.SG03AB980000S900,2016.03,-1815,REVISED,Dollars,6,A,Consolidated accounts - table 1.1,B98,Statistical discrepancy,,,,,National Accounts - SNA 2008 - SNE,2016,3
SNEQ.SG03AB980000S900,2016.06,-194,REVISED,Dollars,6,A,Consolidated accounts - table 1.1,B98,Statistical discrepancy,,,,,National Accounts - SNA 2008 - SNE,2016,6
SNEQ.SG03AB980000S900,2016.09,1729,REVISED,Dollars,6,A,Consolidated accounts - table 1.1,B98,Statistical discrepancy,,,,,National Accounts - SNA 2008 - SNE,2016,9
SNEQ.SG03AB980000S900,2016.12,386,REVISED,Dollars,6,A,Consolidated accounts - table 1.1,B98,Statistical discrepancy,,,,,National Accounts - SNA 2008 - SNE,2016,12
SNEQ.SG03AB980000S900,2017.03,-1827,REVISED,Dollars,6,A,Consolidated accounts - table 1.1,B98,Statistical discrepancy,,,,,National Accounts - SNA 2008 - SNE,2017,3
SNEQ.SG03AB980000S900,2017.06,-94,REVISED,Dollars,6,A,Consolidated accounts - table 1.1,B98,Statistical discrepancy,,,,,National Accounts - SNA 2008 - SNE,2017,6
SNEQ.SG03AB980000S900,2017.09,1883,REVISED,Dollars,6,A,Consolidated accounts - table 1.1,B98,Statistical discrepancy,,,,,National Accounts - SNA 2008 - SNE,2017,9
SNEQ.SG03AB980000S900,2017.12,241,REVISED,Dollars,6,A,Consolidated accounts - table 1.1,B98,Statistical discrepancy,,,,,National Accounts - SNA 2008 - SNE,2017,12
SNEQ.SG03AB980000S900,2018.03,-1805,REVISED,Dollars,6,A,Consolidated accounts - table 1.1,B98,Statistical discrepancy,,,,,National Accounts - SNA 2008 - SNE,2018,3
SNEQ.SG03AB980000S900,2018.06,35,REVISED,Dollars,6,A,Consolidated accounts - table 1.1,B98,Statistical discrepancy,,,,,National Accounts - SNA 2008 - SNE,2018,6
SNEQ.SG03AB980000S900,2018.09,2161,REVISED,Dollars,6,A,Consolidated accounts - table 1.1,B98,Statistical discrepancy,,,,,National Accounts - SNA 2008 - SNE,2018,9
SNEQ.SG03AB980000S900,2018.12,102,REVISED,Dollars,6,A,Consolidated accounts - table 1.1,B98,Statistical discrepancy,,,,,National Accounts - SNA 2008 - SNE,2018,12
SNEQ.SG03AB980000S900,2019.03,-2105,REVISED,Dollars,6,A,Consolidated accounts - table 1.1,B98,Statistical discrepancy,,,,,National Accounts - SNA 2008 - SNE,2019,3
SNEQ.SG03AB980000S900,2019.06,-31,REVISED,Dollars,6,A,Consolidated accounts - table 1.1,B98,Statistical discrepancy,,,,,National Accounts - SNA 2008 - SNE,2019,6
SNEQ.SG03AB980000S900,2019.09,2461,REVISED,Dollars,6,A,Consolidated accounts - table 1.1,B98,Statistical discrepancy,,,,,National Accounts - SNA 2008 - SNE,2019,9
SNEQ.SG03AB980000S900,2019.12,-131,REVISED,Dollars,6,A,Consolidated accounts - table 1.1,B98,Statistical discrepancy,,,,,National Accounts - SNA 2008 - SNE,2019,12
SNEQ.SG03AB980000S900,2020.03,-2212,REVISED,Dollars,6,A,Consolidated accounts - table 1.1,B98,Statistical discrepancy,,,,,National Accounts - SNA 2008 - SNE,2020,3
SNEQ.SG03AB980000S900,2020.06,-95,REVISED,Dollars,6,A,Consolidated accounts - table 1.1,B98,Statistical discrepancy,,,,,National Accounts - SNA 2008 - SNE,2020,6
SNEQ.SG03AB980000S900,2020.09,2797,REVISED,Dollars,6,A,Consolidated accounts - table 1.1,B98,Statistical discrepancy,,,,,National Accounts - SNA 2008 - SNE,2020,9
SNEQ.SG03AB980000S900,2020.12,-199,REVISED,Dollars,6,A,Consolidated accounts - table 1.1,B98,Statistical discrepancy,,,,,National Accounts - SNA 2008 - SNE,2020,12
SNEQ.SG03AB980000S900,2021.03,-2421,REVISED,Dollars,6,A,Consolidated accounts - table 1.1,B98,Statistical discrepancy,,,,,National Accounts - SNA 2008 - SNE,2021,3
SNEQ.SG03AB980000S900,2021.06,-92,REVISED,Dollars,6,A,Consolidated accounts - table 1.1,B98,Statistical discrepancy,,,,,National Accounts - SNA 2008 - SNE,2021,6
SNEQ.SG03AB980000S900,2021.09,3105,REVISED,Dollars,6,A,Consolidated accounts - table 1.1,B98,Statistical discrepancy,,,,,National Accounts - SNA 2008 - SNE,2021,9
SNEQ.SG03AB980000S900,2021.12,-241,REVISED,Dollars,6,A,Consolidated accounts - table 1.1,B98,Statistical discrepancy,,,,,National Accounts - SNA 2008 - SNE,2021,12
SNEQ.SG03AB980000S900,2022.03,-2680,REVISED,Dollars,6,A,Consolidated accounts - table 1.1,B98,Statistical discrepancy,,,,,National Accounts - SNA 2008 - SNE,2022,3
SNEQ.SG03AB980000S900,2022.06,-330,REVISED,Dollars,6,A,Consolidated accounts - table 1.1,B98,Statistical discrepancy,,,,,National Accounts - SNA 2008 - SNE,2022,6
SNEQ.SG03AB980000S900,2022.09,3326,REVISED,Dollars,6,A,Consolidated accounts - table 1.1,B98,Statistical discrepancy,,,,,National Accounts - SNA 2008 - SNE,2022,9
SNEQ.SG03AB980000S900,2022.12,-265,REVISED,Dollars,6,A,Consolidated accounts - table 1.1,B98,Statistical discrepancy,,,,,National Accounts - SNA 2008 - SNE,2022,12
SNEQ.SG03AB980000S900,2023.03,-2961,REVISED,Dollars,6,A,Consolidated accounts - table 1.1,B98,Statistical discrepancy,,,,,National Accounts - SNA 2008 - SNE,2023,3
SNEQ.SG03AB980000S900,2023.06,-577,REVISED,Dollars,6,A,Consolidated accounts - table 1.1,B98,Statistical discrepancy,,,,,National Accounts - SNA 2008 - SNE,2023,6
SNEQ.SG03AB980000S900,2023.09,3100,REVISED,Dollars,6,A,Consolidated accounts - table 1.1,B98,Statistical discrepancy,,,,,National Accounts - SNA 2008 - SNE,2023,9
SNEQ.SG03AB980000S900,2023.12,-615,REVISED,Dollars,6,A,Consolidated accounts - table 1.1,B98,Statistical discrepancy,,,,,National Accounts - SNA 2008 - SNE,2023,12
SNEQ.SG03AB980000S900,2024.03,-3345,REVISED,Dollars,6,A,Consolidated accounts - table 1.1,B98,Statistical discrepancy,,,,,National Accounts - SNA 2008 - SNE,2024,3
SNEQ.SG03AB980000S900,2024.06,-794,REVISED,Dollars,6,A,Consolidated accounts - table 1.1,B98,Statistical discrepancy,,,,,National Accounts - SNA 2008 - SNE,2024,6
SNEQ.SG03AB980000S900,2024.09,2690,REVISED,Dollars,6,A,Consolidated accounts - table 1.1,B98,Statistical discrepancy,,,,,National Accounts - SNA 2008 - SNE,2024,9
SNEQ.SG03AB980000S900,2024.12,-1324,REVISED,Dollars,6,A,Consolidated accounts - table 1.1,B98,Statistical discrepancy,,,,,National Accounts - SNA 2008 - SNE,2024,12
SNEQ.SG03AB980000S900,2025.03,-3997,REVISED,Dollars,6,A,Consolidated accounts - table 1.1,B98,Statistical discrepancy,,,,,National Accounts - SNA 2008 - SNE,2025,3
SNEQ.SG03AB980000S900,2025.06,-1952,FINAL,Dollars,6,A,Consolidated accounts - table 1.1,B98,Statistical discrepancy,,,,,National Accounts - SNA 2008 - SNE,2025,6
SNEQ.SG03AD01R000S900,2011.06,22683,FINAL,Dollars,6,A,Consolidated accounts - table 1.1,D01P,Compensation of employees,,,,,National Accounts - SNA 2008 - SNE,2011,6
SNEQ.SG03AD01R000S900,2011.09,22887,FINAL,Dollars,6,A,Consolidated accounts - table 1.1,D01P,Compensation of employees,,,,,National Accounts - SNA 2008 - SNE,2011,9
SNEQ.SG03AD01R000S900,2011.12,23651,FINAL,Dollars,6,A,Consolidated accounts - table 1.1,D01P,Compensation of employees,,,,,National Accounts - SNA 2008 - SNE,2011,12
SNEQ.SG03AD01R000S900,2012.03,23085,FINAL,Dollars,6,A,Consolidated accounts - table 1.1,D01P,Compensation of employees,,,,,National Accounts - SNA 2008 - SNE,2012,3
SNEQ.SG03AD01R000S900,2012.06,23570,FINAL,Dollars,6,A,Consolidated accounts - table 1.1,D01P,Compensation of employees,,,,,National Accounts - SNA 2008 - SNE,2012,6
SNEQ.SG03AD01R000S900,2012.09,23566,FINAL,Dollars,6,A,Consolidated accounts - table 1.1,D01P,Compensation of employees,,,,,National Accounts - SNA 2008 - SNE,2012,9
SNEQ.SG03AD01R000S900,2012.12,24453,FINAL,Dollars,6,A,Consolidated accounts - table 1.1,D01P,Compensation of employees,,,,,National Accounts - SNA 2008 - SNE,2012,12
SNEQ.SG03AD01R000S900,2013.03,23464,FINAL,Dollars,6,A,Consolidated accounts - table 1.1,D01P,Compensation of employees,,,,,National Accounts - SNA 2008 - SNE,2013,3
SNEQ.SG03AD01R000S900,2013.06,24313,FINAL,Dollars,6,A,Consolidated accounts - table 1.1,D01P,Compensation of employees,,,,,National Accounts - SNA 2008 - SNE,2013,6
SNEQ.SG03AD01R000S900,2013.09,24331,FINAL,Dollars,6,A,Consolidated accounts - table 1.1,D01P,Compensation of employees,,,,,National Accounts - SNA 2008 - SNE,2013,9
SNEQ.SG03AD01R000S900,2013.12,25558,FINAL,Dollars,6,A,Consolidated accounts - table 1.1,D01P,Compensation of employees,,,,,National Accounts - SNA 2008 - SNE,2013,12
SNEQ.SG03AD01R000S900,2014.03,24552,FINAL,Dollars,6,A,Consolidated accounts - table 1.1,D01P,Compensation of employees,,,,,National Accounts - SNA 2008 - SNE,2014,3
SNEQ.SG03AD01R000S900,2014.06,25667,FINAL,Dollars,6,A,Consolidated accounts - table 1.1,D01P,Compensation of employees,,,,,National Accounts - SNA 2008 - SNE,2014,6
SNEQ.SG03AD01R000S900,2014.09,25832,FINAL,Dollars,6,A,Consolidated accounts - table 1.1,D01P,Compensation of employees,,,,,National Accounts - SNA 2008 - SNE,2014,9
SNEQ.SG03AD01R000S900,2014.12,26992,FINAL,Dollars,6,A,Consolidated accounts - table 1.1,D01P,Compensation of employees,,,,,National Accounts - SNA 2008 - SNE,2014,12
SNEQ.SG03AD01R000S900,2015.03,25886,FINAL,Dollars,6,A,Consolidated accounts - table 1.1,D01P,Compensation of employees,,,,,National Accounts - SNA 2008 - SNE,2015,3
SNEQ.SG03AD01R000S900,2015.06,26920,FINAL,Dollars,6,A,Consolidated accounts - table 1.1,D01P,Compensation of employees,,,,,National Accounts - SNA 2008 - SNE,2015,6
SNEQ.SG03AD01R000S900,2015.09,27348,FINAL,Dollars,6,A,Consolidated accounts - table 1.1,D01P,Compensation of employees,,,,,National Accounts - SNA 2008 - SNE,2015,9
SNEQ.SG03AD01R000S900,2015.12,28059,FINAL,Dollars,6,A,Consolidated accounts - table 1.1,D01P,Compensation of employees,,,,,National Accounts - SNA 2008 - SNE,2015,12
SNEQ.SG03AD01R000S900,2016.03,27612,FINAL,Dollars,6,A,Consolidated accounts - table 1.1,D01P,Compensation of employees,,,,,National Accounts - SNA 2008 - SNE,2016,3
SNEQ.SG03AD01R000S900,2016.06,28638,FINAL,Dollars,6,A,Consolidated accounts - table 1.1,D01P,Compensation of employees,,,,,National Accounts - SNA 2008 - SNE,2016,6
SNEQ.SG03AD01R000S900,2016.09,28653,FINAL,Dollars,6,A,Consolidated accounts - table 1.1,D01P,Compensation of employees,,,,,National Accounts - SNA 2008 - SNE,2016,9
SNEQ.SG03AD01R000S900,2016.12,29244,FINAL,Dollars,6,A,Consolidated accounts - table 1.1,D01P,Compensation of employees,,,,,National Accounts - SNA 2008 - SNE,2016,12
SNEQ.SG03AD01R000S900,2017.03,29169,FINAL,Dollars,6,A,Consolidated accounts - table 1.1,D01P,Compensation of employees,,,,,National Accounts - SNA 2008 - SNE,2017,3
SNEQ.SG03AD01R000S900,2017.06,30105,FINAL,Dollars,6,A,Consolidated accounts - table 1.1,D01P,Compensation of employees,,,,,National Accounts - SNA 2008 - SNE,2017,6
SNEQ.SG03AD01R000S900,2017.09,30220,FINAL,Dollars,6,A,Consolidated accounts - table 1.1,D01P,Compensation of employees,,,,,National Accounts - SNA 2008 - SNE,2017,9
SNEQ.SG03AD01R000S900,2017.12,31538,FINAL,Dollars,6,A,Consolidated accounts - table 1.1,D01P,Compensation of employees,,,,,National Accounts - SNA 2008 - SNE,2017,12
SNEQ.SG03AD01R000S900,2018.03,30943,FINAL,Dollars,6,A,Consolidated accounts - table 1.1,D01P,Compensation of employees,,,,,National Accounts - SNA 2008 - SNE,2018,3
SNEQ.SG03AD01R000S900,2018.06,32145,FINAL,Dollars,6,A,Consolidated accounts - table 1.1,D01P,Compensation of employees,,,,,National Accounts - SNA 2008 - SNE,2018,6
SNEQ.SG03AD01R000S900,2018.09,32051,FINAL,Dollars,6,A,Consolidated accounts - table 1.1,D01P,Compensation of employees,,,,,National Accounts - SNA 2008 - SNE,2018,9
SNEQ.SG03AD01R000S900,2018.12,33733,FINAL,Dollars,6,A,Consolidated accounts - table 1.1,D01P,Compensation of employees,,,,,National Accounts - SNA 2008 - SNE,2018,12
SNEQ.SG03AD01R000S900,2019.03,32635,FINAL,Dollars,6,A,Consolidated accounts - table 1.1,D01P,Compensation of employees,,,,,National Accounts - SNA 2008 - SNE,2019,3
SNEQ.SG03AD01R000S900,2019.06,34310,FINAL,Dollars,6,A,Consolidated accounts - table 1.1,D01P,Compensation of employees,,,,,National Accounts - SNA 2008 - SNE,2019,6
SNEQ.SG03AD01R000S900,2019.09,34309,FINAL,Dollars,6,A,Consolidated accounts - table 1.1,D01P,Compensation of employees,,,,,National Accounts - SNA 2008 - SNE,2019,9
SNEQ.SG03AD01R000S900,2019.12,35665,FINAL,Dollars,6,A,Consolidated accounts - table 1.1,D01P,Compensation of employees,,,,,National Accounts - SNA 2008 - SNE,2019,12
SNEQ.SG03AD01R000S900,2020.03,35143,FINAL,Dollars,6,A,Consolidated accounts - table 1.1,D01P,Compensation of employees,,,,,National Accounts - SNA 2008 - SNE,2020,3
SNEQ.SG03AD01R000S900,2020.06,34792,FINAL,Dollars,6,A,Consolidated accounts - table 1.1,D01P,Compensation of employees,,,,,National Accounts - SNA 2008 - SNE,2020,6
SNEQ.SG03AD01R000S900,2020.09,35646,FINAL,Dollars,6,A,Consolidated accounts - table 1.1,D01P,Compensation of employees,,,,,National Accounts - SNA 2008 - SNE,2020,9
SNEQ.SG03AD01R000S900,2020.12,37110,FINAL,Dollars,6,A,Consolidated accounts - table 1.1,D01P,Compensation of employees,,,,,National Accounts - SNA 2008 - SNE,2020,12
SNEQ.SG03AD01R000S900,2021.03,36907,FINAL,Dollars,6,A,Consolidated accounts - table 1.1,D01P,Compensation of employees,,,,,National Accounts - SNA 2008 - SNE,2021,3
SNEQ.SG03AD01R000S900,2021.06,38815,FINAL,Dollars,6,A,Consolidated accounts - table 1.1,D01P,Compensation of employees,,,,,National Accounts - SNA 2008 - SNE,2021,6
SNEQ.SG03AD01R000S900,2021.09,38789,FINAL,Dollars,6,A,Consolidated accounts - table 1.1,D01P,Compensation of employees,,,,,National Accounts - SNA 2008 - SNE,2021,9
SNEQ.SG03AD01R000S900,2021.12,40918,FINAL,Dollars,6,A,Consolidated accounts - table 1.1,D01P,Compensation of employees,,,,,National Accounts - SNA 2008 - SNE,2021,12
SNEQ.SG03AD01R000S900,2022.03,40138,FINAL,Dollars,6,A,Consolidated accounts - table 1.1,D01P,Compensation of employees,,,,,National Accounts - SNA 2008 - SNE,2022,3
SNEQ.SG03AD01R000S900,2022.06,42082,REVISED,Dollars,6,A,Consolidated accounts - table 1.1,D01P,Compensation of employees,,,,,National Accounts - SNA 2008 - SNE,2022,6
SNEQ.SG03AD01R000S900,2022.09,42636,REVISED,Dollars,6,A,Consolidated accounts - table 1.1,D01P,Compensation of employees,,,,,National Accounts - SNA 2008 - SNE,2022,9
SNEQ.SG03AD01R000S900,2022.12,43746,FINAL,Dollars,6,A,Consolidated accounts - table 1.1,D01P,Compensation of employees,,,,,National Accounts - SNA 2008 - SNE,2022,12
SNEQ.SG03AD01R000S900,2023.03,43504,REVISED,Dollars,6,A,Consolidated accounts - table 1.1,D01P,Compensation of employees,,,,,National Accounts - SNA 2008 - SNE,2023,3
SNEQ.SG03AD01R000S900,2023.06,45580,REVISED,Dollars,6,A,Consolidated accounts - table 1.1,D01P,Compensation of employees,,,,,National Accounts - SNA 2008 - SNE,2023,6
SNEQ.SG03AD01R000S900,2023.09,45985,REVISED,Dollars,6,A,Consolidated accounts - table 1.1,D01P,Compensation of employees,,,,,National Accounts - SNA 2008 - SNE,2023,9
SNEQ.SG03AD01R000S900,2023.12,47213,REVISED,Dollars,6,A,Consolidated accounts - table 1.1,D01P,Compensation of employees,,,,,National Accounts - SNA 2008 - SNE,2023,12
SNEQ.SG03AD01R000S900,2024.03,46786,REVISED,Dollars,6,A,Consolidated accounts - table 1.1,D01P,Compensation of employees,,,,,National Accounts - SNA 2008 - SNE,2024,3
SNEQ.SG03AD01R000S900,2024.06,48243,REVISED,Dollars,6,A,Consolidated accounts - table 1.1,D01P,Compensation of employees,,,,,National Accounts - SNA 2008 - SNE,2024,6
SNEQ.SG03AD01R000S900,2024.09,47612,REVISED,Dollars,6,A,Consolidated accounts - table 1.1,D01P,Compensation of employees,,,,,National Accounts - SNA 2008 - SNE,2024,9
SNEQ.SG03AD01R000S900,2024.12,47916,REVISED,Dollars,6,A,Consolidated accounts - table 1.1,D01P,Compensation of employees,,,,,National Accounts - SNA 2008 - SNE,2024,12
SNEQ.SG03AD01R000S900,2025.03,47637,REVISED,Dollars,6,A,Consolidated accounts - table 1.1,D01P,Compensation of employees,,,,,National Accounts - SNA 2008 - SNE,2025,3
SNEQ.SG03AD01R000S900,2025.06,48743,FINAL,Dollars,6,A,Consolidated accounts - table 1.1,D01P,Compensation of employees,,,,,National Accounts - SNA 2008 - SNE,2025,6
SNEQ.SG03AD02R000S900,2011.06,6788,FINAL,Dollars,6,A,Consolidated accounts - table 1.1,D02P,Taxes on production and imports,,,,,National Accounts - SNA 2008 - SNE,2011,6
SNEQ.SG03AD02R000S900,2011.09,6964,FINAL,Dollars,6,A,Consolidated accounts - table 1.1,D02P,Taxes on production and imports,,,,,National Accounts - SNA 2008 - SNE,2011,9
SNEQ.SG03AD02R000S900,2011.12,7729,FINAL,Dollars,6,A,Consolidated accounts - table 1.1,D02P,Taxes on production and imports,,,,,National Accounts - SNA 2008 - SNE,2011,12
SNEQ.SG03AD02R000S900,2012.03,6814,FINAL,Dollars,6,A,Consolidated accounts - table 1.1,D02P,Taxes on production and imports,,,,,National Accounts - SNA 2008 - SNE,2012,3
SNEQ.SG03AD02R000S900,2012.06,7084,FINAL,Dollars,6,A,Consolidated accounts - table 1.1,D02P,Taxes on production and imports,,,,,National Accounts - SNA 2008 - SNE,2012,6
SNEQ.SG03AD02R000S900,2012.09,7176,FINAL,Dollars,6,A,Consolidated accounts - table 1.1,D02P,Taxes on production and imports,,,,,National Accounts - SNA 2008 - SNE,2012,9
SNEQ.SG03AD02R000S900,2012.12,7909,FINAL,Dollars,6,A,Consolidated accounts - table 1.1,D02P,Taxes on production and imports,,,,,National Accounts - SNA 2008 - SNE,2012,12
SNEQ.SG03AD02R000S900,2013.03,7223,FINAL,Dollars,6,A,Consolidated accounts - table 1.1,D02P,Taxes on production and imports,,,,,National Accounts - SNA 2008 - SNE,2013,3
SNEQ.SG03AD02R000S900,2013.06,7341,FINAL,Dollars,6,A,Consolidated accounts - table 1.1,D02P,Taxes on production and imports,,,,,National Accounts - SNA 2008 - SNE,2013,6
SNEQ.SG03AD02R000S900,2013.09,7558,FINAL,Dollars,6,A,Consolidated accounts - table 1.1,D02P,Taxes on production and imports,,,,,National Accounts - SNA 2008 - SNE,2013,9
SNEQ.SG03AD02R000S900,2013.12,8456,FINAL,Dollars,6,A,Consolidated accounts - table 1.1,D02P,Taxes on production and imports,,,,,National Accounts - SNA 2008 - SNE,2013,12
SNEQ.SG03AD02R000S900,2014.03,7535,FINAL,Dollars,6,A,Consolidated accounts - table 1.1,D02P,Taxes on production and imports,,,,,National Accounts - SNA 2008 - SNE,2014,3
SNEQ.SG03AD02R000S900,2014.06,7638,FINAL,Dollars,6,A,Consolidated accounts - table 1.1,D02P,Taxes on production and imports,,,,,National Accounts - SNA 2008 - SNE,2014,6
SNEQ.SG03AD02R000S900,2014.09,7997,FINAL,Dollars,6,A,Consolidated accounts - table 1.1,D02P,Taxes on production and imports,,,,,National Accounts - SNA 2008 - SNE,2014,9
SNEQ.SG03AD02R000S900,2014.12,8859,FINAL,Dollars,6,A,Consolidated accounts - table 1.1,D02P,Taxes on production and imports,,,,,National Accounts - SNA 2008 - SNE,2014,12
SNEQ.SG03AD02R000S900,2015.03,7933,FINAL,Dollars,6,A,Consolidated accounts - table 1.1,D02P,Taxes on production and imports,,,,,National Accounts - SNA 2008 - SNE,2015,3
SNEQ.SG03AD02R000S900,2015.06,8153,FINAL,Dollars,6,A,Consolidated accounts - table 1.1,D02P,Taxes on production and imports,,,,,National Accounts - SNA 2008 - SNE,2015,6
SNEQ.SG03AD02R000S900,2015.09,8361,FINAL,Dollars,6,A,Consolidated accounts - table 1.1,D02P,Taxes on production and imports,,,,,National Accounts - SNA 2008 - SNE,2015,9
SNEQ.SG03AD02R000S900,2015.12,9411,FINAL,Dollars,6,A,Consolidated accounts - table 1.1,D02P,Taxes on production and imports,,,,,National Accounts - SNA 2008 - SNE,2015,12
SNEQ.SG03AD02R000S900,2016.03,8515,FINAL,Dollars,6,A,Consolidated accounts - table 1.1,D02P,Taxes on production and imports,,,,,National Accounts - SNA 2008 - SNE,2016,3
SNEQ.SG03AD02R000S900,2016.06,8787,FINAL,Dollars,6,A,Consolidated accounts - table 1.1,D02P,Taxes on production and imports,,,,,National Accounts - SNA 2008 - SNE,2016,6
SNEQ.SG03AD02R000S900,2016.09,9001,FINAL,Dollars,6,A,Consolidated accounts - table 1.1,D02P,Taxes on production and imports,,,,,National Accounts - SNA 2008 - SNE,2016,9
SNEQ.SG03AD02R000S900,2016.12,10150,FINAL,Dollars,6,A,Consolidated accounts - table 1.1,D02P,Taxes on production and imports,,,,,National Accounts - SNA 2008 - SNE,2016,12
SNEQ.SG03AD02R000S900,2017.03,9014,FINAL,Dollars,6,A,Consolidated accounts - table 1.1,D02P,Taxes on production and imports,,,,,National Accounts - SNA 2008 - SNE,2017,3
SNEQ.SG03AD02R000S900,2017.06,9246,FINAL,Dollars,6,A,Consolidated accounts - table 1.1,D02P,Taxes on production and imports,,,,,National Accounts - SNA 2008 - SNE,2017,6
SNEQ.SG03AD02R000S900,2017.09,9403,FINAL,Dollars,6,A,Consolidated accounts - table 1.1,D02P,Taxes on production and imports,,,,,National Accounts - SNA 2008 - SNE,2017,9
SNEQ.SG03AD02R000S900,2017.12,10815,FINAL,Dollars,6,A,Consolidated accounts - table 1.1,D02P,Taxes on production and imports,,,,,National Accounts - SNA 2008 - SNE,2017,12
SNEQ.SG03AD02R000S900,2018.03,9485,FINAL,Dollars,6,A,Consolidated accounts - table 1.1,D02P,Taxes on production and imports,,,,,National Accounts - SNA 2008 - SNE,2018,3
SNEQ.SG03AD02R000S900,2018.06,9642,FINAL,Dollars,6,A,Consolidated accounts - table 1.1,D02P,Taxes on production and imports,,,,,National Accounts - SNA 2008 - SNE,2018,6
SNEQ.SG03AD02R000S900,2018.09,10016,FINAL,Dollars,6,A,Consolidated accounts - table 1.1,D02P,Taxes on production and imports,,,,,National Accounts - SNA 2008 - SNE,2018,9
SNEQ.SG03AD02R000S900,2018.12,11449,FINAL,Dollars,6,A,Consolidated accounts - table 1.1,D02P,Taxes on production and imports,,,,,National Accounts - SNA 2008 - SNE,2018,12
SNEQ.SG03AD02R000S900,2019.03,9977,REVISED,Dollars,6,A,Consolidated accounts - table 1.1,D02P,Taxes on production and imports,,,,,National Accounts - SNA 2008 - SNE,2019,3
SNEQ.SG03AD02R000S900,2019.06,10704,REVISED,Dollars,6,A,Consolidated accounts - table 1.1,D02P,Taxes on production and imports,,,,,National Accounts - SNA 2008 - SNE,2019,6
SNEQ.SG03AD02R000S900,2019.09,10629,REVISED,Dollars,6,A,Consolidated accounts - table 1.1,D02P,Taxes on production and imports,,,,,National Accounts - SNA 2008 - SNE,2019,9
SNEQ.SG03AD02R000S900,2019.12,12045,REVISED,Dollars,6,A,Consolidated accounts - table 1.1,D02P,Taxes on production and imports,,,,,National Accounts - SNA 2008 - SNE,2019,12
SNEQ.SG03AD02R000S900,2020.03,10351,FINAL,Dollars,6,A,Consolidated accounts - table 1.1,D02P,Taxes on production and imports,,,,,National Accounts - SNA 2008 - SNE,2020,3
SNEQ.SG03AD02R000S900,2020.06,9345,FINAL,Dollars,6,A,Consolidated accounts - table 1.1,D02P,Taxes on production and imports,,,,,National Accounts - SNA 2008 - SNE,2020,6
SNEQ.SG03AD02R000S900,2020.09,10598,REVISED,Dollars,6,A,Consolidated accounts - table 1.1,D02P,Taxes on production and imports,,,,,National Accounts - SNA 2008 - SNE,2020,9
SNEQ.SG03AD02R000S900,2020.12,11623,FINAL,Dollars,6,A,Consolidated accounts - table 1.1,D02P,Taxes on production and imports,,,,,National Accounts - SNA 2008 - SNE,2020,12
SNEQ.SG03AD02R000S900,2021.03,10835,REVISED,Dollars,6,A,Consolidated accounts - table 1.1,D02P,Taxes on production and imports,,,,,National Accounts - SNA 2008 - SNE,2021,3
SNEQ.SG03AD02R000S900,2021.06,12333,REVISED,Dollars,6,A,Consolidated accounts - table 1.1,D02P,Taxes on production and imports,,,,,National Accounts - SNA 2008 - SNE,2021,6
SNEQ.SG03AD02R000S900,2021.09,11224,REVISED,Dollars,6,A,Consolidated accounts - table 1.1,D02P,Taxes on production and imports,,,,,National Accounts - SNA 2008 - SNE,2021,9
SNEQ.SG03AD02R000S900,2021.12,12666,FINAL,Dollars,6,A,Consolidated accounts - table 1.1,D02P,Taxes on production and imports,,,,,National Accounts - SNA 2008 - SNE,2021,12
SNEQ.SG03AD02R000S900,2022.03,11431,REVISED,Dollars,6,A,Consolidated accounts - table 1.1,D02P,Taxes on production and imports,,,,,National Accounts - SNA 2008 - SNE,2022,3
SNEQ.SG03AD02R000S900,2022.06,12185,REVISED,Dollars,6,A,Consolidated accounts - table 1.1,D02P,Taxes on production and imports,,,,,National Accounts - SNA 2008 - SNE,2022,6
SNEQ.SG03AD02R000S900,2022.09,12401,REVISED,Dollars,6,A,Consolidated accounts - table 1.1,D02P,Taxes on production and imports,,,,,National Accounts - SNA 2008 - SNE,2022,9
SNEQ.SG03AD02R000S900,2022.12,13387,REVISED,Dollars,6,A,Consolidated accounts - table 1.1,D02P,Taxes on production and imports,,,,,National Accounts - SNA 2008 - SNE,2022,12
SNEQ.SG03AD02R000S900,2023.03,12126,REVISED,Dollars,6,A,Consolidated accounts - table 1.1,D02P,Taxes on production and imports,,,,,National Accounts - SNA 2008 - SNE,2023,3
SNEQ.SG03AD02R000S900,2023.06,12784,REVISED,Dollars,6,A,Consolidated accounts - table 1.1,D02P,Taxes on production and imports,,,,,National Accounts - SNA 2008 - SNE,2023,6
SNEQ.SG03AD02R000S900,2023.09,13123,REVISED,Dollars,6,A,Consolidated accounts - table 1.1,D02P,Taxes on production and imports,,,,,National Accounts - SNA 2008 - SNE,2023,9
SNEQ.SG03AD02R000S900,2023.12,14453,REVISED,Dollars,6,A,Consolidated accounts - table 1.1,D02P,Taxes on production and imports,,,,,National Accounts - SNA 2008 - SNE,2023,12
SNEQ.SG03AD02R000S900,2024.03,13193,REVISED,Dollars,6,A,Consolidated accounts - table 1.1,D02P,Taxes on production and imports,,,,,National Accounts - SNA 2008 - SNE,2024,3
SNEQ.SG03AD02R000S900,2024.06,13984,REVISED,Dollars,6,A,Consolidated accounts - table 1.1,D02P,Taxes on production and imports,,,,,National Accounts - SNA 2008 - SNE,2024,6
SNEQ.SG03AD02R000S900,2024.09,13799,REVISED,Dollars,6,A,Consolidated accounts - table 1.1,D02P,Taxes on production and imports,,,,,National Accounts - SNA 2008 - SNE,2024,9
SNEQ.SG03AD02R000S900,2024.12,14929,REVISED,Dollars,6,A,Consolidated accounts - table 1.1,D02P,Taxes on production and imports,,,,,National Accounts - SNA 2008 - SNE,2024,12
SNEQ.SG03AD02R000S900,2025.03,13880,REVISED,Dollars,6,A,Consolidated accounts - table 1.1,D02P,Taxes on production and imports,,,,,National Accounts - SNA 2008 - SNE,2025,3
SNEQ.SG03AD02R000S900,2025.06,14547,FINAL,Dollars,6,A,Consolidated accounts - table 1.1,D02P,Taxes on production and imports,,,,,National Accounts - SNA 2008 - SNE,2025,6
SNEQ.SG03AD03R000S900,2011.06,275,FINAL,Dollars,6,A,Consolidated accounts - table 1.1,D03R,Subsidies,,,,,National Accounts - SNA 2008 - SNE,2011,6
SNEQ.SG03AD03R000S900,2011.09,320,FINAL,Dollars,6,A,Consolidated accounts - table 1.1,D03R,Subsidies,,,,,National Accounts - SNA 2008 - SNE,2011,9
SNEQ.SG03AD03R000S900,2011.12,230,FINAL,Dollars,6,A,Consolidated accounts - table 1.1,D03R,Subsidies,,,,,National Accounts - SNA 2008 - SNE,2011,12
SNEQ.SG03AD03R000S900,2012.03,249,FINAL,Dollars,6,A,Consolidated accounts - table 1.1,D03R,Subsidies,,,,,National Accounts - SNA 2008 - SNE,2012,3
SNEQ.SG03AD03R000S900,2012.06,252,FINAL,Dollars,6,A,Consolidated accounts - table 1.1,D03R,Subsidies,,,,,National Accounts - SNA 2008 - SNE,2012,6
SNEQ.SG03AD03R000S900,2012.09,256,FINAL,Dollars,6,A,Consolidated accounts - table 1.1,D03R,Subsidies,,,,,National Accounts - SNA 2008 - SNE,2012,9
SNEQ.SG03AD03R000S900,2012.12,212,FINAL,Dollars,6,A,Consolidated accounts - table 1.1,D03R,Subsidies,,,,,National Accounts - SNA 2008 - SNE,2012,12
SNEQ.SG03AD03R000S900,2013.03,231,FINAL,Dollars,6,A,Consolidated accounts - table 1.1,D03R,Subsidies,,,,,National Accounts - SNA 2008 - SNE,2013,3
SNEQ.SG03AD03R000S900,2013.06,270,FINAL,Dollars,6,A,Consolidated accounts - table 1.1,D03R,Subsidies,,,,,National Accounts - SNA 2008 - SNE,2013,6
SNEQ.SG03AD03R000S900,2013.09,255,FINAL,Dollars,6,A,Consolidated accounts - table 1.1,D03R,Subsidies,,,,,National Accounts - SNA 2008 - SNE,2013,9
SNEQ.SG03AD03R000S900,2013.12,204,FINAL,Dollars,6,A,Consolidated accounts - table 1.1,D03R,Subsidies,,,,,National Accounts - SNA 2008 - SNE,2013,12
SNEQ.SG03AD03R000S900,2014.03,183,FINAL,Dollars,6,A,Consolidated accounts - table 1.1,D03R,Subsidies,,,,,National Accounts - SNA 2008 - SNE,2014,3
SNEQ.SG03AD03R000S900,2014.06,242,FINAL,Dollars,6,A,Consolidated accounts - table 1.1,D03R,Subsidies,,,,,National Accounts - SNA 2008 - SNE,2014,6
SNEQ.SG03AD03R000S900,2014.09,232,FINAL,Dollars,6,A,Consolidated accounts - table 1.1,D03R,Subsidies,,,,,National Accounts - SNA 2008 - SNE,2014,9
SNEQ.SG03AD03R000S900,2014.12,196,FINAL,Dollars,6,A,Consolidated accounts - table 1.1,D03R,Subsidies,,,,,National Accounts - SNA 2008 - SNE,2014,12
SNEQ.SG03AD03R000S900,2015.03,181,FINAL,Dollars,6,A,Consolidated accounts - table 1.1,D03R,Subsidies,,,,,National Accounts - SNA 2008 - SNE,2015,3
SNEQ.SG03AD03R000S900,2015.06,191,FINAL,Dollars,6,A,Consolidated accounts - table 1.1,D03R,Subsidies,,,,,National Accounts - SNA 2008 - SNE,2015,6
SNEQ.SG03AD03R000S900,2015.09,211,FINAL,Dollars,6,A,Consolidated accounts - table 1.1,D03R,Subsidies,,,,,National Accounts - SNA 2008 - SNE,2015,9
SNEQ.SG03AD03R000S900,2015.12,186,FINAL,Dollars,6,A,Consolidated accounts - table 1.1,D03R,Subsidies,,,,,National Accounts - SNA 2008 - SNE,2015,12
SNEQ.SG03AD03R000S900,2016.03,180,FINAL,Dollars,6,A,Consolidated accounts - table 1.1,D03R,Subsidies,,,,,National Accounts - SNA 2008 - SNE,2016,3
SNEQ.SG03AD03R000S900,2016.06,191,FINAL,Dollars,6,A,Consolidated accounts - table 1.1,D03R,Subsidies,,,,,National Accounts - SNA 2008 - SNE,2016,6
SNEQ.SG03AD03R000S900,2016.09,218,FINAL,Dollars,6,A,Consolidated accounts - table 1.1,D03R,Subsidies,,,,,National Accounts - SNA 2008 - SNE,2016,9
SNEQ.SG03AD03R000S900,2016.12,231,FINAL,Dollars,6,A,Consolidated accounts - table 1.1,D03R,Subsidies,,,,,National Accounts - SNA 2008 - SNE,2016,12
SNEQ.SG03AD03R000S900,2017.03,251,FINAL,Dollars,6,A,Consolidated accounts - table 1.1,D03R,Subsidies,,,,,National Accounts - SNA 2008 - SNE,2017,3
SNEQ.SG03AD03R000S900,2017.06,252,FINAL,Dollars,6,A,Consolidated accounts - table 1.1,D03R,Subsidies,,,,,National Accounts - SNA 2008 - SNE,2017,6
SNEQ.SG03AD03R000S900,2017.09,241,FINAL,Dollars,6,A,Consolidated accounts - table 1.1,D03R,Subsidies,,,,,National Accounts - SNA 2008 - SNE,2017,9
SNEQ.SG03AD03R000S900,2017.12,264,FINAL,Dollars,6,A,Consolidated accounts - table 1.1,D03R,Subsidies,,,,,National Accounts - SNA 2008 - SNE,2017,12
SNEQ.SG03AD03R000S900,2018.03,255,FINAL,Dollars,6,A,Consolidated accounts - table 1.1,D03R,Subsidies,,,,,National Accounts - SNA 2008 - SNE,2018,3
SNEQ.SG03AD03R000S900,2018.06,262,FINAL,Dollars,6,A,Consolidated accounts - table 1.1,D03R,Subsidies,,,,,National Accounts - SNA 2008 - SNE,2018,6
SNEQ.SG03AD03R000S900,2018.09,263,FINAL,Dollars,6,A,Consolidated accounts - table 1.1,D03R,Subsidies,,,,,National Accounts - SNA 2008 - SNE,2018,9
SNEQ.SG03AD03R000S900,2018.12,257,FINAL,Dollars,6,A,Consolidated accounts - table 1.1,D03R,Subsidies,,,,,National Accounts - SNA 2008 - SNE,2018,12
SNEQ.SG03AD03R000S900,2019.03,258,FINAL,Dollars,6,A,Consolidated accounts - table 1.1,D03R,Subsidies,,,,,National Accounts - SNA 2008 - SNE,2019,3
SNEQ.SG03AD03R000S900,2019.06,258,FINAL,Dollars,6,A,Consolidated accounts - table 1.1,D03R,Subsidies,,,,,National Accounts - SNA 2008 - SNE,2019,6
SNEQ.SG03AD03R000S900,2019.09,327,FINAL,Dollars,6,A,Consolidated accounts - table 1.1,D03R,Subsidies,,,,,National Accounts - SNA 2008 - SNE,2019,9
SNEQ.SG03AD03R000S900,2019.12,295,FINAL,Dollars,6,A,Consolidated accounts - table 1.1,D03R,Subsidies,,,,,National Accounts - SNA 2008 - SNE,2019,12
SNEQ.SG03AD03R000S900,2020.03,4080,FINAL,Dollars,6,A,Consolidated accounts - table 1.1,D03R,Subsidies,,,,,National Accounts - SNA 2008 - SNE,2020,3
SNEQ.SG03AD03R000S900,2020.06,8548,FINAL,Dollars,6,A,Consolidated accounts - table 1.1,D03R,Subsidies,,,,,National Accounts - SNA 2008 - SNE,2020,6
SNEQ.SG03AD03R000S900,2020.09,2299,FINAL,Dollars,6,A,Consolidated accounts - table 1.1,D03R,Subsidies,,,,,National Accounts - SNA 2008 - SNE,2020,9
SNEQ.SG03AD03R000S900,2020.12,531,FINAL,Dollars,6,A,Consolidated accounts - table 1.1,D03R,Subsidies,,,,,National Accounts - SNA 2008 - SNE,2020,12
SNEQ.SG03AD03R000S900,2021.03,896,FINAL,Dollars,6,A,Consolidated accounts - table 1.1,D03R,Subsidies,,,,,National Accounts - SNA 2008 - SNE,2021,3
SNEQ.SG03AD03R000S900,2021.06,584,FINAL,Dollars,6,A,Consolidated accounts - table 1.1,D03R,Subsidies,,,,,National Accounts - SNA 2008 - SNE,2021,6
SNEQ.SG03AD03R000S900,2021.09,4402,FINAL,Dollars,6,A,Consolidated accounts - table 1.1,D03R,Subsidies,,,,,National Accounts - SNA 2008 - SNE,2021,9
SNEQ.SG03AD03R000S900,2021.12,4375,FINAL,Dollars,6,A,Consolidated accounts - table 1.1,D03R,Subsidies,,,,,National Accounts - SNA 2008 - SNE,2021,12
SNEQ.SG03AD03R000S900,2022.03,1971,FINAL,Dollars,6,A,Consolidated accounts - table 1.1,D03R,Subsidies,,,,,National Accounts - SNA 2008 - SNE,2022,3
SNEQ.SG03AD03R000S900,2022.06,1133,FINAL,Dollars,6,A,Consolidated accounts - table 1.1,D03R,Subsidies,,,,,National Accounts - SNA 2008 - SNE,2022,6
SNEQ.SG03AD03R000S900,2022.09,853,FINAL,Dollars,6,A,Consolidated accounts - table 1.1,D03R,Subsidies,,,,,National Accounts - SNA 2008 - SNE,2022,9
SNEQ.SG03AD03R000S900,2022.12,656,FINAL,Dollars,6,A,Consolidated accounts - table 1.1,D03R,Subsidies,,,,,National Accounts - SNA 2008 - SNE,2022,12
SNEQ.SG03AD03R000S900,2023.03,654,FINAL,Dollars,6,A,Consolidated accounts - table 1.1,D03R,Subsidies,,,,,National Accounts - SNA 2008 - SNE,2023,3
SNEQ.SG03AD03R000S900,2023.06,559,FINAL,Dollars,6,A,Consolidated accounts - table 1.1,D03R,Subsidies,,,,,National Accounts - SNA 2008 - SNE,2023,6
SNEQ.SG03AD03R000S900,2023.09,614,FINAL,Dollars,6,A,Consolidated accounts - table 1.1,D03R,Subsidies,,,,,National Accounts - SNA 2008 - SNE,2023,9
SNEQ.SG03AD03R000S900,2023.12,575,FINAL,Dollars,6,A,Consolidated accounts - table 1.1,D03R,Subsidies,,,,,National Accounts - SNA 2008 - SNE,2023,12
SNEQ.SG03AD03R000S900,2024.03,633,FINAL,Dollars,6,A,Consolidated accounts - table 1.1,D03R,Subsidies,,,,,National Accounts - SNA 2008 - SNE,2024,3
SNEQ.SG03AD03R000S900,2024.06,541,FINAL,Dollars,6,A,Consolidated accounts - table 1.1,D03R,Subsidies,,,,,National Accounts - SNA 2008 - SNE,2024,6
SNEQ.SG03AD03R000S900,2024.09,632,FINAL,Dollars,6,A,Consolidated accounts - table 1.1,D03R,Subsidies,,,,,National Accounts - SNA 2008 - SNE,2024,9
SNEQ.SG03AD03R000S900,2024.12,573,FINAL,Dollars,6,A,Consolidated accounts - table 1.1,D03R,Subsidies,,,,,National Accounts - SNA 2008 - SNE,2024,12
SNEQ.SG03AD03R000S900,2025.03,566,FINAL,Dollars,6,A,Consolidated accounts - table 1.1,D03R,Subsidies,,,,,National Accounts - SNA 2008 - SNE,2025,3
SNEQ.SG03AD03R000S900,2025.06,505,FINAL,Dollars,6,A,Consolidated accounts - table 1.1,D03R,Subsidies,,,,,National Accounts - SNA 2008 - SNE,2025,6
SNEQ.SG03AP030000S900,2011.06,40957,FINAL,Dollars,6,A,Consolidated accounts - table 1.1,P03,Final consumption expenditure,,,,,National Accounts - SNA 2008 - SNE,2011,6
SNEQ.SG03AP030000S900,2011.09,41287,FINAL,Dollars,6,A,Consolidated accounts - table 1.1,P03,Final consumption expenditure,,,,,National Accounts - SNA 2008 - SNE,2011,9
SNEQ.SG03AP030000S900,2011.12,43163,FINAL,Dollars,6,A,Consolidated accounts - table 1.1,P03,Final consumption expenditure,,,,,National Accounts - SNA 2008 - SNE,2011,12
SNEQ.SG03AP030000S900,2012.03,40525,FINAL,Dollars,6,A,Consolidated accounts - table 1.1,P03,Final consumption expenditure,,,,,National Accounts - SNA 2008 - SNE,2012,3
SNEQ.SG03AP030000S900,2012.06,42156,FINAL,Dollars,6,A,Consolidated accounts - table 1.1,P03,Final consumption expenditure,,,,,National Accounts - SNA 2008 - SNE,2012,6
SNEQ.SG03AP030000S900,2012.09,42071,FINAL,Dollars,6,A,Consolidated accounts - table 1.1,P03,Final consumption expenditure,,,,,National Accounts - SNA 2008 - SNE,2012,9
SNEQ.SG03AP030000S900,2012.12,44195,FINAL,Dollars,6,A,Consolidated accounts - table 1.1,P03,Final consumption expenditure,,,,,National Accounts - SNA 2008 - SNE,2012,12
SNEQ.SG03AP030000S900,2013.03,41625,FINAL,Dollars,6,A,Consolidated accounts - table 1.1,P03,Final consumption expenditure,,,,,National Accounts - SNA 2008 - SNE,2013,3
SNEQ.SG03AP030000S900,2013.06,43526,FINAL,Dollars,6,A,Consolidated accounts - table 1.1,P03,Final consumption expenditure,,,,,National Accounts - SNA 2008 - SNE,2013,6
SNEQ.SG03AP030000S900,2013.09,44078,FINAL,Dollars,6,A,Consolidated accounts - table 1.1,P03,Final consumption expenditure,,,,,National Accounts - SNA 2008 - SNE,2013,9
SNEQ.SG03AP030000S900,2013.12,46363,FINAL,Dollars,6,A,Consolidated accounts - table 1.1,P03,Final consumption expenditure,,,,,National Accounts - SNA 2008 - SNE,2013,12
SNEQ.SG03AP030000S900,2014.03,43551,FINAL,Dollars,6,A,Consolidated accounts - table 1.1,P03,Final consumption expenditure,,,,,National Accounts - SNA 2008 - SNE,2014,3
SNEQ.SG03AP030000S900,2014.06,45411,FINAL,Dollars,6,A,Consolidated accounts - table 1.1,P03,Final consumption expenditure,,,,,National Accounts - SNA 2008 - SNE,2014,6
SNEQ.SG03AP030000S900,2014.09,46081,FINAL,Dollars,6,A,Consolidated accounts - table 1.1,P03,Final consumption expenditure,,,,,National Accounts - SNA 2008 - SNE,2014,9
SNEQ.SG03AP030000S900,2014.12,48146,FINAL,Dollars,6,A,Consolidated accounts - table 1.1,P03,Final consumption expenditure,,,,,National Accounts - SNA 2008 - SNE,2014,12
SNEQ.SG03AP030000S900,2015.03,45295,FINAL,Dollars,6,A,Consolidated accounts - table 1.1,P03,Final consumption expenditure,,,,,National Accounts - SNA 2008 - SNE,2015,3
SNEQ.SG03AP030000S900,2015.06,47560,FINAL,Dollars,6,A,Consolidated accounts - table 1.1,P03,Final consumption expenditure,,,,,National Accounts - SNA 2008 - SNE,2015,6
SNEQ.SG03AP030000S900,2015.09,48207,FINAL,Dollars,6,A,Consolidated accounts - table 1.1,P03,Final consumption expenditure,,,,,National Accounts - SNA 2008 - SNE,2015,9
SNEQ.SG03AP030000S900,2015.12,50546,FINAL,Dollars,6,A,Consolidated accounts - table 1.1,P03,Final consumption expenditure,,,,,National Accounts - SNA 2008 - SNE,2015,12
SNEQ.SG03AP030000S900,2016.03,47380,FINAL,Dollars,6,A,Consolidated accounts - table 1.1,P03,Final consumption expenditure,,,,,National Accounts - SNA 2008 - SNE,2016,3
SNEQ.SG03AP030000S900,2016.06,50207,FINAL,Dollars,6,A,Consolidated accounts - table 1.1,P03,Final consumption expenditure,,,,,National Accounts - SNA 2008 - SNE,2016,6
SNEQ.SG03AP030000S900,2016.09,51208,FINAL,Dollars,6,A,Consolidated accounts - table 1.1,P03,Final consumption expenditure,,,,,National Accounts - SNA 2008 - SNE,2016,9
SNEQ.SG03AP030000S900,2016.12,53927,FINAL,Dollars,6,A,Consolidated accounts - table 1.1,P03,Final consumption expenditure,,,,,National Accounts - SNA 2008 - SNE,2016,12
SNEQ.SG03AP030000S900,2017.03,51157,FINAL,Dollars,6,A,Consolidated accounts - table 1.1,P03,Final consumption expenditure,,,,,National Accounts - SNA 2008 - SNE,2017,3
SNEQ.SG03AP030000S900,2017.06,53385,REVISED,Dollars,6,A,Consolidated accounts - table 1.1,P03,Final consumption expenditure,,,,,National Accounts - SNA 2008 - SNE,2017,6
SNEQ.SG03AP030000S900,2017.09,54488,FINAL,Dollars,6,A,Consolidated accounts - table 1.1,P03,Final consumption expenditure,,,,,National Accounts - SNA 2008 - SNE,2017,9
SNEQ.SG03AP030000S900,2017.12,57462,FINAL,Dollars,6,A,Consolidated accounts - table 1.1,P03,Final consumption expenditure,,,,,National Accounts - SNA 2008 - SNE,2017,12
SNEQ.SG03AP030000S900,2018.03,53805,REVISED,Dollars,6,A,Consolidated accounts - table 1.1,P03,Final consumption expenditure,,,,,National Accounts - SNA 2008 - SNE,2018,3
SNEQ.SG03AP030000S900,2018.06,56750,REVISED,Dollars,6,A,Consolidated accounts - table 1.1,P03,Final consumption expenditure,,,,,National Accounts - SNA 2008 - SNE,2018,6
SNEQ.SG03AP030000S900,2018.09,58001,REVISED,Dollars,6,A,Consolidated accounts - table 1.1,P03,Final consumption expenditure,,,,,National Accounts - SNA 2008 - SNE,2018,9
SNEQ.SG03AP030000S900,2018.12,61200,FINAL,Dollars,6,A,Consolidated accounts - table 1.1,P03,Final consumption expenditure,,,,,National Accounts - SNA 2008 - SNE,2018,12
SNEQ.SG03AP030000S900,2019.03,57044,REVISED,Dollars,6,A,Consolidated accounts - table 1.1,P03,Final consumption expenditure,,,,,National Accounts - SNA 2008 - SNE,2019,3
SNEQ.SG03AP030000S900,2019.06,60270,REVISED,Dollars,6,A,Consolidated accounts - table 1.1,P03,Final consumption expenditure,,,,,National Accounts - SNA 2008 - SNE,2019,6
SNEQ.SG03AP030000S900,2019.09,61105,REVISED,Dollars,6,A,Consolidated accounts - table 1.1,P03,Final consumption expenditure,,,,,National Accounts - SNA 2008 - SNE,2019,9
SNEQ.SG03AP030000S900,2019.12,64468,REVISED,Dollars,6,A,Consolidated accounts - table 1.1,P03,Final consumption expenditure,,,,,National Accounts - SNA 2008 - SNE,2019,12
SNEQ.SG03AP030000S900,2020.03,59964,REVISED,Dollars,6,A,Consolidated accounts - table 1.1,P03,Final consumption expenditure,,,,,National Accounts - SNA 2008 - SNE,2020,3
SNEQ.SG03AP030000S900,2020.06,57266,REVISED,Dollars,6,A,Consolidated accounts - table 1.1,P03,Final consumption expenditure,,,,,National Accounts - SNA 2008 - SNE,2020,6
SNEQ.SG03AP030000S900,2020.09,63380,REVISED,Dollars,6,A,Consolidated accounts - table 1.1,P03,Final consumption expenditure,,,,,National Accounts - SNA 2008 - SNE,2020,9
SNEQ.SG03AP030000S900,2020.12,67673,REVISED,Dollars,6,A,Consolidated accounts - table 1.1,P03,Final consumption expenditure,,,,,National Accounts - SNA 2008 - SNE,2020,12
SNEQ.SG03AP030000S900,2021.03,65793,REVISED,Dollars,6,A,Consolidated accounts - table 1.1,P03,Final consumption expenditure,,,,,National Accounts - SNA 2008 - SNE,2021,3
SNEQ.SG03AP030000S900,2021.06,69115,REVISED,Dollars,6,A,Consolidated accounts - table 1.1,P03,Final consumption expenditure,,,,,National Accounts - SNA 2008 - SNE,2021,6
SNEQ.SG03AP030000S900,2021.09,66699,REVISED,Dollars,6,A,Consolidated accounts - table 1.1,P03,Final consumption expenditure,,,,,National Accounts - SNA 2008 - SNE,2021,9
SNEQ.SG03AP030000S900,2021.12,74089,REVISED,Dollars,6,A,Consolidated accounts - table 1.1,P03,Final consumption expenditure,,,,,National Accounts - SNA 2008 - SNE,2021,12
SNEQ.SG03AP030000S900,2022.03,72411,REVISED,Dollars,6,A,Consolidated accounts - table 1.1,P03,Final consumption expenditure,,,,,National Accounts - SNA 2008 - SNE,2022,3
SNEQ.SG03AP030000S900,2022.06,75135,REVISED,Dollars,6,A,Consolidated accounts - table 1.1,P03,Final consumption expenditure,,,,,National Accounts - SNA 2008 - SNE,2022,6
SNEQ.SG03AP030000S900,2022.09,76976,REVISED,Dollars,6,A,Consolidated accounts - table 1.1,P03,Final consumption expenditure,,,,,National Accounts - SNA 2008 - SNE,2022,9
SNEQ.SG03AP030000S900,2022.12,81328,REVISED,Dollars,6,A,Consolidated accounts - table 1.1,P03,Final consumption expenditure,,,,,National Accounts - SNA 2008 - SNE,2022,12
SNEQ.SG03AP030000S900,2023.03,77106,REVISED,Dollars,6,A,Consolidated accounts - table 1.1,P03,Final consumption expenditure,,,,,National Accounts - SNA 2008 - SNE,2023,3
SNEQ.SG03AP030000S900,2023.06,81178,REVISED,Dollars,6,A,Consolidated accounts - table 1.1,P03,Final consumption expenditure,,,,,National Accounts - SNA 2008 - SNE,2023,6
SNEQ.SG03AP030000S900,2023.09,81375,REVISED,Dollars,6,A,Consolidated accounts - table 1.1,P03,Final consumption expenditure,,,,,National Accounts - SNA 2008 - SNE,2023,9
SNEQ.SG03AP030000S900,2023.12,85397,REVISED,Dollars,6,A,Consolidated accounts - table 1.1,P03,Final consumption expenditure,,,,,National Accounts - SNA 2008 - SNE,2023,12
SNEQ.SG03AP030000S900,2024.03,80152,REVISED,Dollars,6,A,Consolidated accounts - table 1.1,P03,Final consumption expenditure,,,,,National Accounts - SNA 2008 - SNE,2024,3
SNEQ.SG03AP030000S900,2024.06,83984,REVISED,Dollars,6,A,Consolidated accounts - table 1.1,P03,Final consumption expenditure,,,,,National Accounts - SNA 2008 - SNE,2024,6
SNEQ.SG03AP030000S900,2024.09,83922,REVISED,Dollars,6,A,Consolidated accounts - table 1.1,P03,Final consumption expenditure,,,,,National Accounts - SNA 2008 - SNE,2024,9
SNEQ.SG03AP030000S900,2024.12,87744,REVISED,Dollars,6,A,Consolidated accounts - table 1.1,P03,Final consumption expenditure,,,,,National Accounts - SNA 2008 - SNE,2024,12
SNEQ.SG03AP030000S900,2025.03,83585,REVISED,Dollars,6,A,Consolidated accounts - table 1.1,P03,Final consumption expenditure,,,,,National Accounts - SNA 2008 - SNE,2025,3
SNEQ.SG03AP030000S900,2025.06,87207,FINAL,Dollars,6,A,Consolidated accounts - table 1.1,P03,Final consumption expenditure,,,,,National Accounts - SNA 2008 - SNE,2025,6
SNEQ.SG03AP051G00S900,2011.06,10396,FINAL,Dollars,6,A,Consolidated accounts - table 1.1,P051G,Gross fixed capital formation,,,,,National Accounts - SNA 2008 - SNE,2011,6
SNEQ.SG03AP051G00S900,2011.09,10486,FINAL,Dollars,6,A,Consolidated accounts - table 1.1,P051G,Gross fixed capital formation,,,,,National Accounts - SNA 2008 - SNE,2011,9
SNEQ.SG03AP051G00S900,2011.12,11176,FINAL,Dollars,6,A,Consolidated accounts - table 1.1,P051G,Gross fixed capital formation,,,,,National Accounts - SNA 2008 - SNE,2011,12
SNEQ.SG03AP051G00S900,2012.03,10712,FINAL,Dollars,6,A,Consolidated accounts - table 1.1,P051G,Gross fixed capital formation,,,,,National Accounts - SNA 2008 - SNE,2012,3
SNEQ.SG03AP051G00S900,2012.06,11371,FINAL,Dollars,6,A,Consolidated accounts - table 1.1,P051G,Gross fixed capital formation,,,,,National Accounts - SNA 2008 - SNE,2012,6
SNEQ.SG03AP051G00S900,2012.09,11256,FINAL,Dollars,6,A,Consolidated accounts - table 1.1,P051G,Gross fixed capital formation,,,,,National Accounts - SNA 2008 - SNE,2012,9
SNEQ.SG03AP051G00S900,2012.12,11840,FINAL,Dollars,6,A,Consolidated accounts - table 1.1,P051G,Gross fixed capital formation,,,,,National Accounts - SNA 2008 - SNE,2012,12
SNEQ.SG03AP051G00S900,2013.03,11109,FINAL,Dollars,6,A,Consolidated accounts - table 1.1,P051G,Gross fixed capital formation,,,,,National Accounts - SNA 2008 - SNE,2013,3
SNEQ.SG03AP051G00S900,2013.06,12073,FINAL,Dollars,6,A,Consolidated accounts - table 1.1,P051G,Gross fixed capital formation,,,,,National Accounts - SNA 2008 - SNE,2013,6
SNEQ.SG03AP051G00S900,2013.09,12478,FINAL,Dollars,6,A,Consolidated accounts - table 1.1,P051G,Gross fixed capital formation,,,,,National Accounts - SNA 2008 - SNE,2013,9
SNEQ.SG03AP051G00S900,2013.12,12971,FINAL,Dollars,6,A,Consolidated accounts - table 1.1,P051G,Gross fixed capital formation,,,,,National Accounts - SNA 2008 - SNE,2013,12
SNEQ.SG03AP051G00S900,2014.03,12290,FINAL,Dollars,6,A,Consolidated accounts - table 1.1,P051G,Gross fixed capital formation,,,,,National Accounts - SNA 2008 - SNE,2014,3
SNEQ.SG03AP051G00S900,2014.06,13270,FINAL,Dollars,6,A,Consolidated accounts - table 1.1,P051G,Gross fixed capital formation,,,,,National Accounts - SNA 2008 - SNE,2014,6
SNEQ.SG03AP051G00S900,2014.09,13890,FINAL,Dollars,6,A,Consolidated accounts - table 1.1,P051G,Gross fixed capital formation,,,,,National Accounts - SNA 2008 - SNE,2014,9
SNEQ.SG03AP051G00S900,2014.12,14382,FINAL,Dollars,6,A,Consolidated accounts - table 1.1,P051G,Gross fixed capital formation,,,,,National Accounts - SNA 2008 - SNE,2014,12
SNEQ.SG03AP051G00S900,2015.03,13214,FINAL,Dollars,6,A,Consolidated accounts - table 1.1,P051G,Gross fixed capital formation,,,,,National Accounts - SNA 2008 - SNE,2015,3
SNEQ.SG03AP051G00S900,2015.06,14224,FINAL,Dollars,6,A,Consolidated accounts - table 1.1,P051G,Gross fixed capital formation,,,,,National Accounts - SNA 2008 - SNE,2015,6
SNEQ.SG03AP051G00S900,2015.09,15133,FINAL,Dollars,6,A,Consolidated accounts - table 1.1,P051G,Gross fixed capital formation,,,,,National Accounts - SNA 2008 - SNE,2015,9
SNEQ.SG03AP051G00S900,2015.12,15088,FINAL,Dollars,6,A,Consolidated accounts - table 1.1,P051G,Gross fixed capital formation,,,,,National Accounts - SNA 2008 - SNE,2015,12
SNEQ.SG03AP051G00S900,2016.03,14107,FINAL,Dollars,6,A,Consolidated accounts - table 1.1,P051G,Gross fixed capital formation,,,,,National Accounts - SNA 2008 - SNE,2016,3
SNEQ.SG03AP051G00S900,2016.06,15215,FINAL,Dollars,6,A,Consolidated accounts - table 1.1,P051G,Gross fixed capital formation,,,,,National Accounts - SNA 2008 - SNE,2016,6
SNEQ.SG03AP051G00S900,2016.09,15643,FINAL,Dollars,6,A,Consolidated accounts - table 1.1,P051G,Gross fixed capital formation,,,,,National Accounts - SNA 2008 - SNE,2016,9
SNEQ.SG03AP051G00S900,2016.12,15810,FINAL,Dollars,6,A,Consolidated accounts - table 1.1,P051G,Gross fixed capital formation,,,,,National Accounts - SNA 2008 - SNE,2016,12
SNEQ.SG03AP051G00S900,2017.03,14785,FINAL,Dollars,6,A,Consolidated accounts - table 1.1,P051G,Gross fixed capital formation,,,,,National Accounts - SNA 2008 - SNE,2017,3
SNEQ.SG03AP051G00S900,2017.06,15982,FINAL,Dollars,6,A,Consolidated accounts - table 1.1,P051G,Gross fixed capital formation,,,,,National Accounts - SNA 2008 - SNE,2017,6
SNEQ.SG03AP051G00S900,2017.09,16665,FINAL,Dollars,6,A,Consolidated accounts - table 1.1,P051G,Gross fixed capital formation,,,,,National Accounts - SNA 2008 - SNE,2017,9
SNEQ.SG03AP051G00S900,2017.12,17713,FINAL,Dollars,6,A,Consolidated accounts - table 1.1,P051G,Gross fixed capital formation,,,,,National Accounts - SNA 2008 - SNE,2017,12
SNEQ.SG03AP051G00S900,2018.03,16474,FINAL,Dollars,6,A,Consolidated accounts - table 1.1,P051G,Gross fixed capital formation,,,,,National Accounts - SNA 2008 - SNE,2018,3
SNEQ.SG03AP051G00S900,2018.06,17720,FINAL,Dollars,6,A,Consolidated accounts - table 1.1,P051G,Gross fixed capital formation,,,,,National Accounts - SNA 2008 - SNE,2018,6
SNEQ.SG03AP051G00S900,2018.09,17908,FINAL,Dollars,6,A,Consolidated accounts - table 1.1,P051G,Gross fixed capital formation,,,,,National Accounts - SNA 2008 - SNE,2018,9
SNEQ.SG03AP051G00S900,2018.12,18672,FINAL,Dollars,6,A,Consolidated accounts - table 1.1,P051G,Gross fixed capital formation,,,,,National Accounts - SNA 2008 - SNE,2018,12
SNEQ.SG03AP051G00S900,2019.03,17731,FINAL,Dollars,6,A,Consolidated accounts - table 1.1,P051G,Gross fixed capital formation,,,,,National Accounts - SNA 2008 - SNE,2019,3
SNEQ.SG03AP051G00S900,2019.06,18858,REVISED,Dollars,6,A,Consolidated accounts - table 1.1,P051G,Gross fixed capital formation,,,,,National Accounts - SNA 2008 - SNE,2019,6
SNEQ.SG03AP051G00S900,2019.09,19259,REVISED,Dollars,6,A,Consolidated accounts - table 1.1,P051G,Gross fixed capital formation,,,,,National Accounts - SNA 2008 - SNE,2019,9
SNEQ.SG03AP051G00S900,2019.12,19980,FINAL,Dollars,6,A,Consolidated accounts - table 1.1,P051G,Gross fixed capital formation,,,,,National Accounts - SNA 2008 - SNE,2019,12
SNEQ.SG03AP051G00S900,2020.03,17958,REVISED,Dollars,6,A,Consolidated accounts - table 1.1,P051G,Gross fixed capital formation,,,,,National Accounts - SNA 2008 - SNE,2020,3
SNEQ.SG03AP051G00S900,2020.06,15547,REVISED,Dollars,6,A,Consolidated accounts - table 1.1,P051G,Gross fixed capital formation,,,,,National Accounts - SNA 2008 - SNE,2020,6
SNEQ.SG03AP051G00S900,2020.09,19982,REVISED,Dollars,6,A,Consolidated accounts - table 1.1,P051G,Gross fixed capital formation,,,,,National Accounts - SNA 2008 - SNE,2020,9
SNEQ.SG03AP051G00S900,2020.12,20650,FINAL,Dollars,6,A,Consolidated accounts - table 1.1,P051G,Gross fixed capital formation,,,,,National Accounts - SNA 2008 - SNE,2020,12
SNEQ.SG03AP051G00S900,2021.03,20145,REVISED,Dollars,6,A,Consolidated accounts - table 1.1,P051G,Gross fixed capital formation,,,,,National Accounts - SNA 2008 - SNE,2021,3
SNEQ.SG03AP051G00S900,2021.06,20980,REVISED,Dollars,6,A,Consolidated accounts - table 1.1,P051G,Gross fixed capital formation,,,,,National Accounts - SNA 2008 - SNE,2021,6
SNEQ.SG03AP051G00S900,2021.09,20679,REVISED,Dollars,6,A,Consolidated accounts - table 1.1,P051G,Gross fixed capital formation,,,,,National Accounts - SNA 2008 - SNE,2021,9
SNEQ.SG03AP051G00S900,2021.12,23889,FINAL,Dollars,6,A,Consolidated accounts - table 1.1,P051G,Gross fixed capital formation,,,,,National Accounts - SNA 2008 - SNE,2021,12
SNEQ.SG03AP051G00S900,2022.03,22834,REVISED,Dollars,6,A,Consolidated accounts - table 1.1,P051G,Gross fixed capital formation,,,,,National Accounts - SNA 2008 - SNE,2022,3
SNEQ.SG03AP051G00S900,2022.06,23440,REVISED,Dollars,6,A,Consolidated accounts - table 1.1,P051G,Gross fixed capital formation,,,,,National Accounts - SNA 2008 - SNE,2022,6
SNEQ.SG03AP051G00S900,2022.09,25624,REVISED,Dollars,6,A,Consolidated accounts - table 1.1,P051G,Gross fixed capital formation,,,,,National Accounts - SNA 2008 - SNE,2022,9
SNEQ.SG03AP051G00S900,2022.12,26103,REVISED,Dollars,6,A,Consolidated accounts - table 1.1,P051G,Gross fixed capital formation,,,,,National Accounts - SNA 2008 - SNE,2022,12
SNEQ.SG03AP051G00S900,2023.03,24676,REVISED,Dollars,6,A,Consolidated accounts - table 1.1,P051G,Gross fixed capital formation,,,,,National Accounts - SNA 2008 - SNE,2023,3
SNEQ.SG03AP051G00S900,2023.06,25918,REVISED,Dollars,6,A,Consolidated accounts - table 1.1,P051G,Gross fixed capital formation,,,,,National Accounts - SNA 2008 - SNE,2023,6
SNEQ.SG03AP051G00S900,2023.09,25913,REVISED,Dollars,6,A,Consolidated accounts - table 1.1,P051G,Gross fixed capital formation,,,,,National Accounts - SNA 2008 - SNE,2023,9
SNEQ.SG03AP051G00S900,2023.12,26538,REVISED,Dollars,6,A,Consolidated accounts - table 1.1,P051G,Gross fixed capital formation,,,,,National Accounts - SNA 2008 - SNE,2023,12
SNEQ.SG03AP051G00S900,2024.03,24723,REVISED,Dollars,6,A,Consolidated accounts - table 1.1,P051G,Gross fixed capital formation,,,,,National Accounts - SNA 2008 - SNE,2024,3
SNEQ.SG03AP051G00S900,2024.06,25379,REVISED,Dollars,6,A,Consolidated accounts - table 1.1,P051G,Gross fixed capital formation,,,,,National Accounts - SNA 2008 - SNE,2024,6
SNEQ.SG03AP051G00S900,2024.09,24920,REVISED,Dollars,6,A,Consolidated accounts - table 1.1,P051G,Gross fixed capital formation,,,,,National Accounts - SNA 2008 - SNE,2024,9
SNEQ.SG03AP051G00S900,2024.12,25445,REVISED,Dollars,6,A,Consolidated accounts - table 1.1,P051G,Gross fixed capital formation,,,,,National Accounts - SNA 2008 - SNE,2024,12
SNEQ.SG03AP051G00S900,2025.03,24436,REVISED,Dollars,6,A,Consolidated accounts - table 1.1,P051G,Gross fixed capital formation,,,,,National Accounts - SNA 2008 - SNE,2025,3
SNEQ.SG03AP051G00S900,2025.06,24632,FINAL,Dollars,6,A,Consolidated accounts - table 1.1,P051G,Gross fixed capital formation,,,,,National Accounts - SNA 2008 - SNE,2025,6
SNEQ.SG03AP052000S900,2011.06,-1653,FINAL,Dollars,6,A,Consolidated accounts - table 1.1,P052,Change in inventories,,,,,National Accounts - SNA 2008 - SNE,2011,6
SNEQ.SG03AP052000S900,2011.09,762,FINAL,Dollars,6,A,Consolidated accounts - table 1.1,P052,Change in inventories,,,,,National Accounts - SNA 2008 - SNE,2011,9
SNEQ.SG03AP052000S900,2011.12,1333,FINAL,Dollars,6,A,Consolidated accounts - table 1.1,P052,Change in inventories,,,,,National Accounts - SNA 2008 - SNE,2011,12
SNEQ.SG03AP052000S900,2012.03,827,FINAL,Dollars,6,A,Consolidated accounts - table 1.1,P052,Change in inventories,,,,,National Accounts - SNA 2008 - SNE,2012,3
SNEQ.SG03AP052000S900,2012.06,-1154,FINAL,Dollars,6,A,Consolidated accounts - table 1.1,P052,Change in inventories,,,,,National Accounts - SNA 2008 - SNE,2012,6
SNEQ.SG03AP052000S900,2012.09,330,FINAL,Dollars,6,A,Consolidated accounts - table 1.1,P052,Change in inventories,,,,,National Accounts - SNA 2008 - SNE,2012,9
SNEQ.SG03AP052000S900,2012.12,1226,FINAL,Dollars,6,A,Consolidated accounts - table 1.1,P052,Change in inventories,,,,,National Accounts - SNA 2008 - SNE,2012,12
SNEQ.SG03AP052000S900,2013.03,387,FINAL,Dollars,6,A,Consolidated accounts - table 1.1,P052,Change in inventories,,,,,National Accounts - SNA 2008 - SNE,2013,3
SNEQ.SG03AP052000S900,2013.06,-1678,FINAL,Dollars,6,A,Consolidated accounts - table 1.1,P052,Change in inventories,,,,,National Accounts - SNA 2008 - SNE,2013,6
SNEQ.SG03AP052000S900,2013.09,1111,FINAL,Dollars,6,A,Consolidated accounts - table 1.1,P052,Change in inventories,,,,,National Accounts - SNA 2008 - SNE,2013,9
SNEQ.SG03AP052000S900,2013.12,2013,FINAL,Dollars,6,A,Consolidated accounts - table 1.1,P052,Change in inventories,,,,,National Accounts - SNA 2008 - SNE,2013,12
SNEQ.SG03AP052000S900,2014.03,399,FINAL,Dollars,6,A,Consolidated accounts - table 1.1,P052,Change in inventories,,,,,National Accounts - SNA 2008 - SNE,2014,3
SNEQ.SG03AP052000S900,2014.06,-1051,FINAL,Dollars,6,A,Consolidated accounts - table 1.1,P052,Change in inventories,,,,,National Accounts - SNA 2008 - SNE,2014,6
SNEQ.SG03AP052000S900,2014.09,577,FINAL,Dollars,6,A,Consolidated accounts - table 1.1,P052,Change in inventories,,,,,National Accounts - SNA 2008 - SNE,2014,9
SNEQ.SG03AP052000S900,2014.12,1445,FINAL,Dollars,6,A,Consolidated accounts - table 1.1,P052,Change in inventories,,,,,National Accounts - SNA 2008 - SNE,2014,12
SNEQ.SG03AP052000S900,2015.03,289,FINAL,Dollars,6,A,Consolidated accounts - table 1.1,P052,Change in inventories,,,,,National Accounts - SNA 2008 - SNE,2015,3
SNEQ.SG03AP052000S900,2015.06,-974,FINAL,Dollars,6,A,Consolidated accounts - table 1.1,P052,Change in inventories,,,,,National Accounts - SNA 2008 - SNE,2015,6
SNEQ.SG03AP052000S900,2015.09,11,FINAL,Dollars,6,A,Consolidated accounts - table 1.1,P052,Change in inventories,,,,,National Accounts - SNA 2008 - SNE,2015,9
SNEQ.SG03AP052000S900,2015.12,1237,FINAL,Dollars,6,A,Consolidated accounts - table 1.1,P052,Change in inventories,,,,,National Accounts - SNA 2008 - SNE,2015,12
SNEQ.SG03AP052000S900,2016.03,453,FINAL,Dollars,6,A,Consolidated accounts - table 1.1,P052,Change in inventories,,,,,National Accounts - SNA 2008 - SNE,2016,3
SNEQ.SG03AP052000S900,2016.06,-1639,FINAL,Dollars,6,A,Consolidated accounts - table 1.1,P052,Change in inventories,,,,,National Accounts - SNA 2008 - SNE,2016,6
SNEQ.SG03AP052000S900,2016.09,228,FINAL,Dollars,6,A,Consolidated accounts - table 1.1,P052,Change in inventories,,,,,National Accounts - SNA 2008 - SNE,2016,9
SNEQ.SG03AP052000S900,2016.12,1651,FINAL,Dollars,6,A,Consolidated accounts - table 1.1,P052,Change in inventories,,,,,National Accounts - SNA 2008 - SNE,2016,12
SNEQ.SG03AP052000S900,2017.03,1235,FINAL,Dollars,6,A,Consolidated accounts - table 1.1,P052,Change in inventories,,,,,National Accounts - SNA 2008 - SNE,2017,3
SNEQ.SG03AP052000S900,2017.06,-1693,FINAL,Dollars,6,A,Consolidated accounts - table 1.1,P052,Change in inventories,,,,,National Accounts - SNA 2008 - SNE,2017,6
SNEQ.SG03AP052000S900,2017.09,324,FINAL,Dollars,6,A,Consolidated accounts - table 1.1,P052,Change in inventories,,,,,National Accounts - SNA 2008 - SNE,2017,9
SNEQ.SG03AP052000S900,2017.12,1984,FINAL,Dollars,6,A,Consolidated accounts - table 1.1,P052,Change in inventories,,,,,National Accounts - SNA 2008 - SNE,2017,12
SNEQ.SG03AP052000S900,2018.03,1525,FINAL,Dollars,6,A,Consolidated accounts - table 1.1,P052,Change in inventories,,,,,National Accounts - SNA 2008 - SNE,2018,3
SNEQ.SG03AP052000S900,2018.06,-1082,FINAL,Dollars,6,A,Consolidated accounts - table 1.1,P052,Change in inventories,,,,,National Accounts - SNA 2008 - SNE,2018,6
SNEQ.SG03AP052000S900,2018.09,819,FINAL,Dollars,6,A,Consolidated accounts - table 1.1,P052,Change in inventories,,,,,National Accounts - SNA 2008 - SNE,2018,9
SNEQ.SG03AP052000S900,2018.12,1376,FINAL,Dollars,6,A,Consolidated accounts - table 1.1,P052,Change in inventories,,,,,National Accounts - SNA 2008 - SNE,2018,12
SNEQ.SG03AP052000S900,2019.03,341,FINAL,Dollars,6,A,Consolidated accounts - table 1.1,P052,Change in inventories,,,,,National Accounts - SNA 2008 - SNE,2019,3
SNEQ.SG03AP052000S900,2019.06,-1778,FINAL,Dollars,6,A,Consolidated accounts - table 1.1,P052,Change in inventories,,,,,National Accounts - SNA 2008 - SNE,2019,6
SNEQ.SG03AP052000S900,2019.09,1048,FINAL,Dollars,6,A,Consolidated accounts - table 1.1,P052,Change in inventories,,,,,National Accounts - SNA 2008 - SNE,2019,9
SNEQ.SG03AP052000S900,2019.12,1684,FINAL,Dollars,6,A,Consolidated accounts - table 1.1,P052,Change in inventories,,,,,National Accounts - SNA 2008 - SNE,2019,12
SNEQ.SG03AP052000S900,2020.03,-165,FINAL,Dollars,6,A,Consolidated accounts - table 1.1,P052,Change in inventories,,,,,National Accounts - SNA 2008 - SNE,2020,3
SNEQ.SG03AP052000S900,2020.06,-2921,FINAL,Dollars,6,A,Consolidated accounts - table 1.1,P052,Change in inventories,,,,,National Accounts - SNA 2008 - SNE,2020,6
SNEQ.SG03AP052000S900,2020.09,-62,FINAL,Dollars,6,A,Consolidated accounts - table 1.1,P052,Change in inventories,,,,,National Accounts - SNA 2008 - SNE,2020,9
SNEQ.SG03AP052000S900,2020.12,1160,FINAL,Dollars,6,A,Consolidated accounts - table 1.1,P052,Change in inventories,,,,,National Accounts - SNA 2008 - SNE,2020,12
SNEQ.SG03AP052000S900,2021.03,1424,FINAL,Dollars,6,A,Consolidated accounts - table 1.1,P052,Change in inventories,,,,,National Accounts - SNA 2008 - SNE,2021,3
SNEQ.SG03AP052000S900,2021.06,-3340,FINAL,Dollars,6,A,Consolidated accounts - table 1.1,P052,Change in inventories,,,,,National Accounts - SNA 2008 - SNE,2021,6
SNEQ.SG03AP052000S900,2021.09,2640,REVISED,Dollars,6,A,Consolidated accounts - table 1.1,P052,Change in inventories,,,,,National Accounts - SNA 2008 - SNE,2021,9
SNEQ.SG03AP052000S900,2021.12,1944,FINAL,Dollars,6,A,Consolidated accounts - table 1.1,P052,Change in inventories,,,,,National Accounts - SNA 2008 - SNE,2021,12
SNEQ.SG03AP052000S900,2022.03,545,FINAL,Dollars,6,A,Consolidated accounts - table 1.1,P052,Change in inventories,,,,,National Accounts - SNA 2008 - SNE,2022,3
SNEQ.SG03AP052000S900,2022.06,-865,REVISED,Dollars,6,A,Consolidated accounts - table 1.1,P052,Change in inventories,,,,,National Accounts - SNA 2008 - SNE,2022,6
SNEQ.SG03AP052000S900,2022.09,587,REVISED,Dollars,6,A,Consolidated accounts - table 1.1,P052,Change in inventories,,,,,National Accounts - SNA 2008 - SNE,2022,9
SNEQ.SG03AP052000S900,2022.12,3477,FINAL,Dollars,6,A,Consolidated accounts - table 1.1,P052,Change in inventories,,,,,National Accounts - SNA 2008 - SNE,2022,12
SNEQ.SG03AP052000S900,2023.03,310,REVISED,Dollars,6,A,Consolidated accounts - table 1.1,P052,Change in inventories,,,,,National Accounts - SNA 2008 - SNE,2023,3
SNEQ.SG03AP052000S900,2023.06,-3880,REVISED,Dollars,6,A,Consolidated accounts - table 1.1,P052,Change in inventories,,,,,National Accounts - SNA 2008 - SNE,2023,6
SNEQ.SG03AP052000S900,2023.09,991,REVISED,Dollars,6,A,Consolidated accounts - table 1.1,P052,Change in inventories,,,,,National Accounts - SNA 2008 - SNE,2023,9
SNEQ.SG03AP052000S900,2023.12,-171,FINAL,Dollars,6,A,Consolidated accounts - table 1.1,P052,Change in inventories,,,,,National Accounts - SNA 2008 - SNE,2023,12
SNEQ.SG03AP052000S900,2024.03,4,REVISED,Dollars,6,A,Consolidated accounts - table 1.1,P052,Change in inventories,,,,,National Accounts - SNA 2008 - SNE,2024,3
SNEQ.SG03AP052000S900,2024.06,-3774,REVISED,Dollars,6,A,Consolidated accounts - table 1.1,P052,Change in inventories,,,,,National Accounts - SNA 2008 - SNE,2024,6
SNEQ.SG03AP052000S900,2024.09,212,REVISED,Dollars,6,A,Consolidated accounts - table 1.1,P052,Change in inventories,,,,,National Accounts - SNA 2008 - SNE,2024,9
SNEQ.SG03AP052000S900,2024.12,1600,REVISED,Dollars,6,A,Consolidated accounts - table 1.1,P052,Change in inventories,,,,,National Accounts - SNA 2008 - SNE,2024,12
SNEQ.SG03AP052000S900,2025.03,-413,REVISED,Dollars,6,A,Consolidated accounts - table 1.1,P052,Change in inventories,,,,,National Accounts - SNA 2008 - SNE,2025,3
SNEQ.SG03AP052000S900,2025.06,-3587,FINAL,Dollars,6,A,Consolidated accounts - table 1.1,P052,Change in inventories,,,,,National Accounts - SNA 2008 - SNE,2025,6
SNEQ.SG03AP030000S310,2011.06,9547,FINAL,Dollars,6,A,Consolidated accounts - table 1.1,P03,Final consumption expenditure,,,31,Central government institutions,National Accounts - SNA 2008 - SNE,2011,6
SNEQ.SG03AP030000S310,2011.09,8933,FINAL,Dollars,6,A,Consolidated accounts - table 1.1,P03,Final consumption expenditure,,,31,Central government institutions,National Accounts - SNA 2008 - SNE,2011,9
SNEQ.SG03AP030000S310,2011.12,9169,FINAL,Dollars,6,A,Consolidated accounts - table 1.1,P03,Final consumption expenditure,,,31,Central government institutions,National Accounts - SNA 2008 - SNE,2011,12
SNEQ.SG03AP030000S310,2012.03,9028,FINAL,Dollars,6,A,Consolidated accounts - table 1.1,P03,Final consumption expenditure,,,31,Central government institutions,National Accounts - SNA 2008 - SNE,2012,3
SNEQ.SG03AP030000S310,2012.06,9590,FINAL,Dollars,6,A,Consolidated accounts - table 1.1,P03,Final consumption expenditure,,,31,Central government institutions,National Accounts - SNA 2008 - SNE,2012,6
SNEQ.SG03AP030000S310,2012.09,9151,FINAL,Dollars,6,A,Consolidated accounts - table 1.1,P03,Final consumption expenditure,,,31,Central government institutions,National Accounts - SNA 2008 - SNE,2012,9
SNEQ.SG03AP030000S310,2012.12,9293,FINAL,Dollars,6,A,Consolidated accounts - table 1.1,P03,Final consumption expenditure,,,31,Central government institutions,National Accounts - SNA 2008 - SNE,2012,12
SNEQ.SG03AP030000S310,2013.03,9256,FINAL,Dollars,6,A,Consolidated accounts - table 1.1,P03,Final consumption expenditure,,,31,Central government institutions,National Accounts - SNA 2008 - SNE,2013,3
SNEQ.SG03AP030000S310,2013.06,9791,FINAL,Dollars,6,A,Consolidated accounts - table 1.1,P03,Final consumption expenditure,,,31,Central government institutions,National Accounts - SNA 2008 - SNE,2013,6
SNEQ.SG03AP030000S310,2013.09,9521,FINAL,Dollars,6,A,Consolidated accounts - table 1.1,P03,Final consumption expenditure,,,31,Central government institutions,National Accounts - SNA 2008 - SNE,2013,9
SNEQ.SG03AP030000S310,2013.12,9701,FINAL,Dollars,6,A,Consolidated accounts - table 1.1,P03,Final consumption expenditure,,,31,Central government institutions,National Accounts - SNA 2008 - SNE,2013,12
SNEQ.SG03AP030000S310,2014.03,9658,FINAL,Dollars,6,A,Consolidated accounts - table 1.1,P03,Final consumption expenditure,,,31,Central government institutions,National Accounts - SNA 2008 - SNE,2014,3
SNEQ.SG03AP030000S310,2014.06,10320,FINAL,Dollars,6,A,Consolidated accounts - table 1.1,P03,Final consumption expenditure,,,31,Central government institutions,National Accounts - SNA 2008 - SNE,2014,6
SNEQ.SG03AP030000S310,2014.09,9958,FINAL,Dollars,6,A,Consolidated accounts - table 1.1,P03,Final consumption expenditure,,,31,Central government institutions,National Accounts - SNA 2008 - SNE,2014,9
SNEQ.SG03AP030000S310,2014.12,10062,FINAL,Dollars,6,A,Consolidated accounts - table 1.1,P03,Final consumption expenditure,,,31,Central government institutions,National Accounts - SNA 2008 - SNE,2014,12
SNEQ.SG03AP030000S310,2015.03,10046,FINAL,Dollars,6,A,Consolidated accounts - table 1.1,P03,Final consumption expenditure,,,31,Central government institutions,National Accounts - SNA 2008 - SNE,2015,3
SNEQ.SG03AP030000S310,2015.06,10787,FINAL,Dollars,6,A,Consolidated accounts - table 1.1,P03,Final consumption expenditure,,,31,Central government institutions,National Accounts - SNA 2008 - SNE,2015,6
SNEQ.SG03AP030000S310,2015.09,10334,FINAL,Dollars,6,A,Consolidated accounts - table 1.1,P03,Final consumption expenditure,,,31,Central government institutions,National Accounts - SNA 2008 - SNE,2015,9
SNEQ.SG03AP030000S310,2015.12,10277,FINAL,Dollars,6,A,Consolidated accounts - table 1.1,P03,Final consumption expenditure,,,31,Central government institutions,National Accounts - SNA 2008 - SNE,2015,12
SNEQ.SG03AP030000S310,2016.03,10354,FINAL,Dollars,6,A,Consolidated accounts - table 1.1,P03,Final consumption expenditure,,,31,Central government institutions,National Accounts - SNA 2008 - SNE,2016,3
SNEQ.SG03AP030000S310,2016.06,10967,FINAL,Dollars,6,A,Consolidated accounts - table 1.1,P03,Final consumption expenditure,,,31,Central government institutions,National Accounts - SNA 2008 - SNE,2016,6
SNEQ.SG03AP030000S310,2016.09,10818,FINAL,Dollars,6,A,Consolidated accounts - table 1.1,P03,Final consumption expenditure,,,31,Central government institutions,National Accounts - SNA 2008 - SNE,2016,9
SNEQ.SG03AP030000S310,2016.12,10829,FINAL,Dollars,6,A,Consolidated accounts - table 1.1,P03,Final consumption expenditure,,,31,Central government institutions,National Accounts - SNA 2008 - SNE,2016,12
SNEQ.SG03AP030000S310,2017.03,10910,FINAL,Dollars,6,A,Consolidated accounts - table 1.1,P03,Final consumption expenditure,,,31,Central government institutions,National Accounts - SNA 2008 - SNE,2017,3
SNEQ.SG03AP030000S310,2017.06,11572,FINAL,Dollars,6,A,Consolidated accounts - table 1.1,P03,Final consumption expenditure,,,31,Central government institutions,National Accounts - SNA 2008 - SNE,2017,6
SNEQ.SG03AP030000S310,2017.09,11482,FINAL,Dollars,6,A,Consolidated accounts - table 1.1,P03,Final consumption expenditure,,,31,Central government institutions,National Accounts - SNA 2008 - SNE,2017,9
SNEQ.SG03AP030000S310,2017.12,11467,FINAL,Dollars,6,A,Consolidated accounts - table 1.1,P03,Final consumption expenditure,,,31,Central government institutions,National Accounts - SNA 2008 - SNE,2017,12
SNEQ.SG03AP030000S310,2018.03,11505,FINAL,Dollars,6,A,Consolidated accounts - table 1.1,P03,Final consumption expenditure,,,31,Central government institutions,National Accounts - SNA 2008 - SNE,2018,3
SNEQ.SG03AP030000S310,2018.06,12408,FINAL,Dollars,6,A,Consolidated accounts - table 1.1,P03,Final consumption expenditure,,,31,Central government institutions,National Accounts - SNA 2008 - SNE,2018,6
SNEQ.SG03AP030000S310,2018.09,12181,FINAL,Dollars,6,A,Consolidated accounts - table 1.1,P03,Final consumption expenditure,,,31,Central government institutions,National Accounts - SNA 2008 - SNE,2018,9
SNEQ.SG03AP030000S310,2018.12,12366,FINAL,Dollars,6,A,Consolidated accounts - table 1.1,P03,Final consumption expenditure,,,31,Central government institutions,National Accounts - SNA 2008 - SNE,2018,12
SNEQ.SG03AP030000S310,2019.03,12405,FINAL,Dollars,6,A,Consolidated accounts - table 1.1,P03,Final consumption expenditure,,,31,Central government institutions,National Accounts - SNA 2008 - SNE,2019,3
SNEQ.SG03AP030000S310,2019.06,13704,FINAL,Dollars,6,A,Consolidated accounts - table 1.1,P03,Final consumption expenditure,,,31,Central government institutions,National Accounts - SNA 2008 - SNE,2019,6
SNEQ.SG03AP030000S310,2019.09,13091,REVISED,Dollars,6,A,Consolidated accounts - table 1.1,P03,Final consumption expenditure,,,31,Central government institutions,National Accounts - SNA 2008 - SNE,2019,9
SNEQ.SG03AP030000S310,2019.12,13535,FINAL,Dollars,6,A,Consolidated accounts - table 1.1,P03,Final consumption expenditure,,,31,Central government institutions,National Accounts - SNA 2008 - SNE,2019,12
SNEQ.SG03AP030000S310,2020.03,13600,REVISED,Dollars,6,A,Consolidated accounts - table 1.1,P03,Final consumption expenditure,,,31,Central government institutions,National Accounts - SNA 2008 - SNE,2020,3
SNEQ.SG03AP030000S310,2020.06,15026,REVISED,Dollars,6,A,Consolidated accounts - table 1.1,P03,Final consumption expenditure,,,31,Central government institutions,National Accounts - SNA 2008 - SNE,2020,6
SNEQ.SG03AP030000S310,2020.09,14468,REVISED,Dollars,6,A,Consolidated accounts - table 1.1,P03,Final consumption expenditure,,,31,Central government institutions,National Accounts - SNA 2008 - SNE,2020,9
SNEQ.SG03AP030000S310,2020.12,15048,FINAL,Dollars,6,A,Consolidated accounts - table 1.1,P03,Final consumption expenditure,,,31,Central government institutions,National Accounts - SNA 2008 - SNE,2020,12
SNEQ.SG03AP030000S310,2021.03,15348,REVISED,Dollars,6,A,Consolidated accounts - table 1.1,P03,Final consumption expenditure,,,31,Central government institutions,National Accounts - SNA 2008 - SNE,2021,3
SNEQ.SG03AP030000S310,2021.06,16673,REVISED,Dollars,6,A,Consolidated accounts - table 1.1,P03,Final consumption expenditure,,,31,Central government institutions,National Accounts - SNA 2008 - SNE,2021,6
SNEQ.SG03AP030000S310,2021.09,16216,REVISED,Dollars,6,A,Consolidated accounts - table 1.1,P03,Final consumption expenditure,,,31,Central government institutions,National Accounts - SNA 2008 - SNE,2021,9
SNEQ.SG03AP030000S310,2021.12,17499,FINAL,Dollars,6,A,Consolidated accounts - table 1.1,P03,Final consumption expenditure,,,31,Central government institutions,National Accounts - SNA 2008 - SNE,2021,12
SNEQ.SG03AP030000S310,2022.03,17450,REVISED,Dollars,6,A,Consolidated accounts - table 1.1,P03,Final consumption expenditure,,,31,Central government institutions,National Accounts - SNA 2008 - SNE,2022,3
SNEQ.SG03AP030000S310,2022.06,18984,REVISED,Dollars,6,A,Consolidated accounts - table 1.1,P03,Final consumption expenditure,,,31,Central government institutions,National Accounts - SNA 2008 - SNE,2022,6
SNEQ.SG03AP030000S310,2022.09,18278,REVISED,Dollars,6,A,Consolidated accounts - table 1.1,P03,Final consumption expenditure,,,31,Central government institutions,National Accounts - SNA 2008 - SNE,2022,9
SNEQ.SG03AP030000S310,2022.12,18165,REVISED,Dollars,6,A,Consolidated accounts - table 1.1,P03,Final consumption expenditure,,,31,Central government institutions,National Accounts - SNA 2008 - SNE,2022,12
SNEQ.SG03AP030000S310,2023.03,18053,REVISED,Dollars,6,A,Consolidated accounts - table 1.1,P03,Final consumption expenditure,,,31,Central government institutions,National Accounts - SNA 2008 - SNE,2023,3
SNEQ.SG03AP030000S310,2023.06,19935,REVISED,Dollars,6,A,Consolidated accounts - table 1.1,P03,Final consumption expenditure,,,31,Central government institutions,National Accounts - SNA 2008 - SNE,2023,6
SNEQ.SG03AP030000S310,2023.09,19030,REVISED,Dollars,6,A,Consolidated accounts - table 1.1,P03,Final consumption expenditure,,,31,Central government institutions,National Accounts - SNA 2008 - SNE,2023,9
SNEQ.SG03AP030000S310,2023.12,19384,REVISED,Dollars,6,A,Consolidated accounts - table 1.1,P03,Final consumption expenditure,,,31,Central government institutions,National Accounts - SNA 2008 - SNE,2023,12
SNEQ.SG03AP030000S310,2024.03,19163,REVISED,Dollars,6,A,Consolidated accounts - table 1.1,P03,Final consumption expenditure,,,31,Central government institutions,National Accounts - SNA 2008 - SNE,2024,3
SNEQ.SG03AP030000S310,2024.06,21547,REVISED,Dollars,6,A,Consolidated accounts - table 1.1,P03,Final consumption expenditure,,,31,Central government institutions,National Accounts - SNA 2008 - SNE,2024,6
SNEQ.SG03AP030000S310,2024.09,20107,REVISED,Dollars,6,A,Consolidated accounts - table 1.1,P03,Final consumption expenditure,,,31,Central government institutions,National Accounts - SNA 2008 - SNE,2024,9
SNEQ.SG03AP030000S310,2024.12,20293,REVISED,Dollars,6,A,Consolidated accounts - table 1.1,P03,Final consumption expenditure,,,31,Central government institutions,National Accounts - SNA 2008 - SNE,2024,12
SNEQ.SG03AP030000S310,2025.03,20282,REVISED,Dollars,6,A,Consolidated accounts - table 1.1,P03,Final consumption expenditure,,,31,Central government institutions,National Accounts - SNA 2008 - SNE,2025,3
SNEQ.SG03AP030000S310,2025.06,22054,FINAL,Dollars,6,A,Consolidated accounts - table 1.1,P03,Final consumption expenditure,,,31,Central government institutions,National Accounts - SNA 2008 - SNE,2025,6
SNEQ.SG03AP030000S321,2011.06,1291,FINAL,Dollars,6,A,Consolidated accounts - table 1.1,P03,Final consumption expenditure,,,32,Local government institutions,National Accounts - SNA 2008 - SNE,2011,6
SNEQ.SG03AP030000S321,2011.09,1267,FINAL,Dollars,6,A,Consolidated accounts - table 1.1,P03,Final consumption expenditure,,,32,Local government institutions,National Accounts - SNA 2008 - SNE,2011,9
SNEQ.SG03AP030000S321,2011.12,1310,FINAL,Dollars,6,A,Consolidated accounts - table 1.1,P03,Final consumption expenditure,,,32,Local government institutions,National Accounts - SNA 2008 - SNE,2011,12
SNEQ.SG03AP030000S321,2012.03,1174,FINAL,Dollars,6,A,Consolidated accounts - table 1.1,P03,Final consumption expenditure,,,32,Local government institutions,National Accounts - SNA 2008 - SNE,2012,3
SNEQ.SG03AP030000S321,2012.06,1351,FINAL,Dollars,6,A,Consolidated accounts - table 1.1,P03,Final consumption expenditure,,,32,Local government institutions,National Accounts - SNA 2008 - SNE,2012,6
SNEQ.SG03AP030000S321,2012.09,1166,FINAL,Dollars,6,A,Consolidated accounts - table 1.1,P03,Final consumption expenditure,,,32,Local government institutions,National Accounts - SNA 2008 - SNE,2012,9
SNEQ.SG03AP030000S321,2012.12,1217,FINAL,Dollars,6,A,Consolidated accounts - table 1.1,P03,Final consumption expenditure,,,32,Local government institutions,National Accounts - SNA 2008 - SNE,2012,12
SNEQ.SG03AP030000S321,2013.03,1134,FINAL,Dollars,6,A,Consolidated accounts - table 1.1,P03,Final consumption expenditure,,,32,Local government institutions,National Accounts - SNA 2008 - SNE,2013,3
SNEQ.SG03AP030000S321,2013.06,1280,FINAL,Dollars,6,A,Consolidated accounts - table 1.1,P03,Final consumption expenditure,,,32,Local government institutions,National Accounts - SNA 2008 - SNE,2013,6
SNEQ.SG03AP030000S321,2013.09,1213,FINAL,Dollars,6,A,Consolidated accounts - table 1.1,P03,Final consumption expenditure,,,32,Local government institutions,National Accounts - SNA 2008 - SNE,2013,9
SNEQ.SG03AP030000S321,2013.12,1255,FINAL,Dollars,6,A,Consolidated accounts - table 1.1,P03,Final consumption expenditure,,,32,Local government institutions,National Accounts - SNA 2008 - SNE,2013,12
SNEQ.SG03AP030000S321,2014.03,1216,FINAL,Dollars,6,A,Consolidated accounts - table 1.1,P03,Final consumption expenditure,,,32,Local government institutions,National Accounts - SNA 2008 - SNE,2014,3
SNEQ.SG03AP030000S321,2014.06,1323,FINAL,Dollars,6,A,Consolidated accounts - table 1.1,P03,Final consumption expenditure,,,32,Local government institutions,National Accounts - SNA 2008 - SNE,2014,6
SNEQ.SG03AP030000S321,2014.09,1304,FINAL,Dollars,6,A,Consolidated accounts - table 1.1,P03,Final consumption expenditure,,,32,Local government institutions,National Accounts - SNA 2008 - SNE,2014,9
SNEQ.SG03AP030000S321,2014.12,1319,FINAL,Dollars,6,A,Consolidated accounts - table 1.1,P03,Final consumption expenditure,,,32,Local government institutions,National Accounts - SNA 2008 - SNE,2014,12
SNEQ.SG03AP030000S321,2015.03,1230,FINAL,Dollars,6,A,Consolidated accounts - table 1.1,P03,Final consumption expenditure,,,32,Local government institutions,National Accounts - SNA 2008 - SNE,2015,3
SNEQ.SG03AP030000S321,2015.06,1448,FINAL,Dollars,6,A,Consolidated accounts - table 1.1,P03,Final consumption expenditure,,,32,Local government institutions,National Accounts - SNA 2008 - SNE,2015,6
SNEQ.SG03AP030000S321,2015.09,1340,FINAL,Dollars,6,A,Consolidated accounts - table 1.1,P03,Final consumption expenditure,,,32,Local government institutions,National Accounts - SNA 2008 - SNE,2015,9
SNEQ.SG03AP030000S321,2015.12,1379,FINAL,Dollars,6,A,Consolidated accounts - table 1.1,P03,Final consumption expenditure,,,32,Local government institutions,National Accounts - SNA 2008 - SNE,2015,12
SNEQ.SG03AP030000S321,2016.03,1315,FINAL,Dollars,6,A,Consolidated accounts - table 1.1,P03,Final consumption expenditure,,,32,Local government institutions,National Accounts - SNA 2008 - SNE,2016,3
SNEQ.SG03AP030000S321,2016.06,1510,FINAL,Dollars,6,A,Consolidated accounts - table 1.1,P03,Final consumption expenditure,,,32,Local government institutions,National Accounts - SNA 2008 - SNE,2016,6
SNEQ.SG03AP030000S321,2016.09,1390,FINAL,Dollars,6,A,Consolidated accounts - table 1.1,P03,Final consumption expenditure,,,32,Local government institutions,National Accounts - SNA 2008 - SNE,2016,9
SNEQ.SG03AP030000S321,2016.12,1434,FINAL,Dollars,6,A,Consolidated accounts - table 1.1,P03,Final consumption expenditure,,,32,Local government institutions,National Accounts - SNA 2008 - SNE,2016,12
SNEQ.SG03AP030000S321,2017.03,1373,FINAL,Dollars,6,A,Consolidated accounts - table 1.1,P03,Final consumption expenditure,,,32,Local government institutions,National Accounts - SNA 2008 - SNE,2017,3
SNEQ.SG03AP030000S321,2017.06,1583,FINAL,Dollars,6,A,Consolidated accounts - table 1.1,P03,Final consumption expenditure,,,32,Local government institutions,National Accounts - SNA 2008 - SNE,2017,6
SNEQ.SG03AP030000S321,2017.09,1489,FINAL,Dollars,6,A,Consolidated accounts - table 1.1,P03,Final consumption expenditure,,,32,Local government institutions,National Accounts - SNA 2008 - SNE,2017,9
SNEQ.SG03AP030000S321,2017.12,1520,FINAL,Dollars,6,A,Consolidated accounts - table 1.1,P03,Final consumption expenditure,,,32,Local government institutions,National Accounts - SNA 2008 - SNE,2017,12
SNEQ.SG03AP030000S321,2018.03,1479,FINAL,Dollars,6,A,Consolidated accounts - table 1.1,P03,Final consumption expenditure,,,32,Local government institutions,National Accounts - SNA 2008 - SNE,2018,3
SNEQ.SG03AP030000S321,2018.06,1734,FINAL,Dollars,6,A,Consolidated accounts - table 1.1,P03,Final consumption expenditure,,,32,Local government institutions,National Accounts - SNA 2008 - SNE,2018,6
SNEQ.SG03AP030000S321,2018.09,1566,FINAL,Dollars,6,A,Consolidated accounts - table 1.1,P03,Final consumption expenditure,,,32,Local government institutions,National Accounts - SNA 2008 - SNE,2018,9
SNEQ.SG03AP030000S321,2018.12,1587,FINAL,Dollars,6,A,Consolidated accounts - table 1.1,P03,Final consumption expenditure,,,32,Local government institutions,National Accounts - SNA 2008 - SNE,2018,12
SNEQ.SG03AP030000S321,2019.03,1579,FINAL,Dollars,6,A,Consolidated accounts - table 1.1,P03,Final consumption expenditure,,,32,Local government institutions,National Accounts - SNA 2008 - SNE,2019,3
SNEQ.SG03AP030000S321,2019.06,1824,FINAL,Dollars,6,A,Consolidated accounts - table 1.1,P03,Final consumption expenditure,,,32,Local government institutions,National Accounts - SNA 2008 - SNE,2019,6
SNEQ.SG03AP030000S321,2019.09,1717,FINAL,Dollars,6,A,Consolidated accounts - table 1.1,P03,Final consumption expenditure,,,32,Local government institutions,National Accounts - SNA 2008 - SNE,2019,9
SNEQ.SG03AP030000S321,2019.12,1770,FINAL,Dollars,6,A,Consolidated accounts - table 1.1,P03,Final consumption expenditure,,,32,Local government institutions,National Accounts - SNA 2008 - SNE,2019,12
SNEQ.SG03AP030000S321,2020.03,1711,FINAL,Dollars,6,A,Consolidated accounts - table 1.1,P03,Final consumption expenditure,,,32,Local government institutions,National Accounts - SNA 2008 - SNE,2020,3
SNEQ.SG03AP030000S321,2020.06,1882,REVISED,Dollars,6,A,Consolidated accounts - table 1.1,P03,Final consumption expenditure,,,32,Local government institutions,National Accounts - SNA 2008 - SNE,2020,6
SNEQ.SG03AP030000S321,2020.09,1776,REVISED,Dollars,6,A,Consolidated accounts - table 1.1,P03,Final consumption expenditure,,,32,Local government institutions,National Accounts - SNA 2008 - SNE,2020,9
SNEQ.SG03AP030000S321,2020.12,1812,FINAL,Dollars,6,A,Consolidated accounts - table 1.1,P03,Final consumption expenditure,,,32,Local government institutions,National Accounts - SNA 2008 - SNE,2020,12
SNEQ.SG03AP030000S321,2021.03,1777,REVISED,Dollars,6,A,Consolidated accounts - table 1.1,P03,Final consumption expenditure,,,32,Local government institutions,National Accounts - SNA 2008 - SNE,2021,3
SNEQ.SG03AP030000S321,2021.06,1970,REVISED,Dollars,6,A,Consolidated accounts - table 1.1,P03,Final consumption expenditure,,,32,Local government institutions,National Accounts - SNA 2008 - SNE,2021,6
SNEQ.SG03AP030000S321,2021.09,1895,REVISED,Dollars,6,A,Consolidated accounts - table 1.1,P03,Final consumption expenditure,,,32,Local government institutions,National Accounts - SNA 2008 - SNE,2021,9
SNEQ.SG03AP030000S321,2021.12,2001,REVISED,Dollars,6,A,Consolidated accounts - table 1.1,P03,Final consumption expenditure,,,32,Local government institutions,National Accounts - SNA 2008 - SNE,2021,12
SNEQ.SG03AP030000S321,2022.03,1982,REVISED,Dollars,6,A,Consolidated accounts - table 1.1,P03,Final consumption expenditure,,,32,Local government institutions,National Accounts - SNA 2008 - SNE,2022,3
SNEQ.SG03AP030000S321,2022.06,2332,REVISED,Dollars,6,A,Consolidated accounts - table 1.1,P03,Final consumption expenditure,,,32,Local government institutions,National Accounts - SNA 2008 - SNE,2022,6
SNEQ.SG03AP030000S321,2022.09,2276,REVISED,Dollars,6,A,Consolidated accounts - table 1.1,P03,Final consumption expenditure,,,32,Local government institutions,National Accounts - SNA 2008 - SNE,2022,9
SNEQ.SG03AP030000S321,2022.12,2387,REVISED,Dollars,6,A,Consolidated accounts - table 1.1,P03,Final consumption expenditure,,,32,Local government institutions,National Accounts - SNA 2008 - SNE,2022,12
SNEQ.SG03AP030000S321,2023.03,2393,REVISED,Dollars,6,A,Consolidated accounts - table 1.1,P03,Final consumption expenditure,,,32,Local government institutions,National Accounts - SNA 2008 - SNE,2023,3
SNEQ.SG03AP030000S321,2023.06,2720,REVISED,Dollars,6,A,Consolidated accounts - table 1.1,P03,Final consumption expenditure,,,32,Local government institutions,National Accounts - SNA 2008 - SNE,2023,6
SNEQ.SG03AP030000S321,2023.09,2545,REVISED,Dollars,6,A,Consolidated accounts - table 1.1,P03,Final consumption expenditure,,,32,Local government institutions,National Accounts - SNA 2008 - SNE,2023,9
SNEQ.SG03AP030000S321,2023.12,2642,REVISED,Dollars,6,A,Consolidated accounts - table 1.1,P03,Final consumption expenditure,,,32,Local government institutions,National Accounts - SNA 2008 - SNE,2023,12
SNEQ.SG03AP030000S321,2024.03,2570,REVISED,Dollars,6,A,Consolidated accounts - table 1.1,P03,Final consumption expenditure,,,32,Local government institutions,National Accounts - SNA 2008 - SNE,2024,3
SNEQ.SG03AP030000S321,2024.06,2802,REVISED,Dollars,6,A,Consolidated accounts - table 1.1,P03,Final consumption expenditure,,,32,Local government institutions,National Accounts - SNA 2008 - SNE,2024,6
SNEQ.SG03AP030000S321,2024.09,2677,REVISED,Dollars,6,A,Consolidated accounts - table 1.1,P03,Final consumption expenditure,,,32,Local government institutions,National Accounts - SNA 2008 - SNE,2024,9
SNEQ.SG03AP030000S321,2024.12,2786,REVISED,Dollars,6,A,Consolidated accounts - table 1.1,P03,Final consumption expenditure,,,32,Local government institutions,National Accounts - SNA 2008 - SNE,2024,12
SNEQ.SG03AP030000S321,2025.03,2665,REVISED,Dollars,6,A,Consolidated accounts - table 1.1,P03,Final consumption expenditure,,,32,Local government institutions,National Accounts - SNA 2008 - SNE,2025,3
SNEQ.SG03AP030000S321,2025.06,2994,FINAL,Dollars,6,A,Consolidated accounts - table 1.1,P03,Final consumption expenditure,,,32,Local government institutions,National Accounts - SNA 2008 - SNE,2025,6
SNEQ.SG03AP030000S400,2011.06,687,FINAL,Dollars,6,A,Consolidated accounts - table 1.1,P03,Final consumption expenditure,,,4,Non-profit institutions serving households,National Accounts - SNA 2008 - SNE,2011,6
SNEQ.SG03AP030000S400,2011.09,695,FINAL,Dollars,6,A,Consolidated accounts - table 1.1,P03,Final consumption expenditure,,,4,Non-profit institutions serving households,National Accounts - SNA 2008 - SNE,2011,9
SNEQ.SG03AP030000S400,2011.12,691,FINAL,Dollars,6,A,Consolidated accounts - table 1.1,P03,Final consumption expenditure,,,4,Non-profit institutions serving households,National Accounts - SNA 2008 - SNE,2011,12
SNEQ.SG03AP030000S400,2012.03,675,FINAL,Dollars,6,A,Consolidated accounts - table 1.1,P03,Final consumption expenditure,,,4,Non-profit institutions serving households,National Accounts - SNA 2008 - SNE,2012,3
SNEQ.SG03AP030000S400,2012.06,647,FINAL,Dollars,6,A,Consolidated accounts - table 1.1,P03,Final consumption expenditure,,,4,Non-profit institutions serving households,National Accounts - SNA 2008 - SNE,2012,6
SNEQ.SG03AP030000S400,2012.09,631,FINAL,Dollars,6,A,Consolidated accounts - table 1.1,P03,Final consumption expenditure,,,4,Non-profit institutions serving households,National Accounts - SNA 2008 - SNE,2012,9
SNEQ.SG03AP030000S400,2012.12,627,FINAL,Dollars,6,A,Consolidated accounts - table 1.1,P03,Final consumption expenditure,,,4,Non-profit institutions serving households,National Accounts - SNA 2008 - SNE,2012,12
SNEQ.SG03AP030000S400,2013.03,636,FINAL,Dollars,6,A,Consolidated accounts - table 1.1,P03,Final consumption expenditure,,,4,Non-profit institutions serving households,National Accounts - SNA 2008 - SNE,2013,3
SNEQ.SG03AP030000S400,2013.06,657,FINAL,Dollars,6,A,Consolidated accounts - table 1.1,P03,Final consumption expenditure,,,4,Non-profit institutions serving households,National Accounts - SNA 2008 - SNE,2013,6
SNEQ.SG03AP030000S400,2013.09,674,FINAL,Dollars,6,A,Consolidated accounts - table 1.1,P03,Final consumption expenditure,,,4,Non-profit institutions serving households,National Accounts - SNA 2008 - SNE,2013,9
SNEQ.SG03AP030000S400,2013.12,687,FINAL,Dollars,6,A,Consolidated accounts - table 1.1,P03,Final consumption expenditure,,,4,Non-profit institutions serving households,National Accounts - SNA 2008 - SNE,2013,12
SNEQ.SG03AP030000S400,2014.03,695,FINAL,Dollars,6,A,Consolidated accounts - table 1.1,P03,Final consumption expenditure,,,4,Non-profit institutions serving households,National Accounts - SNA 2008 - SNE,2014,3
SNEQ.SG03AP030000S400,2014.06,699,FINAL,Dollars,6,A,Consolidated accounts - table 1.1,P03,Final consumption expenditure,,,4,Non-profit institutions serving households,National Accounts - SNA 2008 - SNE,2014,6
SNEQ.SG03AP030000S400,2014.09,702,FINAL,Dollars,6,A,Consolidated accounts - table 1.1,P03,Final consumption expenditure,,,4,Non-profit institutions serving households,National Accounts - SNA 2008 - SNE,2014,9
SNEQ.SG03AP030000S400,2014.12,703,FINAL,Dollars,6,A,Consolidated accounts - table 1.1,P03,Final consumption expenditure,,,4,Non-profit institutions serving households,National Accounts - SNA 2008 - SNE,2014,12
SNEQ.SG03AP030000S400,2015.03,703,FINAL,Dollars,6,A,Consolidated accounts - table 1.1,P03,Final consumption expenditure,,,4,Non-profit institutions serving households,National Accounts - SNA 2008 - SNE,2015,3
SNEQ.SG03AP030000S400,2015.06,702,FINAL,Dollars,6,A,Consolidated accounts - table 1.1,P03,Final consumption expenditure,,,4,Non-profit institutions serving households,National Accounts - SNA 2008 - SNE,2015,6
SNEQ.SG03AP030000S400,2015.09,703,FINAL,Dollars,6,A,Consolidated accounts - table 1.1,P03,Final consumption expenditure,,,4,Non-profit institutions serving households,National Accounts - SNA 2008 - SNE,2015,9
SNEQ.SG03AP030000S400,2015.12,706,FINAL,Dollars,6,A,Consolidated accounts - table 1.1,P03,Final consumption expenditure,,,4,Non-profit institutions serving households,National Accounts - SNA 2008 - SNE,2015,12
SNEQ.SG03AP030000S400,2016.03,712,FINAL,Dollars,6,A,Consolidated accounts - table 1.1,P03,Final consumption expenditure,,,4,Non-profit institutions serving households,National Accounts - SNA 2008 - SNE,2016,3
SNEQ.SG03AP030000S400,2016.06,719,FINAL,Dollars,6,A,Consolidated accounts - table 1.1,P03,Final consumption expenditure,,,4,Non-profit institutions serving households,National Accounts - SNA 2008 - SNE,2016,6
SNEQ.SG03AP030000S400,2016.09,729,FINAL,Dollars,6,A,Consolidated accounts - table 1.1,P03,Final consumption expenditure,,,4,Non-profit institutions serving households,National Accounts - SNA 2008 - SNE,2016,9
SNEQ.SG03AP030000S400,2016.12,742,FINAL,Dollars,6,A,Consolidated accounts - table 1.1,P03,Final consumption expenditure,,,4,Non-profit institutions serving households,National Accounts - SNA 2008 - SNE,2016,12
SNEQ.SG03AP030000S400,2017.03,757,FINAL,Dollars,6,A,Consolidated accounts - table 1.1,P03,Final consumption expenditure,,,4,Non-profit institutions serving households,National Accounts - SNA 2008 - SNE,2017,3
SNEQ.SG03AP030000S400,2017.06,774,FINAL,Dollars,6,A,Consolidated accounts - table 1.1,P03,Final consumption expenditure,,,4,Non-profit institutions serving households,National Accounts - SNA 2008 - SNE,2017,6
SNEQ.SG03AP030000S400,2017.09,787,FINAL,Dollars,6,A,Consolidated accounts - table 1.1,P03,Final consumption expenditure,,,4,Non-profit institutions serving households,National Accounts - SNA 2008 - SNE,2017,9
SNEQ.SG03AP030000S400,2017.12,796,FINAL,Dollars,6,A,Consolidated accounts - table 1.1,P03,Final consumption expenditure,,,4,Non-profit institutions serving households,National Accounts - SNA 2008 - SNE,2017,12
SNEQ.SG03AP030000S400,2018.03,802,FINAL,Dollars,6,A,Consolidated accounts - table 1.1,P03,Final consumption expenditure,,,4,Non-profit institutions serving households,National Accounts - SNA 2008 - SNE,2018,3
SNEQ.SG03AP030000S400,2018.06,803,FINAL,Dollars,6,A,Consolidated accounts - table 1.1,P03,Final consumption expenditure,,,4,Non-profit institutions serving households,National Accounts - SNA 2008 - SNE,2018,6
SNEQ.SG03AP030000S400,2018.09,807,FINAL,Dollars,6,A,Consolidated accounts - table 1.1,P03,Final consumption expenditure,,,4,Non-profit institutions serving households,National Accounts - SNA 2008 - SNE,2018,9
SNEQ.SG03AP030000S400,2018.12,814,FINAL,Dollars,6,A,Consolidated accounts - table 1.1,P03,Final consumption expenditure,,,4,Non-profit institutions serving households,National Accounts - SNA 2008 - SNE,2018,12
SNEQ.SG03AP030000S400,2019.03,824,FINAL,Dollars,6,A,Consolidated accounts - table 1.1,P03,Final consumption expenditure,,,4,Non-profit institutions serving households,National Accounts - SNA 2008 - SNE,2019,3
SNEQ.SG03AP030000S400,2019.06,836,FINAL,Dollars,6,A,Consolidated accounts - table 1.1,P03,Final consumption expenditure,,,4,Non-profit institutions serving households,National Accounts - SNA 2008 - SNE,2019,6
SNEQ.SG03AP030000S400,2019.09,846,FINAL,Dollars,6,A,Consolidated accounts - table 1.1,P03,Final consumption expenditure,,,4,Non-profit institutions serving households,National Accounts - SNA 2008 - SNE,2019,9
SNEQ.SG03AP030000S400,2019.12,854,FINAL,Dollars,6,A,Consolidated accounts - table 1.1,P03,Final consumption expenditure,,,4,Non-profit institutions serving households,National Accounts - SNA 2008 - SNE,2019,12
SNEQ.SG03AP030000S400,2020.03,834,FINAL,Dollars,6,A,Consolidated accounts - table 1.1,P03,Final consumption expenditure,,,4,Non-profit institutions serving households,National Accounts - SNA 2008 - SNE,2020,3
SNEQ.SG03AP030000S400,2020.06,662,FINAL,Dollars,6,A,Consolidated accounts - table 1.1,P03,Final consumption expenditure,,,4,Non-profit institutions serving households,National Accounts - SNA 2008 - SNE,2020,6
SNEQ.SG03AP030000S400,2020.09,831,FINAL,Dollars,6,A,Consolidated accounts - table 1.1,P03,Final consumption expenditure,,,4,Non-profit institutions serving households,National Accounts - SNA 2008 - SNE,2020,9
SNEQ.SG03AP030000S400,2020.12,878,FINAL,Dollars,6,A,Consolidated accounts - table 1.1,P03,Final consumption expenditure,,,4,Non-profit institutions serving households,National Accounts - SNA 2008 - SNE,2020,12
SNEQ.SG03AP030000S400,2021.03,890,FINAL,Dollars,6,A,Consolidated accounts - table 1.1,P03,Final consumption expenditure,,,4,Non-profit institutions serving households,National Accounts - SNA 2008 - SNE,2021,3
SNEQ.SG03AP030000S400,2021.06,907,FINAL,Dollars,6,A,Consolidated accounts - table 1.1,P03,Final consumption expenditure,,,4,Non-profit institutions serving households,National Accounts - SNA 2008 - SNE,2021,6
SNEQ.SG03AP030000S400,2021.09,872,FINAL,Dollars,6,A,Consolidated accounts - table 1.1,P03,Final consumption expenditure,,,4,Non-profit institutions serving households,National Accounts - SNA 2008 - SNE,2021,9
SNEQ.SG03AP030000S400,2021.12,890,FINAL,Dollars,6,A,Consolidated accounts - table 1.1,P03,Final consumption expenditure,,,4,Non-profit institutions serving households,National Accounts - SNA 2008 - SNE,2021,12
SNEQ.SG03AP030000S400,2022.03,985,FINAL,Dollars,6,A,Consolidated accounts - table 1.1,P03,Final consumption expenditure,,,4,Non-profit institutions serving households,National Accounts - SNA 2008 - SNE,2022,3
SNEQ.SG03AP030000S400,2022.06,1061,FINAL,Dollars,6,A,Consolidated accounts - table 1.1,P03,Final consumption expenditure,,,4,Non-profit institutions serving households,National Accounts - SNA 2008 - SNE,2022,6
SNEQ.SG03AP030000S400,2022.09,1107,FINAL,Dollars,6,A,Consolidated accounts - table 1.1,P03,Final consumption expenditure,,,4,Non-profit institutions serving households,National Accounts - SNA 2008 - SNE,2022,9
SNEQ.SG03AP030000S400,2022.12,1148,FINAL,Dollars,6,A,Consolidated accounts - table 1.1,P03,Final consumption expenditure,,,4,Non-profit institutions serving households,National Accounts - SNA 2008 - SNE,2022,12
SNEQ.SG03AP030000S400,2023.03,1185,FINAL,Dollars,6,A,Consolidated accounts - table 1.1,P03,Final consumption expenditure,,,4,Non-profit institutions serving households,National Accounts - SNA 2008 - SNE,2023,3
SNEQ.SG03AP030000S400,2023.06,1216,FINAL,Dollars,6,A,Consolidated accounts - table 1.1,P03,Final consumption expenditure,,,4,Non-profit institutions serving households,National Accounts - SNA 2008 - SNE,2023,6
SNEQ.SG03AP030000S400,2023.09,1242,FINAL,Dollars,6,A,Consolidated accounts - table 1.1,P03,Final consumption expenditure,,,4,Non-profit institutions serving households,National Accounts - SNA 2008 - SNE,2023,9
SNEQ.SG03AP030000S400,2023.12,1262,FINAL,Dollars,6,A,Consolidated accounts - table 1.1,P03,Final consumption expenditure,,,4,Non-profit institutions serving households,National Accounts - SNA 2008 - SNE,2023,12
SNEQ.SG03AP030000S400,2024.03,1278,FINAL,Dollars,6,A,Consolidated accounts - table 1.1,P03,Final consumption expenditure,,,4,Non-profit institutions serving households,National Accounts - SNA 2008 - SNE,2024,3
SNEQ.SG03AP030000S400,2024.06,1289,FINAL,Dollars,6,A,Consolidated accounts - table 1.1,P03,Final consumption expenditure,,,4,Non-profit institutions serving households,National Accounts - SNA 2008 - SNE,2024,6
SNEQ.SG03AP030000S400,2024.09,1303,FINAL,Dollars,6,A,Consolidated accounts - table 1.1,P03,Final consumption expenditure,,,4,Non-profit institutions serving households,National Accounts - SNA 2008 - SNE,2024,9
SNEQ.SG03AP030000S400,2024.12,1319,FINAL,Dollars,6,A,Consolidated accounts - table 1.1,P03,Final consumption expenditure,,,4,Non-profit institutions serving households,National Accounts - SNA 2008 - SNE,2024,12
SNEQ.SG03AP030000S400,2025.03,1337,FINAL,Dollars,6,A,Consolidated accounts - table 1.1,P03,Final consumption expenditure,,,4,Non-profit institutions serving households,National Accounts - SNA 2008 - SNE,2025,3
SNEQ.SG03AP030000S400,2025.06,1359,FINAL,Dollars,6,A,Consolidated accounts - table 1.1,P03,Final consumption expenditure,,,4,Non-profit institutions serving households,National Accounts - SNA 2008 - SNE,2025,6
SNEQ.SG03AP030000S500,2011.06,29432,FINAL,Dollars,6,A,Consolidated accounts - table 1.1,P03,Final consumption expenditure,,,5,Households,National Accounts - SNA 2008 - SNE,2011,6
SNEQ.SG03AP030000S500,2011.09,30392,FINAL,Dollars,6,A,Consolidated accounts - table 1.1,P03,Final consumption expenditure,,,5,Households,National Accounts - SNA 2008 - SNE,2011,9
SNEQ.SG03AP030000S500,2011.12,31994,FINAL,Dollars,6,A,Consolidated accounts - table 1.1,P03,Final consumption expenditure,,,5,Households,National Accounts - SNA 2008 - SNE,2011,12
SNEQ.SG03AP030000S500,2012.03,29648,FINAL,Dollars,6,A,Consolidated accounts - table 1.1,P03,Final consumption expenditure,,,5,Households,National Accounts - SNA 2008 - SNE,2012,3
SNEQ.SG03AP030000S500,2012.06,30569,FINAL,Dollars,6,A,Consolidated accounts - table 1.1,P03,Final consumption expenditure,,,5,Households,National Accounts - SNA 2008 - SNE,2012,6
SNEQ.SG03AP030000S500,2012.09,31124,FINAL,Dollars,6,A,Consolidated accounts - table 1.1,P03,Final consumption expenditure,,,5,Households,National Accounts - SNA 2008 - SNE,2012,9
SNEQ.SG03AP030000S500,2012.12,33058,FINAL,Dollars,6,A,Consolidated accounts - table 1.1,P03,Final consumption expenditure,,,5,Households,National Accounts - SNA 2008 - SNE,2012,12
SNEQ.SG03AP030000S500,2013.03,30599,FINAL,Dollars,6,A,Consolidated accounts - table 1.1,P03,Final consumption expenditure,,,5,Households,National Accounts - SNA 2008 - SNE,2013,3
SNEQ.SG03AP030000S500,2013.06,31798,FINAL,Dollars,6,A,Consolidated accounts - table 1.1,P03,Final consumption expenditure,,,5,Households,National Accounts - SNA 2008 - SNE,2013,6
SNEQ.SG03AP030000S500,2013.09,32670,FINAL,Dollars,6,A,Consolidated accounts - table 1.1,P03,Final consumption expenditure,,,5,Households,National Accounts - SNA 2008 - SNE,2013,9
SNEQ.SG03AP030000S500,2013.12,34720,FINAL,Dollars,6,A,Consolidated accounts - table 1.1,P03,Final consumption expenditure,,,5,Households,National Accounts - SNA 2008 - SNE,2013,12
SNEQ.SG03AP030000S500,2014.03,31982,FINAL,Dollars,6,A,Consolidated accounts - table 1.1,P03,Final consumption expenditure,,,5,Households,National Accounts - SNA 2008 - SNE,2014,3
SNEQ.SG03AP030000S500,2014.06,33069,FINAL,Dollars,6,A,Consolidated accounts - table 1.1,P03,Final consumption expenditure,,,5,Households,National Accounts - SNA 2008 - SNE,2014,6
SNEQ.SG03AP030000S500,2014.09,34118,FINAL,Dollars,6,A,Consolidated accounts - table 1.1,P03,Final consumption expenditure,,,5,Households,National Accounts - SNA 2008 - SNE,2014,9
SNEQ.SG03AP030000S500,2014.12,36061,FINAL,Dollars,6,A,Consolidated accounts - table 1.1,P03,Final consumption expenditure,,,5,Households,National Accounts - SNA 2008 - SNE,2014,12
SNEQ.SG03AP030000S500,2015.03,33315,FINAL,Dollars,6,A,Consolidated accounts - table 1.1,P03,Final consumption expenditure,,,5,Households,National Accounts - SNA 2008 - SNE,2015,3
SNEQ.SG03AP030000S500,2015.06,34623,FINAL,Dollars,6,A,Consolidated accounts - table 1.1,P03,Final consumption expenditure,,,5,Households,National Accounts - SNA 2008 - SNE,2015,6
SNEQ.SG03AP030000S500,2015.09,35829,FINAL,Dollars,6,A,Consolidated accounts - table 1.1,P03,Final consumption expenditure,,,5,Households,National Accounts - SNA 2008 - SNE,2015,9
SNEQ.SG03AP030000S500,2015.12,38184,FINAL,Dollars,6,A,Consolidated accounts - table 1.1,P03,Final consumption expenditure,,,5,Households,National Accounts - SNA 2008 - SNE,2015,12
SNEQ.SG03AP030000S500,2016.03,34999,FINAL,Dollars,6,A,Consolidated accounts - table 1.1,P03,Final consumption expenditure,,,5,Households,National Accounts - SNA 2008 - SNE,2016,3
SNEQ.SG03AP030000S500,2016.06,37010,FINAL,Dollars,6,A,Consolidated accounts - table 1.1,P03,Final consumption expenditure,,,5,Households,National Accounts - SNA 2008 - SNE,2016,6
SNEQ.SG03AP030000S500,2016.09,38271,FINAL,Dollars,6,A,Consolidated accounts - table 1.1,P03,Final consumption expenditure,,,5,Households,National Accounts - SNA 2008 - SNE,2016,9
SNEQ.SG03AP030000S500,2016.12,40922,FINAL,Dollars,6,A,Consolidated accounts - table 1.1,P03,Final consumption expenditure,,,5,Households,National Accounts - SNA 2008 - SNE,2016,12
SNEQ.SG03AP030000S500,2017.03,38118,FINAL,Dollars,6,A,Consolidated accounts - table 1.1,P03,Final consumption expenditure,,,5,Households,National Accounts - SNA 2008 - SNE,2017,3
SNEQ.SG03AP030000S500,2017.06,39456,REVISED,Dollars,6,A,Consolidated accounts - table 1.1,P03,Final consumption expenditure,,,5,Households,National Accounts - SNA 2008 - SNE,2017,6
SNEQ.SG03AP030000S500,2017.09,40730,FINAL,Dollars,6,A,Consolidated accounts - table 1.1,P03,Final consumption expenditure,,,5,Households,National Accounts - SNA 2008 - SNE,2017,9
SNEQ.SG03AP030000S500,2017.12,43680,FINAL,Dollars,6,A,Consolidated accounts - table 1.1,P03,Final consumption expenditure,,,5,Households,National Accounts - SNA 2008 - SNE,2017,12
SNEQ.SG03AP030000S500,2018.03,40019,REVISED,Dollars,6,A,Consolidated accounts - table 1.1,P03,Final consumption expenditure,,,5,Households,National Accounts - SNA 2008 - SNE,2018,3
SNEQ.SG03AP030000S500,2018.06,41805,REVISED,Dollars,6,A,Consolidated accounts - table 1.1,P03,Final consumption expenditure,,,5,Households,National Accounts - SNA 2008 - SNE,2018,6
SNEQ.SG03AP030000S500,2018.09,43447,REVISED,Dollars,6,A,Consolidated accounts - table 1.1,P03,Final consumption expenditure,,,5,Households,National Accounts - SNA 2008 - SNE,2018,9
SNEQ.SG03AP030000S500,2018.12,46433,FINAL,Dollars,6,A,Consolidated accounts - table 1.1,P03,Final consumption expenditure,,,5,Households,National Accounts - SNA 2008 - SNE,2018,12
SNEQ.SG03AP030000S500,2019.03,42236,REVISED,Dollars,6,A,Consolidated accounts - table 1.1,P03,Final consumption expenditure,,,5,Households,National Accounts - SNA 2008 - SNE,2019,3
SNEQ.SG03AP030000S500,2019.06,43906,REVISED,Dollars,6,A,Consolidated accounts - table 1.1,P03,Final consumption expenditure,,,5,Households,National Accounts - SNA 2008 - SNE,2019,6
SNEQ.SG03AP030000S500,2019.09,45451,REVISED,Dollars,6,A,Consolidated accounts - table 1.1,P03,Final consumption expenditure,,,5,Households,National Accounts - SNA 2008 - SNE,2019,9
SNEQ.SG03AP030000S500,2019.12,48310,REVISED,Dollars,6,A,Consolidated accounts - table 1.1,P03,Final consumption expenditure,,,5,Households,National Accounts - SNA 2008 - SNE,2019,12
SNEQ.SG03AP030000S500,2020.03,43819,REVISED,Dollars,6,A,Consolidated accounts - table 1.1,P03,Final consumption expenditure,,,5,Households,National Accounts - SNA 2008 - SNE,2020,3
SNEQ.SG03AP030000S500,2020.06,39696,REVISED,Dollars,6,A,Consolidated accounts - table 1.1,P03,Final consumption expenditure,,,5,Households,National Accounts - SNA 2008 - SNE,2020,6
SNEQ.SG03AP030000S500,2020.09,46305,REVISED,Dollars,6,A,Consolidated accounts - table 1.1,P03,Final consumption expenditure,,,5,Households,National Accounts - SNA 2008 - SNE,2020,9
SNEQ.SG03AP030000S500,2020.12,49935,REVISED,Dollars,6,A,Consolidated accounts - table 1.1,P03,Final consumption expenditure,,,5,Households,National Accounts - SNA 2008 - SNE,2020,12
SNEQ.SG03AP030000S500,2021.03,47778,REVISED,Dollars,6,A,Consolidated accounts - table 1.1,P03,Final consumption expenditure,,,5,Households,National Accounts - SNA 2008 - SNE,2021,3
SNEQ.SG03AP030000S500,2021.06,49565,REVISED,Dollars,6,A,Consolidated accounts - table 1.1,P03,Final consumption expenditure,,,5,Households,National Accounts - SNA 2008 - SNE,2021,6
SNEQ.SG03AP030000S500,2021.09,47716,REVISED,Dollars,6,A,Consolidated accounts - table 1.1,P03,Final consumption expenditure,,,5,Households,National Accounts - SNA 2008 - SNE,2021,9
SNEQ.SG03AP030000S500,2021.12,53698,REVISED,Dollars,6,A,Consolidated accounts - table 1.1,P03,Final consumption expenditure,,,5,Households,National Accounts - SNA 2008 - SNE,2021,12
SNEQ.SG03AP030000S500,2022.03,51994,REVISED,Dollars,6,A,Consolidated accounts - table 1.1,P03,Final consumption expenditure,,,5,Households,National Accounts - SNA 2008 - SNE,2022,3
SNEQ.SG03AP030000S500,2022.06,52758,REVISED,Dollars,6,A,Consolidated accounts - table 1.1,P03,Final consumption expenditure,,,5,Households,National Accounts - SNA 2008 - SNE,2022,6
SNEQ.SG03AP030000S500,2022.09,55316,REVISED,Dollars,6,A,Consolidated accounts - table 1.1,P03,Final consumption expenditure,,,5,Households,National Accounts - SNA 2008 - SNE,2022,9
SNEQ.SG03AP030000S500,2022.12,59627,REVISED,Dollars,6,A,Consolidated accounts - table 1.1,P03,Final consumption expenditure,,,5,Households,National Accounts - SNA 2008 - SNE,2022,12
SNEQ.SG03AP030000S500,2023.03,55476,REVISED,Dollars,6,A,Consolidated accounts - table 1.1,P03,Final consumption expenditure,,,5,Households,National Accounts - SNA 2008 - SNE,2023,3
SNEQ.SG03AP030000S500,2023.06,57308,REVISED,Dollars,6,A,Consolidated accounts - table 1.1,P03,Final consumption expenditure,,,5,Households,National Accounts - SNA 2008 - SNE,2023,6
SNEQ.SG03AP030000S500,2023.09,58558,REVISED,Dollars,6,A,Consolidated accounts - table 1.1,P03,Final consumption expenditure,,,5,Households,National Accounts - SNA 2008 - SNE,2023,9
SNEQ.SG03AP030000S500,2023.12,62108,REVISED,Dollars,6,A,Consolidated accounts - table 1.1,P03,Final consumption expenditure,,,5,Households,National Accounts - SNA 2008 - SNE,2023,12
SNEQ.SG03AP030000S500,2024.03,57141,REVISED,Dollars,6,A,Consolidated accounts - table 1.1,P03,Final consumption expenditure,,,5,Households,National Accounts - SNA 2008 - SNE,2024,3
SNEQ.SG03AP030000S500,2024.06,58345,REVISED,Dollars,6,A,Consolidated accounts - table 1.1,P03,Final consumption expenditure,,,5,Households,National Accounts - SNA 2008 - SNE,2024,6
SNEQ.SG03AP030000S500,2024.09,59835,REVISED,Dollars,6,A,Consolidated accounts - table 1.1,P03,Final consumption expenditure,,,5,Households,National Accounts - SNA 2008 - SNE,2024,9
SNEQ.SG03AP030000S500,2024.12,63347,REVISED,Dollars,6,A,Consolidated accounts - table 1.1,P03,Final consumption expenditure,,,5,Households,National Accounts - SNA 2008 - SNE,2024,12
SNEQ.SG03AP030000S500,2025.03,59300,REVISED,Dollars,6,A,Consolidated accounts - table 1.1,P03,Final consumption expenditure,,,5,Households,National Accounts - SNA 2008 - SNE,2025,3
SNEQ.SG03AP030000S500,2025.06,60800,FINAL,Dollars,6,A,Consolidated accounts - table 1.1,P03,Final consumption expenditure,,,5,Households,National Accounts - SNA 2008 - SNE,2025,6
SNEQ.SG03AB110000S600,2011.06,2085,FINAL,Dollars,6,A,Consolidated accounts - table 1.1,B11,Balance on external goods and services,,,6,Rest of world,National Accounts - SNA 2008 - SNE,2011,6
SNEQ.SG03AB110000S600,2011.09,-1428,FINAL,Dollars,6,A,Consolidated accounts - table 1.1,B11,Balance on external goods and services,,,6,Rest of world,National Accounts - SNA 2008 - SNE,2011,9
SNEQ.SG03AB110000S600,2011.12,686,FINAL,Dollars,6,A,Consolidated accounts - table 1.1,B11,Balance on external goods and services,,,6,Rest of world,National Accounts - SNA 2008 - SNE,2011,12
SNEQ.SG03AB110000S600,2012.03,1958,FINAL,Dollars,6,A,Consolidated accounts - table 1.1,B11,Balance on external goods and services,,,6,Rest of world,National Accounts - SNA 2008 - SNE,2012,3
SNEQ.SG03AB110000S600,2012.06,1335,FINAL,Dollars,6,A,Consolidated accounts - table 1.1,B11,Balance on external goods and services,,,6,Rest of world,National Accounts - SNA 2008 - SNE,2012,6
SNEQ.SG03AB110000S600,2012.09,-1889,FINAL,Dollars,6,A,Consolidated accounts - table 1.1,B11,Balance on external goods and services,,,6,Rest of world,National Accounts - SNA 2008 - SNE,2012,9
SNEQ.SG03AB110000S600,2012.12,-418,FINAL,Dollars,6,A,Consolidated accounts - table 1.1,B11,Balance on external goods and services,,,6,Rest of world,National Accounts - SNA 2008 - SNE,2012,12
SNEQ.SG03AB110000S600,2013.03,2486,FINAL,Dollars,6,A,Consolidated accounts - table 1.1,B11,Balance on external goods and services,,,6,Rest of world,National Accounts - SNA 2008 - SNE,2013,3
SNEQ.SG03AB110000S600,2013.06,1045,FINAL,Dollars,6,A,Consolidated accounts - table 1.1,B11,Balance on external goods and services,,,6,Rest of world,National Accounts - SNA 2008 - SNE,2013,6
SNEQ.SG03AB110000S600,2013.09,-2460,FINAL,Dollars,6,A,Consolidated accounts - table 1.1,B11,Balance on external goods and services,,,6,Rest of world,National Accounts - SNA 2008 - SNE,2013,9
SNEQ.SG03AB110000S600,2013.12,1132,FINAL,Dollars,6,A,Consolidated accounts - table 1.1,B11,Balance on external goods and services,,,6,Rest of world,National Accounts - SNA 2008 - SNE,2013,12
SNEQ.SG03AB110000S600,2014.03,4032,FINAL,Dollars,6,A,Consolidated accounts - table 1.1,B11,Balance on external goods and services,,,6,Rest of world,National Accounts - SNA 2008 - SNE,2014,3
SNEQ.SG03AB110000S600,2014.06,1542,FINAL,Dollars,6,A,Consolidated accounts - table 1.1,B11,Balance on external goods and services,,,6,Rest of world,National Accounts - SNA 2008 - SNE,2014,6
SNEQ.SG03AB110000S600,2014.09,-2627,FINAL,Dollars,6,A,Consolidated accounts - table 1.1,B11,Balance on external goods and services,,,6,Rest of world,National Accounts - SNA 2008 - SNE,2014,9
SNEQ.SG03AB110000S600,2014.12,-250,FINAL,Dollars,6,A,Consolidated accounts - table 1.1,B11,Balance on external goods and services,,,6,Rest of world,National Accounts - SNA 2008 - SNE,2014,12
SNEQ.SG03AB110000S600,2015.03,3303,FINAL,Dollars,6,A,Consolidated accounts - table 1.1,B11,Balance on external goods and services,,,6,Rest of world,National Accounts - SNA 2008 - SNE,2015,3
SNEQ.SG03AB110000S600,2015.06,1318,FINAL,Dollars,6,A,Consolidated accounts - table 1.1,B11,Balance on external goods and services,,,6,Rest of world,National Accounts - SNA 2008 - SNE,2015,6
SNEQ.SG03AB110000S600,2015.09,-2294,FINAL,Dollars,6,A,Consolidated accounts - table 1.1,B11,Balance on external goods and services,,,6,Rest of world,National Accounts - SNA 2008 - SNE,2015,9
SNEQ.SG03AB110000S600,2015.12,-178,FINAL,Dollars,6,A,Consolidated accounts - table 1.1,B11,Balance on external goods and services,,,6,Rest of world,National Accounts - SNA 2008 - SNE,2015,12
SNEQ.SG03AB110000S600,2016.03,3750,FINAL,Dollars,6,A,Consolidated accounts - table 1.1,B11,Balance on external goods and services,,,6,Rest of world,National Accounts - SNA 2008 - SNE,2016,3
SNEQ.SG03AB110000S600,2016.06,1686,REVISED,Dollars,6,A,Consolidated accounts - table 1.1,B11,Balance on external goods and services,,,6,Rest of world,National Accounts - SNA 2008 - SNE,2016,6
SNEQ.SG03AB110000S600,2016.09,-2524,REVISED,Dollars,6,A,Consolidated accounts - table 1.1,B11,Balance on external goods and services,,,6,Rest of world,National Accounts - SNA 2008 - SNE,2016,9
SNEQ.SG03AB110000S600,2016.12,-177,REVISED,Dollars,6,A,Consolidated accounts - table 1.1,B11,Balance on external goods and services,,,6,Rest of world,National Accounts - SNA 2008 - SNE,2016,12
SNEQ.SG03AB110000S600,2017.03,3141,REVISED,Dollars,6,A,Consolidated accounts - table 1.1,B11,Balance on external goods and services,,,6,Rest of world,National Accounts - SNA 2008 - SNE,2017,3
SNEQ.SG03AB110000S600,2017.06,2007,REVISED,Dollars,6,A,Consolidated accounts - table 1.1,B11,Balance on external goods and services,,,6,Rest of world,National Accounts - SNA 2008 - SNE,2017,6
SNEQ.SG03AB110000S600,2017.09,-2123,REVISED,Dollars,6,A,Consolidated accounts - table 1.1,B11,Balance on external goods and services,,,6,Rest of world,National Accounts - SNA 2008 - SNE,2017,9
SNEQ.SG03AB110000S600,2017.12,22,REVISED,Dollars,6,A,Consolidated accounts - table 1.1,B11,Balance on external goods and services,,,6,Rest of world,National Accounts - SNA 2008 - SNE,2017,12
SNEQ.SG03AB110000S600,2018.03,2730,REVISED,Dollars,6,A,Consolidated accounts - table 1.1,B11,Balance on external goods and services,,,6,Rest of world,National Accounts - SNA 2008 - SNE,2018,3
SNEQ.SG03AB110000S600,2018.06,1132,REVISED,Dollars,6,A,Consolidated accounts - table 1.1,B11,Balance on external goods and services,,,6,Rest of world,National Accounts - SNA 2008 - SNE,2018,6
SNEQ.SG03AB110000S600,2018.09,-3660,REVISED,Dollars,6,A,Consolidated accounts - table 1.1,B11,Balance on external goods and services,,,6,Rest of world,National Accounts - SNA 2008 - SNE,2018,9
SNEQ.SG03AB110000S600,2018.12,-898,REVISED,Dollars,6,A,Consolidated accounts - table 1.1,B11,Balance on external goods and services,,,6,Rest of world,National Accounts - SNA 2008 - SNE,2018,12
SNEQ.SG03AB110000S600,2019.03,3126,REVISED,Dollars,6,A,Consolidated accounts - table 1.1,B11,Balance on external goods and services,,,6,Rest of world,National Accounts - SNA 2008 - SNE,2019,3
SNEQ.SG03AB110000S600,2019.06,1311,REVISED,Dollars,6,A,Consolidated accounts - table 1.1,B11,Balance on external goods and services,,,6,Rest of world,National Accounts - SNA 2008 - SNE,2019,6
SNEQ.SG03AB110000S600,2019.09,-3837,REVISED,Dollars,6,A,Consolidated accounts - table 1.1,B11,Balance on external goods and services,,,6,Rest of world,National Accounts - SNA 2008 - SNE,2019,9
SNEQ.SG03AB110000S600,2019.12,-675,REVISED,Dollars,6,A,Consolidated accounts - table 1.1,B11,Balance on external goods and services,,,6,Rest of world,National Accounts - SNA 2008 - SNE,2019,12
SNEQ.SG03AB110000S600,2020.03,3781,REVISED,Dollars,6,A,Consolidated accounts - table 1.1,B11,Balance on external goods and services,,,6,Rest of world,National Accounts - SNA 2008 - SNE,2020,3
SNEQ.SG03AB110000S600,2020.06,3176,REVISED,Dollars,6,A,Consolidated accounts - table 1.1,B11,Balance on external goods and services,,,6,Rest of world,National Accounts - SNA 2008 - SNE,2020,6
SNEQ.SG03AB110000S600,2020.09,-2229,REVISED,Dollars,6,A,Consolidated accounts - table 1.1,B11,Balance on external goods and services,,,6,Rest of world,National Accounts - SNA 2008 - SNE,2020,9
SNEQ.SG03AB110000S600,2020.12,-1367,REVISED,Dollars,6,A,Consolidated accounts - table 1.1,B11,Balance on external goods and services,,,6,Rest of world,National Accounts - SNA 2008 - SNE,2020,12
SNEQ.SG03AB110000S600,2021.03,-1192,REVISED,Dollars,6,A,Consolidated accounts - table 1.1,B11,Balance on external goods and services,,,6,Rest of world,National Accounts - SNA 2008 - SNE,2021,3
SNEQ.SG03AB110000S600,2021.06,1171,REVISED,Dollars,6,A,Consolidated accounts - table 1.1,B11,Balance on external goods and services,,,6,Rest of world,National Accounts - SNA 2008 - SNE,2021,6
SNEQ.SG03AB110000S600,2021.09,-6222,REVISED,Dollars,6,A,Consolidated accounts - table 1.1,B11,Balance on external goods and services,,,6,Rest of world,National Accounts - SNA 2008 - SNE,2021,9
SNEQ.SG03AB110000S600,2021.12,-4825,REVISED,Dollars,6,A,Consolidated accounts - table 1.1,B11,Balance on external goods and services,,,6,Rest of world,National Accounts - SNA 2008 - SNE,2021,12
SNEQ.SG03AB110000S600,2022.03,-3627,REVISED,Dollars,6,A,Consolidated accounts - table 1.1,B11,Balance on external goods and services,,,6,Rest of world,National Accounts - SNA 2008 - SNE,2022,3
SNEQ.SG03AB110000S600,2022.06,-3024,REVISED,Dollars,6,A,Consolidated accounts - table 1.1,B11,Balance on external goods and services,,,6,Rest of world,National Accounts - SNA 2008 - SNE,2022,6
SNEQ.SG03AB110000S600,2022.09,-8332,REVISED,Dollars,6,A,Consolidated accounts - table 1.1,B11,Balance on external goods and services,,,6,Rest of world,National Accounts - SNA 2008 - SNE,2022,9
SNEQ.SG03AB110000S600,2022.12,-6896,REVISED,Dollars,6,A,Consolidated accounts - table 1.1,B11,Balance on external goods and services,,,6,Rest of world,National Accounts - SNA 2008 - SNE,2022,12
SNEQ.SG03AB110000S600,2023.03,-1892,REVISED,Dollars,6,A,Consolidated accounts - table 1.1,B11,Balance on external goods and services,,,6,Rest of world,National Accounts - SNA 2008 - SNE,2023,3
SNEQ.SG03AB110000S600,2023.06,-641,REVISED,Dollars,6,A,Consolidated accounts - table 1.1,B11,Balance on external goods and services,,,6,Rest of world,National Accounts - SNA 2008 - SNE,2023,6
SNEQ.SG03AB110000S600,2023.09,-7069,REVISED,Dollars,6,A,Consolidated accounts - table 1.1,B11,Balance on external goods and services,,,6,Rest of world,National Accounts - SNA 2008 - SNE,2023,9
SNEQ.SG03AB110000S600,2023.12,-3814,REVISED,Dollars,6,A,Consolidated accounts - table 1.1,B11,Balance on external goods and services,,,6,Rest of world,National Accounts - SNA 2008 - SNE,2023,12
SNEQ.SG03AB110000S600,2024.03,650,REVISED,Dollars,6,A,Consolidated accounts - table 1.1,B11,Balance on external goods and services,,,6,Rest of world,National Accounts - SNA 2008 - SNE,2024,3
SNEQ.SG03AB110000S600,2024.06,-143,REVISED,Dollars,6,A,Consolidated accounts - table 1.1,B11,Balance on external goods and services,,,6,Rest of world,National Accounts - SNA 2008 - SNE,2024,6
SNEQ.SG03AB110000S600,2024.09,-6017,REVISED,Dollars,6,A,Consolidated accounts - table 1.1,B11,Balance on external goods and services,,,6,Rest of world,National Accounts - SNA 2008 - SNE,2024,9
SNEQ.SG03AB110000S600,2024.12,-1988,REVISED,Dollars,6,A,Consolidated accounts - table 1.1,B11,Balance on external goods and services,,,6,Rest of world,National Accounts - SNA 2008 - SNE,2024,12
SNEQ.SG03AB110000S600,2025.03,2747,REVISED,Dollars,6,A,Consolidated accounts - table 1.1,B11,Balance on external goods and services,,,6,Rest of world,National Accounts - SNA 2008 - SNE,2025,3
SNEQ.SG03AB110000S600,2025.06,1658,FINAL,Dollars,6,A,Consolidated accounts - table 1.1,B11,Balance on external goods and services,,,6,Rest of world,National Accounts - SNA 2008 - SNE,2025,6
SNEQ.SG03AP060000S600,2011.06,16914,FINAL,Dollars,6,A,Consolidated accounts - table 1.1,P06,Exports of goods and services,,,6,Rest of world,National Accounts - SNA 2008 - SNE,2011,6
SNEQ.SG03AP060000S600,2011.09,14370,FINAL,Dollars,6,A,Consolidated accounts - table 1.1,P06,Exports of goods and services,,,6,Rest of world,National Accounts - SNA 2008 - SNE,2011,9
SNEQ.SG03AP060000S600,2011.12,16803,FINAL,Dollars,6,A,Consolidated accounts - table 1.1,P06,Exports of goods and services,,,6,Rest of world,National Accounts - SNA 2008 - SNE,2011,12
SNEQ.SG03AP060000S600,2012.03,16662,FINAL,Dollars,6,A,Consolidated accounts - table 1.1,P06,Exports of goods and services,,,6,Rest of world,National Accounts - SNA 2008 - SNE,2012,3
SNEQ.SG03AP060000S600,2012.06,16225,FINAL,Dollars,6,A,Consolidated accounts - table 1.1,P06,Exports of goods and services,,,6,Rest of world,National Accounts - SNA 2008 - SNE,2012,6
SNEQ.SG03AP060000S600,2012.09,14250,FINAL,Dollars,6,A,Consolidated accounts - table 1.1,P06,Exports of goods and services,,,6,Rest of world,National Accounts - SNA 2008 - SNE,2012,9
SNEQ.SG03AP060000S600,2012.12,15540,FINAL,Dollars,6,A,Consolidated accounts - table 1.1,P06,Exports of goods and services,,,6,Rest of world,National Accounts - SNA 2008 - SNE,2012,12
SNEQ.SG03AP060000S600,2013.03,16751,FINAL,Dollars,6,A,Consolidated accounts - table 1.1,P06,Exports of goods and services,,,6,Rest of world,National Accounts - SNA 2008 - SNE,2013,3
SNEQ.SG03AP060000S600,2013.06,15802,FINAL,Dollars,6,A,Consolidated accounts - table 1.1,P06,Exports of goods and services,,,6,Rest of world,National Accounts - SNA 2008 - SNE,2013,6
SNEQ.SG03AP060000S600,2013.09,14652,FINAL,Dollars,6,A,Consolidated accounts - table 1.1,P06,Exports of goods and services,,,6,Rest of world,National Accounts - SNA 2008 - SNE,2013,9
SNEQ.SG03AP060000S600,2013.12,17622,FINAL,Dollars,6,A,Consolidated accounts - table 1.1,P06,Exports of goods and services,,,6,Rest of world,National Accounts - SNA 2008 - SNE,2013,12
SNEQ.SG03AP060000S600,2014.03,19000,FINAL,Dollars,6,A,Consolidated accounts - table 1.1,P06,Exports of goods and services,,,6,Rest of world,National Accounts - SNA 2008 - SNE,2014,3
SNEQ.SG03AP060000S600,2014.06,17068,FINAL,Dollars,6,A,Consolidated accounts - table 1.1,P06,Exports of goods and services,,,6,Rest of world,National Accounts - SNA 2008 - SNE,2014,6
SNEQ.SG03AP060000S600,2014.09,14610,FINAL,Dollars,6,A,Consolidated accounts - table 1.1,P06,Exports of goods and services,,,6,Rest of world,National Accounts - SNA 2008 - SNE,2014,9
SNEQ.SG03AP060000S600,2014.12,17477,FINAL,Dollars,6,A,Consolidated accounts - table 1.1,P06,Exports of goods and services,,,6,Rest of world,National Accounts - SNA 2008 - SNE,2014,12
SNEQ.SG03AP060000S600,2015.03,18751,FINAL,Dollars,6,A,Consolidated accounts - table 1.1,P06,Exports of goods and services,,,6,Rest of world,National Accounts - SNA 2008 - SNE,2015,3
SNEQ.SG03AP060000S600,2015.06,17533,FINAL,Dollars,6,A,Consolidated accounts - table 1.1,P06,Exports of goods and services,,,6,Rest of world,National Accounts - SNA 2008 - SNE,2015,6
SNEQ.SG03AP060000S600,2015.09,16410,FINAL,Dollars,6,A,Consolidated accounts - table 1.1,P06,Exports of goods and services,,,6,Rest of world,National Accounts - SNA 2008 - SNE,2015,9
SNEQ.SG03AP060000S600,2015.12,18046,FINAL,Dollars,6,A,Consolidated accounts - table 1.1,P06,Exports of goods and services,,,6,Rest of world,National Accounts - SNA 2008 - SNE,2015,12
SNEQ.SG03AP060000S600,2016.03,19401,FINAL,Dollars,6,A,Consolidated accounts - table 1.1,P06,Exports of goods and services,,,6,Rest of world,National Accounts - SNA 2008 - SNE,2016,3
SNEQ.SG03AP060000S600,2016.06,18363,FINAL,Dollars,6,A,Consolidated accounts - table 1.1,P06,Exports of goods and services,,,6,Rest of world,National Accounts - SNA 2008 - SNE,2016,6
SNEQ.SG03AP060000S600,2016.09,15728,REVISED,Dollars,6,A,Consolidated accounts - table 1.1,P06,Exports of goods and services,,,6,Rest of world,National Accounts - SNA 2008 - SNE,2016,9
SNEQ.SG03AP060000S600,2016.12,18108,REVISED,Dollars,6,A,Consolidated accounts - table 1.1,P06,Exports of goods and services,,,6,Rest of world,National Accounts - SNA 2008 - SNE,2016,12
SNEQ.SG03AP060000S600,2017.03,20098,REVISED,Dollars,6,A,Consolidated accounts - table 1.1,P06,Exports of goods and services,,,6,Rest of world,National Accounts - SNA 2008 - SNE,2017,3
SNEQ.SG03AP060000S600,2017.06,20119,REVISED,Dollars,6,A,Consolidated accounts - table 1.1,P06,Exports of goods and services,,,6,Rest of world,National Accounts - SNA 2008 - SNE,2017,6
SNEQ.SG03AP060000S600,2017.09,17364,REVISED,Dollars,6,A,Consolidated accounts - table 1.1,P06,Exports of goods and services,,,6,Rest of world,National Accounts - SNA 2008 - SNE,2017,9
SNEQ.SG03AP060000S600,2017.12,21047,REVISED,Dollars,6,A,Consolidated accounts - table 1.1,P06,Exports of goods and services,,,6,Rest of world,National Accounts - SNA 2008 - SNE,2017,12
SNEQ.SG03AP060000S600,2018.03,21685,REVISED,Dollars,6,A,Consolidated accounts - table 1.1,P06,Exports of goods and services,,,6,Rest of world,National Accounts - SNA 2008 - SNE,2018,3
SNEQ.SG03AP060000S600,2018.06,21395,REVISED,Dollars,6,A,Consolidated accounts - table 1.1,P06,Exports of goods and services,,,6,Rest of world,National Accounts - SNA 2008 - SNE,2018,6
SNEQ.SG03AP060000S600,2018.09,19079,REVISED,Dollars,6,A,Consolidated accounts - table 1.1,P06,Exports of goods and services,,,6,Rest of world,National Accounts - SNA 2008 - SNE,2018,9
SNEQ.SG03AP060000S600,2018.12,21791,REVISED,Dollars,6,A,Consolidated accounts - table 1.1,P06,Exports of goods and services,,,6,Rest of world,National Accounts - SNA 2008 - SNE,2018,12
SNEQ.SG03AP060000S600,2019.03,23121,REVISED,Dollars,6,A,Consolidated accounts - table 1.1,P06,Exports of goods and services,,,6,Rest of world,National Accounts - SNA 2008 - SNE,2019,3
SNEQ.SG03AP060000S600,2019.06,22464,REVISED,Dollars,6,A,Consolidated accounts - table 1.1,P06,Exports of goods and services,,,6,Rest of world,National Accounts - SNA 2008 - SNE,2019,6
SNEQ.SG03AP060000S600,2019.09,19393,REVISED,Dollars,6,A,Consolidated accounts - table 1.1,P06,Exports of goods and services,,,6,Rest of world,National Accounts - SNA 2008 - SNE,2019,9
SNEQ.SG03AP060000S600,2019.12,22765,REVISED,Dollars,6,A,Consolidated accounts - table 1.1,P06,Exports of goods and services,,,6,Rest of world,National Accounts - SNA 2008 - SNE,2019,12
SNEQ.SG03AP060000S600,2020.03,23743,FINAL,Dollars,6,A,Consolidated accounts - table 1.1,P06,Exports of goods and services,,,6,Rest of world,National Accounts - SNA 2008 - SNE,2020,3
SNEQ.SG03AP060000S600,2020.06,19154,FINAL,Dollars,6,A,Consolidated accounts - table 1.1,P06,Exports of goods and services,,,6,Rest of world,National Accounts - SNA 2008 - SNE,2020,6
SNEQ.SG03AP060000S600,2020.09,16176,FINAL,Dollars,6,A,Consolidated accounts - table 1.1,P06,Exports of goods and services,,,6,Rest of world,National Accounts - SNA 2008 - SNE,2020,9
SNEQ.SG03AP060000S600,2020.12,18386,REVISED,Dollars,6,A,Consolidated accounts - table 1.1,P06,Exports of goods and services,,,6,Rest of world,National Accounts - SNA 2008 - SNE,2020,12
SNEQ.SG03AP060000S600,2021.03,17561,FINAL,Dollars,6,A,Consolidated accounts - table 1.1,P06,Exports of goods and services,,,6,Rest of world,National Accounts - SNA 2008 - SNE,2021,3
SNEQ.SG03AP060000S600,2021.06,21500,FINAL,Dollars,6,A,Consolidated accounts - table 1.1,P06,Exports of goods and services,,,6,Rest of world,National Accounts - SNA 2008 - SNE,2021,6
SNEQ.SG03AP060000S600,2021.09,17882,REVISED,Dollars,6,A,Consolidated accounts - table 1.1,P06,Exports of goods and services,,,6,Rest of world,National Accounts - SNA 2008 - SNE,2021,9
SNEQ.SG03AP060000S600,2021.12,20773,REVISED,Dollars,6,A,Consolidated accounts - table 1.1,P06,Exports of goods and services,,,6,Rest of world,National Accounts - SNA 2008 - SNE,2021,12
SNEQ.SG03AP060000S600,2022.03,19962,REVISED,Dollars,6,A,Consolidated accounts - table 1.1,P06,Exports of goods and services,,,6,Rest of world,National Accounts - SNA 2008 - SNE,2022,3
SNEQ.SG03AP060000S600,2022.06,23260,REVISED,Dollars,6,A,Consolidated accounts - table 1.1,P06,Exports of goods and services,,,6,Rest of world,National Accounts - SNA 2008 - SNE,2022,6
SNEQ.SG03AP060000S600,2022.09,22361,REVISED,Dollars,6,A,Consolidated accounts - table 1.1,P06,Exports of goods and services,,,6,Rest of world,National Accounts - SNA 2008 - SNE,2022,9
SNEQ.SG03AP060000S600,2022.12,24501,REVISED,Dollars,6,A,Consolidated accounts - table 1.1,P06,Exports of goods and services,,,6,Rest of world,National Accounts - SNA 2008 - SNE,2022,12
SNEQ.SG03AP060000S600,2023.03,24590,REVISED,Dollars,6,A,Consolidated accounts - table 1.1,P06,Exports of goods and services,,,6,Rest of world,National Accounts - SNA 2008 - SNE,2023,3
SNEQ.SG03AP060000S600,2023.06,26026,REVISED,Dollars,6,A,Consolidated accounts - table 1.1,P06,Exports of goods and services,,,6,Rest of world,National Accounts - SNA 2008 - SNE,2023,6
SNEQ.SG03AP060000S600,2023.09,21798,REVISED,Dollars,6,A,Consolidated accounts - table 1.1,P06,Exports of goods and services,,,6,Rest of world,National Accounts - SNA 2008 - SNE,2023,9
SNEQ.SG03AP060000S600,2023.12,24563,REVISED,Dollars,6,A,Consolidated accounts - table 1.1,P06,Exports of goods and services,,,6,Rest of world,National Accounts - SNA 2008 - SNE,2023,12
SNEQ.SG03AP060000S600,2024.03,26267,REVISED,Dollars,6,A,Consolidated accounts - table 1.1,P06,Exports of goods and services,,,6,Rest of world,National Accounts - SNA 2008 - SNE,2024,3
SNEQ.SG03AP060000S600,2024.06,26573,REVISED,Dollars,6,A,Consolidated accounts - table 1.1,P06,Exports of goods and services,,,6,Rest of world,National Accounts - SNA 2008 - SNE,2024,6
SNEQ.SG03AP060000S600,2024.09,22594,REVISED,Dollars,6,A,Consolidated accounts - table 1.1,P06,Exports of goods and services,,,6,Rest of world,National Accounts - SNA 2008 - SNE,2024,9
SNEQ.SG03AP060000S600,2024.12,27394,REVISED,Dollars,6,A,Consolidated accounts - table 1.1,P06,Exports of goods and services,,,6,Rest of world,National Accounts - SNA 2008 - SNE,2024,12
SNEQ.SG03AP060000S600,2025.03,30183,REVISED,Dollars,6,A,Consolidated accounts - table 1.1,P06,Exports of goods and services,,,6,Rest of world,National Accounts - SNA 2008 - SNE,2025,3
SNEQ.SG03AP060000S600,2025.06,29232,FINAL,Dollars,6,A,Consolidated accounts - table 1.1,P06,Exports of goods and services,,,6,Rest of world,National Accounts - SNA 2008 - SNE,2025,6
SNEQ.SG03AP070000S600,2011.06,14830,FINAL,Dollars,6,A,Consolidated accounts - table 1.1,P07,Imports of goods and services,,,6,Rest of world,National Accounts - SNA 2008 - SNE,2011,6
SNEQ.SG03AP070000S600,2011.09,15797,FINAL,Dollars,6,A,Consolidated accounts - table 1.1,P07,Imports of goods and services,,,6,Rest of world,National Accounts - SNA 2008 - SNE,2011,9
SNEQ.SG03AP070000S600,2011.12,16117,FINAL,Dollars,6,A,Consolidated accounts - table 1.1,P07,Imports of goods and services,,,6,Rest of world,National Accounts - SNA 2008 - SNE,2011,12
SNEQ.SG03AP070000S600,2012.03,14704,FINAL,Dollars,6,A,Consolidated accounts - table 1.1,P07,Imports of goods and services,,,6,Rest of world,National Accounts - SNA 2008 - SNE,2012,3
SNEQ.SG03AP070000S600,2012.06,14890,FINAL,Dollars,6,A,Consolidated accounts - table 1.1,P07,Imports of goods and services,,,6,Rest of world,National Accounts - SNA 2008 - SNE,2012,6
SNEQ.SG03AP070000S600,2012.09,16139,FINAL,Dollars,6,A,Consolidated accounts - table 1.1,P07,Imports of goods and services,,,6,Rest of world,National Accounts - SNA 2008 - SNE,2012,9
SNEQ.SG03AP070000S600,2012.12,15958,FINAL,Dollars,6,A,Consolidated accounts - table 1.1,P07,Imports of goods and services,,,6,Rest of world,National Accounts - SNA 2008 - SNE,2012,12
SNEQ.SG03AP070000S600,2013.03,14266,FINAL,Dollars,6,A,Consolidated accounts - table 1.1,P07,Imports of goods and services,,,6,Rest of world,National Accounts - SNA 2008 - SNE,2013,3
SNEQ.SG03AP070000S600,2013.06,14758,FINAL,Dollars,6,A,Consolidated accounts - table 1.1,P07,Imports of goods and services,,,6,Rest of world,National Accounts - SNA 2008 - SNE,2013,6
SNEQ.SG03AP070000S600,2013.09,17113,FINAL,Dollars,6,A,Consolidated accounts - table 1.1,P07,Imports of goods and services,,,6,Rest of world,National Accounts - SNA 2008 - SNE,2013,9
SNEQ.SG03AP070000S600,2013.12,16490,FINAL,Dollars,6,A,Consolidated accounts - table 1.1,P07,Imports of goods and services,,,6,Rest of world,National Accounts - SNA 2008 - SNE,2013,12
SNEQ.SG03AP070000S600,2014.03,14968,FINAL,Dollars,6,A,Consolidated accounts - table 1.1,P07,Imports of goods and services,,,6,Rest of world,National Accounts - SNA 2008 - SNE,2014,3
SNEQ.SG03AP070000S600,2014.06,15525,FINAL,Dollars,6,A,Consolidated accounts - table 1.1,P07,Imports of goods and services,,,6,Rest of world,National Accounts - SNA 2008 - SNE,2014,6
SNEQ.SG03AP070000S600,2014.09,17237,FINAL,Dollars,6,A,Consolidated accounts - table 1.1,P07,Imports of goods and services,,,6,Rest of world,National Accounts - SNA 2008 - SNE,2014,9
SNEQ.SG03AP070000S600,2014.12,17727,FINAL,Dollars,6,A,Consolidated accounts - table 1.1,P07,Imports of goods and services,,,6,Rest of world,National Accounts - SNA 2008 - SNE,2014,12
SNEQ.SG03AP070000S600,2015.03,15448,FINAL,Dollars,6,A,Consolidated accounts - table 1.1,P07,Imports of goods and services,,,6,Rest of world,National Accounts - SNA 2008 - SNE,2015,3
SNEQ.SG03AP070000S600,2015.06,16215,FINAL,Dollars,6,A,Consolidated accounts - table 1.1,P07,Imports of goods and services,,,6,Rest of world,National Accounts - SNA 2008 - SNE,2015,6
SNEQ.SG03AP070000S600,2015.09,18704,FINAL,Dollars,6,A,Consolidated accounts - table 1.1,P07,Imports of goods and services,,,6,Rest of world,National Accounts - SNA 2008 - SNE,2015,9
SNEQ.SG03AP070000S600,2015.12,18224,FINAL,Dollars,6,A,Consolidated accounts - table 1.1,P07,Imports of goods and services,,,6,Rest of world,National Accounts - SNA 2008 - SNE,2015,12
SNEQ.SG03AP070000S600,2016.03,15650,FINAL,Dollars,6,A,Consolidated accounts - table 1.1,P07,Imports of goods and services,,,6,Rest of world,National Accounts - SNA 2008 - SNE,2016,3
SNEQ.SG03AP070000S600,2016.06,16677,FINAL,Dollars,6,A,Consolidated accounts - table 1.1,P07,Imports of goods and services,,,6,Rest of world,National Accounts - SNA 2008 - SNE,2016,6
SNEQ.SG03AP070000S600,2016.09,18252,REVISED,Dollars,6,A,Consolidated accounts - table 1.1,P07,Imports of goods and services,,,6,Rest of world,National Accounts - SNA 2008 - SNE,2016,9
SNEQ.SG03AP070000S600,2016.12,18285,REVISED,Dollars,6,A,Consolidated accounts - table 1.1,P07,Imports of goods and services,,,6,Rest of world,National Accounts - SNA 2008 - SNE,2016,12
SNEQ.SG03AP070000S600,2017.03,16957,REVISED,Dollars,6,A,Consolidated accounts - table 1.1,P07,Imports of goods and services,,,6,Rest of world,National Accounts - SNA 2008 - SNE,2017,3
SNEQ.SG03AP070000S600,2017.06,18112,REVISED,Dollars,6,A,Consolidated accounts - table 1.1,P07,Imports of goods and services,,,6,Rest of world,National Accounts - SNA 2008 - SNE,2017,6
SNEQ.SG03AP070000S600,2017.09,19487,REVISED,Dollars,6,A,Consolidated accounts - table 1.1,P07,Imports of goods and services,,,6,Rest of world,National Accounts - SNA 2008 - SNE,2017,9
SNEQ.SG03AP070000S600,2017.12,21025,REVISED,Dollars,6,A,Consolidated accounts - table 1.1,P07,Imports of goods and services,,,6,Rest of world,National Accounts - SNA 2008 - SNE,2017,12
SNEQ.SG03AP070000S600,2018.03,18955,REVISED,Dollars,6,A,Consolidated accounts - table 1.1,P07,Imports of goods and services,,,6,Rest of world,National Accounts - SNA 2008 - SNE,2018,3
SNEQ.SG03AP070000S600,2018.06,20263,REVISED,Dollars,6,A,Consolidated accounts - table 1.1,P07,Imports of goods and services,,,6,Rest of world,National Accounts - SNA 2008 - SNE,2018,6
SNEQ.SG03AP070000S600,2018.09,22740,REVISED,Dollars,6,A,Consolidated accounts - table 1.1,P07,Imports of goods and services,,,6,Rest of world,National Accounts - SNA 2008 - SNE,2018,9
SNEQ.SG03AP070000S600,2018.12,22689,REVISED,Dollars,6,A,Consolidated accounts - table 1.1,P07,Imports of goods and services,,,6,Rest of world,National Accounts - SNA 2008 - SNE,2018,12
SNEQ.SG03AP070000S600,2019.03,19995,REVISED,Dollars,6,A,Consolidated accounts - table 1.1,P07,Imports of goods and services,,,6,Rest of world,National Accounts - SNA 2008 - SNE,2019,3
SNEQ.SG03AP070000S600,2019.06,21152,REVISED,Dollars,6,A,Consolidated accounts - table 1.1,P07,Imports of goods and services,,,6,Rest of world,National Accounts - SNA 2008 - SNE,2019,6
SNEQ.SG03AP070000S600,2019.09,23231,REVISED,Dollars,6,A,Consolidated accounts - table 1.1,P07,Imports of goods and services,,,6,Rest of world,National Accounts - SNA 2008 - SNE,2019,9
SNEQ.SG03AP070000S600,2019.12,23441,REVISED,Dollars,6,A,Consolidated accounts - table 1.1,P07,Imports of goods and services,,,6,Rest of world,National Accounts - SNA 2008 - SNE,2019,12
SNEQ.SG03AP070000S600,2020.03,19962,REVISED,Dollars,6,A,Consolidated accounts - table 1.1,P07,Imports of goods and services,,,6,Rest of world,National Accounts - SNA 2008 - SNE,2020,3
SNEQ.SG03AP070000S600,2020.06,15978,REVISED,Dollars,6,A,Consolidated accounts - table 1.1,P07,Imports of goods and services,,,6,Rest of world,National Accounts - SNA 2008 - SNE,2020,6
SNEQ.SG03AP070000S600,2020.09,18405,REVISED,Dollars,6,A,Consolidated accounts - table 1.1,P07,Imports of goods and services,,,6,Rest of world,National Accounts - SNA 2008 - SNE,2020,9
SNEQ.SG03AP070000S600,2020.12,19752,REVISED,Dollars,6,A,Consolidated accounts - table 1.1,P07,Imports of goods and services,,,6,Rest of world,National Accounts - SNA 2008 - SNE,2020,12
SNEQ.SG03AP070000S600,2021.03,18754,REVISED,Dollars,6,A,Consolidated accounts - table 1.1,P07,Imports of goods and services,,,6,Rest of world,National Accounts - SNA 2008 - SNE,2021,3
SNEQ.SG03AP070000S600,2021.06,20329,REVISED,Dollars,6,A,Consolidated accounts - table 1.1,P07,Imports of goods and services,,,6,Rest of world,National Accounts - SNA 2008 - SNE,2021,6
SNEQ.SG03AP070000S600,2021.09,24103,REVISED,Dollars,6,A,Consolidated accounts - table 1.1,P07,Imports of goods and services,,,6,Rest of world,National Accounts - SNA 2008 - SNE,2021,9
SNEQ.SG03AP070000S600,2021.12,25598,REVISED,Dollars,6,A,Consolidated accounts - table 1.1,P07,Imports of goods and services,,,6,Rest of world,National Accounts - SNA 2008 - SNE,2021,12
SNEQ.SG03AP070000S600,2022.03,23590,REVISED,Dollars,6,A,Consolidated accounts - table 1.1,P07,Imports of goods and services,,,6,Rest of world,National Accounts - SNA 2008 - SNE,2022,3
SNEQ.SG03AP070000S600,2022.06,26284,REVISED,Dollars,6,A,Consolidated accounts - table 1.1,P07,Imports of goods and services,,,6,Rest of world,National Accounts - SNA 2008 - SNE,2022,6
SNEQ.SG03AP070000S600,2022.09,30693,REVISED,Dollars,6,A,Consolidated accounts - table 1.1,P07,Imports of goods and services,,,6,Rest of world,National Accounts - SNA 2008 - SNE,2022,9
SNEQ.SG03AP070000S600,2022.12,31397,REVISED,Dollars,6,A,Consolidated accounts - table 1.1,P07,Imports of goods and services,,,6,Rest of world,National Accounts - SNA 2008 - SNE,2022,12
SNEQ.SG03AP070000S600,2023.03,26483,REVISED,Dollars,6,A,Consolidated accounts - table 1.1,P07,Imports of goods and services,,,6,Rest of world,National Accounts - SNA 2008 - SNE,2023,3
SNEQ.SG03AP070000S600,2023.06,26667,REVISED,Dollars,6,A,Consolidated accounts - table 1.1,P07,Imports of goods and services,,,6,Rest of world,National Accounts - SNA 2008 - SNE,2023,6
SNEQ.SG03AP070000S600,2023.09,28867,REVISED,Dollars,6,A,Consolidated accounts - table 1.1,P07,Imports of goods and services,,,6,Rest of world,National Accounts - SNA 2008 - SNE,2023,9
SNEQ.SG03AP070000S600,2023.12,28377,REVISED,Dollars,6,A,Consolidated accounts - table 1.1,P07,Imports of goods and services,,,6,Rest of world,National Accounts - SNA 2008 - SNE,2023,12
SNEQ.SG03AP070000S600,2024.03,25617,REVISED,Dollars,6,A,Consolidated accounts - table 1.1,P07,Imports of goods and services,,,6,Rest of world,National Accounts - SNA 2008 - SNE,2024,3
SNEQ.SG03AP070000S600,2024.06,26716,REVISED,Dollars,6,A,Consolidated accounts - table 1.1,P07,Imports of goods and services,,,6,Rest of world,National Accounts - SNA 2008 - SNE,2024,6
SNEQ.SG03AP070000S600,2024.09,28611,REVISED,Dollars,6,A,Consolidated accounts - table 1.1,P07,Imports of goods and services,,,6,Rest of world,National Accounts - SNA 2008 - SNE,2024,9
SNEQ.SG03AP070000S600,2024.12,29383,REVISED,Dollars,6,A,Consolidated accounts - table 1.1,P07,Imports of goods and services,,,6,Rest of world,National Accounts - SNA 2008 - SNE,2024,12
SNEQ.SG03AP070000S600,2025.03,27436,REVISED,Dollars,6,A,Consolidated accounts - table 1.1,P07,Imports of goods and services,,,6,Rest of world,National Accounts - SNA 2008 - SNE,2025,3
SNEQ.SG03AP070000S600,2025.06,27574,FINAL,Dollars,6,A,Consolidated accounts - table 1.1,P07,Imports of goods and services,,,6,Rest of world,National Accounts - SNA 2008 - SNE,2025,6
SNEQ.SG04AB02G000S900,2016.06,28041,Experimental,Dollars,6,A,Consolidated accounts - table 1.2,B02G,Gross operating surplus and gross mixed income,,,,,National Accounts - SNA 2008 - SNE,2016,6
SNEQ.SG04AB02G000S900,2016.09,28849,Experimental,Dollars,6,A,Consolidated accounts - table 1.2,B02G,Gross operating surplus and gross mixed income,,,,,National Accounts - SNA 2008 - SNE,2016,9
SNEQ.SG04AB02G000S900,2016.12,32433,Experimental,Dollars,6,A,Consolidated accounts - table 1.2,B02G,Gross operating surplus and gross mixed income,,,,,National Accounts - SNA 2008 - SNE,2016,12
SNEQ.SG04AB02G000S900,2017.03,30560,Experimental,Dollars,6,A,Consolidated accounts - table 1.2,B02G,Gross operating surplus and gross mixed income,,,,,National Accounts - SNA 2008 - SNE,2017,3
SNEQ.SG04AB02G000S900,2017.06,30488,Experimental,Dollars,6,A,Consolidated accounts - table 1.2,B02G,Gross operating surplus and gross mixed income,,,,,National Accounts - SNA 2008 - SNE,2017,6
SNEQ.SG04AB02G000S900,2017.09,31855,Experimental,Dollars,6,A,Consolidated accounts - table 1.2,B02G,Gross operating surplus and gross mixed income,,,,,National Accounts - SNA 2008 - SNE,2017,9
SNEQ.SG04AB02G000S900,2017.12,35334,Experimental,Dollars,6,A,Consolidated accounts - table 1.2,B02G,Gross operating surplus and gross mixed income,,,,,National Accounts - SNA 2008 - SNE,2017,12
SNEQ.SG04AB02G000S900,2018.03,32557,Experimental,Dollars,6,A,Consolidated accounts - table 1.2,B02G,Gross operating surplus and gross mixed income,,,,,National Accounts - SNA 2008 - SNE,2018,3
SNEQ.SG04AB02G000S900,2018.06,33029,Experimental,Dollars,6,A,Consolidated accounts - table 1.2,B02G,Gross operating surplus and gross mixed income,,,,,National Accounts - SNA 2008 - SNE,2018,6
SNEQ.SG04AB02G000S900,2018.09,33424,Experimental,Dollars,6,A,Consolidated accounts - table 1.2,B02G,Gross operating surplus and gross mixed income,,,,,National Accounts - SNA 2008 - SNE,2018,9
SNEQ.SG04AB02G000S900,2018.12,35528,Experimental,Dollars,6,A,Consolidated accounts - table 1.2,B02G,Gross operating surplus and gross mixed income,,,,,National Accounts - SNA 2008 - SNE,2018,12
SNEQ.SG04AB02G000S900,2019.03,33784,Experimental,Dollars,6,A,Consolidated accounts - table 1.2,B02G,Gross operating surplus and gross mixed income,,,,,National Accounts - SNA 2008 - SNE,2019,3
SNEQ.SG04AB02G000S900,2019.06,33876,Experimental,Dollars,6,A,Consolidated accounts - table 1.2,B02G,Gross operating surplus and gross mixed income,,,,,National Accounts - SNA 2008 - SNE,2019,6
SNEQ.SG04AB02G000S900,2019.09,35425,Experimental,Dollars,6,A,Consolidated accounts - table 1.2,B02G,Gross operating surplus and gross mixed income,,,,,National Accounts - SNA 2008 - SNE,2019,9
SNEQ.SG04AB02G000S900,2019.12,37909,Experimental,Dollars,6,A,Consolidated accounts - table 1.2,B02G,Gross operating surplus and gross mixed income,,,,,National Accounts - SNA 2008 - SNE,2019,12
SNEQ.SG04AB02G000S900,2020.03,37912,Experimental,Dollars,6,A,Consolidated accounts - table 1.2,B02G,Gross operating surplus and gross mixed income,,,,,National Accounts - SNA 2008 - SNE,2020,3
SNEQ.SG04AB02G000S900,2020.06,37383,Experimental,Dollars,6,A,Consolidated accounts - table 1.2,B02G,Gross operating surplus and gross mixed income,,,,,National Accounts - SNA 2008 - SNE,2020,6
SNEQ.SG04AB02G000S900,2020.09,39923,Experimental,Dollars,6,A,Consolidated accounts - table 1.2,B02G,Gross operating surplus and gross mixed income,,,,,National Accounts - SNA 2008 - SNE,2020,9
SNEQ.SG04AB02G000S900,2020.12,39715,Experimental,Dollars,6,A,Consolidated accounts - table 1.2,B02G,Gross operating surplus and gross mixed income,,,,,National Accounts - SNA 2008 - SNE,2020,12
SNEQ.SG04AB02G000S900,2021.03,36902,Experimental,Dollars,6,A,Consolidated accounts - table 1.2,B02G,Gross operating surplus and gross mixed income,,,,,National Accounts - SNA 2008 - SNE,2021,3
SNEQ.SG04AB02G000S900,2021.06,37270,Experimental,Dollars,6,A,Consolidated accounts - table 1.2,B02G,Gross operating surplus and gross mixed income,,,,,National Accounts - SNA 2008 - SNE,2021,6
SNEQ.SG04AB02G000S900,2021.09,41291,Experimental,Dollars,6,A,Consolidated accounts - table 1.2,B02G,Gross operating surplus and gross mixed income,,,,,National Accounts - SNA 2008 - SNE,2021,9
SNEQ.SG04AB02G000S900,2021.12,45647,Experimental,Dollars,6,A,Consolidated accounts - table 1.2,B02G,Gross operating surplus and gross mixed income,,,,,National Accounts - SNA 2008 - SNE,2021,12
SNEQ.SG04AB02G000S900,2022.03,39886,Experimental,Dollars,6,A,Consolidated accounts - table 1.2,B02G,Gross operating surplus and gross mixed income,,,,,National Accounts - SNA 2008 - SNE,2022,3
SNEQ.SG04AB02G000S900,2022.06,41222,Experimental,Dollars,6,A,Consolidated accounts - table 1.2,B02G,Gross operating surplus and gross mixed income,,,,,National Accounts - SNA 2008 - SNE,2022,6
SNEQ.SG04AB02G000S900,2022.09,43998,Experimental,Dollars,6,A,Consolidated accounts - table 1.2,B02G,Gross operating surplus and gross mixed income,,,,,National Accounts - SNA 2008 - SNE,2022,9
SNEQ.SG04AB02G000S900,2022.12,47269,Experimental,Dollars,6,A,Consolidated accounts - table 1.2,B02G,Gross operating surplus and gross mixed income,,,,,National Accounts - SNA 2008 - SNE,2022,12
SNEQ.SG04AB02G000S900,2023.03,42263,Experimental,Dollars,6,A,Consolidated accounts - table 1.2,B02G,Gross operating surplus and gross mixed income,,,,,National Accounts - SNA 2008 - SNE,2023,3
SNEQ.SG04AB02G000S900,2023.06,44193,Experimental,Dollars,6,A,Consolidated accounts - table 1.2,B02G,Gross operating surplus and gross mixed income,,,,,National Accounts - SNA 2008 - SNE,2023,6
SNEQ.SG04AB02G000S900,2023.09,45816,Experimental,Dollars,6,A,Consolidated accounts - table 1.2,B02G,Gross operating surplus and gross mixed income,,,,,National Accounts - SNA 2008 - SNE,2023,9
SNEQ.SG04AB02G000S900,2023.12,46244,Experimental,Dollars,6,A,Consolidated accounts - table 1.2,B02G,Gross operating surplus and gross mixed income,,,,,National Accounts - SNA 2008 - SNE,2023,12
SNEQ.SG04AB02G000S900,2024.03,42839,Experimental,Dollars,6,A,Consolidated accounts - table 1.2,B02G,Gross operating surplus and gross mixed income,,,,,National Accounts - SNA 2008 - SNE,2024,3
SNEQ.SG04AB02G000S900,2024.06,42966,Experimental,Dollars,6,A,Consolidated accounts - table 1.2,B02G,Gross operating surplus and gross mixed income,,,,,National Accounts - SNA 2008 - SNE,2024,6
SNEQ.SG04AB02G000S900,2024.09,44947,Experimental,Dollars,6,A,Consolidated accounts - table 1.2,B02G,Gross operating surplus and gross mixed income,,,,,National Accounts - SNA 2008 - SNE,2024,9
SNEQ.SG04AB02G000S900,2024.12,49204,Experimental,Dollars,6,A,Consolidated accounts - table 1.2,B02G,Gross operating surplus and gross mixed income,,,,,National Accounts - SNA 2008 - SNE,2024,12
SNEQ.SG04AB02G000S900,2025.03,45408,Experimental,Dollars,6,A,Consolidated accounts - table 1.2,B02G,Gross operating surplus and gross mixed income,,,,,National Accounts - SNA 2008 - SNE,2025,3
SNEQ.SG04AB02G000S900,2025.06,45173,Experimental,Dollars,6,A,Consolidated accounts - table 1.2,B02G,Gross operating surplus and gross mixed income,,,,,National Accounts - SNA 2008 - SNE,2025,6
SNEQ.SG04AB05GNI0S900,2016.06,63237,Experimental,Dollars,6,A,Consolidated accounts - table 1.2,B05GNI,Gross natioal income,,,,,National Accounts - SNA 2008 - SNE,2016,6
SNEQ.SG04AB05GNI0S900,2016.09,64091,Experimental,Dollars,6,A,Consolidated accounts - table 1.2,B05GNI,Gross natioal income,,,,,National Accounts - SNA 2008 - SNE,2016,9
SNEQ.SG04AB05GNI0S900,2016.12,69594,Experimental,Dollars,6,A,Consolidated accounts - table 1.2,B05GNI,Gross natioal income,,,,,National Accounts - SNA 2008 - SNE,2016,12
SNEQ.SG04AB05GNI0S900,2017.03,65851,Experimental,Dollars,6,A,Consolidated accounts - table 1.2,B05GNI,Gross natioal income,,,,,National Accounts - SNA 2008 - SNE,2017,3
SNEQ.SG04AB05GNI0S900,2017.06,67296,Experimental,Dollars,6,A,Consolidated accounts - table 1.2,B05GNI,Gross natioal income,,,,,National Accounts - SNA 2008 - SNE,2017,6
SNEQ.SG04AB05GNI0S900,2017.09,68312,Experimental,Dollars,6,A,Consolidated accounts - table 1.2,B05GNI,Gross natioal income,,,,,National Accounts - SNA 2008 - SNE,2017,9
SNEQ.SG04AB05GNI0S900,2017.12,74341,Experimental,Dollars,6,A,Consolidated accounts - table 1.2,B05GNI,Gross natioal income,,,,,National Accounts - SNA 2008 - SNE,2017,12
SNEQ.SG04AB05GNI0S900,2018.03,69950,Experimental,Dollars,6,A,Consolidated accounts - table 1.2,B05GNI,Gross natioal income,,,,,National Accounts - SNA 2008 - SNE,2018,3
SNEQ.SG04AB05GNI0S900,2018.06,71582,Experimental,Dollars,6,A,Consolidated accounts - table 1.2,B05GNI,Gross natioal income,,,,,National Accounts - SNA 2008 - SNE,2018,6
SNEQ.SG04AB05GNI0S900,2018.09,72436,Experimental,Dollars,6,A,Consolidated accounts - table 1.2,B05GNI,Gross natioal income,,,,,National Accounts - SNA 2008 - SNE,2018,9
SNEQ.SG04AB05GNI0S900,2018.12,77556,Experimental,Dollars,6,A,Consolidated accounts - table 1.2,B05GNI,Gross natioal income,,,,,National Accounts - SNA 2008 - SNE,2018,12
SNEQ.SG04AB05GNI0S900,2019.03,73554,Experimental,Dollars,6,A,Consolidated accounts - table 1.2,B05GNI,Gross natioal income,,,,,National Accounts - SNA 2008 - SNE,2019,3
SNEQ.SG04AB05GNI0S900,2019.06,76226,Experimental,Dollars,6,A,Consolidated accounts - table 1.2,B05GNI,Gross natioal income,,,,,National Accounts - SNA 2008 - SNE,2019,6
SNEQ.SG04AB05GNI0S900,2019.09,77871,Experimental,Dollars,6,A,Consolidated accounts - table 1.2,B05GNI,Gross natioal income,,,,,National Accounts - SNA 2008 - SNE,2019,9
SNEQ.SG04AB05GNI0S900,2019.12,83473,Experimental,Dollars,6,A,Consolidated accounts - table 1.2,B05GNI,Gross natioal income,,,,,National Accounts - SNA 2008 - SNE,2019,12
SNEQ.SG04AB05GNI0S900,2020.03,77500,Experimental,Dollars,6,A,Consolidated accounts - table 1.2,B05GNI,Gross natioal income,,,,,National Accounts - SNA 2008 - SNE,2020,3
SNEQ.SG04AB05GNI0S900,2020.06,71571,Experimental,Dollars,6,A,Consolidated accounts - table 1.2,B05GNI,Gross natioal income,,,,,National Accounts - SNA 2008 - SNE,2020,6
SNEQ.SG04AB05GNI0S900,2020.09,82286,Experimental,Dollars,6,A,Consolidated accounts - table 1.2,B05GNI,Gross natioal income,,,,,National Accounts - SNA 2008 - SNE,2020,9
SNEQ.SG04AB05GNI0S900,2020.12,86555,Experimental,Dollars,6,A,Consolidated accounts - table 1.2,B05GNI,Gross natioal income,,,,,National Accounts - SNA 2008 - SNE,2020,12
SNEQ.SG04AB05GNI0S900,2021.03,81618,Experimental,Dollars,6,A,Consolidated accounts - table 1.2,B05GNI,Gross natioal income,,,,,National Accounts - SNA 2008 - SNE,2021,3
SNEQ.SG04AB05GNI0S900,2021.06,85617,Experimental,Dollars,6,A,Consolidated accounts - table 1.2,B05GNI,Gross natioal income,,,,,National Accounts - SNA 2008 - SNE,2021,6
SNEQ.SG04AB05GNI0S900,2021.09,84690,Experimental,Dollars,6,A,Consolidated accounts - table 1.2,B05GNI,Gross natioal income,,,,,National Accounts - SNA 2008 - SNE,2021,9
SNEQ.SG04AB05GNI0S900,2021.12,92280,Experimental,Dollars,6,A,Consolidated accounts - table 1.2,B05GNI,Gross natioal income,,,,,National Accounts - SNA 2008 - SNE,2021,12
SNEQ.SG04AB05GNI0S900,2022.03,86729,Experimental,Dollars,6,A,Consolidated accounts - table 1.2,B05GNI,Gross natioal income,,,,,National Accounts - SNA 2008 - SNE,2022,3
SNEQ.SG04AB05GNI0S900,2022.06,91048,Experimental,Dollars,6,A,Consolidated accounts - table 1.2,B05GNI,Gross natioal income,,,,,National Accounts - SNA 2008 - SNE,2022,6
SNEQ.SG04AB05GNI0S900,2022.09,94990,Experimental,Dollars,6,A,Consolidated accounts - table 1.2,B05GNI,Gross natioal income,,,,,National Accounts - SNA 2008 - SNE,2022,9
SNEQ.SG04AB05GNI0S900,2022.12,100125,Experimental,Dollars,6,A,Consolidated accounts - table 1.2,B05GNI,Gross natioal income,,,,,National Accounts - SNA 2008 - SNE,2022,12
SNEQ.SG04AB05GNI0S900,2023.03,94339,Experimental,Dollars,6,A,Consolidated accounts - table 1.2,B05GNI,Gross natioal income,,,,,National Accounts - SNA 2008 - SNE,2023,3
SNEQ.SG04AB05GNI0S900,2023.06,98880,Experimental,Dollars,6,A,Consolidated accounts - table 1.2,B05GNI,Gross natioal income,,,,,National Accounts - SNA 2008 - SNE,2023,6
SNEQ.SG04AB05GNI0S900,2023.09,100861,Experimental,Dollars,6,A,Consolidated accounts - table 1.2,B05GNI,Gross natioal income,,,,,National Accounts - SNA 2008 - SNE,2023,9
SNEQ.SG04AB05GNI0S900,2023.12,104386,Experimental,Dollars,6,A,Consolidated accounts - table 1.2,B05GNI,Gross natioal income,,,,,National Accounts - SNA 2008 - SNE,2023,12
SNEQ.SG04AB05GNI0S900,2024.03,99436,Experimental,Dollars,6,A,Consolidated accounts - table 1.2,B05GNI,Gross natioal income,,,,,National Accounts - SNA 2008 - SNE,2024,3
SNEQ.SG04AB05GNI0S900,2024.06,101961,Experimental,Dollars,6,A,Consolidated accounts - table 1.2,B05GNI,Gross natioal income,,,,,National Accounts - SNA 2008 - SNE,2024,6
SNEQ.SG04AB05GNI0S900,2024.09,102918,Experimental,Dollars,6,A,Consolidated accounts - table 1.2,B05GNI,Gross natioal income,,,,,National Accounts - SNA 2008 - SNE,2024,9
SNEQ.SG04AB05GNI0S900,2024.12,108575,Experimental,Dollars,6,A,Consolidated accounts - table 1.2,B05GNI,Gross natioal income,,,,,National Accounts - SNA 2008 - SNE,2024,12
SNEQ.SG04AB05GNI0S900,2025.03,103094,Experimental,Dollars,6,A,Consolidated accounts - table 1.2,B05GNI,Gross natioal income,,,,,National Accounts - SNA 2008 - SNE,2025,3
SNEQ.SG04AB05GNI0S900,2025.06,105697,Experimental,Dollars,6,A,Consolidated accounts - table 1.2,B05GNI,Gross natioal income,,,,,National Accounts - SNA 2008 - SNE,2025,6
SNEQ.SG04AB06GNI0S900,2016.06,63241,Experimental,Dollars,6,A,Consolidated accounts - table 1.2,B06GNI,Gross national disposable income,,,,,National Accounts - SNA 2008 - SNE,2016,6
SNEQ.SG04AB06GNI0S900,2016.09,63950,Experimental,Dollars,6,A,Consolidated accounts - table 1.2,B06GNI,Gross national disposable income,,,,,National Accounts - SNA 2008 - SNE,2016,9
SNEQ.SG04AB06GNI0S900,2016.12,69672,Experimental,Dollars,6,A,Consolidated accounts - table 1.2,B06GNI,Gross national disposable income,,,,,National Accounts - SNA 2008 - SNE,2016,12
SNEQ.SG04AB06GNI0S900,2017.03,65708,Experimental,Dollars,6,A,Consolidated accounts - table 1.2,B06GNI,Gross national disposable income,,,,,National Accounts - SNA 2008 - SNE,2017,3
SNEQ.SG04AB06GNI0S900,2017.06,67047,Experimental,Dollars,6,A,Consolidated accounts - table 1.2,B06GNI,Gross national disposable income,,,,,National Accounts - SNA 2008 - SNE,2017,6
SNEQ.SG04AB06GNI0S900,2017.09,68194,Experimental,Dollars,6,A,Consolidated accounts - table 1.2,B06GNI,Gross national disposable income,,,,,National Accounts - SNA 2008 - SNE,2017,9
SNEQ.SG04AB06GNI0S900,2017.12,74328,Experimental,Dollars,6,A,Consolidated accounts - table 1.2,B06GNI,Gross national disposable income,,,,,National Accounts - SNA 2008 - SNE,2017,12
SNEQ.SG04AB06GNI0S900,2018.03,69635,Experimental,Dollars,6,A,Consolidated accounts - table 1.2,B06GNI,Gross national disposable income,,,,,National Accounts - SNA 2008 - SNE,2018,3
SNEQ.SG04AB06GNI0S900,2018.06,71247,Experimental,Dollars,6,A,Consolidated accounts - table 1.2,B06GNI,Gross national disposable income,,,,,National Accounts - SNA 2008 - SNE,2018,6
SNEQ.SG04AB06GNI0S900,2018.09,72197,Experimental,Dollars,6,A,Consolidated accounts - table 1.2,B06GNI,Gross national disposable income,,,,,National Accounts - SNA 2008 - SNE,2018,9
SNEQ.SG04AB06GNI0S900,2018.12,77554,Experimental,Dollars,6,A,Consolidated accounts - table 1.2,B06GNI,Gross national disposable income,,,,,National Accounts - SNA 2008 - SNE,2018,12
SNEQ.SG04AB06GNI0S900,2019.03,73549,Experimental,Dollars,6,A,Consolidated accounts - table 1.2,B06GNI,Gross national disposable income,,,,,National Accounts - SNA 2008 - SNE,2019,3
SNEQ.SG04AB06GNI0S900,2019.06,76064,Experimental,Dollars,6,A,Consolidated accounts - table 1.2,B06GNI,Gross national disposable income,,,,,National Accounts - SNA 2008 - SNE,2019,6
SNEQ.SG04AB06GNI0S900,2019.09,77762,Experimental,Dollars,6,A,Consolidated accounts - table 1.2,B06GNI,Gross national disposable income,,,,,National Accounts - SNA 2008 - SNE,2019,9
SNEQ.SG04AB06GNI0S900,2019.12,83543,Experimental,Dollars,6,A,Consolidated accounts - table 1.2,B06GNI,Gross national disposable income,,,,,National Accounts - SNA 2008 - SNE,2019,12
SNEQ.SG04AB06GNI0S900,2020.03,77523,Experimental,Dollars,6,A,Consolidated accounts - table 1.2,B06GNI,Gross national disposable income,,,,,National Accounts - SNA 2008 - SNE,2020,3
SNEQ.SG04AB06GNI0S900,2020.06,71224,Experimental,Dollars,6,A,Consolidated accounts - table 1.2,B06GNI,Gross national disposable income,,,,,National Accounts - SNA 2008 - SNE,2020,6
SNEQ.SG04AB06GNI0S900,2020.09,82172,Experimental,Dollars,6,A,Consolidated accounts - table 1.2,B06GNI,Gross national disposable income,,,,,National Accounts - SNA 2008 - SNE,2020,9
SNEQ.SG04AB06GNI0S900,2020.12,86589,Experimental,Dollars,6,A,Consolidated accounts - table 1.2,B06GNI,Gross national disposable income,,,,,National Accounts - SNA 2008 - SNE,2020,12
SNEQ.SG04AB06GNI0S900,2021.03,81626,Experimental,Dollars,6,A,Consolidated accounts - table 1.2,B06GNI,Gross national disposable income,,,,,National Accounts - SNA 2008 - SNE,2021,3
SNEQ.SG04AB06GNI0S900,2021.06,85621,Experimental,Dollars,6,A,Consolidated accounts - table 1.2,B06GNI,Gross national disposable income,,,,,National Accounts - SNA 2008 - SNE,2021,6
SNEQ.SG04AB06GNI0S900,2021.09,84580,Experimental,Dollars,6,A,Consolidated accounts - table 1.2,B06GNI,Gross national disposable income,,,,,National Accounts - SNA 2008 - SNE,2021,9
SNEQ.SG04AB06GNI0S900,2021.12,92168,Experimental,Dollars,6,A,Consolidated accounts - table 1.2,B06GNI,Gross national disposable income,,,,,National Accounts - SNA 2008 - SNE,2021,12
SNEQ.SG04AB06GNI0S900,2022.03,86588,Experimental,Dollars,6,A,Consolidated accounts - table 1.2,B06GNI,Gross national disposable income,,,,,National Accounts - SNA 2008 - SNE,2022,3
SNEQ.SG04AB06GNI0S900,2022.06,90921,Experimental,Dollars,6,A,Consolidated accounts - table 1.2,B06GNI,Gross national disposable income,,,,,National Accounts - SNA 2008 - SNE,2022,6
SNEQ.SG04AB06GNI0S900,2022.09,95020,Experimental,Dollars,6,A,Consolidated accounts - table 1.2,B06GNI,Gross national disposable income,,,,,National Accounts - SNA 2008 - SNE,2022,9
SNEQ.SG04AB06GNI0S900,2022.12,100350,Experimental,Dollars,6,A,Consolidated accounts - table 1.2,B06GNI,Gross national disposable income,,,,,National Accounts - SNA 2008 - SNE,2022,12
SNEQ.SG04AB06GNI0S900,2023.03,94727,Experimental,Dollars,6,A,Consolidated accounts - table 1.2,B06GNI,Gross national disposable income,,,,,National Accounts - SNA 2008 - SNE,2023,3
SNEQ.SG04AB06GNI0S900,2023.06,98771,Experimental,Dollars,6,A,Consolidated accounts - table 1.2,B06GNI,Gross national disposable income,,,,,National Accounts - SNA 2008 - SNE,2023,6
SNEQ.SG04AB06GNI0S900,2023.09,100787,Experimental,Dollars,6,A,Consolidated accounts - table 1.2,B06GNI,Gross national disposable income,,,,,National Accounts - SNA 2008 - SNE,2023,9
SNEQ.SG04AB06GNI0S900,2023.12,104200,Experimental,Dollars,6,A,Consolidated accounts - table 1.2,B06GNI,Gross national disposable income,,,,,National Accounts - SNA 2008 - SNE,2023,12
SNEQ.SG04AB06GNI0S900,2024.03,99145,Experimental,Dollars,6,A,Consolidated accounts - table 1.2,B06GNI,Gross national disposable income,,,,,National Accounts - SNA 2008 - SNE,2024,3
SNEQ.SG04AB06GNI0S900,2024.06,101467,Experimental,Dollars,6,A,Consolidated accounts - table 1.2,B06GNI,Gross national disposable income,,,,,National Accounts - SNA 2008 - SNE,2024,6
SNEQ.SG04AB06GNI0S900,2024.09,102466,Experimental,Dollars,6,A,Consolidated accounts - table 1.2,B06GNI,Gross national disposable income,,,,,National Accounts - SNA 2008 - SNE,2024,9
SNEQ.SG04AB06GNI0S900,2024.12,108466,Experimental,Dollars,6,A,Consolidated accounts - table 1.2,B06GNI,Gross national disposable income,,,,,National Accounts - SNA 2008 - SNE,2024,12
SNEQ.SG04AB06GNI0S900,2025.03,102903,Experimental,Dollars,6,A,Consolidated accounts - table 1.2,B06GNI,Gross national disposable income,,,,,National Accounts - SNA 2008 - SNE,2025,3
SNEQ.SG04AB06GNI0S900,2025.06,105329,Experimental,Dollars,6,A,Consolidated accounts - table 1.2,B06GNI,Gross national disposable income,,,,,National Accounts - SNA 2008 - SNE,2025,6
SNEQ.SG04AB06NDI0S900,2016.06,53983,Experimental,Dollars,6,A,Consolidated accounts - table 1.2,B06NDI,National disposable income,,,,,National Accounts - SNA 2008 - SNE,2016,6
SNEQ.SG04AB06NDI0S900,2016.09,54547,Experimental,Dollars,6,A,Consolidated accounts - table 1.2,B06NDI,National disposable income,,,,,National Accounts - SNA 2008 - SNE,2016,9
SNEQ.SG04AB06NDI0S900,2016.12,60125,Experimental,Dollars,6,A,Consolidated accounts - table 1.2,B06NDI,National disposable income,,,,,National Accounts - SNA 2008 - SNE,2016,12
SNEQ.SG04AB06NDI0S900,2017.03,56012,Experimental,Dollars,6,A,Consolidated accounts - table 1.2,B06NDI,National disposable income,,,,,National Accounts - SNA 2008 - SNE,2017,3
SNEQ.SG04AB06NDI0S900,2017.06,57354,Experimental,Dollars,6,A,Consolidated accounts - table 1.2,B06NDI,National disposable income,,,,,National Accounts - SNA 2008 - SNE,2017,6
SNEQ.SG04AB06NDI0S900,2017.09,58355,Experimental,Dollars,6,A,Consolidated accounts - table 1.2,B06NDI,National disposable income,,,,,National Accounts - SNA 2008 - SNE,2017,9
SNEQ.SG04AB06NDI0S900,2017.12,64329,Experimental,Dollars,6,A,Consolidated accounts - table 1.2,B06NDI,National disposable income,,,,,National Accounts - SNA 2008 - SNE,2017,12
SNEQ.SG04AB06NDI0S900,2018.03,59394,Experimental,Dollars,6,A,Consolidated accounts - table 1.2,B06NDI,National disposable income,,,,,National Accounts - SNA 2008 - SNE,2018,3
SNEQ.SG04AB06NDI0S900,2018.06,60199,Experimental,Dollars,6,A,Consolidated accounts - table 1.2,B06NDI,National disposable income,,,,,National Accounts - SNA 2008 - SNE,2018,6
SNEQ.SG04AB06NDI0S900,2018.09,60975,Experimental,Dollars,6,A,Consolidated accounts - table 1.2,B06NDI,National disposable income,,,,,National Accounts - SNA 2008 - SNE,2018,9
SNEQ.SG04AB06NDI0S900,2018.12,66136,Experimental,Dollars,6,A,Consolidated accounts - table 1.2,B06NDI,National disposable income,,,,,National Accounts - SNA 2008 - SNE,2018,12
SNEQ.SG04AB06NDI0S900,2019.03,62037,Experimental,Dollars,6,A,Consolidated accounts - table 1.2,B06NDI,National disposable income,,,,,National Accounts - SNA 2008 - SNE,2019,3
SNEQ.SG04AB06NDI0S900,2019.06,65122,Experimental,Dollars,6,A,Consolidated accounts - table 1.2,B06NDI,National disposable income,,,,,National Accounts - SNA 2008 - SNE,2019,6
SNEQ.SG04AB06NDI0S900,2019.09,66662,Experimental,Dollars,6,A,Consolidated accounts - table 1.2,B06NDI,National disposable income,,,,,National Accounts - SNA 2008 - SNE,2019,9
SNEQ.SG04AB06NDI0S900,2019.12,72246,Experimental,Dollars,6,A,Consolidated accounts - table 1.2,B06NDI,National disposable income,,,,,National Accounts - SNA 2008 - SNE,2019,12
SNEQ.SG04AB06NDI0S900,2020.03,66011,Experimental,Dollars,6,A,Consolidated accounts - table 1.2,B06NDI,National disposable income,,,,,National Accounts - SNA 2008 - SNE,2020,3
SNEQ.SG04AB06NDI0S900,2020.06,59649,Experimental,Dollars,6,A,Consolidated accounts - table 1.2,B06NDI,National disposable income,,,,,National Accounts - SNA 2008 - SNE,2020,6
SNEQ.SG04AB06NDI0S900,2020.09,70489,Experimental,Dollars,6,A,Consolidated accounts - table 1.2,B06NDI,National disposable income,,,,,National Accounts - SNA 2008 - SNE,2020,9
SNEQ.SG04AB06NDI0S900,2020.12,74785,Experimental,Dollars,6,A,Consolidated accounts - table 1.2,B06NDI,National disposable income,,,,,National Accounts - SNA 2008 - SNE,2020,12
SNEQ.SG04AB06NDI0S900,2021.03,69746,Experimental,Dollars,6,A,Consolidated accounts - table 1.2,B06NDI,National disposable income,,,,,National Accounts - SNA 2008 - SNE,2021,3
SNEQ.SG04AB06NDI0S900,2021.06,73400,Experimental,Dollars,6,A,Consolidated accounts - table 1.2,B06NDI,National disposable income,,,,,National Accounts - SNA 2008 - SNE,2021,6
SNEQ.SG04AB06NDI0S900,2021.09,72111,Experimental,Dollars,6,A,Consolidated accounts - table 1.2,B06NDI,National disposable income,,,,,National Accounts - SNA 2008 - SNE,2021,9
SNEQ.SG04AB06NDI0S900,2021.12,79423,Experimental,Dollars,6,A,Consolidated accounts - table 1.2,B06NDI,National disposable income,,,,,National Accounts - SNA 2008 - SNE,2021,12
SNEQ.SG04AB06NDI0S900,2022.03,73417,Experimental,Dollars,6,A,Consolidated accounts - table 1.2,B06NDI,National disposable income,,,,,National Accounts - SNA 2008 - SNE,2022,3
SNEQ.SG04AB06NDI0S900,2022.06,77310,Experimental,Dollars,6,A,Consolidated accounts - table 1.2,B06NDI,National disposable income,,,,,National Accounts - SNA 2008 - SNE,2022,6
SNEQ.SG04AB06NDI0S900,2022.09,80850,Experimental,Dollars,6,A,Consolidated accounts - table 1.2,B06NDI,National disposable income,,,,,National Accounts - SNA 2008 - SNE,2022,9
SNEQ.SG04AB06NDI0S900,2022.12,85695,Experimental,Dollars,6,A,Consolidated accounts - table 1.2,B06NDI,National disposable income,,,,,National Accounts - SNA 2008 - SNE,2022,12
SNEQ.SG04AB06NDI0S900,2023.03,79416,Experimental,Dollars,6,A,Consolidated accounts - table 1.2,B06NDI,National disposable income,,,,,National Accounts - SNA 2008 - SNE,2023,3
SNEQ.SG04AB06NDI0S900,2023.06,83591,Experimental,Dollars,6,A,Consolidated accounts - table 1.2,B06NDI,National disposable income,,,,,National Accounts - SNA 2008 - SNE,2023,6
SNEQ.SG04AB06NDI0S900,2023.09,85187,Experimental,Dollars,6,A,Consolidated accounts - table 1.2,B06NDI,National disposable income,,,,,National Accounts - SNA 2008 - SNE,2023,9
SNEQ.SG04AB06NDI0S900,2023.12,88289,Experimental,Dollars,6,A,Consolidated accounts - table 1.2,B06NDI,National disposable income,,,,,National Accounts - SNA 2008 - SNE,2023,12
SNEQ.SG04AB06NDI0S900,2024.03,82943,Experimental,Dollars,6,A,Consolidated accounts - table 1.2,B06NDI,National disposable income,,,,,National Accounts - SNA 2008 - SNE,2024,3
SNEQ.SG04AB06NDI0S900,2024.06,85299,Experimental,Dollars,6,A,Consolidated accounts - table 1.2,B06NDI,National disposable income,,,,,National Accounts - SNA 2008 - SNE,2024,6
SNEQ.SG04AB06NDI0S900,2024.09,86068,Experimental,Dollars,6,A,Consolidated accounts - table 1.2,B06NDI,National disposable income,,,,,National Accounts - SNA 2008 - SNE,2024,9
SNEQ.SG04AB06NDI0S900,2024.12,91927,Experimental,Dollars,6,A,Consolidated accounts - table 1.2,B06NDI,National disposable income,,,,,National Accounts - SNA 2008 - SNE,2024,12
SNEQ.SG04AB06NDI0S900,2025.03,86161,Experimental,Dollars,6,A,Consolidated accounts - table 1.2,B06NDI,National disposable income,,,,,National Accounts - SNA 2008 - SNE,2025,3
SNEQ.SG04AB06NDI0S900,2025.06,88389,Experimental,Dollars,6,A,Consolidated accounts - table 1.2,B06NDI,National disposable income,,,,,National Accounts - SNA 2008 - SNE,2025,6
SNEQ.SG04AB06NDU0S900,2016.06,53983,Experimental,Dollars,6,A,Consolidated accounts - table 1.2,B06NDU,use of national disposable income,,,,,National Accounts - SNA 2008 - SNE,2016,6
SNEQ.SG04AB06NDU0S900,2016.09,54547,Experimental,Dollars,6,A,Consolidated accounts - table 1.2,B06NDU,use of national disposable income,,,,,National Accounts - SNA 2008 - SNE,2016,9
SNEQ.SG04AB06NDU0S900,2016.12,60125,Experimental,Dollars,6,A,Consolidated accounts - table 1.2,B06NDU,use of national disposable income,,,,,National Accounts - SNA 2008 - SNE,2016,12
SNEQ.SG04AB06NDU0S900,2017.03,56012,Experimental,Dollars,6,A,Consolidated accounts - table 1.2,B06NDU,use of national disposable income,,,,,National Accounts - SNA 2008 - SNE,2017,3
SNEQ.SG04AB06NDU0S900,2017.06,57354,Experimental,Dollars,6,A,Consolidated accounts - table 1.2,B06NDU,use of national disposable income,,,,,National Accounts - SNA 2008 - SNE,2017,6
SNEQ.SG04AB06NDU0S900,2017.09,58355,Experimental,Dollars,6,A,Consolidated accounts - table 1.2,B06NDU,use of national disposable income,,,,,National Accounts - SNA 2008 - SNE,2017,9
SNEQ.SG04AB06NDU0S900,2017.12,64329,Experimental,Dollars,6,A,Consolidated accounts - table 1.2,B06NDU,use of national disposable income,,,,,National Accounts - SNA 2008 - SNE,2017,12
SNEQ.SG04AB06NDU0S900,2018.03,59394,Experimental,Dollars,6,A,Consolidated accounts - table 1.2,B06NDU,use of national disposable income,,,,,National Accounts - SNA 2008 - SNE,2018,3
SNEQ.SG04AB06NDU0S900,2018.06,60199,Experimental,Dollars,6,A,Consolidated accounts - table 1.2,B06NDU,use of national disposable income,,,,,National Accounts - SNA 2008 - SNE,2018,6
SNEQ.SG04AB06NDU0S900,2018.09,60975,Experimental,Dollars,6,A,Consolidated accounts - table 1.2,B06NDU,use of national disposable income,,,,,National Accounts - SNA 2008 - SNE,2018,9
SNEQ.SG04AB06NDU0S900,2018.12,66136,Experimental,Dollars,6,A,Consolidated accounts - table 1.2,B06NDU,use of national disposable income,,,,,National Accounts - SNA 2008 - SNE,2018,12
SNEQ.SG04AB06NDU0S900,2019.03,62037,Experimental,Dollars,6,A,Consolidated accounts - table 1.2,B06NDU,use of national disposable income,,,,,National Accounts - SNA 2008 - SNE,2019,3
SNEQ.SG04AB06NDU0S900,2019.06,65122,Experimental,Dollars,6,A,Consolidated accounts - table 1.2,B06NDU,use of national disposable income,,,,,National Accounts - SNA 2008 - SNE,2019,6
SNEQ.SG04AB06NDU0S900,2019.09,66662,Experimental,Dollars,6,A,Consolidated accounts - table 1.2,B06NDU,use of national disposable income,,,,,National Accounts - SNA 2008 - SNE,2019,9
SNEQ.SG04AB06NDU0S900,2019.12,72246,Experimental,Dollars,6,A,Consolidated accounts - table 1.2,B06NDU,use of national disposable income,,,,,National Accounts - SNA 2008 - SNE,2019,12
SNEQ.SG04AB06NDU0S900,2020.03,66011,Experimental,Dollars,6,A,Consolidated accounts - table 1.2,B06NDU,use of national disposable income,,,,,National Accounts - SNA 2008 - SNE,2020,3
SNEQ.SG04AB06NDU0S900,2020.06,59649,Experimental,Dollars,6,A,Consolidated accounts - table 1.2,B06NDU,use of national disposable income,,,,,National Accounts - SNA 2008 - SNE,2020,6
SNEQ.SG04AB06NDU0S900,2020.09,70489,Experimental,Dollars,6,A,Consolidated accounts - table 1.2,B06NDU,use of national disposable income,,,,,National Accounts - SNA 2008 - SNE,2020,9
SNEQ.SG04AB06NDU0S900,2020.12,74785,Experimental,Dollars,6,A,Consolidated accounts - table 1.2,B06NDU,use of national disposable income,,,,,National Accounts - SNA 2008 - SNE,2020,12
SNEQ.SG04AB06NDU0S900,2021.03,69746,Experimental,Dollars,6,A,Consolidated accounts - table 1.2,B06NDU,use of national disposable income,,,,,National Accounts - SNA 2008 - SNE,2021,3
SNEQ.SG04AB06NDU0S900,2021.06,73400,Experimental,Dollars,6,A,Consolidated accounts - table 1.2,B06NDU,use of national disposable income,,,,,National Accounts - SNA 2008 - SNE,2021,6
SNEQ.SG04AB06NDU0S900,2021.09,72111,Experimental,Dollars,6,A,Consolidated accounts - table 1.2,B06NDU,use of national disposable income,,,,,National Accounts - SNA 2008 - SNE,2021,9
SNEQ.SG04AB06NDU0S900,2021.12,79423,Experimental,Dollars,6,A,Consolidated accounts - table 1.2,B06NDU,use of national disposable income,,,,,National Accounts - SNA 2008 - SNE,2021,12
SNEQ.SG04AB06NDU0S900,2022.03,73417,Experimental,Dollars,6,A,Consolidated accounts - table 1.2,B06NDU,use of national disposable income,,,,,National Accounts - SNA 2008 - SNE,2022,3
SNEQ.SG04AB06NDU0S900,2022.06,77310,Experimental,Dollars,6,A,Consolidated accounts - table 1.2,B06NDU,use of national disposable income,,,,,National Accounts - SNA 2008 - SNE,2022,6
SNEQ.SG04AB06NDU0S900,2022.09,80850,Experimental,Dollars,6,A,Consolidated accounts - table 1.2,B06NDU,use of national disposable income,,,,,National Accounts - SNA 2008 - SNE,2022,9
SNEQ.SG04AB06NDU0S900,2022.12,85695,Experimental,Dollars,6,A,Consolidated accounts - table 1.2,B06NDU,use of national disposable income,,,,,National Accounts - SNA 2008 - SNE,2022,12
SNEQ.SG04AB06NDU0S900,2023.03,79416,Experimental,Dollars,6,A,Consolidated accounts - table 1.2,B06NDU,use of national disposable income,,,,,National Accounts - SNA 2008 - SNE,2023,3
SNEQ.SG04AB06NDU0S900,2023.06,83591,Experimental,Dollars,6,A,Consolidated accounts - table 1.2,B06NDU,use of national disposable income,,,,,National Accounts - SNA 2008 - SNE,2023,6
SNEQ.SG04AB06NDU0S900,2023.09,85187,Experimental,Dollars,6,A,Consolidated accounts - table 1.2,B06NDU,use of national disposable income,,,,,National Accounts - SNA 2008 - SNE,2023,9
SNEQ.SG04AB06NDU0S900,2023.12,88289,Experimental,Dollars,6,A,Consolidated accounts - table 1.2,B06NDU,use of national disposable income,,,,,National Accounts - SNA 2008 - SNE,2023,12
SNEQ.SG04AB06NDU0S900,2024.03,82943,Experimental,Dollars,6,A,Consolidated accounts - table 1.2,B06NDU,use of national disposable income,,,,,National Accounts - SNA 2008 - SNE,2024,3
SNEQ.SG04AB06NDU0S900,2024.06,85299,Experimental,Dollars,6,A,Consolidated accounts - table 1.2,B06NDU,use of national disposable income,,,,,National Accounts - SNA 2008 - SNE,2024,6
SNEQ.SG04AB06NDU0S900,2024.09,86068,Experimental,Dollars,6,A,Consolidated accounts - table 1.2,B06NDU,use of national disposable income,,,,,National Accounts - SNA 2008 - SNE,2024,9
SNEQ.SG04AB06NDU0S900,2024.12,91927,Experimental,Dollars,6,A,Consolidated accounts - table 1.2,B06NDU,use of national disposable income,,,,,National Accounts - SNA 2008 - SNE,2024,12
SNEQ.SG04AB06NDU0S900,2025.03,86161,Experimental,Dollars,6,A,Consolidated accounts - table 1.2,B06NDU,use of national disposable income,,,,,National Accounts - SNA 2008 - SNE,2025,3
SNEQ.SG04AB06NDU0S900,2025.06,88389,Experimental,Dollars,6,A,Consolidated accounts - table 1.2,B06NDU,use of national disposable income,,,,,National Accounts - SNA 2008 - SNE,2025,6
SNEQ.SG04AB08N000S800,2016.06,3777,Experimental,Dollars,6,A,Consolidated accounts - table 1.2,B08N,Saving,,,,,National Accounts - SNA 2008 - SNE,2016,6
SNEQ.SG04AB08N000S800,2016.09,3339,Experimental,Dollars,6,A,Consolidated accounts - table 1.2,B08N,Saving,,,,,National Accounts - SNA 2008 - SNE,2016,9
SNEQ.SG04AB08N000S800,2016.12,6198,Experimental,Dollars,6,A,Consolidated accounts - table 1.2,B08N,Saving,,,,,National Accounts - SNA 2008 - SNE,2016,12
SNEQ.SG04AB08N000S800,2017.03,4854,Experimental,Dollars,6,A,Consolidated accounts - table 1.2,B08N,Saving,,,,,National Accounts - SNA 2008 - SNE,2017,3
SNEQ.SG04AB08N000S800,2017.06,3969,Experimental,Dollars,6,A,Consolidated accounts - table 1.2,B08N,Saving,,,,,National Accounts - SNA 2008 - SNE,2017,6
SNEQ.SG04AB08N000S800,2017.09,3866,Experimental,Dollars,6,A,Consolidated accounts - table 1.2,B08N,Saving,,,,,National Accounts - SNA 2008 - SNE,2017,9
SNEQ.SG04AB08N000S800,2017.12,6867,Experimental,Dollars,6,A,Consolidated accounts - table 1.2,B08N,Saving,,,,,National Accounts - SNA 2008 - SNE,2017,12
SNEQ.SG04AB08N000S800,2018.03,5589,Experimental,Dollars,6,A,Consolidated accounts - table 1.2,B08N,Saving,,,,,National Accounts - SNA 2008 - SNE,2018,3
SNEQ.SG04AB08N000S800,2018.06,3449,Experimental,Dollars,6,A,Consolidated accounts - table 1.2,B08N,Saving,,,,,National Accounts - SNA 2008 - SNE,2018,6
SNEQ.SG04AB08N000S800,2018.09,2975,Experimental,Dollars,6,A,Consolidated accounts - table 1.2,B08N,Saving,,,,,National Accounts - SNA 2008 - SNE,2018,9
SNEQ.SG04AB08N000S800,2018.12,4936,Experimental,Dollars,6,A,Consolidated accounts - table 1.2,B08N,Saving,,,,,National Accounts - SNA 2008 - SNE,2018,12
SNEQ.SG04AB08N000S800,2019.03,4993,Experimental,Dollars,6,A,Consolidated accounts - table 1.2,B08N,Saving,,,,,National Accounts - SNA 2008 - SNE,2019,3
SNEQ.SG04AB08N000S800,2019.06,4852,Experimental,Dollars,6,A,Consolidated accounts - table 1.2,B08N,Saving,,,,,National Accounts - SNA 2008 - SNE,2019,6
SNEQ.SG04AB08N000S800,2019.09,5556,Experimental,Dollars,6,A,Consolidated accounts - table 1.2,B08N,Saving,,,,,National Accounts - SNA 2008 - SNE,2019,9
SNEQ.SG04AB08N000S800,2019.12,7778,Experimental,Dollars,6,A,Consolidated accounts - table 1.2,B08N,Saving,,,,,National Accounts - SNA 2008 - SNE,2019,12
SNEQ.SG04AB08N000S800,2020.03,6046,Experimental,Dollars,6,A,Consolidated accounts - table 1.2,B08N,Saving,,,,,National Accounts - SNA 2008 - SNE,2020,3
SNEQ.SG04AB08N000S800,2020.06,2383,Experimental,Dollars,6,A,Consolidated accounts - table 1.2,B08N,Saving,,,,,National Accounts - SNA 2008 - SNE,2020,6
SNEQ.SG04AB08N000S800,2020.09,7109,Experimental,Dollars,6,A,Consolidated accounts - table 1.2,B08N,Saving,,,,,National Accounts - SNA 2008 - SNE,2020,9
SNEQ.SG04AB08N000S800,2020.12,7112,Experimental,Dollars,6,A,Consolidated accounts - table 1.2,B08N,Saving,,,,,National Accounts - SNA 2008 - SNE,2020,12
SNEQ.SG04AB08N000S800,2021.03,3952,Experimental,Dollars,6,A,Consolidated accounts - table 1.2,B08N,Saving,,,,,National Accounts - SNA 2008 - SNE,2021,3
SNEQ.SG04AB08N000S800,2021.06,4285,Experimental,Dollars,6,A,Consolidated accounts - table 1.2,B08N,Saving,,,,,National Accounts - SNA 2008 - SNE,2021,6
SNEQ.SG04AB08N000S800,2021.09,5412,Experimental,Dollars,6,A,Consolidated accounts - table 1.2,B08N,Saving,,,,,National Accounts - SNA 2008 - SNE,2021,9
SNEQ.SG04AB08N000S800,2021.12,5334,Experimental,Dollars,6,A,Consolidated accounts - table 1.2,B08N,Saving,,,,,National Accounts - SNA 2008 - SNE,2021,12
SNEQ.SG04AB08N000S800,2022.03,1005,Experimental,Dollars,6,A,Consolidated accounts - table 1.2,B08N,Saving,,,,,National Accounts - SNA 2008 - SNE,2022,3
SNEQ.SG04AB08N000S800,2022.06,2175,Experimental,Dollars,6,A,Consolidated accounts - table 1.2,B08N,Saving,,,,,National Accounts - SNA 2008 - SNE,2022,6
SNEQ.SG04AB08N000S800,2022.09,3873,Experimental,Dollars,6,A,Consolidated accounts - table 1.2,B08N,Saving,,,,,National Accounts - SNA 2008 - SNE,2022,9
SNEQ.SG04AB08N000S800,2022.12,4367,Experimental,Dollars,6,A,Consolidated accounts - table 1.2,B08N,Saving,,,,,National Accounts - SNA 2008 - SNE,2022,12
SNEQ.SG04AB08N000S800,2023.03,2310,Experimental,Dollars,6,A,Consolidated accounts - table 1.2,B08N,Saving,,,,,National Accounts - SNA 2008 - SNE,2023,3
SNEQ.SG04AB08N000S800,2023.06,2413,Experimental,Dollars,6,A,Consolidated accounts - table 1.2,B08N,Saving,,,,,National Accounts - SNA 2008 - SNE,2023,6
SNEQ.SG04AB08N000S800,2023.09,3812,Experimental,Dollars,6,A,Consolidated accounts - table 1.2,B08N,Saving,,,,,National Accounts - SNA 2008 - SNE,2023,9
SNEQ.SG04AB08N000S800,2023.12,2892,Experimental,Dollars,6,A,Consolidated accounts - table 1.2,B08N,Saving,,,,,National Accounts - SNA 2008 - SNE,2023,12
SNEQ.SG04AB08N000S800,2024.03,2791,Experimental,Dollars,6,A,Consolidated accounts - table 1.2,B08N,Saving,,,,,National Accounts - SNA 2008 - SNE,2024,3
SNEQ.SG04AB08N000S800,2024.06,1315,Experimental,Dollars,6,A,Consolidated accounts - table 1.2,B08N,Saving,,,,,National Accounts - SNA 2008 - SNE,2024,6
SNEQ.SG04AB08N000S800,2024.09,2146,Experimental,Dollars,6,A,Consolidated accounts - table 1.2,B08N,Saving,,,,,National Accounts - SNA 2008 - SNE,2024,9
SNEQ.SG04AB08N000S800,2024.12,4183,Experimental,Dollars,6,A,Consolidated accounts - table 1.2,B08N,Saving,,,,,National Accounts - SNA 2008 - SNE,2024,12
SNEQ.SG04AB08N000S800,2025.03,2575,Experimental,Dollars,6,A,Consolidated accounts - table 1.2,B08N,Saving,,,,,National Accounts - SNA 2008 - SNE,2025,3
SNEQ.SG04AB08N000S800,2025.06,1183,Experimental,Dollars,6,A,Consolidated accounts - table 1.2,B08N,Saving,,,,,National Accounts - SNA 2008 - SNE,2025,6
SNEQ.SG04AD01R000S800,2016.06,-88,Experimental,Dollars,6,A,Consolidated accounts - table 1.2,D01R,Compensation of employees,,,,,National Accounts - SNA 2008 - SNE,2016,6
SNEQ.SG04AD01R000S900,2016.06,28638,Experimental,Dollars,6,A,Consolidated accounts - table 1.2,D01R,Compensation of employees,,,,,National Accounts - SNA 2008 - SNE,2016,6
SNEQ.SG04AD01R000S800,2016.09,-56,Experimental,Dollars,6,A,Consolidated accounts - table 1.2,D01R,Compensation of employees,,,,,National Accounts - SNA 2008 - SNE,2016,9
SNEQ.SG04AD01R000S900,2016.09,28653,Experimental,Dollars,6,A,Consolidated accounts - table 1.2,D01R,Compensation of employees,,,,,National Accounts - SNA 2008 - SNE,2016,9
SNEQ.SG04AD01R000S800,2016.12,-48,Experimental,Dollars,6,A,Consolidated accounts - table 1.2,D01R,Compensation of employees,,,,,National Accounts - SNA 2008 - SNE,2016,12
SNEQ.SG04AD01R000S900,2016.12,29244,Experimental,Dollars,6,A,Consolidated accounts - table 1.2,D01R,Compensation of employees,,,,,National Accounts - SNA 2008 - SNE,2016,12
SNEQ.SG04AD01R000S800,2017.03,-67,Experimental,Dollars,6,A,Consolidated accounts - table 1.2,D01R,Compensation of employees,,,,,National Accounts - SNA 2008 - SNE,2017,3
SNEQ.SG04AD01R000S900,2017.03,29169,Experimental,Dollars,6,A,Consolidated accounts - table 1.2,D01R,Compensation of employees,,,,,National Accounts - SNA 2008 - SNE,2017,3
SNEQ.SG04AD01R000S800,2017.06,-98,Experimental,Dollars,6,A,Consolidated accounts - table 1.2,D01R,Compensation of employees,,,,,National Accounts - SNA 2008 - SNE,2017,6
SNEQ.SG04AD01R000S900,2017.06,30105,Experimental,Dollars,6,A,Consolidated accounts - table 1.2,D01R,Compensation of employees,,,,,National Accounts - SNA 2008 - SNE,2017,6
SNEQ.SG04AD01R000S800,2017.09,-66,Experimental,Dollars,6,A,Consolidated accounts - table 1.2,D01R,Compensation of employees,,,,,National Accounts - SNA 2008 - SNE,2017,9
SNEQ.SG04AD01R000S900,2017.09,30220,Experimental,Dollars,6,A,Consolidated accounts - table 1.2,D01R,Compensation of employees,,,,,National Accounts - SNA 2008 - SNE,2017,9
SNEQ.SG04AD01R000S800,2017.12,-56,Experimental,Dollars,6,A,Consolidated accounts - table 1.2,D01R,Compensation of employees,,,,,National Accounts - SNA 2008 - SNE,2017,12
SNEQ.SG04AD01R000S900,2017.12,31538,Experimental,Dollars,6,A,Consolidated accounts - table 1.2,D01R,Compensation of employees,,,,,National Accounts - SNA 2008 - SNE,2017,12
SNEQ.SG04AD01R000S800,2018.03,-78,Experimental,Dollars,6,A,Consolidated accounts - table 1.2,D01R,Compensation of employees,,,,,National Accounts - SNA 2008 - SNE,2018,3
SNEQ.SG04AD01R000S900,2018.03,30943,Experimental,Dollars,6,A,Consolidated accounts - table 1.2,D01R,Compensation of employees,,,,,National Accounts - SNA 2008 - SNE,2018,3
SNEQ.SG04AD01R000S800,2018.06,-113,Experimental,Dollars,6,A,Consolidated accounts - table 1.2,D01R,Compensation of employees,,,,,National Accounts - SNA 2008 - SNE,2018,6
SNEQ.SG04AD01R000S900,2018.06,32145,Experimental,Dollars,6,A,Consolidated accounts - table 1.2,D01R,Compensation of employees,,,,,National Accounts - SNA 2008 - SNE,2018,6
SNEQ.SG04AD01R000S800,2018.09,-76,Experimental,Dollars,6,A,Consolidated accounts - table 1.2,D01R,Compensation of employees,,,,,National Accounts - SNA 2008 - SNE,2018,9
SNEQ.SG04AD01R000S900,2018.09,32051,Experimental,Dollars,6,A,Consolidated accounts - table 1.2,D01R,Compensation of employees,,,,,National Accounts - SNA 2008 - SNE,2018,9
SNEQ.SG04AD01R000S800,2018.12,-68,Experimental,Dollars,6,A,Consolidated accounts - table 1.2,D01R,Compensation of employees,,,,,National Accounts - SNA 2008 - SNE,2018,12
SNEQ.SG04AD01R000S900,2018.12,33733,Experimental,Dollars,6,A,Consolidated accounts - table 1.2,D01R,Compensation of employees,,,,,National Accounts - SNA 2008 - SNE,2018,12
SNEQ.SG04AD01R000S800,2019.03,-86,Experimental,Dollars,6,A,Consolidated accounts - table 1.2,D01R,Compensation of employees,,,,,National Accounts - SNA 2008 - SNE,2019,3
SNEQ.SG04AD01R000S900,2019.03,32635,Experimental,Dollars,6,A,Consolidated accounts - table 1.2,D01R,Compensation of employees,,,,,National Accounts - SNA 2008 - SNE,2019,3
SNEQ.SG04AD01R000S800,2019.06,-130,Experimental,Dollars,6,A,Consolidated accounts - table 1.2,D01R,Compensation of employees,,,,,National Accounts - SNA 2008 - SNE,2019,6
SNEQ.SG04AD01R000S900,2019.06,34310,Experimental,Dollars,6,A,Consolidated accounts - table 1.2,D01R,Compensation of employees,,,,,National Accounts - SNA 2008 - SNE,2019,6
SNEQ.SG04AD01R000S800,2019.09,-90,Experimental,Dollars,6,A,Consolidated accounts - table 1.2,D01R,Compensation of employees,,,,,National Accounts - SNA 2008 - SNE,2019,9
SNEQ.SG04AD01R000S900,2019.09,34309,Experimental,Dollars,6,A,Consolidated accounts - table 1.2,D01R,Compensation of employees,,,,,National Accounts - SNA 2008 - SNE,2019,9
SNEQ.SG04AD01R000S800,2019.12,-83,Experimental,Dollars,6,A,Consolidated accounts - table 1.2,D01R,Compensation of employees,,,,,National Accounts - SNA 2008 - SNE,2019,12
SNEQ.SG04AD01R000S900,2019.12,35665,Experimental,Dollars,6,A,Consolidated accounts - table 1.2,D01R,Compensation of employees,,,,,National Accounts - SNA 2008 - SNE,2019,12
SNEQ.SG04AD01R000S800,2020.03,-99,Experimental,Dollars,6,A,Consolidated accounts - table 1.2,D01R,Compensation of employees,,,,,National Accounts - SNA 2008 - SNE,2020,3
SNEQ.SG04AD01R000S900,2020.03,35143,Experimental,Dollars,6,A,Consolidated accounts - table 1.2,D01R,Compensation of employees,,,,,National Accounts - SNA 2008 - SNE,2020,3
SNEQ.SG04AD01R000S800,2020.06,-123,Experimental,Dollars,6,A,Consolidated accounts - table 1.2,D01R,Compensation of employees,,,,,National Accounts - SNA 2008 - SNE,2020,6
SNEQ.SG04AD01R000S900,2020.06,34792,Experimental,Dollars,6,A,Consolidated accounts - table 1.2,D01R,Compensation of employees,,,,,National Accounts - SNA 2008 - SNE,2020,6
SNEQ.SG04AD01R000S800,2020.09,-100,Experimental,Dollars,6,A,Consolidated accounts - table 1.2,D01R,Compensation of employees,,,,,National Accounts - SNA 2008 - SNE,2020,9
SNEQ.SG04AD01R000S900,2020.09,35646,Experimental,Dollars,6,A,Consolidated accounts - table 1.2,D01R,Compensation of employees,,,,,National Accounts - SNA 2008 - SNE,2020,9
SNEQ.SG04AD01R000S800,2020.12,-85,Experimental,Dollars,6,A,Consolidated accounts - table 1.2,D01R,Compensation of employees,,,,,National Accounts - SNA 2008 - SNE,2020,12
SNEQ.SG04AD01R000S900,2020.12,37110,Experimental,Dollars,6,A,Consolidated accounts - table 1.2,D01R,Compensation of employees,,,,,National Accounts - SNA 2008 - SNE,2020,12
SNEQ.SG04AD01R000S800,2021.03,-92,Experimental,Dollars,6,A,Consolidated accounts - table 1.2,D01R,Compensation of employees,,,,,National Accounts - SNA 2008 - SNE,2021,3
SNEQ.SG04AD01R000S900,2021.03,36907,Experimental,Dollars,6,A,Consolidated accounts - table 1.2,D01R,Compensation of employees,,,,,National Accounts - SNA 2008 - SNE,2021,3
SNEQ.SG04AD01R000S800,2021.06,-116,Experimental,Dollars,6,A,Consolidated accounts - table 1.2,D01R,Compensation of employees,,,,,National Accounts - SNA 2008 - SNE,2021,6
SNEQ.SG04AD01R000S900,2021.06,38815,Experimental,Dollars,6,A,Consolidated accounts - table 1.2,D01R,Compensation of employees,,,,,National Accounts - SNA 2008 - SNE,2021,6
SNEQ.SG04AD01R000S800,2021.09,-104,Experimental,Dollars,6,A,Consolidated accounts - table 1.2,D01R,Compensation of employees,,,,,National Accounts - SNA 2008 - SNE,2021,9
SNEQ.SG04AD01R000S900,2021.09,38789,Experimental,Dollars,6,A,Consolidated accounts - table 1.2,D01R,Compensation of employees,,,,,National Accounts - SNA 2008 - SNE,2021,9
SNEQ.SG04AD01R000S800,2021.12,-109,Experimental,Dollars,6,A,Consolidated accounts - table 1.2,D01R,Compensation of employees,,,,,National Accounts - SNA 2008 - SNE,2021,12
SNEQ.SG04AD01R000S900,2021.12,40918,Experimental,Dollars,6,A,Consolidated accounts - table 1.2,D01R,Compensation of employees,,,,,National Accounts - SNA 2008 - SNE,2021,12
SNEQ.SG04AD01R000S800,2022.03,-132,Experimental,Dollars,6,A,Consolidated accounts - table 1.2,D01R,Compensation of employees,,,,,National Accounts - SNA 2008 - SNE,2022,3
SNEQ.SG04AD01R000S900,2022.03,40138,Experimental,Dollars,6,A,Consolidated accounts - table 1.2,D01R,Compensation of employees,,,,,National Accounts - SNA 2008 - SNE,2022,3
SNEQ.SG04AD01R000S800,2022.06,-187,Experimental,Dollars,6,A,Consolidated accounts - table 1.2,D01R,Compensation of employees,,,,,National Accounts - SNA 2008 - SNE,2022,6
SNEQ.SG04AD01R000S900,2022.06,42082,Experimental,Dollars,6,A,Consolidated accounts - table 1.2,D01R,Compensation of employees,,,,,National Accounts - SNA 2008 - SNE,2022,6
SNEQ.SG04AD01R000S800,2022.09,-136,Experimental,Dollars,6,A,Consolidated accounts - table 1.2,D01R,Compensation of employees,,,,,National Accounts - SNA 2008 - SNE,2022,9
SNEQ.SG04AD01R000S900,2022.09,42636,Experimental,Dollars,6,A,Consolidated accounts - table 1.2,D01R,Compensation of employees,,,,,National Accounts - SNA 2008 - SNE,2022,9
SNEQ.SG04AD01R000S800,2022.12,-117,Experimental,Dollars,6,A,Consolidated accounts - table 1.2,D01R,Compensation of employees,,,,,National Accounts - SNA 2008 - SNE,2022,12
SNEQ.SG04AD01R000S900,2022.12,43746,Experimental,Dollars,6,A,Consolidated accounts - table 1.2,D01R,Compensation of employees,,,,,National Accounts - SNA 2008 - SNE,2022,12
SNEQ.SG04AD01R000S800,2023.03,-143,Experimental,Dollars,6,A,Consolidated accounts - table 1.2,D01R,Compensation of employees,,,,,National Accounts - SNA 2008 - SNE,2023,3
SNEQ.SG04AD01R000S900,2023.03,43504,Experimental,Dollars,6,A,Consolidated accounts - table 1.2,D01R,Compensation of employees,,,,,National Accounts - SNA 2008 - SNE,2023,3
SNEQ.SG04AD01R000S800,2023.06,-198,Experimental,Dollars,6,A,Consolidated accounts - table 1.2,D01R,Compensation of employees,,,,,National Accounts - SNA 2008 - SNE,2023,6
SNEQ.SG04AD01R000S900,2023.06,45580,Experimental,Dollars,6,A,Consolidated accounts - table 1.2,D01R,Compensation of employees,,,,,National Accounts - SNA 2008 - SNE,2023,6
SNEQ.SG04AD01R000S800,2023.09,-148,Experimental,Dollars,6,A,Consolidated accounts - table 1.2,D01R,Compensation of employees,,,,,National Accounts - SNA 2008 - SNE,2023,9
SNEQ.SG04AD01R000S900,2023.09,45985,Experimental,Dollars,6,A,Consolidated accounts - table 1.2,D01R,Compensation of employees,,,,,National Accounts - SNA 2008 - SNE,2023,9
SNEQ.SG04AD01R000S800,2023.12,-132,Experimental,Dollars,6,A,Consolidated accounts - table 1.2,D01R,Compensation of employees,,,,,National Accounts - SNA 2008 - SNE,2023,12
SNEQ.SG04AD01R000S900,2023.12,47213,Experimental,Dollars,6,A,Consolidated accounts - table 1.2,D01R,Compensation of employees,,,,,National Accounts - SNA 2008 - SNE,2023,12
SNEQ.SG04AD01R000S800,2024.03,-165,Experimental,Dollars,6,A,Consolidated accounts - table 1.2,D01R,Compensation of employees,,,,,National Accounts - SNA 2008 - SNE,2024,3
SNEQ.SG04AD01R000S900,2024.03,46786,Experimental,Dollars,6,A,Consolidated accounts - table 1.2,D01R,Compensation of employees,,,,,National Accounts - SNA 2008 - SNE,2024,3
SNEQ.SG04AD01R000S800,2024.06,-214,Experimental,Dollars,6,A,Consolidated accounts - table 1.2,D01R,Compensation of employees,,,,,National Accounts - SNA 2008 - SNE,2024,6
SNEQ.SG04AD01R000S900,2024.06,48243,Experimental,Dollars,6,A,Consolidated accounts - table 1.2,D01R,Compensation of employees,,,,,National Accounts - SNA 2008 - SNE,2024,6
SNEQ.SG04AD01R000S800,2024.09,-155,Experimental,Dollars,6,A,Consolidated accounts - table 1.2,D01R,Compensation of employees,,,,,National Accounts - SNA 2008 - SNE,2024,9
SNEQ.SG04AD01R000S900,2024.09,47612,Experimental,Dollars,6,A,Consolidated accounts - table 1.2,D01R,Compensation of employees,,,,,National Accounts - SNA 2008 - SNE,2024,9
SNEQ.SG04AD01R000S800,2024.12,-145,Experimental,Dollars,6,A,Consolidated accounts - table 1.2,D01R,Compensation of employees,,,,,National Accounts - SNA 2008 - SNE,2024,12
SNEQ.SG04AD01R000S900,2024.12,47916,Experimental,Dollars,6,A,Consolidated accounts - table 1.2,D01R,Compensation of employees,,,,,National Accounts - SNA 2008 - SNE,2024,12
SNEQ.SG04AD01R000S800,2025.03,-161,Experimental,Dollars,6,A,Consolidated accounts - table 1.2,D01R,Compensation of employees,,,,,National Accounts - SNA 2008 - SNE,2025,3
SNEQ.SG04AD01R000S900,2025.03,47637,Experimental,Dollars,6,A,Consolidated accounts - table 1.2,D01R,Compensation of employees,,,,,National Accounts - SNA 2008 - SNE,2025,3
SNEQ.SG04AD01R000S800,2025.06,-201,Experimental,Dollars,6,A,Consolidated accounts - table 1.2,D01R,Compensation of employees,,,,,National Accounts - SNA 2008 - SNE,2025,6
SNEQ.SG04AD01R000S900,2025.06,48743,Experimental,Dollars,6,A,Consolidated accounts - table 1.2,D01R,Compensation of employees,,,,,National Accounts - SNA 2008 - SNE,2025,6
SNEQ.SG04AD02R000S900,2016.06,8787,Experimental,Dollars,6,A,Consolidated accounts - table 1.2,D02R,Taxes on production and imports,,,,,National Accounts - SNA 2008 - SNE,2016,6
SNEQ.SG04AD02R000S900,2016.09,9001,Experimental,Dollars,6,A,Consolidated accounts - table 1.2,D02R,Taxes on production and imports,,,,,National Accounts - SNA 2008 - SNE,2016,9
SNEQ.SG04AD02R000S900,2016.12,10150,Experimental,Dollars,6,A,Consolidated accounts - table 1.2,D02R,Taxes on production and imports,,,,,National Accounts - SNA 2008 - SNE,2016,12
SNEQ.SG04AD02R000S900,2017.03,9014,Experimental,Dollars,6,A,Consolidated accounts - table 1.2,D02R,Taxes on production and imports,,,,,National Accounts - SNA 2008 - SNE,2017,3
SNEQ.SG04AD02R000S900,2017.06,9246,Experimental,Dollars,6,A,Consolidated accounts - table 1.2,D02R,Taxes on production and imports,,,,,National Accounts - SNA 2008 - SNE,2017,6
SNEQ.SG04AD02R000S900,2017.09,9403,Experimental,Dollars,6,A,Consolidated accounts - table 1.2,D02R,Taxes on production and imports,,,,,National Accounts - SNA 2008 - SNE,2017,9
SNEQ.SG04AD02R000S900,2017.12,10815,Experimental,Dollars,6,A,Consolidated accounts - table 1.2,D02R,Taxes on production and imports,,,,,National Accounts - SNA 2008 - SNE,2017,12
SNEQ.SG04AD02R000S900,2018.03,9485,Experimental,Dollars,6,A,Consolidated accounts - table 1.2,D02R,Taxes on production and imports,,,,,National Accounts - SNA 2008 - SNE,2018,3
SNEQ.SG04AD02R000S900,2018.06,9642,Experimental,Dollars,6,A,Consolidated accounts - table 1.2,D02R,Taxes on production and imports,,,,,National Accounts - SNA 2008 - SNE,2018,6
SNEQ.SG04AD02R000S900,2018.09,10016,Experimental,Dollars,6,A,Consolidated accounts - table 1.2,D02R,Taxes on production and imports,,,,,National Accounts - SNA 2008 - SNE,2018,9
SNEQ.SG04AD02R000S900,2018.12,11449,Experimental,Dollars,6,A,Consolidated accounts - table 1.2,D02R,Taxes on production and imports,,,,,National Accounts - SNA 2008 - SNE,2018,12
SNEQ.SG04AD02R000S900,2019.03,9977,Experimental,Dollars,6,A,Consolidated accounts - table 1.2,D02R,Taxes on production and imports,,,,,National Accounts - SNA 2008 - SNE,2019,3
SNEQ.SG04AD02R000S900,2019.06,10704,Experimental,Dollars,6,A,Consolidated accounts - table 1.2,D02R,Taxes on production and imports,,,,,National Accounts - SNA 2008 - SNE,2019,6
SNEQ.SG04AD02R000S900,2019.09,10629,Experimental,Dollars,6,A,Consolidated accounts - table 1.2,D02R,Taxes on production and imports,,,,,National Accounts - SNA 2008 - SNE,2019,9
SNEQ.SG04AD02R000S900,2019.12,12045,Experimental,Dollars,6,A,Consolidated accounts - table 1.2,D02R,Taxes on production and imports,,,,,National Accounts - SNA 2008 - SNE,2019,12
SNEQ.SG04AD02R000S900,2020.03,10351,Experimental,Dollars,6,A,Consolidated accounts - table 1.2,D02R,Taxes on production and imports,,,,,National Accounts - SNA 2008 - SNE,2020,3
SNEQ.SG04AD02R000S900,2020.06,9345,Experimental,Dollars,6,A,Consolidated accounts - table 1.2,D02R,Taxes on production and imports,,,,,National Accounts - SNA 2008 - SNE,2020,6
SNEQ.SG04AD02R000S900,2020.09,10598,Experimental,Dollars,6,A,Consolidated accounts - table 1.2,D02R,Taxes on production and imports,,,,,National Accounts - SNA 2008 - SNE,2020,9
SNEQ.SG04AD02R000S900,2020.12,11623,Experimental,Dollars,6,A,Consolidated accounts - table 1.2,D02R,Taxes on production and imports,,,,,National Accounts - SNA 2008 - SNE,2020,12
SNEQ.SG04AD02R000S900,2021.03,10835,Experimental,Dollars,6,A,Consolidated accounts - table 1.2,D02R,Taxes on production and imports,,,,,National Accounts - SNA 2008 - SNE,2021,3
SNEQ.SG04AD02R000S900,2021.06,12333,Experimental,Dollars,6,A,Consolidated accounts - table 1.2,D02R,Taxes on production and imports,,,,,National Accounts - SNA 2008 - SNE,2021,6
SNEQ.SG04AD02R000S900,2021.09,11224,Experimental,Dollars,6,A,Consolidated accounts - table 1.2,D02R,Taxes on production and imports,,,,,National Accounts - SNA 2008 - SNE,2021,9
SNEQ.SG04AD02R000S900,2021.12,12666,Experimental,Dollars,6,A,Consolidated accounts - table 1.2,D02R,Taxes on production and imports,,,,,National Accounts - SNA 2008 - SNE,2021,12
SNEQ.SG04AD02R000S900,2022.03,11431,Experimental,Dollars,6,A,Consolidated accounts - table 1.2,D02R,Taxes on production and imports,,,,,National Accounts - SNA 2008 - SNE,2022,3
SNEQ.SG04AD02R000S900,2022.06,12185,Experimental,Dollars,6,A,Consolidated accounts - table 1.2,D02R,Taxes on production and imports,,,,,National Accounts - SNA 2008 - SNE,2022,6
SNEQ.SG04AD02R000S900,2022.09,12401,Experimental,Dollars,6,A,Consolidated accounts - table 1.2,D02R,Taxes on production and imports,,,,,National Accounts - SNA 2008 - SNE,2022,9
SNEQ.SG04AD02R000S900,2022.12,13387,Experimental,Dollars,6,A,Consolidated accounts - table 1.2,D02R,Taxes on production and imports,,,,,National Accounts - SNA 2008 - SNE,2022,12
SNEQ.SG04AD02R000S900,2023.03,12126,Experimental,Dollars,6,A,Consolidated accounts - table 1.2,D02R,Taxes on production and imports,,,,,National Accounts - SNA 2008 - SNE,2023,3
SNEQ.SG04AD02R000S900,2023.06,12784,Experimental,Dollars,6,A,Consolidated accounts - table 1.2,D02R,Taxes on production and imports,,,,,National Accounts - SNA 2008 - SNE,2023,6
SNEQ.SG04AD02R000S900,2023.09,13123,Experimental,Dollars,6,A,Consolidated accounts - table 1.2,D02R,Taxes on production and imports,,,,,National Accounts - SNA 2008 - SNE,2023,9
SNEQ.SG04AD02R000S900,2023.12,14453,Experimental,Dollars,6,A,Consolidated accounts - table 1.2,D02R,Taxes on production and imports,,,,,National Accounts - SNA 2008 - SNE,2023,12
SNEQ.SG04AD02R000S900,2024.03,13193,Experimental,Dollars,6,A,Consolidated accounts - table 1.2,D02R,Taxes on production and imports,,,,,National Accounts - SNA 2008 - SNE,2024,3
SNEQ.SG04AD02R000S900,2024.06,13984,Experimental,Dollars,6,A,Consolidated accounts - table 1.2,D02R,Taxes on production and imports,,,,,National Accounts - SNA 2008 - SNE,2024,6
SNEQ.SG04AD02R000S900,2024.09,13799,Experimental,Dollars,6,A,Consolidated accounts - table 1.2,D02R,Taxes on production and imports,,,,,National Accounts - SNA 2008 - SNE,2024,9
SNEQ.SG04AD02R000S900,2024.12,14929,Experimental,Dollars,6,A,Consolidated accounts - table 1.2,D02R,Taxes on production and imports,,,,,National Accounts - SNA 2008 - SNE,2024,12
SNEQ.SG04AD02R000S900,2025.03,13880,Experimental,Dollars,6,A,Consolidated accounts - table 1.2,D02R,Taxes on production and imports,,,,,National Accounts - SNA 2008 - SNE,2025,3
SNEQ.SG04AD02R000S900,2025.06,14547,Experimental,Dollars,6,A,Consolidated accounts - table 1.2,D02R,Taxes on production and imports,,,,,National Accounts - SNA 2008 - SNE,2025,6
SNEQ.SG04AD03R000S900,2016.06,191,Experimental,Dollars,6,A,Consolidated accounts - table 1.2,D03R,Subsidies,,,,,National Accounts - SNA 2008 - SNE,2016,6
SNEQ.SG04AD03R000S900,2016.09,218,Experimental,Dollars,6,A,Consolidated accounts - table 1.2,D03R,Subsidies,,,,,National Accounts - SNA 2008 - SNE,2016,9
SNEQ.SG04AD03R000S900,2016.12,231,Experimental,Dollars,6,A,Consolidated accounts - table 1.2,D03R,Subsidies,,,,,National Accounts - SNA 2008 - SNE,2016,12
SNEQ.SG04AD03R000S900,2017.03,251,Experimental,Dollars,6,A,Consolidated accounts - table 1.2,D03R,Subsidies,,,,,National Accounts - SNA 2008 - SNE,2017,3
SNEQ.SG04AD03R000S900,2017.06,252,Experimental,Dollars,6,A,Consolidated accounts - table 1.2,D03R,Subsidies,,,,,National Accounts - SNA 2008 - SNE,2017,6
SNEQ.SG04AD03R000S900,2017.09,241,Experimental,Dollars,6,A,Consolidated accounts - table 1.2,D03R,Subsidies,,,,,National Accounts - SNA 2008 - SNE,2017,9
SNEQ.SG04AD03R000S900,2017.12,264,Experimental,Dollars,6,A,Consolidated accounts - table 1.2,D03R,Subsidies,,,,,National Accounts - SNA 2008 - SNE,2017,12
SNEQ.SG04AD03R000S900,2018.03,255,Experimental,Dollars,6,A,Consolidated accounts - table 1.2,D03R,Subsidies,,,,,National Accounts - SNA 2008 - SNE,2018,3
SNEQ.SG04AD03R000S900,2018.06,262,Experimental,Dollars,6,A,Consolidated accounts - table 1.2,D03R,Subsidies,,,,,National Accounts - SNA 2008 - SNE,2018,6
SNEQ.SG04AD03R000S900,2018.09,263,Experimental,Dollars,6,A,Consolidated accounts - table 1.2,D03R,Subsidies,,,,,National Accounts - SNA 2008 - SNE,2018,9
SNEQ.SG04AD03R000S900,2018.12,257,Experimental,Dollars,6,A,Consolidated accounts - table 1.2,D03R,Subsidies,,,,,National Accounts - SNA 2008 - SNE,2018,12
SNEQ.SG04AD03R000S900,2019.03,258,Experimental,Dollars,6,A,Consolidated accounts - table 1.2,D03R,Subsidies,,,,,National Accounts - SNA 2008 - SNE,2019,3
SNEQ.SG04AD03R000S900,2019.06,258,Experimental,Dollars,6,A,Consolidated accounts - table 1.2,D03R,Subsidies,,,,,National Accounts - SNA 2008 - SNE,2019,6
SNEQ.SG04AD03R000S900,2019.09,327,Experimental,Dollars,6,A,Consolidated accounts - table 1.2,D03R,Subsidies,,,,,National Accounts - SNA 2008 - SNE,2019,9
SNEQ.SG04AD03R000S900,2019.12,295,Experimental,Dollars,6,A,Consolidated accounts - table 1.2,D03R,Subsidies,,,,,National Accounts - SNA 2008 - SNE,2019,12
SNEQ.SG04AD03R000S900,2020.03,4080,Experimental,Dollars,6,A,Consolidated accounts - table 1.2,D03R,Subsidies,,,,,National Accounts - SNA 2008 - SNE,2020,3
SNEQ.SG04AD03R000S900,2020.06,8548,Experimental,Dollars,6,A,Consolidated accounts - table 1.2,D03R,Subsidies,,,,,National Accounts - SNA 2008 - SNE,2020,6
SNEQ.SG04AD03R000S900,2020.09,2299,Experimental,Dollars,6,A,Consolidated accounts - table 1.2,D03R,Subsidies,,,,,National Accounts - SNA 2008 - SNE,2020,9
SNEQ.SG04AD03R000S900,2020.12,531,Experimental,Dollars,6,A,Consolidated accounts - table 1.2,D03R,Subsidies,,,,,National Accounts - SNA 2008 - SNE,2020,12
SNEQ.SG04AD03R000S900,2021.03,896,Experimental,Dollars,6,A,Consolidated accounts - table 1.2,D03R,Subsidies,,,,,National Accounts - SNA 2008 - SNE,2021,3
SNEQ.SG04AD03R000S900,2021.06,584,Experimental,Dollars,6,A,Consolidated accounts - table 1.2,D03R,Subsidies,,,,,National Accounts - SNA 2008 - SNE,2021,6
SNEQ.SG04AD03R000S900,2021.09,4402,Experimental,Dollars,6,A,Consolidated accounts - table 1.2,D03R,Subsidies,,,,,National Accounts - SNA 2008 - SNE,2021,9
SNEQ.SG04AD03R000S900,2021.12,4375,Experimental,Dollars,6,A,Consolidated accounts - table 1.2,D03R,Subsidies,,,,,National Accounts - SNA 2008 - SNE,2021,12
SNEQ.SG04AD03R000S900,2022.03,1971,Experimental,Dollars,6,A,Consolidated accounts - table 1.2,D03R,Subsidies,,,,,National Accounts - SNA 2008 - SNE,2022,3
SNEQ.SG04AD03R000S900,2022.06,1133,Experimental,Dollars,6,A,Consolidated accounts - table 1.2,D03R,Subsidies,,,,,National Accounts - SNA 2008 - SNE,2022,6
SNEQ.SG04AD03R000S900,2022.09,853,Experimental,Dollars,6,A,Consolidated accounts - table 1.2,D03R,Subsidies,,,,,National Accounts - SNA 2008 - SNE,2022,9
SNEQ.SG04AD03R000S900,2022.12,656,Experimental,Dollars,6,A,Consolidated accounts - table 1.2,D03R,Subsidies,,,,,National Accounts - SNA 2008 - SNE,2022,12
SNEQ.SG04AD03R000S900,2023.03,654,Experimental,Dollars,6,A,Consolidated accounts - table 1.2,D03R,Subsidies,,,,,National Accounts - SNA 2008 - SNE,2023,3
SNEQ.SG04AD03R000S900,2023.06,559,Experimental,Dollars,6,A,Consolidated accounts - table 1.2,D03R,Subsidies,,,,,National Accounts - SNA 2008 - SNE,2023,6
SNEQ.SG04AD03R000S900,2023.09,614,Experimental,Dollars,6,A,Consolidated accounts - table 1.2,D03R,Subsidies,,,,,National Accounts - SNA 2008 - SNE,2023,9
SNEQ.SG04AD03R000S900,2023.12,575,Experimental,Dollars,6,A,Consolidated accounts - table 1.2,D03R,Subsidies,,,,,National Accounts - SNA 2008 - SNE,2023,12
SNEQ.SG04AD03R000S900,2024.03,633,Experimental,Dollars,6,A,Consolidated accounts - table 1.2,D03R,Subsidies,,,,,National Accounts - SNA 2008 - SNE,2024,3
SNEQ.SG04AD03R000S900,2024.06,541,Experimental,Dollars,6,A,Consolidated accounts - table 1.2,D03R,Subsidies,,,,,National Accounts - SNA 2008 - SNE,2024,6
SNEQ.SG04AD03R000S900,2024.09,632,Experimental,Dollars,6,A,Consolidated accounts - table 1.2,D03R,Subsidies,,,,,National Accounts - SNA 2008 - SNE,2024,9
SNEQ.SG04AD03R000S900,2024.12,573,Experimental,Dollars,6,A,Consolidated accounts - table 1.2,D03R,Subsidies,,,,,National Accounts - SNA 2008 - SNE,2024,12
SNEQ.SG04AD03R000S900,2025.03,566,Experimental,Dollars,6,A,Consolidated accounts - table 1.2,D03R,Subsidies,,,,,National Accounts - SNA 2008 - SNE,2025,3
SNEQ.SG04AD03R000S900,2025.06,505,Experimental,Dollars,6,A,Consolidated accounts - table 1.2,D03R,Subsidies,,,,,National Accounts - SNA 2008 - SNE,2025,6
SNEQ.SG04AP030000S900,2016.06,50207,Experimental,Dollars,6,A,Consolidated accounts - table 1.2,P03,Final consumption expenditure,,,,,National Accounts - SNA 2008 - SNE,2016,6
SNEQ.SG04AP030000S900,2016.09,51208,Experimental,Dollars,6,A,Consolidated accounts - table 1.2,P03,Final consumption expenditure,,,,,National Accounts - SNA 2008 - SNE,2016,9
SNEQ.SG04AP030000S900,2016.12,53927,Experimental,Dollars,6,A,Consolidated accounts - table 1.2,P03,Final consumption expenditure,,,,,National Accounts - SNA 2008 - SNE,2016,12
SNEQ.SG04AP030000S900,2017.03,51157,Experimental,Dollars,6,A,Consolidated accounts - table 1.2,P03,Final consumption expenditure,,,,,National Accounts - SNA 2008 - SNE,2017,3
SNEQ.SG04AP030000S900,2017.06,53385,Experimental,Dollars,6,A,Consolidated accounts - table 1.2,P03,Final consumption expenditure,,,,,National Accounts - SNA 2008 - SNE,2017,6
SNEQ.SG04AP030000S900,2017.09,54488,Experimental,Dollars,6,A,Consolidated accounts - table 1.2,P03,Final consumption expenditure,,,,,National Accounts - SNA 2008 - SNE,2017,9
SNEQ.SG04AP030000S900,2017.12,57462,Experimental,Dollars,6,A,Consolidated accounts - table 1.2,P03,Final consumption expenditure,,,,,National Accounts - SNA 2008 - SNE,2017,12
SNEQ.SG04AP030000S900,2018.03,53805,Experimental,Dollars,6,A,Consolidated accounts - table 1.2,P03,Final consumption expenditure,,,,,National Accounts - SNA 2008 - SNE,2018,3
SNEQ.SG04AP030000S900,2018.06,56750,Experimental,Dollars,6,A,Consolidated accounts - table 1.2,P03,Final consumption expenditure,,,,,National Accounts - SNA 2008 - SNE,2018,6
SNEQ.SG04AP030000S900,2018.09,58001,Experimental,Dollars,6,A,Consolidated accounts - table 1.2,P03,Final consumption expenditure,,,,,National Accounts - SNA 2008 - SNE,2018,9
SNEQ.SG04AP030000S900,2018.12,61200,Experimental,Dollars,6,A,Consolidated accounts - table 1.2,P03,Final consumption expenditure,,,,,National Accounts - SNA 2008 - SNE,2018,12
SNEQ.SG04AP030000S900,2019.03,57044,Experimental,Dollars,6,A,Consolidated accounts - table 1.2,P03,Final consumption expenditure,,,,,National Accounts - SNA 2008 - SNE,2019,3
SNEQ.SG04AP030000S900,2019.06,60270,Experimental,Dollars,6,A,Consolidated accounts - table 1.2,P03,Final consumption expenditure,,,,,National Accounts - SNA 2008 - SNE,2019,6
SNEQ.SG04AP030000S900,2019.09,61105,Experimental,Dollars,6,A,Consolidated accounts - table 1.2,P03,Final consumption expenditure,,,,,National Accounts - SNA 2008 - SNE,2019,9
SNEQ.SG04AP030000S900,2019.12,64468,Experimental,Dollars,6,A,Consolidated accounts - table 1.2,P03,Final consumption expenditure,,,,,National Accounts - SNA 2008 - SNE,2019,12
SNEQ.SG04AP030000S900,2020.03,59964,Experimental,Dollars,6,A,Consolidated accounts - table 1.2,P03,Final consumption expenditure,,,,,National Accounts - SNA 2008 - SNE,2020,3
SNEQ.SG04AP030000S900,2020.06,57266,Experimental,Dollars,6,A,Consolidated accounts - table 1.2,P03,Final consumption expenditure,,,,,National Accounts - SNA 2008 - SNE,2020,6
SNEQ.SG04AP030000S900,2020.09,63380,Experimental,Dollars,6,A,Consolidated accounts - table 1.2,P03,Final consumption expenditure,,,,,National Accounts - SNA 2008 - SNE,2020,9
SNEQ.SG04AP030000S900,2020.12,67673,Experimental,Dollars,6,A,Consolidated accounts - table 1.2,P03,Final consumption expenditure,,,,,National Accounts - SNA 2008 - SNE,2020,12
SNEQ.SG04AP030000S900,2021.03,65793,Experimental,Dollars,6,A,Consolidated accounts - table 1.2,P03,Final consumption expenditure,,,,,National Accounts - SNA 2008 - SNE,2021,3
SNEQ.SG04AP030000S900,2021.06,69115,Experimental,Dollars,6,A,Consolidated accounts - table 1.2,P03,Final consumption expenditure,,,,,National Accounts - SNA 2008 - SNE,2021,6
SNEQ.SG04AP030000S900,2021.09,66699,Experimental,Dollars,6,A,Consolidated accounts - table 1.2,P03,Final consumption expenditure,,,,,National Accounts - SNA 2008 - SNE,2021,9
SNEQ.SG04AP030000S900,2021.12,74089,Experimental,Dollars,6,A,Consolidated accounts - table 1.2,P03,Final consumption expenditure,,,,,National Accounts - SNA 2008 - SNE,2021,12
SNEQ.SG04AP030000S900,2022.03,72411,Experimental,Dollars,6,A,Consolidated accounts - table 1.2,P03,Final consumption expenditure,,,,,National Accounts - SNA 2008 - SNE,2022,3
SNEQ.SG04AP030000S900,2022.06,75135,Experimental,Dollars,6,A,Consolidated accounts - table 1.2,P03,Final consumption expenditure,,,,,National Accounts - SNA 2008 - SNE,2022,6
SNEQ.SG04AP030000S900,2022.09,76976,Experimental,Dollars,6,A,Consolidated accounts - table 1.2,P03,Final consumption expenditure,,,,,National Accounts - SNA 2008 - SNE,2022,9
SNEQ.SG04AP030000S900,2022.12,81328,Experimental,Dollars,6,A,Consolidated accounts - table 1.2,P03,Final consumption expenditure,,,,,National Accounts - SNA 2008 - SNE,2022,12
SNEQ.SG04AP030000S900,2023.03,77106,Experimental,Dollars,6,A,Consolidated accounts - table 1.2,P03,Final consumption expenditure,,,,,National Accounts - SNA 2008 - SNE,2023,3
SNEQ.SG04AP030000S900,2023.06,81178,Experimental,Dollars,6,A,Consolidated accounts - table 1.2,P03,Final consumption expenditure,,,,,National Accounts - SNA 2008 - SNE,2023,6
SNEQ.SG04AP030000S900,2023.09,81375,Experimental,Dollars,6,A,Consolidated accounts - table 1.2,P03,Final consumption expenditure,,,,,National Accounts - SNA 2008 - SNE,2023,9
SNEQ.SG04AP030000S900,2023.12,85397,Experimental,Dollars,6,A,Consolidated accounts - table 1.2,P03,Final consumption expenditure,,,,,National Accounts - SNA 2008 - SNE,2023,12
SNEQ.SG04AP030000S900,2024.03,80152,Experimental,Dollars,6,A,Consolidated accounts - table 1.2,P03,Final consumption expenditure,,,,,National Accounts - SNA 2008 - SNE,2024,3
SNEQ.SG04AP030000S900,2024.06,83984,Experimental,Dollars,6,A,Consolidated accounts - table 1.2,P03,Final consumption expenditure,,,,,National Accounts - SNA 2008 - SNE,2024,6
SNEQ.SG04AP030000S900,2024.09,83922,Experimental,Dollars,6,A,Consolidated accounts - table 1.2,P03,Final consumption expenditure,,,,,National Accounts - SNA 2008 - SNE,2024,9
SNEQ.SG04AP030000S900,2024.12,87744,Experimental,Dollars,6,A,Consolidated accounts - table 1.2,P03,Final consumption expenditure,,,,,National Accounts - SNA 2008 - SNE,2024,12
SNEQ.SG04AP030000S900,2025.03,83585,Experimental,Dollars,6,A,Consolidated accounts - table 1.2,P03,Final consumption expenditure,,,,,National Accounts - SNA 2008 - SNE,2025,3
SNEQ.SG04AP030000S900,2025.06,87207,Experimental,Dollars,6,A,Consolidated accounts - table 1.2,P03,Final consumption expenditure,,,,,National Accounts - SNA 2008 - SNE,2025,6
SNEQ.SG04AP051C00S900,2016.06,9257,Experimental,Dollars,6,A,Consolidated accounts - table 1.2,P051C,Consumption of fixed capital,AN1,Produced non-financial assets,,,National Accounts - SNA 2008 - SNE,2016,6
SNEQ.SG04AP051C00S900,2016.09,9403,Experimental,Dollars,6,A,Consolidated accounts - table 1.2,P051C,Consumption of fixed capital,AN1,Produced non-financial assets,,,National Accounts - SNA 2008 - SNE,2016,9
SNEQ.SG04AP051C00S900,2016.12,9547,Experimental,Dollars,6,A,Consolidated accounts - table 1.2,P051C,Consumption of fixed capital,AN1,Produced non-financial assets,,,National Accounts - SNA 2008 - SNE,2016,12
SNEQ.SG04AP051C00S900,2017.03,9697,Experimental,Dollars,6,A,Consolidated accounts - table 1.2,P051C,Consumption of fixed capital,AN1,Produced non-financial assets,,,National Accounts - SNA 2008 - SNE,2017,3
SNEQ.SG04AP051C00S900,2017.06,9693,Experimental,Dollars,6,A,Consolidated accounts - table 1.2,P051C,Consumption of fixed capital,AN1,Produced non-financial assets,,,National Accounts - SNA 2008 - SNE,2017,6
SNEQ.SG04AP051C00S900,2017.09,9839,Experimental,Dollars,6,A,Consolidated accounts - table 1.2,P051C,Consumption of fixed capital,AN1,Produced non-financial assets,,,National Accounts - SNA 2008 - SNE,2017,9
SNEQ.SG04AP051C00S900,2017.12,9999,Experimental,Dollars,6,A,Consolidated accounts - table 1.2,P051C,Consumption of fixed capital,AN1,Produced non-financial assets,,,National Accounts - SNA 2008 - SNE,2017,12
SNEQ.SG04AP051C00S900,2018.03,10241,Experimental,Dollars,6,A,Consolidated accounts - table 1.2,P051C,Consumption of fixed capital,AN1,Produced non-financial assets,,,National Accounts - SNA 2008 - SNE,2018,3
SNEQ.SG04AP051C00S900,2018.06,11048,Experimental,Dollars,6,A,Consolidated accounts - table 1.2,P051C,Consumption of fixed capital,AN1,Produced non-financial assets,,,National Accounts - SNA 2008 - SNE,2018,6
SNEQ.SG04AP051C00S900,2018.09,11221,Experimental,Dollars,6,A,Consolidated accounts - table 1.2,P051C,Consumption of fixed capital,AN1,Produced non-financial assets,,,National Accounts - SNA 2008 - SNE,2018,9
SNEQ.SG04AP051C00S900,2018.12,11418,Experimental,Dollars,6,A,Consolidated accounts - table 1.2,P051C,Consumption of fixed capital,AN1,Produced non-financial assets,,,National Accounts - SNA 2008 - SNE,2018,12
SNEQ.SG04AP051C00S900,2019.03,11512,Experimental,Dollars,6,A,Consolidated accounts - table 1.2,P051C,Consumption of fixed capital,AN1,Produced non-financial assets,,,National Accounts - SNA 2008 - SNE,2019,3
SNEQ.SG04AP051C00S900,2019.06,10942,Experimental,Dollars,6,A,Consolidated accounts - table 1.2,P051C,Consumption of fixed capital,AN1,Produced non-financial assets,,,National Accounts - SNA 2008 - SNE,2019,6
SNEQ.SG04AP051C00S900,2019.09,11101,Experimental,Dollars,6,A,Consolidated accounts - table 1.2,P051C,Consumption of fixed capital,AN1,Produced non-financial assets,,,National Accounts - SNA 2008 - SNE,2019,9
SNEQ.SG04AP051C00S900,2019.12,11297,Experimental,Dollars,6,A,Consolidated accounts - table 1.2,P051C,Consumption of fixed capital,AN1,Produced non-financial assets,,,National Accounts - SNA 2008 - SNE,2019,12
SNEQ.SG04AP051C00S900,2020.03,11512,Experimental,Dollars,6,A,Consolidated accounts - table 1.2,P051C,Consumption of fixed capital,AN1,Produced non-financial assets,,,National Accounts - SNA 2008 - SNE,2020,3
SNEQ.SG04AP051C00S900,2020.06,11575,Experimental,Dollars,6,A,Consolidated accounts - table 1.2,P051C,Consumption of fixed capital,AN1,Produced non-financial assets,,,National Accounts - SNA 2008 - SNE,2020,6
SNEQ.SG04AP051C00S900,2020.09,11683,Experimental,Dollars,6,A,Consolidated accounts - table 1.2,P051C,Consumption of fixed capital,AN1,Produced non-financial assets,,,National Accounts - SNA 2008 - SNE,2020,9
SNEQ.SG04AP051C00S900,2020.12,11804,Experimental,Dollars,6,A,Consolidated accounts - table 1.2,P051C,Consumption of fixed capital,AN1,Produced non-financial assets,,,National Accounts - SNA 2008 - SNE,2020,12
SNEQ.SG04AP051C00S900,2021.03,11880,Experimental,Dollars,6,A,Consolidated accounts - table 1.2,P051C,Consumption of fixed capital,AN1,Produced non-financial assets,,,National Accounts - SNA 2008 - SNE,2021,3
SNEQ.SG04AP051C00S900,2021.06,12220,Experimental,Dollars,6,A,Consolidated accounts - table 1.2,P051C,Consumption of fixed capital,AN1,Produced non-financial assets,,,National Accounts - SNA 2008 - SNE,2021,6
SNEQ.SG04AP051C00S900,2021.09,12469,Experimental,Dollars,6,A,Consolidated accounts - table 1.2,P051C,Consumption of fixed capital,AN1,Produced non-financial assets,,,National Accounts - SNA 2008 - SNE,2021,9
SNEQ.SG04AP051C00S900,2021.12,12745,Experimental,Dollars,6,A,Consolidated accounts - table 1.2,P051C,Consumption of fixed capital,AN1,Produced non-financial assets,,,National Accounts - SNA 2008 - SNE,2021,12
SNEQ.SG04AP051C00S900,2022.03,13171,Experimental,Dollars,6,A,Consolidated accounts - table 1.2,P051C,Consumption of fixed capital,AN1,Produced non-financial assets,,,National Accounts - SNA 2008 - SNE,2022,3
SNEQ.SG04AP051C00S900,2022.06,13611,Experimental,Dollars,6,A,Consolidated accounts - table 1.2,P051C,Consumption of fixed capital,AN1,Produced non-financial assets,,,National Accounts - SNA 2008 - SNE,2022,6
SNEQ.SG04AP051C00S900,2022.09,14170,Experimental,Dollars,6,A,Consolidated accounts - table 1.2,P051C,Consumption of fixed capital,AN1,Produced non-financial assets,,,National Accounts - SNA 2008 - SNE,2022,9
SNEQ.SG04AP051C00S900,2022.12,14655,Experimental,Dollars,6,A,Consolidated accounts - table 1.2,P051C,Consumption of fixed capital,AN1,Produced non-financial assets,,,National Accounts - SNA 2008 - SNE,2022,12
SNEQ.SG04AP051C00S900,2023.03,15311,Experimental,Dollars,6,A,Consolidated accounts - table 1.2,P051C,Consumption of fixed capital,AN1,Produced non-financial assets,,,National Accounts - SNA 2008 - SNE,2023,3
SNEQ.SG04AP051C00S900,2023.06,15180,Experimental,Dollars,6,A,Consolidated accounts - table 1.2,P051C,Consumption of fixed capital,AN1,Produced non-financial assets,,,National Accounts - SNA 2008 - SNE,2023,6
SNEQ.SG04AP051C00S900,2023.09,15601,Experimental,Dollars,6,A,Consolidated accounts - table 1.2,P051C,Consumption of fixed capital,AN1,Produced non-financial assets,,,National Accounts - SNA 2008 - SNE,2023,9
SNEQ.SG04AP051C00S900,2023.12,15911,Experimental,Dollars,6,A,Consolidated accounts - table 1.2,P051C,Consumption of fixed capital,AN1,Produced non-financial assets,,,National Accounts - SNA 2008 - SNE,2023,12
SNEQ.SG04AP051C00S900,2024.03,16202,Experimental,Dollars,6,A,Consolidated accounts - table 1.2,P051C,Consumption of fixed capital,AN1,Produced non-financial assets,,,National Accounts - SNA 2008 - SNE,2024,3
SNEQ.SG04AP051C00S900,2024.06,16168,Experimental,Dollars,6,A,Consolidated accounts - table 1.2,P051C,Consumption of fixed capital,AN1,Produced non-financial assets,,,National Accounts - SNA 2008 - SNE,2024,6
SNEQ.SG04AP051C00S900,2024.09,16398,Experimental,Dollars,6,A,Consolidated accounts - table 1.2,P051C,Consumption of fixed capital,AN1,Produced non-financial assets,,,National Accounts - SNA 2008 - SNE,2024,9
SNEQ.SG04AP051C00S900,2024.12,16539,Experimental,Dollars,6,A,Consolidated accounts - table 1.2,P051C,Consumption of fixed capital,AN1,Produced non-financial assets,,,National Accounts - SNA 2008 - SNE,2024,12
SNEQ.SG04AP051C00S900,2025.03,16742,Experimental,Dollars,6,A,Consolidated accounts - table 1.2,P051C,Consumption of fixed capital,AN1,Produced non-financial assets,,,National Accounts - SNA 2008 - SNE,2025,3
SNEQ.SG04AP051C00S900,2025.06,16940,Experimental,Dollars,6,A,Consolidated accounts - table 1.2,P051C,Consumption of fixed capital,AN1,Produced non-financial assets,,,National Accounts - SNA 2008 - SNE,2025,6
SNEQ.SG04AP030000S310,2016.06,10967,Experimental,Dollars,6,A,Consolidated accounts - table 1.2,P03,Final consumption expenditure,,,31,Central government institutions,National Accounts - SNA 2008 - SNE,2016,6
SNEQ.SG04AP030000S310,2016.09,10818,Experimental,Dollars,6,A,Consolidated accounts - table 1.2,P03,Final consumption expenditure,,,31,Central government institutions,National Accounts - SNA 2008 - SNE,2016,9
SNEQ.SG04AP030000S310,2016.12,10829,Experimental,Dollars,6,A,Consolidated accounts - table 1.2,P03,Final consumption expenditure,,,31,Central government institutions,National Accounts - SNA 2008 - SNE,2016,12
SNEQ.SG04AP030000S310,2017.03,10910,Experimental,Dollars,6,A,Consolidated accounts - table 1.2,P03,Final consumption expenditure,,,31,Central government institutions,National Accounts - SNA 2008 - SNE,2017,3
SNEQ.SG04AP030000S310,2017.06,11572,Experimental,Dollars,6,A,Consolidated accounts - table 1.2,P03,Final consumption expenditure,,,31,Central government institutions,National Accounts - SNA 2008 - SNE,2017,6
SNEQ.SG04AP030000S310,2017.09,11482,Experimental,Dollars,6,A,Consolidated accounts - table 1.2,P03,Final consumption expenditure,,,31,Central government institutions,National Accounts - SNA 2008 - SNE,2017,9
SNEQ.SG04AP030000S310,2017.12,11467,Experimental,Dollars,6,A,Consolidated accounts - table 1.2,P03,Final consumption expenditure,,,31,Central government institutions,National Accounts - SNA 2008 - SNE,2017,12
SNEQ.SG04AP030000S310,2018.03,11505,Experimental,Dollars,6,A,Consolidated accounts - table 1.2,P03,Final consumption expenditure,,,31,Central government institutions,National Accounts - SNA 2008 - SNE,2018,3
SNEQ.SG04AP030000S310,2018.06,12408,Experimental,Dollars,6,A,Consolidated accounts - table 1.2,P03,Final consumption expenditure,,,31,Central government institutions,National Accounts - SNA 2008 - SNE,2018,6
SNEQ.SG04AP030000S310,2018.09,12181,Experimental,Dollars,6,A,Consolidated accounts - table 1.2,P03,Final consumption expenditure,,,31,Central government institutions,National Accounts - SNA 2008 - SNE,2018,9
SNEQ.SG04AP030000S310,2018.12,12366,Experimental,Dollars,6,A,Consolidated accounts - table 1.2,P03,Final consumption expenditure,,,31,Central government institutions,National Accounts - SNA 2008 - SNE,2018,12
SNEQ.SG04AP030000S310,2019.03,12405,Experimental,Dollars,6,A,Consolidated accounts - table 1.2,P03,Final consumption expenditure,,,31,Central government institutions,National Accounts - SNA 2008 - SNE,2019,3
SNEQ.SG04AP030000S310,2019.06,13704,Experimental,Dollars,6,A,Consolidated accounts - table 1.2,P03,Final consumption expenditure,,,31,Central government institutions,National Accounts - SNA 2008 - SNE,2019,6
SNEQ.SG04AP030000S310,2019.09,13091,Experimental,Dollars,6,A,Consolidated accounts - table 1.2,P03,Final consumption expenditure,,,31,Central government institutions,National Accounts - SNA 2008 - SNE,2019,9
SNEQ.SG04AP030000S310,2019.12,13535,Experimental,Dollars,6,A,Consolidated accounts - table 1.2,P03,Final consumption expenditure,,,31,Central government institutions,National Accounts - SNA 2008 - SNE,2019,12
SNEQ.SG04AP030000S310,2020.03,13600,Experimental,Dollars,6,A,Consolidated accounts - table 1.2,P03,Final consumption expenditure,,,31,Central government institutions,National Accounts - SNA 2008 - SNE,2020,3
SNEQ.SG04AP030000S310,2020.06,15026,Experimental,Dollars,6,A,Consolidated accounts - table 1.2,P03,Final consumption expenditure,,,31,Central government institutions,National Accounts - SNA 2008 - SNE,2020,6
SNEQ.SG04AP030000S310,2020.09,14468,Experimental,Dollars,6,A,Consolidated accounts - table 1.2,P03,Final consumption expenditure,,,31,Central government institutions,National Accounts - SNA 2008 - SNE,2020,9
SNEQ.SG04AP030000S310,2020.12,15048,Experimental,Dollars,6,A,Consolidated accounts - table 1.2,P03,Final consumption expenditure,,,31,Central government institutions,National Accounts - SNA 2008 - SNE,2020,12
SNEQ.SG04AP030000S310,2021.03,15348,Experimental,Dollars,6,A,Consolidated accounts - table 1.2,P03,Final consumption expenditure,,,31,Central government institutions,National Accounts - SNA 2008 - SNE,2021,3
SNEQ.SG04AP030000S310,2021.06,16673,Experimental,Dollars,6,A,Consolidated accounts - table 1.2,P03,Final consumption expenditure,,,31,Central government institutions,National Accounts - SNA 2008 - SNE,2021,6
SNEQ.SG04AP030000S310,2021.09,16216,Experimental,Dollars,6,A,Consolidated accounts - table 1.2,P03,Final consumption expenditure,,,31,Central government institutions,National Accounts - SNA 2008 - SNE,2021,9
SNEQ.SG04AP030000S310,2021.12,17499,Experimental,Dollars,6,A,Consolidated accounts - table 1.2,P03,Final consumption expenditure,,,31,Central government institutions,National Accounts - SNA 2008 - SNE,2021,12
SNEQ.SG04AP030000S310,2022.03,17450,Experimental,Dollars,6,A,Consolidated accounts - table 1.2,P03,Final consumption expenditure,,,31,Central government institutions,National Accounts - SNA 2008 - SNE,2022,3
SNEQ.SG04AP030000S310,2022.06,18984,Experimental,Dollars,6,A,Consolidated accounts - table 1.2,P03,Final consumption expenditure,,,31,Central government institutions,National Accounts - SNA 2008 - SNE,2022,6
SNEQ.SG04AP030000S310,2022.09,18278,Experimental,Dollars,6,A,Consolidated accounts - table 1.2,P03,Final consumption expenditure,,,31,Central government institutions,National Accounts - SNA 2008 - SNE,2022,9
SNEQ.SG04AP030000S310,2022.12,18165,Experimental,Dollars,6,A,Consolidated accounts - table 1.2,P03,Final consumption expenditure,,,31,Central government institutions,National Accounts - SNA 2008 - SNE,2022,12
SNEQ.SG04AP030000S310,2023.03,18053,Experimental,Dollars,6,A,Consolidated accounts - table 1.2,P03,Final consumption expenditure,,,31,Central government institutions,National Accounts - SNA 2008 - SNE,2023,3
SNEQ.SG04AP030000S310,2023.06,19935,Experimental,Dollars,6,A,Consolidated accounts - table 1.2,P03,Final consumption expenditure,,,31,Central government institutions,National Accounts - SNA 2008 - SNE,2023,6
SNEQ.SG04AP030000S310,2023.09,19030,Experimental,Dollars,6,A,Consolidated accounts - table 1.2,P03,Final consumption expenditure,,,31,Central government institutions,National Accounts - SNA 2008 - SNE,2023,9
SNEQ.SG04AP030000S310,2023.12,19384,Experimental,Dollars,6,A,Consolidated accounts - table 1.2,P03,Final consumption expenditure,,,31,Central government institutions,National Accounts - SNA 2008 - SNE,2023,12
SNEQ.SG04AP030000S310,2024.03,19163,Experimental,Dollars,6,A,Consolidated accounts - table 1.2,P03,Final consumption expenditure,,,31,Central government institutions,National Accounts - SNA 2008 - SNE,2024,3
SNEQ.SG04AP030000S310,2024.06,21547,Experimental,Dollars,6,A,Consolidated accounts - table 1.2,P03,Final consumption expenditure,,,31,Central government institutions,National Accounts - SNA 2008 - SNE,2024,6
SNEQ.SG04AP030000S310,2024.09,20107,Experimental,Dollars,6,A,Consolidated accounts - table 1.2,P03,Final consumption expenditure,,,31,Central government institutions,National Accounts - SNA 2008 - SNE,2024,9
SNEQ.SG04AP030000S310,2024.12,20293,Experimental,Dollars,6,A,Consolidated accounts - table 1.2,P03,Final consumption expenditure,,,31,Central government institutions,National Accounts - SNA 2008 - SNE,2024,12
SNEQ.SG04AP030000S310,2025.03,20282,Experimental,Dollars,6,A,Consolidated accounts - table 1.2,P03,Final consumption expenditure,,,31,Central government institutions,National Accounts - SNA 2008 - SNE,2025,3
SNEQ.SG04AP030000S310,2025.06,22054,Experimental,Dollars,6,A,Consolidated accounts - table 1.2,P03,Final consumption expenditure,,,31,Central government institutions,National Accounts - SNA 2008 - SNE,2025,6
SNEQ.SG04AP030000S321,2016.06,1510,Experimental,Dollars,6,A,Consolidated accounts - table 1.2,P03,Final consumption expenditure,,,32,Local government institutions,National Accounts - SNA 2008 - SNE,2016,6
SNEQ.SG04AP030000S321,2016.09,1390,Experimental,Dollars,6,A,Consolidated accounts - table 1.2,P03,Final consumption expenditure,,,32,Local government institutions,National Accounts - SNA 2008 - SNE,2016,9
SNEQ.SG04AP030000S321,2016.12,1434,Experimental,Dollars,6,A,Consolidated accounts - table 1.2,P03,Final consumption expenditure,,,32,Local government institutions,National Accounts - SNA 2008 - SNE,2016,12
SNEQ.SG04AP030000S321,2017.03,1373,Experimental,Dollars,6,A,Consolidated accounts - table 1.2,P03,Final consumption expenditure,,,32,Local government institutions,National Accounts - SNA 2008 - SNE,2017,3
SNEQ.SG04AP030000S321,2017.06,1583,Experimental,Dollars,6,A,Consolidated accounts - table 1.2,P03,Final consumption expenditure,,,32,Local government institutions,National Accounts - SNA 2008 - SNE,2017,6
SNEQ.SG04AP030000S321,2017.09,1489,Experimental,Dollars,6,A,Consolidated accounts - table 1.2,P03,Final consumption expenditure,,,32,Local government institutions,National Accounts - SNA 2008 - SNE,2017,9
SNEQ.SG04AP030000S321,2017.12,1520,Experimental,Dollars,6,A,Consolidated accounts - table 1.2,P03,Final consumption expenditure,,,32,Local government institutions,National Accounts - SNA 2008 - SNE,2017,12
SNEQ.SG04AP030000S321,2018.03,1479,Experimental,Dollars,6,A,Consolidated accounts - table 1.2,P03,Final consumption expenditure,,,32,Local government institutions,National Accounts - SNA 2008 - SNE,2018,3
SNEQ.SG04AP030000S321,2018.06,1734,Experimental,Dollars,6,A,Consolidated accounts - table 1.2,P03,Final consumption expenditure,,,32,Local government institutions,National Accounts - SNA 2008 - SNE,2018,6
SNEQ.SG04AP030000S321,2018.09,1566,Experimental,Dollars,6,A,Consolidated accounts - table 1.2,P03,Final consumption expenditure,,,32,Local government institutions,National Accounts - SNA 2008 - SNE,2018,9
SNEQ.SG04AP030000S321,2018.12,1587,Experimental,Dollars,6,A,Consolidated accounts - table 1.2,P03,Final consumption expenditure,,,32,Local government institutions,National Accounts - SNA 2008 - SNE,2018,12
SNEQ.SG04AP030000S321,2019.03,1579,Experimental,Dollars,6,A,Consolidated accounts - table 1.2,P03,Final consumption expenditure,,,32,Local government institutions,National Accounts - SNA 2008 - SNE,2019,3
SNEQ.SG04AP030000S321,2019.06,1824,Experimental,Dollars,6,A,Consolidated accounts - table 1.2,P03,Final consumption expenditure,,,32,Local government institutions,National Accounts - SNA 2008 - SNE,2019,6
SNEQ.SG04AP030000S321,2019.09,1717,Experimental,Dollars,6,A,Consolidated accounts - table 1.2,P03,Final consumption expenditure,,,32,Local government institutions,National Accounts - SNA 2008 - SNE,2019,9
SNEQ.SG04AP030000S321,2019.12,1770,Experimental,Dollars,6,A,Consolidated accounts - table 1.2,P03,Final consumption expenditure,,,32,Local government institutions,National Accounts - SNA 2008 - SNE,2019,12
SNEQ.SG04AP030000S321,2020.03,1711,Experimental,Dollars,6,A,Consolidated accounts - table 1.2,P03,Final consumption expenditure,,,32,Local government institutions,National Accounts - SNA 2008 - SNE,2020,3
SNEQ.SG04AP030000S321,2020.06,1882,Experimental,Dollars,6,A,Consolidated accounts - table 1.2,P03,Final consumption expenditure,,,32,Local government institutions,National Accounts - SNA 2008 - SNE,2020,6
SNEQ.SG04AP030000S321,2020.09,1776,Experimental,Dollars,6,A,Consolidated accounts - table 1.2,P03,Final consumption expenditure,,,32,Local government institutions,National Accounts - SNA 2008 - SNE,2020,9
SNEQ.SG04AP030000S321,2020.12,1812,Experimental,Dollars,6,A,Consolidated accounts - table 1.2,P03,Final consumption expenditure,,,32,Local government institutions,National Accounts - SNA 2008 - SNE,2020,12
SNEQ.SG04AP030000S321,2021.03,1777,Experimental,Dollars,6,A,Consolidated accounts - table 1.2,P03,Final consumption expenditure,,,32,Local government institutions,National Accounts - SNA 2008 - SNE,2021,3
SNEQ.SG04AP030000S321,2021.06,1970,Experimental,Dollars,6,A,Consolidated accounts - table 1.2,P03,Final consumption expenditure,,,32,Local government institutions,National Accounts - SNA 2008 - SNE,2021,6
SNEQ.SG04AP030000S321,2021.09,1895,Experimental,Dollars,6,A,Consolidated accounts - table 1.2,P03,Final consumption expenditure,,,32,Local government institutions,National Accounts - SNA 2008 - SNE,2021,9
SNEQ.SG04AP030000S321,2021.12,2001,Experimental,Dollars,6,A,Consolidated accounts - table 1.2,P03,Final consumption expenditure,,,32,Local government institutions,National Accounts - SNA 2008 - SNE,2021,12
SNEQ.SG04AP030000S321,2022.03,1982,Experimental,Dollars,6,A,Consolidated accounts - table 1.2,P03,Final consumption expenditure,,,32,Local government institutions,National Accounts - SNA 2008 - SNE,2022,3
SNEQ.SG04AP030000S321,2022.06,2332,Experimental,Dollars,6,A,Consolidated accounts - table 1.2,P03,Final consumption expenditure,,,32,Local government institutions,National Accounts - SNA 2008 - SNE,2022,6
SNEQ.SG04AP030000S321,2022.09,2276,Experimental,Dollars,6,A,Consolidated accounts - table 1.2,P03,Final consumption expenditure,,,32,Local government institutions,National Accounts - SNA 2008 - SNE,2022,9
SNEQ.SG04AP030000S321,2022.12,2387,Experimental,Dollars,6,A,Consolidated accounts - table 1.2,P03,Final consumption expenditure,,,32,Local government institutions,National Accounts - SNA 2008 - SNE,2022,12
SNEQ.SG04AP030000S321,2023.03,2393,Experimental,Dollars,6,A,Consolidated accounts - table 1.2,P03,Final consumption expenditure,,,32,Local government institutions,National Accounts - SNA 2008 - SNE,2023,3
SNEQ.SG04AP030000S321,2023.06,2720,Experimental,Dollars,6,A,Consolidated accounts - table 1.2,P03,Final consumption expenditure,,,32,Local government institutions,National Accounts - SNA 2008 - SNE,2023,6
SNEQ.SG04AP030000S321,2023.09,2545,Experimental,Dollars,6,A,Consolidated accounts - table 1.2,P03,Final consumption expenditure,,,32,Local government institutions,National Accounts - SNA 2008 - SNE,2023,9
SNEQ.SG04AP030000S321,2023.12,2642,Experimental,Dollars,6,A,Consolidated accounts - table 1.2,P03,Final consumption expenditure,,,32,Local government institutions,National Accounts - SNA 2008 - SNE,2023,12
SNEQ.SG04AP030000S321,2024.03,2570,Experimental,Dollars,6,A,Consolidated accounts - table 1.2,P03,Final consumption expenditure,,,32,Local government institutions,National Accounts - SNA 2008 - SNE,2024,3
SNEQ.SG04AP030000S321,2024.06,2802,Experimental,Dollars,6,A,Consolidated accounts - table 1.2,P03,Final consumption expenditure,,,32,Local government institutions,National Accounts - SNA 2008 - SNE,2024,6
SNEQ.SG04AP030000S321,2024.09,2677,Experimental,Dollars,6,A,Consolidated accounts - table 1.2,P03,Final consumption expenditure,,,32,Local government institutions,National Accounts - SNA 2008 - SNE,2024,9
SNEQ.SG04AP030000S321,2024.12,2786,Experimental,Dollars,6,A,Consolidated accounts - table 1.2,P03,Final consumption expenditure,,,32,Local government institutions,National Accounts - SNA 2008 - SNE,2024,12
SNEQ.SG04AP030000S321,2025.03,2665,Experimental,Dollars,6,A,Consolidated accounts - table 1.2,P03,Final consumption expenditure,,,32,Local government institutions,National Accounts - SNA 2008 - SNE,2025,3
SNEQ.SG04AP030000S321,2025.06,2994,Experimental,Dollars,6,A,Consolidated accounts - table 1.2,P03,Final consumption expenditure,,,32,Local government institutions,National Accounts - SNA 2008 - SNE,2025,6
SNEQ.SG04AP030000S400,2016.06,719,Experimental,Dollars,6,A,Consolidated accounts - table 1.2,P03,Final consumption expenditure,,,4,Non-profit institutions serving households,National Accounts - SNA 2008 - SNE,2016,6
SNEQ.SG04AP030000S400,2016.09,729,Experimental,Dollars,6,A,Consolidated accounts - table 1.2,P03,Final consumption expenditure,,,4,Non-profit institutions serving households,National Accounts - SNA 2008 - SNE,2016,9
SNEQ.SG04AP030000S400,2016.12,742,Experimental,Dollars,6,A,Consolidated accounts - table 1.2,P03,Final consumption expenditure,,,4,Non-profit institutions serving households,National Accounts - SNA 2008 - SNE,2016,12
SNEQ.SG04AP030000S400,2017.03,757,Experimental,Dollars,6,A,Consolidated accounts - table 1.2,P03,Final consumption expenditure,,,4,Non-profit institutions serving households,National Accounts - SNA 2008 - SNE,2017,3
SNEQ.SG04AP030000S400,2017.06,774,Experimental,Dollars,6,A,Consolidated accounts - table 1.2,P03,Final consumption expenditure,,,4,Non-profit institutions serving households,National Accounts - SNA 2008 - SNE,2017,6
SNEQ.SG04AP030000S400,2017.09,787,Experimental,Dollars,6,A,Consolidated accounts - table 1.2,P03,Final consumption expenditure,,,4,Non-profit institutions serving households,National Accounts - SNA 2008 - SNE,2017,9
SNEQ.SG04AP030000S400,2017.12,796,Experimental,Dollars,6,A,Consolidated accounts - table 1.2,P03,Final consumption expenditure,,,4,Non-profit institutions serving households,National Accounts - SNA 2008 - SNE,2017,12
SNEQ.SG04AP030000S400,2018.03,802,Experimental,Dollars,6,A,Consolidated accounts - table 1.2,P03,Final consumption expenditure,,,4,Non-profit institutions serving households,National Accounts - SNA 2008 - SNE,2018,3
SNEQ.SG04AP030000S400,2018.06,803,Experimental,Dollars,6,A,Consolidated accounts - table 1.2,P03,Final consumption expenditure,,,4,Non-profit institutions serving households,National Accounts - SNA 2008 - SNE,2018,6
SNEQ.SG04AP030000S400,2018.09,807,Experimental,Dollars,6,A,Consolidated accounts - table 1.2,P03,Final consumption expenditure,,,4,Non-profit institutions serving households,National Accounts - SNA 2008 - SNE,2018,9
SNEQ.SG04AP030000S400,2018.12,814,Experimental,Dollars,6,A,Consolidated accounts - table 1.2,P03,Final consumption expenditure,,,4,Non-profit institutions serving households,National Accounts - SNA 2008 - SNE,2018,12
SNEQ.SG04AP030000S400,2019.03,824,Experimental,Dollars,6,A,Consolidated accounts - table 1.2,P03,Final consumption expenditure,,,4,Non-profit institutions serving households,National Accounts - SNA 2008 - SNE,2019,3
SNEQ.SG04AP030000S400,2019.06,836,Experimental,Dollars,6,A,Consolidated accounts - table 1.2,P03,Final consumption expenditure,,,4,Non-profit institutions serving households,National Accounts - SNA 2008 - SNE,2019,6
SNEQ.SG04AP030000S400,2019.09,846,Experimental,Dollars,6,A,Consolidated accounts - table 1.2,P03,Final consumption expenditure,,,4,Non-profit institutions serving households,National Accounts - SNA 2008 - SNE,2019,9
SNEQ.SG04AP030000S400,2019.12,854,Experimental,Dollars,6,A,Consolidated accounts - table 1.2,P03,Final consumption expenditure,,,4,Non-profit institutions serving households,National Accounts - SNA 2008 - SNE,2019,12
SNEQ.SG04AP030000S400,2020.03,834,Experimental,Dollars,6,A,Consolidated accounts - table 1.2,P03,Final consumption expenditure,,,4,Non-profit institutions serving households,National Accounts - SNA 2008 - SNE,2020,3
SNEQ.SG04AP030000S400,2020.06,662,Experimental,Dollars,6,A,Consolidated accounts - table 1.2,P03,Final consumption expenditure,,,4,Non-profit institutions serving households,National Accounts - SNA 2008 - SNE,2020,6
SNEQ.SG04AP030000S400,2020.09,831,Experimental,Dollars,6,A,Consolidated accounts - table 1.2,P03,Final consumption expenditure,,,4,Non-profit institutions serving households,National Accounts - SNA 2008 - SNE,2020,9
SNEQ.SG04AP030000S400,2020.12,878,Experimental,Dollars,6,A,Consolidated accounts - table 1.2,P03,Final consumption expenditure,,,4,Non-profit institutions serving households,National Accounts - SNA 2008 - SNE,2020,12
SNEQ.SG04AP030000S400,2021.03,890,Experimental,Dollars,6,A,Consolidated accounts - table 1.2,P03,Final consumption expenditure,,,4,Non-profit institutions serving households,National Accounts - SNA 2008 - SNE,2021,3
SNEQ.SG04AP030000S400,2021.06,907,Experimental,Dollars,6,A,Consolidated accounts - table 1.2,P03,Final consumption expenditure,,,4,Non-profit institutions serving households,National Accounts - SNA 2008 - SNE,2021,6
SNEQ.SG04AP030000S400,2021.09,872,Experimental,Dollars,6,A,Consolidated accounts - table 1.2,P03,Final consumption expenditure,,,4,Non-profit institutions serving households,National Accounts - SNA 2008 - SNE,2021,9
SNEQ.SG04AP030000S400,2021.12,890,Experimental,Dollars,6,A,Consolidated accounts - table 1.2,P03,Final consumption expenditure,,,4,Non-profit institutions serving households,National Accounts - SNA 2008 - SNE,2021,12
SNEQ.SG04AP030000S400,2022.03,985,Experimental,Dollars,6,A,Consolidated accounts - table 1.2,P03,Final consumption expenditure,,,4,Non-profit institutions serving households,National Accounts - SNA 2008 - SNE,2022,3
SNEQ.SG04AP030000S400,2022.06,1061,Experimental,Dollars,6,A,Consolidated accounts - table 1.2,P03,Final consumption expenditure,,,4,Non-profit institutions serving households,National Accounts - SNA 2008 - SNE,2022,6
SNEQ.SG04AP030000S400,2022.09,1107,Experimental,Dollars,6,A,Consolidated accounts - table 1.2,P03,Final consumption expenditure,,,4,Non-profit institutions serving households,National Accounts - SNA 2008 - SNE,2022,9
SNEQ.SG04AP030000S400,2022.12,1148,Experimental,Dollars,6,A,Consolidated accounts - table 1.2,P03,Final consumption expenditure,,,4,Non-profit institutions serving households,National Accounts - SNA 2008 - SNE,2022,12
SNEQ.SG04AP030000S400,2023.03,1185,Experimental,Dollars,6,A,Consolidated accounts - table 1.2,P03,Final consumption expenditure,,,4,Non-profit institutions serving households,National Accounts - SNA 2008 - SNE,2023,3
SNEQ.SG04AP030000S400,2023.06,1216,Experimental,Dollars,6,A,Consolidated accounts - table 1.2,P03,Final consumption expenditure,,,4,Non-profit institutions serving households,National Accounts - SNA 2008 - SNE,2023,6
SNEQ.SG04AP030000S400,2023.09,1242,Experimental,Dollars,6,A,Consolidated accounts - table 1.2,P03,Final consumption expenditure,,,4,Non-profit institutions serving households,National Accounts - SNA 2008 - SNE,2023,9
SNEQ.SG04AP030000S400,2023.12,1262,Experimental,Dollars,6,A,Consolidated accounts - table 1.2,P03,Final consumption expenditure,,,4,Non-profit institutions serving households,National Accounts - SNA 2008 - SNE,2023,12
SNEQ.SG04AP030000S400,2024.03,1278,Experimental,Dollars,6,A,Consolidated accounts - table 1.2,P03,Final consumption expenditure,,,4,Non-profit institutions serving households,National Accounts - SNA 2008 - SNE,2024,3
SNEQ.SG04AP030000S400,2024.06,1289,Experimental,Dollars,6,A,Consolidated accounts - table 1.2,P03,Final consumption expenditure,,,4,Non-profit institutions serving households,National Accounts - SNA 2008 - SNE,2024,6
SNEQ.SG04AP030000S400,2024.09,1303,Experimental,Dollars,6,A,Consolidated accounts - table 1.2,P03,Final consumption expenditure,,,4,Non-profit institutions serving households,National Accounts - SNA 2008 - SNE,2024,9
SNEQ.SG04AP030000S400,2024.12,1319,Experimental,Dollars,6,A,Consolidated accounts - table 1.2,P03,Final consumption expenditure,,,4,Non-profit institutions serving households,National Accounts - SNA 2008 - SNE,2024,12
SNEQ.SG04AP030000S400,2025.03,1337,Experimental,Dollars,6,A,Consolidated accounts - table 1.2,P03,Final consumption expenditure,,,4,Non-profit institutions serving households,National Accounts - SNA 2008 - SNE,2025,3
SNEQ.SG04AP030000S400,2025.06,1359,Experimental,Dollars,6,A,Consolidated accounts - table 1.2,P03,Final consumption expenditure,,,4,Non-profit institutions serving households,National Accounts - SNA 2008 - SNE,2025,6
SNEQ.SG04AP030000S500,2016.06,37010,Experimental,Dollars,6,A,Consolidated accounts - table 1.2,P03,Final consumption expenditure,,,5,Households,National Accounts - SNA 2008 - SNE,2016,6
SNEQ.SG04AP030000S500,2016.09,38271,Experimental,Dollars,6,A,Consolidated accounts - table 1.2,P03,Final consumption expenditure,,,5,Households,National Accounts - SNA 2008 - SNE,2016,9
SNEQ.SG04AP030000S500,2016.12,40922,Experimental,Dollars,6,A,Consolidated accounts - table 1.2,P03,Final consumption expenditure,,,5,Households,National Accounts - SNA 2008 - SNE,2016,12
SNEQ.SG04AP030000S500,2017.03,38118,Experimental,Dollars,6,A,Consolidated accounts - table 1.2,P03,Final consumption expenditure,,,5,Households,National Accounts - SNA 2008 - SNE,2017,3
SNEQ.SG04AP030000S500,2017.06,39456,Experimental,Dollars,6,A,Consolidated accounts - table 1.2,P03,Final consumption expenditure,,,5,Households,National Accounts - SNA 2008 - SNE,2017,6
SNEQ.SG04AP030000S500,2017.09,40730,Experimental,Dollars,6,A,Consolidated accounts - table 1.2,P03,Final consumption expenditure,,,5,Households,National Accounts - SNA 2008 - SNE,2017,9
SNEQ.SG04AP030000S500,2017.12,43680,Experimental,Dollars,6,A,Consolidated accounts - table 1.2,P03,Final consumption expenditure,,,5,Households,National Accounts - SNA 2008 - SNE,2017,12
SNEQ.SG04AP030000S500,2018.03,40019,Experimental,Dollars,6,A,Consolidated accounts - table 1.2,P03,Final consumption expenditure,,,5,Households,National Accounts - SNA 2008 - SNE,2018,3
SNEQ.SG04AP030000S500,2018.06,41805,Experimental,Dollars,6,A,Consolidated accounts - table 1.2,P03,Final consumption expenditure,,,5,Households,National Accounts - SNA 2008 - SNE,2018,6
SNEQ.SG04AP030000S500,2018.09,43447,Experimental,Dollars,6,A,Consolidated accounts - table 1.2,P03,Final consumption expenditure,,,5,Households,National Accounts - SNA 2008 - SNE,2018,9
SNEQ.SG04AP030000S500,2018.12,46433,Experimental,Dollars,6,A,Consolidated accounts - table 1.2,P03,Final consumption expenditure,,,5,Households,National Accounts - SNA 2008 - SNE,2018,12
SNEQ.SG04AP030000S500,2019.03,42236,Experimental,Dollars,6,A,Consolidated accounts - table 1.2,P03,Final consumption expenditure,,,5,Households,National Accounts - SNA 2008 - SNE,2019,3
SNEQ.SG04AP030000S500,2019.06,43906,Experimental,Dollars,6,A,Consolidated accounts - table 1.2,P03,Final consumption expenditure,,,5,Households,National Accounts - SNA 2008 - SNE,2019,6
SNEQ.SG04AP030000S500,2019.09,45451,Experimental,Dollars,6,A,Consolidated accounts - table 1.2,P03,Final consumption expenditure,,,5,Households,National Accounts - SNA 2008 - SNE,2019,9
SNEQ.SG04AP030000S500,2019.12,48310,Experimental,Dollars,6,A,Consolidated accounts - table 1.2,P03,Final consumption expenditure,,,5,Households,National Accounts - SNA 2008 - SNE,2019,12
SNEQ.SG04AP030000S500,2020.03,43819,Experimental,Dollars,6,A,Consolidated accounts - table 1.2,P03,Final consumption expenditure,,,5,Households,National Accounts - SNA 2008 - SNE,2020,3
SNEQ.SG04AP030000S500,2020.06,39696,Experimental,Dollars,6,A,Consolidated accounts - table 1.2,P03,Final consumption expenditure,,,5,Households,National Accounts - SNA 2008 - SNE,2020,6
SNEQ.SG04AP030000S500,2020.09,46305,Experimental,Dollars,6,A,Consolidated accounts - table 1.2,P03,Final consumption expenditure,,,5,Households,National Accounts - SNA 2008 - SNE,2020,9
SNEQ.SG04AP030000S500,2020.12,49935,Experimental,Dollars,6,A,Consolidated accounts - table 1.2,P03,Final consumption expenditure,,,5,Households,National Accounts - SNA 2008 - SNE,2020,12
SNEQ.SG04AP030000S500,2021.03,47778,Experimental,Dollars,6,A,Consolidated accounts - table 1.2,P03,Final consumption expenditure,,,5,Households,National Accounts - SNA 2008 - SNE,2021,3
SNEQ.SG04AP030000S500,2021.06,49565,Experimental,Dollars,6,A,Consolidated accounts - table 1.2,P03,Final consumption expenditure,,,5,Households,National Accounts - SNA 2008 - SNE,2021,6
SNEQ.SG04AP030000S500,2021.09,47716,Experimental,Dollars,6,A,Consolidated accounts - table 1.2,P03,Final consumption expenditure,,,5,Households,National Accounts - SNA 2008 - SNE,2021,9
SNEQ.SG04AP030000S500,2021.12,53698,Experimental,Dollars,6,A,Consolidated accounts - table 1.2,P03,Final consumption expenditure,,,5,Households,National Accounts - SNA 2008 - SNE,2021,12
SNEQ.SG04AP030000S500,2022.03,51994,Experimental,Dollars,6,A,Consolidated accounts - table 1.2,P03,Final consumption expenditure,,,5,Households,National Accounts - SNA 2008 - SNE,2022,3
SNEQ.SG04AP030000S500,2022.06,52758,Experimental,Dollars,6,A,Consolidated accounts - table 1.2,P03,Final consumption expenditure,,,5,Households,National Accounts - SNA 2008 - SNE,2022,6
SNEQ.SG04AP030000S500,2022.09,55316,Experimental,Dollars,6,A,Consolidated accounts - table 1.2,P03,Final consumption expenditure,,,5,Households,National Accounts - SNA 2008 - SNE,2022,9
SNEQ.SG04AP030000S500,2022.12,59627,Experimental,Dollars,6,A,Consolidated accounts - table 1.2,P03,Final consumption expenditure,,,5,Households,National Accounts - SNA 2008 - SNE,2022,12
SNEQ.SG04AP030000S500,2023.03,55476,Experimental,Dollars,6,A,Consolidated accounts - table 1.2,P03,Final consumption expenditure,,,5,Households,National Accounts - SNA 2008 - SNE,2023,3
SNEQ.SG04AP030000S500,2023.06,57308,Experimental,Dollars,6,A,Consolidated accounts - table 1.2,P03,Final consumption expenditure,,,5,Households,National Accounts - SNA 2008 - SNE,2023,6
SNEQ.SG04AP030000S500,2023.09,58558,Experimental,Dollars,6,A,Consolidated accounts - table 1.2,P03,Final consumption expenditure,,,5,Households,National Accounts - SNA 2008 - SNE,2023,9
SNEQ.SG04AP030000S500,2023.12,62108,Experimental,Dollars,6,A,Consolidated accounts - table 1.2,P03,Final consumption expenditure,,,5,Households,National Accounts - SNA 2008 - SNE,2023,12
SNEQ.SG04AP030000S500,2024.03,57141,Experimental,Dollars,6,A,Consolidated accounts - table 1.2,P03,Final consumption expenditure,,,5,Households,National Accounts - SNA 2008 - SNE,2024,3
SNEQ.SG04AP030000S500,2024.06,58345,Experimental,Dollars,6,A,Consolidated accounts - table 1.2,P03,Final consumption expenditure,,,5,Households,National Accounts - SNA 2008 - SNE,2024,6
SNEQ.SG04AP030000S500,2024.09,59835,Experimental,Dollars,6,A,Consolidated accounts - table 1.2,P03,Final consumption expenditure,,,5,Households,National Accounts - SNA 2008 - SNE,2024,9
SNEQ.SG04AP030000S500,2024.12,63347,Experimental,Dollars,6,A,Consolidated accounts - table 1.2,P03,Final consumption expenditure,,,5,Households,National Accounts - SNA 2008 - SNE,2024,12
SNEQ.SG04AP030000S500,2025.03,59300,Experimental,Dollars,6,A,Consolidated accounts - table 1.2,P03,Final consumption expenditure,,,5,Households,National Accounts - SNA 2008 - SNE,2025,3
SNEQ.SG04AP030000S500,2025.06,60800,Experimental,Dollars,6,A,Consolidated accounts - table 1.2,P03,Final consumption expenditure,,,5,Households,National Accounts - SNA 2008 - SNE,2025,6
SNEQ.SG04AD040000S600,2016.06,-1949,Experimental,Dollars,6,A,Consolidated accounts - table 1.2,D04,"Investment income from the rest of the world,",,,6,Rest of world,National Accounts - SNA 2008 - SNE,2016,6
SNEQ.SG04AD040000S600,2016.09,-2137,Experimental,Dollars,6,A,Consolidated accounts - table 1.2,D04,"Investment income from the rest of the world,",,,6,Rest of world,National Accounts - SNA 2008 - SNE,2016,9
SNEQ.SG04AD040000S600,2016.12,-1954,Experimental,Dollars,6,A,Consolidated accounts - table 1.2,D04,"Investment income from the rest of the world,",,,6,Rest of world,National Accounts - SNA 2008 - SNE,2016,12
SNEQ.SG04AD040000S600,2017.03,-2573,Experimental,Dollars,6,A,Consolidated accounts - table 1.2,D04,"Investment income from the rest of the world,",,,6,Rest of world,National Accounts - SNA 2008 - SNE,2017,3
SNEQ.SG04AD040000S600,2017.06,-2194,Experimental,Dollars,6,A,Consolidated accounts - table 1.2,D04,"Investment income from the rest of the world,",,,6,Rest of world,National Accounts - SNA 2008 - SNE,2017,6
SNEQ.SG04AD040000S600,2017.09,-2860,Experimental,Dollars,6,A,Consolidated accounts - table 1.2,D04,"Investment income from the rest of the world,",,,6,Rest of world,National Accounts - SNA 2008 - SNE,2017,9
SNEQ.SG04AD040000S600,2017.12,-3025,Experimental,Dollars,6,A,Consolidated accounts - table 1.2,D04,"Investment income from the rest of the world,",,,6,Rest of world,National Accounts - SNA 2008 - SNE,2017,12
SNEQ.SG04AD040000S600,2018.03,-2701,Experimental,Dollars,6,A,Consolidated accounts - table 1.2,D04,"Investment income from the rest of the world,",,,6,Rest of world,National Accounts - SNA 2008 - SNE,2018,3
SNEQ.SG04AD040000S600,2018.06,-2859,Experimental,Dollars,6,A,Consolidated accounts - table 1.2,D04,"Investment income from the rest of the world,",,,6,Rest of world,National Accounts - SNA 2008 - SNE,2018,6
SNEQ.SG04AD040000S600,2018.09,-2717,Experimental,Dollars,6,A,Consolidated accounts - table 1.2,D04,"Investment income from the rest of the world,",,,6,Rest of world,National Accounts - SNA 2008 - SNE,2018,9
SNEQ.SG04AD040000S600,2018.12,-2829,Experimental,Dollars,6,A,Consolidated accounts - table 1.2,D04,"Investment income from the rest of the world,",,,6,Rest of world,National Accounts - SNA 2008 - SNE,2018,12
SNEQ.SG04AD040000S600,2019.03,-2498,Experimental,Dollars,6,A,Consolidated accounts - table 1.2,D04,"Investment income from the rest of the world,",,,6,Rest of world,National Accounts - SNA 2008 - SNE,2019,3
SNEQ.SG04AD040000S600,2019.06,-2275,Experimental,Dollars,6,A,Consolidated accounts - table 1.2,D04,"Investment income from the rest of the world,",,,6,Rest of world,National Accounts - SNA 2008 - SNE,2019,6
SNEQ.SG04AD040000S600,2019.09,-2075,Experimental,Dollars,6,A,Consolidated accounts - table 1.2,D04,"Investment income from the rest of the world,",,,6,Rest of world,National Accounts - SNA 2008 - SNE,2019,9
SNEQ.SG04AD040000S600,2019.12,-1768,Experimental,Dollars,6,A,Consolidated accounts - table 1.2,D04,"Investment income from the rest of the world,",,,6,Rest of world,National Accounts - SNA 2008 - SNE,2019,12
SNEQ.SG04AD040000S600,2020.03,-1727,Experimental,Dollars,6,A,Consolidated accounts - table 1.2,D04,"Investment income from the rest of the world,",,,6,Rest of world,National Accounts - SNA 2008 - SNE,2020,3
SNEQ.SG04AD040000S600,2020.06,-1278,Experimental,Dollars,6,A,Consolidated accounts - table 1.2,D04,"Investment income from the rest of the world,",,,6,Rest of world,National Accounts - SNA 2008 - SNE,2020,6
SNEQ.SG04AD040000S600,2020.09,-1482,Experimental,Dollars,6,A,Consolidated accounts - table 1.2,D04,"Investment income from the rest of the world,",,,6,Rest of world,National Accounts - SNA 2008 - SNE,2020,9
SNEQ.SG04AD040000S600,2020.12,-1277,Experimental,Dollars,6,A,Consolidated accounts - table 1.2,D04,"Investment income from the rest of the world,",,,6,Rest of world,National Accounts - SNA 2008 - SNE,2020,12
SNEQ.SG04AD040000S600,2021.03,-2039,Experimental,Dollars,6,A,Consolidated accounts - table 1.2,D04,"Investment income from the rest of the world,",,,6,Rest of world,National Accounts - SNA 2008 - SNE,2021,3
SNEQ.SG04AD040000S600,2021.06,-2101,Experimental,Dollars,6,A,Consolidated accounts - table 1.2,D04,"Investment income from the rest of the world,",,,6,Rest of world,National Accounts - SNA 2008 - SNE,2021,6
SNEQ.SG04AD040000S600,2021.09,-2108,Experimental,Dollars,6,A,Consolidated accounts - table 1.2,D04,"Investment income from the rest of the world,",,,6,Rest of world,National Accounts - SNA 2008 - SNE,2021,9
SNEQ.SG04AD040000S600,2021.12,-2466,Experimental,Dollars,6,A,Consolidated accounts - table 1.2,D04,"Investment income from the rest of the world,",,,6,Rest of world,National Accounts - SNA 2008 - SNE,2021,12
SNEQ.SG04AD040000S600,2022.03,-2622,Experimental,Dollars,6,A,Consolidated accounts - table 1.2,D04,"Investment income from the rest of the world,",,,6,Rest of world,National Accounts - SNA 2008 - SNE,2022,3
SNEQ.SG04AD040000S600,2022.06,-3121,Experimental,Dollars,6,A,Consolidated accounts - table 1.2,D04,"Investment income from the rest of the world,",,,6,Rest of world,National Accounts - SNA 2008 - SNE,2022,6
SNEQ.SG04AD040000S600,2022.09,-3055,Experimental,Dollars,6,A,Consolidated accounts - table 1.2,D04,"Investment income from the rest of the world,",,,6,Rest of world,National Accounts - SNA 2008 - SNE,2022,9
SNEQ.SG04AD040000S600,2022.12,-3506,Experimental,Dollars,6,A,Consolidated accounts - table 1.2,D04,"Investment income from the rest of the world,",,,6,Rest of world,National Accounts - SNA 2008 - SNE,2022,12
SNEQ.SG04AD040000S600,2023.03,-2757,Experimental,Dollars,6,A,Consolidated accounts - table 1.2,D04,"Investment income from the rest of the world,",,,6,Rest of world,National Accounts - SNA 2008 - SNE,2023,3
SNEQ.SG04AD040000S600,2023.06,-2920,Experimental,Dollars,6,A,Consolidated accounts - table 1.2,D04,"Investment income from the rest of the world,",,,6,Rest of world,National Accounts - SNA 2008 - SNE,2023,6
SNEQ.SG04AD040000S600,2023.09,-3301,Experimental,Dollars,6,A,Consolidated accounts - table 1.2,D04,"Investment income from the rest of the world,",,,6,Rest of world,National Accounts - SNA 2008 - SNE,2023,9
SNEQ.SG04AD040000S600,2023.12,-2817,Experimental,Dollars,6,A,Consolidated accounts - table 1.2,D04,"Investment income from the rest of the world,",,,6,Rest of world,National Accounts - SNA 2008 - SNE,2023,12
SNEQ.SG04AD040000S600,2024.03,-2584,Experimental,Dollars,6,A,Consolidated accounts - table 1.2,D04,"Investment income from the rest of the world,",,,6,Rest of world,National Accounts - SNA 2008 - SNE,2024,3
SNEQ.SG04AD040000S600,2024.06,-2477,Experimental,Dollars,6,A,Consolidated accounts - table 1.2,D04,"Investment income from the rest of the world,",,,6,Rest of world,National Accounts - SNA 2008 - SNE,2024,6
SNEQ.SG04AD040000S600,2024.09,-2655,Experimental,Dollars,6,A,Consolidated accounts - table 1.2,D04,"Investment income from the rest of the world,",,,6,Rest of world,National Accounts - SNA 2008 - SNE,2024,9
SNEQ.SG04AD040000S600,2024.12,-2756,Experimental,Dollars,6,A,Consolidated accounts - table 1.2,D04,"Investment income from the rest of the world,",,,6,Rest of world,National Accounts - SNA 2008 - SNE,2024,12
SNEQ.SG04AD040000S600,2025.03,-3103,Experimental,Dollars,6,A,Consolidated accounts - table 1.2,D04,"Investment income from the rest of the world,",,,6,Rest of world,National Accounts - SNA 2008 - SNE,2025,3
SNEQ.SG04AD040000S600,2025.06,-2059,Experimental,Dollars,6,A,Consolidated accounts - table 1.2,D04,"Investment income from the rest of the world,",,,6,Rest of world,National Accounts - SNA 2008 - SNE,2025,6
SNEQ.SG04AD075000S600,2016.06,3,Experimental,Dollars,6,A,Consolidated accounts - table 1.2,D075,"Current transfers from the rest of the world,",,,6,Rest of world,National Accounts - SNA 2008 - SNE,2016,6
SNEQ.SG04AD075000S600,2016.09,-141,Experimental,Dollars,6,A,Consolidated accounts - table 1.2,D075,"Current transfers from the rest of the world,",,,6,Rest of world,National Accounts - SNA 2008 - SNE,2016,9
SNEQ.SG04AD075000S600,2016.12,78,Experimental,Dollars,6,A,Consolidated accounts - table 1.2,D075,"Current transfers from the rest of the world,",,,6,Rest of world,National Accounts - SNA 2008 - SNE,2016,12
SNEQ.SG04AD075000S600,2017.03,-142,Experimental,Dollars,6,A,Consolidated accounts - table 1.2,D075,"Current transfers from the rest of the world,",,,6,Rest of world,National Accounts - SNA 2008 - SNE,2017,3
SNEQ.SG04AD075000S600,2017.06,-249,Experimental,Dollars,6,A,Consolidated accounts - table 1.2,D075,"Current transfers from the rest of the world,",,,6,Rest of world,National Accounts - SNA 2008 - SNE,2017,6
SNEQ.SG04AD075000S600,2017.09,-118,Experimental,Dollars,6,A,Consolidated accounts - table 1.2,D075,"Current transfers from the rest of the world,",,,6,Rest of world,National Accounts - SNA 2008 - SNE,2017,9
SNEQ.SG04AD075000S600,2017.12,-13,Experimental,Dollars,6,A,Consolidated accounts - table 1.2,D075,"Current transfers from the rest of the world,",,,6,Rest of world,National Accounts - SNA 2008 - SNE,2017,12
SNEQ.SG04AD075000S600,2018.03,-314,Experimental,Dollars,6,A,Consolidated accounts - table 1.2,D075,"Current transfers from the rest of the world,",,,6,Rest of world,National Accounts - SNA 2008 - SNE,2018,3
SNEQ.SG04AD075000S600,2018.06,-335,Experimental,Dollars,6,A,Consolidated accounts - table 1.2,D075,"Current transfers from the rest of the world,",,,6,Rest of world,National Accounts - SNA 2008 - SNE,2018,6
SNEQ.SG04AD075000S600,2018.09,-239,Experimental,Dollars,6,A,Consolidated accounts - table 1.2,D075,"Current transfers from the rest of the world,",,,6,Rest of world,National Accounts - SNA 2008 - SNE,2018,9
SNEQ.SG04AD075000S600,2018.12,-2,Experimental,Dollars,6,A,Consolidated accounts - table 1.2,D075,"Current transfers from the rest of the world,",,,6,Rest of world,National Accounts - SNA 2008 - SNE,2018,12
SNEQ.SG04AD075000S600,2019.03,-5,Experimental,Dollars,6,A,Consolidated accounts - table 1.2,D075,"Current transfers from the rest of the world,",,,6,Rest of world,National Accounts - SNA 2008 - SNE,2019,3
SNEQ.SG04AD075000S600,2019.06,-162,Experimental,Dollars,6,A,Consolidated accounts - table 1.2,D075,"Current transfers from the rest of the world,",,,6,Rest of world,National Accounts - SNA 2008 - SNE,2019,6
SNEQ.SG04AD075000S600,2019.09,-109,Experimental,Dollars,6,A,Consolidated accounts - table 1.2,D075,"Current transfers from the rest of the world,",,,6,Rest of world,National Accounts - SNA 2008 - SNE,2019,9
SNEQ.SG04AD075000S600,2019.12,70,Experimental,Dollars,6,A,Consolidated accounts - table 1.2,D075,"Current transfers from the rest of the world,",,,6,Rest of world,National Accounts - SNA 2008 - SNE,2019,12
SNEQ.SG04AD075000S600,2020.03,23,Experimental,Dollars,6,A,Consolidated accounts - table 1.2,D075,"Current transfers from the rest of the world,",,,6,Rest of world,National Accounts - SNA 2008 - SNE,2020,3
SNEQ.SG04AD075000S600,2020.06,-347,Experimental,Dollars,6,A,Consolidated accounts - table 1.2,D075,"Current transfers from the rest of the world,",,,6,Rest of world,National Accounts - SNA 2008 - SNE,2020,6
SNEQ.SG04AD075000S600,2020.09,-114,Experimental,Dollars,6,A,Consolidated accounts - table 1.2,D075,"Current transfers from the rest of the world,",,,6,Rest of world,National Accounts - SNA 2008 - SNE,2020,9
SNEQ.SG04AD075000S600,2020.12,34,Experimental,Dollars,6,A,Consolidated accounts - table 1.2,D075,"Current transfers from the rest of the world,",,,6,Rest of world,National Accounts - SNA 2008 - SNE,2020,12
SNEQ.SG04AD075000S600,2021.03,8,Experimental,Dollars,6,A,Consolidated accounts - table 1.2,D075,"Current transfers from the rest of the world,",,,6,Rest of world,National Accounts - SNA 2008 - SNE,2021,3
SNEQ.SG04AD075000S600,2021.06,4,Experimental,Dollars,6,A,Consolidated accounts - table 1.2,D075,"Current transfers from the rest of the world,",,,6,Rest of world,National Accounts - SNA 2008 - SNE,2021,6
SNEQ.SG04AD075000S600,2021.09,-110,Experimental,Dollars,6,A,Consolidated accounts - table 1.2,D075,"Current transfers from the rest of the world,",,,6,Rest of world,National Accounts - SNA 2008 - SNE,2021,9
SNEQ.SG04AD075000S600,2021.12,-113,Experimental,Dollars,6,A,Consolidated accounts - table 1.2,D075,"Current transfers from the rest of the world,",,,6,Rest of world,National Accounts - SNA 2008 - SNE,2021,12
SNEQ.SG04AD075000S600,2022.03,-142,Experimental,Dollars,6,A,Consolidated accounts - table 1.2,D075,"Current transfers from the rest of the world,",,,6,Rest of world,National Accounts - SNA 2008 - SNE,2022,3
SNEQ.SG04AD075000S600,2022.06,-127,Experimental,Dollars,6,A,Consolidated accounts - table 1.2,D075,"Current transfers from the rest of the world,",,,6,Rest of world,National Accounts - SNA 2008 - SNE,2022,6
SNEQ.SG04AD075000S600,2022.09,30,Experimental,Dollars,6,A,Consolidated accounts - table 1.2,D075,"Current transfers from the rest of the world,",,,6,Rest of world,National Accounts - SNA 2008 - SNE,2022,9
SNEQ.SG04AD075000S600,2022.12,225,Experimental,Dollars,6,A,Consolidated accounts - table 1.2,D075,"Current transfers from the rest of the world,",,,6,Rest of world,National Accounts - SNA 2008 - SNE,2022,12
SNEQ.SG04AD075000S600,2023.03,388,Experimental,Dollars,6,A,Consolidated accounts - table 1.2,D075,"Current transfers from the rest of the world,",,,6,Rest of world,National Accounts - SNA 2008 - SNE,2023,3
SNEQ.SG04AD075000S600,2023.06,-109,Experimental,Dollars,6,A,Consolidated accounts - table 1.2,D075,"Current transfers from the rest of the world,",,,6,Rest of world,National Accounts - SNA 2008 - SNE,2023,6
SNEQ.SG04AD075000S600,2023.09,-74,Experimental,Dollars,6,A,Consolidated accounts - table 1.2,D075,"Current transfers from the rest of the world,",,,6,Rest of world,National Accounts - SNA 2008 - SNE,2023,9
SNEQ.SG04AD075000S600,2023.12,-186,Experimental,Dollars,6,A,Consolidated accounts - table 1.2,D075,"Current transfers from the rest of the world,",,,6,Rest of world,National Accounts - SNA 2008 - SNE,2023,12
SNEQ.SG04AD075000S600,2024.03,-291,Experimental,Dollars,6,A,Consolidated accounts - table 1.2,D075,"Current transfers from the rest of the world,",,,6,Rest of world,National Accounts - SNA 2008 - SNE,2024,3
SNEQ.SG04AD075000S600,2024.06,-493,Experimental,Dollars,6,A,Consolidated accounts - table 1.2,D075,"Current transfers from the rest of the world,",,,6,Rest of world,National Accounts - SNA 2008 - SNE,2024,6
SNEQ.SG04AD075000S600,2024.09,-452,Experimental,Dollars,6,A,Consolidated accounts - table 1.2,D075,"Current transfers from the rest of the world,",,,6,Rest of world,National Accounts - SNA 2008 - SNE,2024,9
SNEQ.SG04AD075000S600,2024.12,-110,Experimental,Dollars,6,A,Consolidated accounts - table 1.2,D075,"Current transfers from the rest of the world,",,,6,Rest of world,National Accounts - SNA 2008 - SNE,2024,12
SNEQ.SG04AD075000S600,2025.03,-191,Experimental,Dollars,6,A,Consolidated accounts - table 1.2,D075,"Current transfers from the rest of the world,",,,6,Rest of world,National Accounts - SNA 2008 - SNE,2025,3
SNEQ.SG04AD075000S600,2025.06,-368,Experimental,Dollars,6,A,Consolidated accounts - table 1.2,D075,"Current transfers from the rest of the world,",,,6,Rest of world,National Accounts - SNA 2008 - SNE,2025,6
SNEQ.SG05AB08N000S800,2016.06,3777,Experimental,Dollars,6,A,Consolidated accounts - table 1.3,B08N,Saving,,,,,National Accounts - SNA 2008 - SNE,2016,6
SNEQ.SG05AB08N000S800,2016.09,3339,Experimental,Dollars,6,A,Consolidated accounts - table 1.3,B08N,Saving,,,,,National Accounts - SNA 2008 - SNE,2016,9
SNEQ.SG05AB08N000S800,2016.12,6198,Experimental,Dollars,6,A,Consolidated accounts - table 1.3,B08N,Saving,,,,,National Accounts - SNA 2008 - SNE,2016,12
SNEQ.SG05AB08N000S800,2017.03,4854,Experimental,Dollars,6,A,Consolidated accounts - table 1.3,B08N,Saving,,,,,National Accounts - SNA 2008 - SNE,2017,3
SNEQ.SG05AB08N000S800,2017.06,3969,Experimental,Dollars,6,A,Consolidated accounts - table 1.3,B08N,Saving,,,,,National Accounts - SNA 2008 - SNE,2017,6
SNEQ.SG05AB08N000S800,2017.09,3866,Experimental,Dollars,6,A,Consolidated accounts - table 1.3,B08N,Saving,,,,,National Accounts - SNA 2008 - SNE,2017,9
SNEQ.SG05AB08N000S800,2017.12,6867,Experimental,Dollars,6,A,Consolidated accounts - table 1.3,B08N,Saving,,,,,National Accounts - SNA 2008 - SNE,2017,12
SNEQ.SG05AB08N000S800,2018.03,5589,Experimental,Dollars,6,A,Consolidated accounts - table 1.3,B08N,Saving,,,,,National Accounts - SNA 2008 - SNE,2018,3
SNEQ.SG05AB08N000S800,2018.06,3449,Experimental,Dollars,6,A,Consolidated accounts - table 1.3,B08N,Saving,,,,,National Accounts - SNA 2008 - SNE,2018,6
SNEQ.SG05AB08N000S800,2018.09,2975,Experimental,Dollars,6,A,Consolidated accounts - table 1.3,B08N,Saving,,,,,National Accounts - SNA 2008 - SNE,2018,9
SNEQ.SG05AB08N000S800,2018.12,4936,Experimental,Dollars,6,A,Consolidated accounts - table 1.3,B08N,Saving,,,,,National Accounts - SNA 2008 - SNE,2018,12
SNEQ.SG05AB08N000S800,2019.03,4993,Experimental,Dollars,6,A,Consolidated accounts - table 1.3,B08N,Saving,,,,,National Accounts - SNA 2008 - SNE,2019,3
SNEQ.SG05AB08N000S800,2019.06,4852,Experimental,Dollars,6,A,Consolidated accounts - table 1.3,B08N,Saving,,,,,National Accounts - SNA 2008 - SNE,2019,6
SNEQ.SG05AB08N000S800,2019.09,5556,Experimental,Dollars,6,A,Consolidated accounts - table 1.3,B08N,Saving,,,,,National Accounts - SNA 2008 - SNE,2019,9
SNEQ.SG05AB08N000S800,2019.12,7778,Experimental,Dollars,6,A,Consolidated accounts - table 1.3,B08N,Saving,,,,,National Accounts - SNA 2008 - SNE,2019,12
SNEQ.SG05AB08N000S800,2020.03,6046,Experimental,Dollars,6,A,Consolidated accounts - table 1.3,B08N,Saving,,,,,National Accounts - SNA 2008 - SNE,2020,3
SNEQ.SG05AB08N000S800,2020.06,2383,Experimental,Dollars,6,A,Consolidated accounts - table 1.3,B08N,Saving,,,,,National Accounts - SNA 2008 - SNE,2020,6
SNEQ.SG05AB08N000S800,2020.09,7109,Experimental,Dollars,6,A,Consolidated accounts - table 1.3,B08N,Saving,,,,,National Accounts - SNA 2008 - SNE,2020,9
SNEQ.SG05AB08N000S800,2020.12,7112,Experimental,Dollars,6,A,Consolidated accounts - table 1.3,B08N,Saving,,,,,National Accounts - SNA 2008 - SNE,2020,12
SNEQ.SG05AB08N000S800,2021.03,3952,Experimental,Dollars,6,A,Consolidated accounts - table 1.3,B08N,Saving,,,,,National Accounts - SNA 2008 - SNE,2021,3
SNEQ.SG05AB08N000S800,2021.06,4285,Experimental,Dollars,6,A,Consolidated accounts - table 1.3,B08N,Saving,,,,,National Accounts - SNA 2008 - SNE,2021,6
SNEQ.SG05AB08N000S800,2021.09,5412,Experimental,Dollars,6,A,Consolidated accounts - table 1.3,B08N,Saving,,,,,National Accounts - SNA 2008 - SNE,2021,9
SNEQ.SG05AB08N000S800,2021.12,5334,Experimental,Dollars,6,A,Consolidated accounts - table 1.3,B08N,Saving,,,,,National Accounts - SNA 2008 - SNE,2021,12
SNEQ.SG05AB08N000S800,2022.03,1005,Experimental,Dollars,6,A,Consolidated accounts - table 1.3,B08N,Saving,,,,,National Accounts - SNA 2008 - SNE,2022,3
SNEQ.SG05AB08N000S800,2022.06,2175,Experimental,Dollars,6,A,Consolidated accounts - table 1.3,B08N,Saving,,,,,National Accounts - SNA 2008 - SNE,2022,6
SNEQ.SG05AB08N000S800,2022.09,3873,Experimental,Dollars,6,A,Consolidated accounts - table 1.3,B08N,Saving,,,,,National Accounts - SNA 2008 - SNE,2022,9
SNEQ.SG05AB08N000S800,2022.12,4367,Experimental,Dollars,6,A,Consolidated accounts - table 1.3,B08N,Saving,,,,,National Accounts - SNA 2008 - SNE,2022,12
SNEQ.SG05AB08N000S800,2023.03,2310,Experimental,Dollars,6,A,Consolidated accounts - table 1.3,B08N,Saving,,,,,National Accounts - SNA 2008 - SNE,2023,3
SNEQ.SG05AB08N000S800,2023.06,2413,Experimental,Dollars,6,A,Consolidated accounts - table 1.3,B08N,Saving,,,,,National Accounts - SNA 2008 - SNE,2023,6
SNEQ.SG05AB08N000S800,2023.09,3812,Experimental,Dollars,6,A,Consolidated accounts - table 1.3,B08N,Saving,,,,,National Accounts - SNA 2008 - SNE,2023,9
SNEQ.SG05AB08N000S800,2023.12,2892,Experimental,Dollars,6,A,Consolidated accounts - table 1.3,B08N,Saving,,,,,National Accounts - SNA 2008 - SNE,2023,12
SNEQ.SG05AB08N000S800,2024.03,2791,Experimental,Dollars,6,A,Consolidated accounts - table 1.3,B08N,Saving,,,,,National Accounts - SNA 2008 - SNE,2024,3
SNEQ.SG05AB08N000S800,2024.06,1315,Experimental,Dollars,6,A,Consolidated accounts - table 1.3,B08N,Saving,,,,,National Accounts - SNA 2008 - SNE,2024,6
SNEQ.SG05AB08N000S800,2024.09,2146,Experimental,Dollars,6,A,Consolidated accounts - table 1.3,B08N,Saving,,,,,National Accounts - SNA 2008 - SNE,2024,9
SNEQ.SG05AB08N000S800,2024.12,4183,Experimental,Dollars,6,A,Consolidated accounts - table 1.3,B08N,Saving,,,,,National Accounts - SNA 2008 - SNE,2024,12
SNEQ.SG05AB08N000S800,2025.03,2575,Experimental,Dollars,6,A,Consolidated accounts - table 1.3,B08N,Saving,,,,,National Accounts - SNA 2008 - SNE,2025,3
SNEQ.SG05AB08N000S800,2025.06,1183,Experimental,Dollars,6,A,Consolidated accounts - table 1.3,B08N,Saving,,,,,National Accounts - SNA 2008 - SNE,2025,6
SNEQ.SG05AB090000S800,2016.06,-276,Experimental,Dollars,6,A,Consolidated accounts - table 1.3,B09,Net lending to the rest of the world,,,,,National Accounts - SNA 2008 - SNE,2016,6
SNEQ.SG05AB090000S800,2016.09,-4869,Experimental,Dollars,6,A,Consolidated accounts - table 1.3,B09,Net lending to the rest of the world,,,,,National Accounts - SNA 2008 - SNE,2016,9
SNEQ.SG05AB090000S800,2016.12,-71,Experimental,Dollars,6,A,Consolidated accounts - table 1.3,B09,Net lending to the rest of the world,,,,,National Accounts - SNA 2008 - SNE,2016,12
SNEQ.SG05AB090000S800,2017.03,361,Experimental,Dollars,6,A,Consolidated accounts - table 1.3,B09,Net lending to the rest of the world,,,,,National Accounts - SNA 2008 - SNE,2017,3
SNEQ.SG05AB090000S800,2017.06,-548,Experimental,Dollars,6,A,Consolidated accounts - table 1.3,B09,Net lending to the rest of the world,,,,,National Accounts - SNA 2008 - SNE,2017,6
SNEQ.SG05AB090000S800,2017.09,-5181,Experimental,Dollars,6,A,Consolidated accounts - table 1.3,B09,Net lending to the rest of the world,,,,,National Accounts - SNA 2008 - SNE,2017,9
SNEQ.SG05AB090000S800,2017.12,-2901,Experimental,Dollars,6,A,Consolidated accounts - table 1.3,B09,Net lending to the rest of the world,,,,,National Accounts - SNA 2008 - SNE,2017,12
SNEQ.SG05AB090000S800,2018.03,-384,Experimental,Dollars,6,A,Consolidated accounts - table 1.3,B09,Net lending to the rest of the world,,,,,National Accounts - SNA 2008 - SNE,2018,3
SNEQ.SG05AB090000S800,2018.06,-2199,Experimental,Dollars,6,A,Consolidated accounts - table 1.3,B09,Net lending to the rest of the world,,,,,National Accounts - SNA 2008 - SNE,2018,6
SNEQ.SG05AB090000S800,2018.09,-6708,Experimental,Dollars,6,A,Consolidated accounts - table 1.3,B09,Net lending to the rest of the world,,,,,National Accounts - SNA 2008 - SNE,2018,9
SNEQ.SG05AB090000S800,2018.12,-3797,Experimental,Dollars,6,A,Consolidated accounts - table 1.3,B09,Net lending to the rest of the world,,,,,National Accounts - SNA 2008 - SNE,2018,12
SNEQ.SG05AB090000S800,2019.03,536,Experimental,Dollars,6,A,Consolidated accounts - table 1.3,B09,Net lending to the rest of the world,,,,,National Accounts - SNA 2008 - SNE,2019,3
SNEQ.SG05AB090000S800,2019.06,-1267,Experimental,Dollars,6,A,Consolidated accounts - table 1.3,B09,Net lending to the rest of the world,,,,,National Accounts - SNA 2008 - SNE,2019,6
SNEQ.SG05AB090000S800,2019.09,-6131,Experimental,Dollars,6,A,Consolidated accounts - table 1.3,B09,Net lending to the rest of the world,,,,,National Accounts - SNA 2008 - SNE,2019,9
SNEQ.SG05AB090000S800,2019.12,-2460,Experimental,Dollars,6,A,Consolidated accounts - table 1.3,B09,Net lending to the rest of the world,,,,,National Accounts - SNA 2008 - SNE,2019,12
SNEQ.SG05AB090000S800,2020.03,1955,Experimental,Dollars,6,A,Consolidated accounts - table 1.3,B09,Net lending to the rest of the world,,,,,National Accounts - SNA 2008 - SNE,2020,3
SNEQ.SG05AB090000S800,2020.06,1410,Experimental,Dollars,6,A,Consolidated accounts - table 1.3,B09,Net lending to the rest of the world,,,,,National Accounts - SNA 2008 - SNE,2020,6
SNEQ.SG05AB090000S800,2020.09,-3944,Experimental,Dollars,6,A,Consolidated accounts - table 1.3,B09,Net lending to the rest of the world,,,,,National Accounts - SNA 2008 - SNE,2020,9
SNEQ.SG05AB090000S800,2020.12,-2682,Experimental,Dollars,6,A,Consolidated accounts - table 1.3,B09,Net lending to the rest of the world,,,,,National Accounts - SNA 2008 - SNE,2020,12
SNEQ.SG05AB090000S800,2021.03,-3320,Experimental,Dollars,6,A,Consolidated accounts - table 1.3,B09,Net lending to the rest of the world,,,,,National Accounts - SNA 2008 - SNE,2021,3
SNEQ.SG05AB090000S800,2021.06,-1036,Experimental,Dollars,6,A,Consolidated accounts - table 1.3,B09,Net lending to the rest of the world,,,,,National Accounts - SNA 2008 - SNE,2021,6
SNEQ.SG05AB090000S800,2021.09,-8484,Experimental,Dollars,6,A,Consolidated accounts - table 1.3,B09,Net lending to the rest of the world,,,,,National Accounts - SNA 2008 - SNE,2021,9
SNEQ.SG05AB090000S800,2021.12,-7662,Experimental,Dollars,6,A,Consolidated accounts - table 1.3,B09,Net lending to the rest of the world,,,,,National Accounts - SNA 2008 - SNE,2021,12
SNEQ.SG05AB090000S800,2022.03,-6615,Experimental,Dollars,6,A,Consolidated accounts - table 1.3,B09,Net lending to the rest of the world,,,,,National Accounts - SNA 2008 - SNE,2022,3
SNEQ.SG05AB090000S800,2022.06,-6726,Experimental,Dollars,6,A,Consolidated accounts - table 1.3,B09,Net lending to the rest of the world,,,,,National Accounts - SNA 2008 - SNE,2022,6
SNEQ.SG05AB090000S800,2022.09,-11543,Experimental,Dollars,6,A,Consolidated accounts - table 1.3,B09,Net lending to the rest of the world,,,,,National Accounts - SNA 2008 - SNE,2022,9
SNEQ.SG05AB090000S800,2022.12,-10339,Experimental,Dollars,6,A,Consolidated accounts - table 1.3,B09,Net lending to the rest of the world,,,,,National Accounts - SNA 2008 - SNE,2022,12
SNEQ.SG05AB090000S800,2023.03,-699,Experimental,Dollars,6,A,Consolidated accounts - table 1.3,B09,Net lending to the rest of the world,,,,,National Accounts - SNA 2008 - SNE,2023,3
SNEQ.SG05AB090000S800,2023.06,-3885,Experimental,Dollars,6,A,Consolidated accounts - table 1.3,B09,Net lending to the rest of the world,,,,,National Accounts - SNA 2008 - SNE,2023,6
SNEQ.SG05AB090000S800,2023.09,-10750,Experimental,Dollars,6,A,Consolidated accounts - table 1.3,B09,Net lending to the rest of the world,,,,,National Accounts - SNA 2008 - SNE,2023,9
SNEQ.SG05AB090000S800,2023.12,-7243,Experimental,Dollars,6,A,Consolidated accounts - table 1.3,B09,Net lending to the rest of the world,,,,,National Accounts - SNA 2008 - SNE,2023,12
SNEQ.SG05AB090000S800,2024.03,-2539,Experimental,Dollars,6,A,Consolidated accounts - table 1.3,B09,Net lending to the rest of the world,,,,,National Accounts - SNA 2008 - SNE,2024,3
SNEQ.SG05AB090000S800,2024.06,-3468,Experimental,Dollars,6,A,Consolidated accounts - table 1.3,B09,Net lending to the rest of the world,,,,,National Accounts - SNA 2008 - SNE,2024,6
SNEQ.SG05AB090000S800,2024.09,-9420,Experimental,Dollars,6,A,Consolidated accounts - table 1.3,B09,Net lending to the rest of the world,,,,,National Accounts - SNA 2008 - SNE,2024,9
SNEQ.SG05AB090000S800,2024.12,-5172,Experimental,Dollars,6,A,Consolidated accounts - table 1.3,B09,Net lending to the rest of the world,,,,,National Accounts - SNA 2008 - SNE,2024,12
SNEQ.SG05AB090000S800,2025.03,-839,Experimental,Dollars,6,A,Consolidated accounts - table 1.3,B09,Net lending to the rest of the world,,,,,National Accounts - SNA 2008 - SNE,2025,3
SNEQ.SG05AB090000S800,2025.06,-1065,Experimental,Dollars,6,A,Consolidated accounts - table 1.3,B09,Net lending to the rest of the world,,,,,National Accounts - SNA 2008 - SNE,2025,6
SNEQ.SG05AB091NR0S800,2016.06,13034,Experimental,Dollars,6,A,Consolidated accounts - table 1.3,B091NR,Finance of capital accumulation,,,,,National Accounts - SNA 2008 - SNE,2016,6
SNEQ.SG05AB091NR0S800,2016.09,12742,Experimental,Dollars,6,A,Consolidated accounts - table 1.3,B091NR,Finance of capital accumulation,,,,,National Accounts - SNA 2008 - SNE,2016,9
SNEQ.SG05AB091NR0S800,2016.12,17786,Experimental,Dollars,6,A,Consolidated accounts - table 1.3,B091NR,Finance of capital accumulation,,,,,National Accounts - SNA 2008 - SNE,2016,12
SNEQ.SG05AB091NR0S800,2017.03,14551,Experimental,Dollars,6,A,Consolidated accounts - table 1.3,B091NR,Finance of capital accumulation,,,,,National Accounts - SNA 2008 - SNE,2017,3
SNEQ.SG05AB091NR0S800,2017.06,13662,Experimental,Dollars,6,A,Consolidated accounts - table 1.3,B091NR,Finance of capital accumulation,,,,,National Accounts - SNA 2008 - SNE,2017,6
SNEQ.SG05AB091NR0S800,2017.09,13705,Experimental,Dollars,6,A,Consolidated accounts - table 1.3,B091NR,Finance of capital accumulation,,,,,National Accounts - SNA 2008 - SNE,2017,9
SNEQ.SG05AB091NR0S800,2017.12,16866,Experimental,Dollars,6,A,Consolidated accounts - table 1.3,B091NR,Finance of capital accumulation,,,,,National Accounts - SNA 2008 - SNE,2017,12
SNEQ.SG05AB091NR0S800,2018.03,15830,Experimental,Dollars,6,A,Consolidated accounts - table 1.3,B091NR,Finance of capital accumulation,,,,,National Accounts - SNA 2008 - SNE,2018,3
SNEQ.SG05AB091NR0S800,2018.06,14497,Experimental,Dollars,6,A,Consolidated accounts - table 1.3,B091NR,Finance of capital accumulation,,,,,National Accounts - SNA 2008 - SNE,2018,6
SNEQ.SG05AB091NR0S800,2018.09,14196,Experimental,Dollars,6,A,Consolidated accounts - table 1.3,B091NR,Finance of capital accumulation,,,,,National Accounts - SNA 2008 - SNE,2018,9
SNEQ.SG05AB091NR0S800,2018.12,16354,Experimental,Dollars,6,A,Consolidated accounts - table 1.3,B091NR,Finance of capital accumulation,,,,,National Accounts - SNA 2008 - SNE,2018,12
SNEQ.SG05AB091NR0S800,2019.03,16505,Experimental,Dollars,6,A,Consolidated accounts - table 1.3,B091NR,Finance of capital accumulation,,,,,National Accounts - SNA 2008 - SNE,2019,3
SNEQ.SG05AB091NR0S800,2019.06,15794,Experimental,Dollars,6,A,Consolidated accounts - table 1.3,B091NR,Finance of capital accumulation,,,,,National Accounts - SNA 2008 - SNE,2019,6
SNEQ.SG05AB091NR0S800,2019.09,16657,Experimental,Dollars,6,A,Consolidated accounts - table 1.3,B091NR,Finance of capital accumulation,,,,,National Accounts - SNA 2008 - SNE,2019,9
SNEQ.SG05AB091NR0S800,2019.12,19075,Experimental,Dollars,6,A,Consolidated accounts - table 1.3,B091NR,Finance of capital accumulation,,,,,National Accounts - SNA 2008 - SNE,2019,12
SNEQ.SG05AB091NR0S800,2020.03,17558,Experimental,Dollars,6,A,Consolidated accounts - table 1.3,B091NR,Finance of capital accumulation,,,,,National Accounts - SNA 2008 - SNE,2020,3
SNEQ.SG05AB091NR0S800,2020.06,13958,Experimental,Dollars,6,A,Consolidated accounts - table 1.3,B091NR,Finance of capital accumulation,,,,,National Accounts - SNA 2008 - SNE,2020,6
SNEQ.SG05AB091NR0S800,2020.09,18792,Experimental,Dollars,6,A,Consolidated accounts - table 1.3,B091NR,Finance of capital accumulation,,,,,National Accounts - SNA 2008 - SNE,2020,9
SNEQ.SG05AB091NR0S800,2020.12,18916,Experimental,Dollars,6,A,Consolidated accounts - table 1.3,B091NR,Finance of capital accumulation,,,,,National Accounts - SNA 2008 - SNE,2020,12
SNEQ.SG05AB091NR0S800,2021.03,15833,Experimental,Dollars,6,A,Consolidated accounts - table 1.3,B091NR,Finance of capital accumulation,,,,,National Accounts - SNA 2008 - SNE,2021,3
SNEQ.SG05AB091NR0S800,2021.06,16506,Experimental,Dollars,6,A,Consolidated accounts - table 1.3,B091NR,Finance of capital accumulation,,,,,National Accounts - SNA 2008 - SNE,2021,6
SNEQ.SG05AB091NR0S800,2021.09,17881,Experimental,Dollars,6,A,Consolidated accounts - table 1.3,B091NR,Finance of capital accumulation,,,,,National Accounts - SNA 2008 - SNE,2021,9
SNEQ.SG05AB091NR0S800,2021.12,18079,Experimental,Dollars,6,A,Consolidated accounts - table 1.3,B091NR,Finance of capital accumulation,,,,,National Accounts - SNA 2008 - SNE,2021,12
SNEQ.SG05AB091NR0S800,2022.03,14176,Experimental,Dollars,6,A,Consolidated accounts - table 1.3,B091NR,Finance of capital accumulation,,,,,National Accounts - SNA 2008 - SNE,2022,3
SNEQ.SG05AB091NR0S800,2022.06,15786,Experimental,Dollars,6,A,Consolidated accounts - table 1.3,B091NR,Finance of capital accumulation,,,,,National Accounts - SNA 2008 - SNE,2022,6
SNEQ.SG05AB091NR0S800,2022.09,18044,Experimental,Dollars,6,A,Consolidated accounts - table 1.3,B091NR,Finance of capital accumulation,,,,,National Accounts - SNA 2008 - SNE,2022,9
SNEQ.SG05AB091NR0S800,2022.12,19022,Experimental,Dollars,6,A,Consolidated accounts - table 1.3,B091NR,Finance of capital accumulation,,,,,National Accounts - SNA 2008 - SNE,2022,12
SNEQ.SG05AB091NR0S800,2023.03,21350,Experimental,Dollars,6,A,Consolidated accounts - table 1.3,B091NR,Finance of capital accumulation,,,,,National Accounts - SNA 2008 - SNE,2023,3
SNEQ.SG05AB091NR0S800,2023.06,17593,Experimental,Dollars,6,A,Consolidated accounts - table 1.3,B091NR,Finance of capital accumulation,,,,,National Accounts - SNA 2008 - SNE,2023,6
SNEQ.SG05AB091NR0S800,2023.09,19412,Experimental,Dollars,6,A,Consolidated accounts - table 1.3,B091NR,Finance of capital accumulation,,,,,National Accounts - SNA 2008 - SNE,2023,9
SNEQ.SG05AB091NR0S800,2023.12,18804,Experimental,Dollars,6,A,Consolidated accounts - table 1.3,B091NR,Finance of capital accumulation,,,,,National Accounts - SNA 2008 - SNE,2023,12
SNEQ.SG05AB091NR0S800,2024.03,18993,Experimental,Dollars,6,A,Consolidated accounts - table 1.3,B091NR,Finance of capital accumulation,,,,,National Accounts - SNA 2008 - SNE,2024,3
SNEQ.SG05AB091NR0S800,2024.06,17483,Experimental,Dollars,6,A,Consolidated accounts - table 1.3,B091NR,Finance of capital accumulation,,,,,National Accounts - SNA 2008 - SNE,2024,6
SNEQ.SG05AB091NR0S800,2024.09,18544,Experimental,Dollars,6,A,Consolidated accounts - table 1.3,B091NR,Finance of capital accumulation,,,,,National Accounts - SNA 2008 - SNE,2024,9
SNEQ.SG05AB091NR0S800,2024.12,20722,Experimental,Dollars,6,A,Consolidated accounts - table 1.3,B091NR,Finance of capital accumulation,,,,,National Accounts - SNA 2008 - SNE,2024,12
SNEQ.SG05AB091NR0S800,2025.03,19318,Experimental,Dollars,6,A,Consolidated accounts - table 1.3,B091NR,Finance of capital accumulation,,,,,National Accounts - SNA 2008 - SNE,2025,3
SNEQ.SG05AB091NR0S800,2025.06,18122,Experimental,Dollars,6,A,Consolidated accounts - table 1.3,B091NR,Finance of capital accumulation,,,,,National Accounts - SNA 2008 - SNE,2025,6
SNEQ.SG05AB091NU0S800,2016.06,13228,Experimental,Dollars,6,A,Consolidated accounts - table 1.3,B091NU,Capital accumulation,,,,,National Accounts - SNA 2008 - SNE,2016,6
SNEQ.SG05AB091NU0S800,2016.09,11013,Experimental,Dollars,6,A,Consolidated accounts - table 1.3,B091NU,Capital accumulation,,,,,National Accounts - SNA 2008 - SNE,2016,9
SNEQ.SG05AB091NU0S800,2016.12,17400,Experimental,Dollars,6,A,Consolidated accounts - table 1.3,B091NU,Capital accumulation,,,,,National Accounts - SNA 2008 - SNE,2016,12
SNEQ.SG05AB091NU0S800,2017.03,16378,Experimental,Dollars,6,A,Consolidated accounts - table 1.3,B091NU,Capital accumulation,,,,,National Accounts - SNA 2008 - SNE,2017,3
SNEQ.SG05AB091NU0S800,2017.06,13756,Experimental,Dollars,6,A,Consolidated accounts - table 1.3,B091NU,Capital accumulation,,,,,National Accounts - SNA 2008 - SNE,2017,6
SNEQ.SG05AB091NU0S800,2017.09,11822,Experimental,Dollars,6,A,Consolidated accounts - table 1.3,B091NU,Capital accumulation,,,,,National Accounts - SNA 2008 - SNE,2017,9
SNEQ.SG05AB091NU0S800,2017.12,16625,Experimental,Dollars,6,A,Consolidated accounts - table 1.3,B091NU,Capital accumulation,,,,,National Accounts - SNA 2008 - SNE,2017,12
SNEQ.SG05AB091NU0S800,2018.03,17635,Experimental,Dollars,6,A,Consolidated accounts - table 1.3,B091NU,Capital accumulation,,,,,National Accounts - SNA 2008 - SNE,2018,3
SNEQ.SG05AB091NU0S800,2018.06,14462,Experimental,Dollars,6,A,Consolidated accounts - table 1.3,B091NU,Capital accumulation,,,,,National Accounts - SNA 2008 - SNE,2018,6
SNEQ.SG05AB091NU0S800,2018.09,12035,Experimental,Dollars,6,A,Consolidated accounts - table 1.3,B091NU,Capital accumulation,,,,,National Accounts - SNA 2008 - SNE,2018,9
SNEQ.SG05AB091NU0S800,2018.12,16252,Experimental,Dollars,6,A,Consolidated accounts - table 1.3,B091NU,Capital accumulation,,,,,National Accounts - SNA 2008 - SNE,2018,12
SNEQ.SG05AB091NU0S800,2019.03,18610,Experimental,Dollars,6,A,Consolidated accounts - table 1.3,B091NU,Capital accumulation,,,,,National Accounts - SNA 2008 - SNE,2019,3
SNEQ.SG05AB091NU0S800,2019.06,15825,Experimental,Dollars,6,A,Consolidated accounts - table 1.3,B091NU,Capital accumulation,,,,,National Accounts - SNA 2008 - SNE,2019,6
SNEQ.SG05AB091NU0S800,2019.09,14196,Experimental,Dollars,6,A,Consolidated accounts - table 1.3,B091NU,Capital accumulation,,,,,National Accounts - SNA 2008 - SNE,2019,9
SNEQ.SG05AB091NU0S800,2019.12,19206,Experimental,Dollars,6,A,Consolidated accounts - table 1.3,B091NU,Capital accumulation,,,,,National Accounts - SNA 2008 - SNE,2019,12
SNEQ.SG05AB091NU0S800,2020.03,19770,Experimental,Dollars,6,A,Consolidated accounts - table 1.3,B091NU,Capital accumulation,,,,,National Accounts - SNA 2008 - SNE,2020,3
SNEQ.SG05AB091NU0S800,2020.06,14053,Experimental,Dollars,6,A,Consolidated accounts - table 1.3,B091NU,Capital accumulation,,,,,National Accounts - SNA 2008 - SNE,2020,6
SNEQ.SG05AB091NU0S800,2020.09,15995,Experimental,Dollars,6,A,Consolidated accounts - table 1.3,B091NU,Capital accumulation,,,,,National Accounts - SNA 2008 - SNE,2020,9
SNEQ.SG05AB091NU0S800,2020.12,19115,Experimental,Dollars,6,A,Consolidated accounts - table 1.3,B091NU,Capital accumulation,,,,,National Accounts - SNA 2008 - SNE,2020,12
SNEQ.SG05AB091NU0S800,2021.03,18254,Experimental,Dollars,6,A,Consolidated accounts - table 1.3,B091NU,Capital accumulation,,,,,National Accounts - SNA 2008 - SNE,2021,3
SNEQ.SG05AB091NU0S800,2021.06,16598,Experimental,Dollars,6,A,Consolidated accounts - table 1.3,B091NU,Capital accumulation,,,,,National Accounts - SNA 2008 - SNE,2021,6
SNEQ.SG05AB091NU0S800,2021.09,14776,Experimental,Dollars,6,A,Consolidated accounts - table 1.3,B091NU,Capital accumulation,,,,,National Accounts - SNA 2008 - SNE,2021,9
SNEQ.SG05AB091NU0S800,2021.12,18320,Experimental,Dollars,6,A,Consolidated accounts - table 1.3,B091NU,Capital accumulation,,,,,National Accounts - SNA 2008 - SNE,2021,12
SNEQ.SG05AB091NU0S800,2022.03,16856,Experimental,Dollars,6,A,Consolidated accounts - table 1.3,B091NU,Capital accumulation,,,,,National Accounts - SNA 2008 - SNE,2022,3
SNEQ.SG05AB091NU0S800,2022.06,16116,Experimental,Dollars,6,A,Consolidated accounts - table 1.3,B091NU,Capital accumulation,,,,,National Accounts - SNA 2008 - SNE,2022,6
SNEQ.SG05AB091NU0S800,2022.09,14718,Experimental,Dollars,6,A,Consolidated accounts - table 1.3,B091NU,Capital accumulation,,,,,National Accounts - SNA 2008 - SNE,2022,9
SNEQ.SG05AB091NU0S800,2022.12,19287,Experimental,Dollars,6,A,Consolidated accounts - table 1.3,B091NU,Capital accumulation,,,,,National Accounts - SNA 2008 - SNE,2022,12
SNEQ.SG05AB091NU0S800,2023.03,24311,Experimental,Dollars,6,A,Consolidated accounts - table 1.3,B091NU,Capital accumulation,,,,,National Accounts - SNA 2008 - SNE,2023,3
SNEQ.SG05AB091NU0S800,2023.06,18170,Experimental,Dollars,6,A,Consolidated accounts - table 1.3,B091NU,Capital accumulation,,,,,National Accounts - SNA 2008 - SNE,2023,6
SNEQ.SG05AB091NU0S800,2023.09,16312,Experimental,Dollars,6,A,Consolidated accounts - table 1.3,B091NU,Capital accumulation,,,,,National Accounts - SNA 2008 - SNE,2023,9
SNEQ.SG05AB091NU0S800,2023.12,19419,Experimental,Dollars,6,A,Consolidated accounts - table 1.3,B091NU,Capital accumulation,,,,,National Accounts - SNA 2008 - SNE,2023,12
SNEQ.SG05AB091NU0S800,2024.03,22338,Experimental,Dollars,6,A,Consolidated accounts - table 1.3,B091NU,Capital accumulation,,,,,National Accounts - SNA 2008 - SNE,2024,3
SNEQ.SG05AB091NU0S800,2024.06,18277,Experimental,Dollars,6,A,Consolidated accounts - table 1.3,B091NU,Capital accumulation,,,,,National Accounts - SNA 2008 - SNE,2024,6
SNEQ.SG05AB091NU0S800,2024.09,15854,Experimental,Dollars,6,A,Consolidated accounts - table 1.3,B091NU,Capital accumulation,,,,,National Accounts - SNA 2008 - SNE,2024,9
SNEQ.SG05AB091NU0S800,2024.12,22046,Experimental,Dollars,6,A,Consolidated accounts - table 1.3,B091NU,Capital accumulation,,,,,National Accounts - SNA 2008 - SNE,2024,12
SNEQ.SG05AB091NU0S800,2025.03,23315,Experimental,Dollars,6,A,Consolidated accounts - table 1.3,B091NU,Capital accumulation,,,,,National Accounts - SNA 2008 - SNE,2025,3
SNEQ.SG05AB091NU0S800,2025.06,20074,Experimental,Dollars,6,A,Consolidated accounts - table 1.3,B091NU,Capital accumulation,,,,,National Accounts - SNA 2008 - SNE,2025,6
SNEQ.SG05AB98C000S900,2016.06,194,Experimental,Dollars,6,A,Consolidated accounts - table 1.3,B98C,Statistical discrepancy,,,,,National Accounts - SNA 2008 - SNE,2016,6
SNEQ.SG05AB98C000S900,2016.09,-1729,Experimental,Dollars,6,A,Consolidated accounts - table 1.3,B98C,Statistical discrepancy,,,,,National Accounts - SNA 2008 - SNE,2016,9
SNEQ.SG05AB98C000S900,2016.12,-386,Experimental,Dollars,6,A,Consolidated accounts - table 1.3,B98C,Statistical discrepancy,,,,,National Accounts - SNA 2008 - SNE,2016,12
SNEQ.SG05AB98C000S900,2017.03,1827,Experimental,Dollars,6,A,Consolidated accounts - table 1.3,B98C,Statistical discrepancy,,,,,National Accounts - SNA 2008 - SNE,2017,3
SNEQ.SG05AB98C000S900,2017.06,94,Experimental,Dollars,6,A,Consolidated accounts - table 1.3,B98C,Statistical discrepancy,,,,,National Accounts - SNA 2008 - SNE,2017,6
SNEQ.SG05AB98C000S900,2017.09,-1883,Experimental,Dollars,6,A,Consolidated accounts - table 1.3,B98C,Statistical discrepancy,,,,,National Accounts - SNA 2008 - SNE,2017,9
SNEQ.SG05AB98C000S900,2017.12,-241,Experimental,Dollars,6,A,Consolidated accounts - table 1.3,B98C,Statistical discrepancy,,,,,National Accounts - SNA 2008 - SNE,2017,12
SNEQ.SG05AB98C000S900,2018.03,1805,Experimental,Dollars,6,A,Consolidated accounts - table 1.3,B98C,Statistical discrepancy,,,,,National Accounts - SNA 2008 - SNE,2018,3
SNEQ.SG05AB98C000S900,2018.06,-35,Experimental,Dollars,6,A,Consolidated accounts - table 1.3,B98C,Statistical discrepancy,,,,,National Accounts - SNA 2008 - SNE,2018,6
SNEQ.SG05AB98C000S900,2018.09,-2161,Experimental,Dollars,6,A,Consolidated accounts - table 1.3,B98C,Statistical discrepancy,,,,,National Accounts - SNA 2008 - SNE,2018,9
SNEQ.SG05AB98C000S900,2018.12,-102,Experimental,Dollars,6,A,Consolidated accounts - table 1.3,B98C,Statistical discrepancy,,,,,National Accounts - SNA 2008 - SNE,2018,12
SNEQ.SG05AB98C000S900,2019.03,2105,Experimental,Dollars,6,A,Consolidated accounts - table 1.3,B98C,Statistical discrepancy,,,,,National Accounts - SNA 2008 - SNE,2019,3
SNEQ.SG05AB98C000S900,2019.06,31,Experimental,Dollars,6,A,Consolidated accounts - table 1.3,B98C,Statistical discrepancy,,,,,National Accounts - SNA 2008 - SNE,2019,6
SNEQ.SG05AB98C000S900,2019.09,-2461,Experimental,Dollars,6,A,Consolidated accounts - table 1.3,B98C,Statistical discrepancy,,,,,National Accounts - SNA 2008 - SNE,2019,9
SNEQ.SG05AB98C000S900,2019.12,131,Experimental,Dollars,6,A,Consolidated accounts - table 1.3,B98C,Statistical discrepancy,,,,,National Accounts - SNA 2008 - SNE,2019,12
SNEQ.SG05AB98C000S900,2020.03,2212,Experimental,Dollars,6,A,Consolidated accounts - table 1.3,B98C,Statistical discrepancy,,,,,National Accounts - SNA 2008 - SNE,2020,3
SNEQ.SG05AB98C000S900,2020.06,95,Experimental,Dollars,6,A,Consolidated accounts - table 1.3,B98C,Statistical discrepancy,,,,,National Accounts - SNA 2008 - SNE,2020,6
SNEQ.SG05AB98C000S900,2020.09,-2797,Experimental,Dollars,6,A,Consolidated accounts - table 1.3,B98C,Statistical discrepancy,,,,,National Accounts - SNA 2008 - SNE,2020,9
SNEQ.SG05AB98C000S900,2020.12,199,Experimental,Dollars,6,A,Consolidated accounts - table 1.3,B98C,Statistical discrepancy,,,,,National Accounts - SNA 2008 - SNE,2020,12
SNEQ.SG05AB98C000S900,2021.03,2421,Experimental,Dollars,6,A,Consolidated accounts - table 1.3,B98C,Statistical discrepancy,,,,,National Accounts - SNA 2008 - SNE,2021,3
SNEQ.SG05AB98C000S900,2021.06,92,Experimental,Dollars,6,A,Consolidated accounts - table 1.3,B98C,Statistical discrepancy,,,,,National Accounts - SNA 2008 - SNE,2021,6
SNEQ.SG05AB98C000S900,2021.09,-3105,Experimental,Dollars,6,A,Consolidated accounts - table 1.3,B98C,Statistical discrepancy,,,,,National Accounts - SNA 2008 - SNE,2021,9
SNEQ.SG05AB98C000S900,2021.12,241,Experimental,Dollars,6,A,Consolidated accounts - table 1.3,B98C,Statistical discrepancy,,,,,National Accounts - SNA 2008 - SNE,2021,12
SNEQ.SG05AB98C000S900,2022.03,2680,Experimental,Dollars,6,A,Consolidated accounts - table 1.3,B98C,Statistical discrepancy,,,,,National Accounts - SNA 2008 - SNE,2022,3
SNEQ.SG05AB98C000S900,2022.06,330,Experimental,Dollars,6,A,Consolidated accounts - table 1.3,B98C,Statistical discrepancy,,,,,National Accounts - SNA 2008 - SNE,2022,6
SNEQ.SG05AB98C000S900,2022.09,-3326,Experimental,Dollars,6,A,Consolidated accounts - table 1.3,B98C,Statistical discrepancy,,,,,National Accounts - SNA 2008 - SNE,2022,9
SNEQ.SG05AB98C000S900,2022.12,265,Experimental,Dollars,6,A,Consolidated accounts - table 1.3,B98C,Statistical discrepancy,,,,,National Accounts - SNA 2008 - SNE,2022,12
SNEQ.SG05AB98C000S900,2023.03,2961,Experimental,Dollars,6,A,Consolidated accounts - table 1.3,B98C,Statistical discrepancy,,,,,National Accounts - SNA 2008 - SNE,2023,3
SNEQ.SG05AB98C000S900,2023.06,577,Experimental,Dollars,6,A,Consolidated accounts - table 1.3,B98C,Statistical discrepancy,,,,,National Accounts - SNA 2008 - SNE,2023,6
SNEQ.SG05AB98C000S900,2023.09,-3100,Experimental,Dollars,6,A,Consolidated accounts - table 1.3,B98C,Statistical discrepancy,,,,,National Accounts - SNA 2008 - SNE,2023,9
SNEQ.SG05AB98C000S900,2023.12,615,Experimental,Dollars,6,A,Consolidated accounts - table 1.3,B98C,Statistical discrepancy,,,,,National Accounts - SNA 2008 - SNE,2023,12
SNEQ.SG05AB98C000S900,2024.03,3345,Experimental,Dollars,6,A,Consolidated accounts - table 1.3,B98C,Statistical discrepancy,,,,,National Accounts - SNA 2008 - SNE,2024,3
SNEQ.SG05AB98C000S900,2024.06,794,Experimental,Dollars,6,A,Consolidated accounts - table 1.3,B98C,Statistical discrepancy,,,,,National Accounts - SNA 2008 - SNE,2024,6
SNEQ.SG05AB98C000S900,2024.09,-2690,Experimental,Dollars,6,A,Consolidated accounts - table 1.3,B98C,Statistical discrepancy,,,,,National Accounts - SNA 2008 - SNE,2024,9
SNEQ.SG05AB98C000S900,2024.12,1324,Experimental,Dollars,6,A,Consolidated accounts - table 1.3,B98C,Statistical discrepancy,,,,,National Accounts - SNA 2008 - SNE,2024,12
SNEQ.SG05AB98C000S900,2025.03,3997,Experimental,Dollars,6,A,Consolidated accounts - table 1.3,B98C,Statistical discrepancy,,,,,National Accounts - SNA 2008 - SNE,2025,3
SNEQ.SG05AB98C000S900,2025.06,1952,Experimental,Dollars,6,A,Consolidated accounts - table 1.3,B98C,Statistical discrepancy,,,,,National Accounts - SNA 2008 - SNE,2025,6
SNEQ.SG05AD099000S800,2016.06,0,Experimental,Dollars,6,A,Consolidated accounts - table 1.3,D099,"Capital transfers from the rest of the world,",,,,,National Accounts - SNA 2008 - SNE,2016,6
SNEQ.SG05AD099000S800,2016.09,0,Experimental,Dollars,6,A,Consolidated accounts - table 1.3,D099,"Capital transfers from the rest of the world,",,,,,National Accounts - SNA 2008 - SNE,2016,9
SNEQ.SG05AD099000S800,2016.12,2041,Experimental,Dollars,6,A,Consolidated accounts - table 1.3,D099,"Capital transfers from the rest of the world,",,,,,National Accounts - SNA 2008 - SNE,2016,12
SNEQ.SG05AD099000S800,2017.03,0,Experimental,Dollars,6,A,Consolidated accounts - table 1.3,D099,"Capital transfers from the rest of the world,",,,,,National Accounts - SNA 2008 - SNE,2017,3
SNEQ.SG05AD099000S800,2017.06,0,Experimental,Dollars,6,A,Consolidated accounts - table 1.3,D099,"Capital transfers from the rest of the world,",,,,,National Accounts - SNA 2008 - SNE,2017,6
SNEQ.SG05AD099000S800,2017.09,0,Experimental,Dollars,6,A,Consolidated accounts - table 1.3,D099,"Capital transfers from the rest of the world,",,,,,National Accounts - SNA 2008 - SNE,2017,9
SNEQ.SG05AD099000S800,2017.12,0,Experimental,Dollars,6,A,Consolidated accounts - table 1.3,D099,"Capital transfers from the rest of the world,",,,,,National Accounts - SNA 2008 - SNE,2017,12
SNEQ.SG05AD099000S800,2018.03,0,Experimental,Dollars,6,A,Consolidated accounts - table 1.3,D099,"Capital transfers from the rest of the world,",,,,,National Accounts - SNA 2008 - SNE,2018,3
SNEQ.SG05AD099000S800,2018.06,0,Experimental,Dollars,6,A,Consolidated accounts - table 1.3,D099,"Capital transfers from the rest of the world,",,,,,National Accounts - SNA 2008 - SNE,2018,6
SNEQ.SG05AD099000S800,2018.09,0,Experimental,Dollars,6,A,Consolidated accounts - table 1.3,D099,"Capital transfers from the rest of the world,",,,,,National Accounts - SNA 2008 - SNE,2018,9
SNEQ.SG05AD099000S800,2018.12,0,Experimental,Dollars,6,A,Consolidated accounts - table 1.3,D099,"Capital transfers from the rest of the world,",,,,,National Accounts - SNA 2008 - SNE,2018,12
SNEQ.SG05AD099000S800,2019.03,0,Experimental,Dollars,6,A,Consolidated accounts - table 1.3,D099,"Capital transfers from the rest of the world,",,,,,National Accounts - SNA 2008 - SNE,2019,3
SNEQ.SG05AD099000S800,2019.06,0,Experimental,Dollars,6,A,Consolidated accounts - table 1.3,D099,"Capital transfers from the rest of the world,",,,,,National Accounts - SNA 2008 - SNE,2019,6
SNEQ.SG05AD099000S800,2019.09,0,Experimental,Dollars,6,A,Consolidated accounts - table 1.3,D099,"Capital transfers from the rest of the world,",,,,,National Accounts - SNA 2008 - SNE,2019,9
SNEQ.SG05AD099000S800,2019.12,0,Experimental,Dollars,6,A,Consolidated accounts - table 1.3,D099,"Capital transfers from the rest of the world,",,,,,National Accounts - SNA 2008 - SNE,2019,12
SNEQ.SG05AD099000S800,2020.03,0,Experimental,Dollars,6,A,Consolidated accounts - table 1.3,D099,"Capital transfers from the rest of the world,",,,,,National Accounts - SNA 2008 - SNE,2020,3
SNEQ.SG05AD099000S800,2020.06,0,Experimental,Dollars,6,A,Consolidated accounts - table 1.3,D099,"Capital transfers from the rest of the world,",,,,,National Accounts - SNA 2008 - SNE,2020,6
SNEQ.SG05AD099000S800,2020.09,0,Experimental,Dollars,6,A,Consolidated accounts - table 1.3,D099,"Capital transfers from the rest of the world,",,,,,National Accounts - SNA 2008 - SNE,2020,9
SNEQ.SG05AD099000S800,2020.12,0,Experimental,Dollars,6,A,Consolidated accounts - table 1.3,D099,"Capital transfers from the rest of the world,",,,,,National Accounts - SNA 2008 - SNE,2020,12
SNEQ.SG05AD099000S800,2021.03,0,Experimental,Dollars,6,A,Consolidated accounts - table 1.3,D099,"Capital transfers from the rest of the world,",,,,,National Accounts - SNA 2008 - SNE,2021,3
SNEQ.SG05AD099000S800,2021.06,0,Experimental,Dollars,6,A,Consolidated accounts - table 1.3,D099,"Capital transfers from the rest of the world,",,,,,National Accounts - SNA 2008 - SNE,2021,6
SNEQ.SG05AD099000S800,2021.09,0,Experimental,Dollars,6,A,Consolidated accounts - table 1.3,D099,"Capital transfers from the rest of the world,",,,,,National Accounts - SNA 2008 - SNE,2021,9
SNEQ.SG05AD099000S800,2021.12,0,Experimental,Dollars,6,A,Consolidated accounts - table 1.3,D099,"Capital transfers from the rest of the world,",,,,,National Accounts - SNA 2008 - SNE,2021,12
SNEQ.SG05AD099000S800,2022.03,0,Experimental,Dollars,6,A,Consolidated accounts - table 1.3,D099,"Capital transfers from the rest of the world,",,,,,National Accounts - SNA 2008 - SNE,2022,3
SNEQ.SG05AD099000S800,2022.06,0,Experimental,Dollars,6,A,Consolidated accounts - table 1.3,D099,"Capital transfers from the rest of the world,",,,,,National Accounts - SNA 2008 - SNE,2022,6
SNEQ.SG05AD099000S800,2022.09,0,Experimental,Dollars,6,A,Consolidated accounts - table 1.3,D099,"Capital transfers from the rest of the world,",,,,,National Accounts - SNA 2008 - SNE,2022,9
SNEQ.SG05AD099000S800,2022.12,0,Experimental,Dollars,6,A,Consolidated accounts - table 1.3,D099,"Capital transfers from the rest of the world,",,,,,National Accounts - SNA 2008 - SNE,2022,12
SNEQ.SG05AD099000S800,2023.03,3729,Experimental,Dollars,6,A,Consolidated accounts - table 1.3,D099,"Capital transfers from the rest of the world,",,,,,National Accounts - SNA 2008 - SNE,2023,3
SNEQ.SG05AD099000S800,2023.06,0,Experimental,Dollars,6,A,Consolidated accounts - table 1.3,D099,"Capital transfers from the rest of the world,",,,,,National Accounts - SNA 2008 - SNE,2023,6
SNEQ.SG05AD099000S800,2023.09,0,Experimental,Dollars,6,A,Consolidated accounts - table 1.3,D099,"Capital transfers from the rest of the world,",,,,,National Accounts - SNA 2008 - SNE,2023,9
SNEQ.SG05AD099000S800,2023.12,0,Experimental,Dollars,6,A,Consolidated accounts - table 1.3,D099,"Capital transfers from the rest of the world,",,,,,National Accounts - SNA 2008 - SNE,2023,12
SNEQ.SG05AD099000S800,2024.03,0,Experimental,Dollars,6,A,Consolidated accounts - table 1.3,D099,"Capital transfers from the rest of the world,",,,,,National Accounts - SNA 2008 - SNE,2024,3
SNEQ.SG05AD099000S800,2024.06,0,Experimental,Dollars,6,A,Consolidated accounts - table 1.3,D099,"Capital transfers from the rest of the world,",,,,,National Accounts - SNA 2008 - SNE,2024,6
SNEQ.SG05AD099000S800,2024.09,0,Experimental,Dollars,6,A,Consolidated accounts - table 1.3,D099,"Capital transfers from the rest of the world,",,,,,National Accounts - SNA 2008 - SNE,2024,9
SNEQ.SG05AD099000S800,2024.12,0,Experimental,Dollars,6,A,Consolidated accounts - table 1.3,D099,"Capital transfers from the rest of the world,",,,,,National Accounts - SNA 2008 - SNE,2024,12
SNEQ.SG05AD099000S800,2025.03,0,Experimental,Dollars,6,A,Consolidated accounts - table 1.3,D099,"Capital transfers from the rest of the world,",,,,,National Accounts - SNA 2008 - SNE,2025,3
SNEQ.SG05AD099000S800,2025.06,0,Experimental,Dollars,6,A,Consolidated accounts - table 1.3,D099,"Capital transfers from the rest of the world,",,,,,National Accounts - SNA 2008 - SNE,2025,6
SNEQ.SG05ANP02000S800,2016.06,-73,Experimental,Dollars,6,A,Consolidated accounts - table 1.3,NP02,Purchase of non-produced non-financial assets,,,,,National Accounts - SNA 2008 - SNE,2016,6
SNEQ.SG05ANP02000S800,2016.09,11,Experimental,Dollars,6,A,Consolidated accounts - table 1.3,NP02,Purchase of non-produced non-financial assets,,,,,National Accounts - SNA 2008 - SNE,2016,9
SNEQ.SG05ANP02000S800,2016.12,13,Experimental,Dollars,6,A,Consolidated accounts - table 1.3,NP02,Purchase of non-produced non-financial assets,,,,,National Accounts - SNA 2008 - SNE,2016,12
SNEQ.SG05ANP02000S800,2017.03,-3,Experimental,Dollars,6,A,Consolidated accounts - table 1.3,NP02,Purchase of non-produced non-financial assets,,,,,National Accounts - SNA 2008 - SNE,2017,3
SNEQ.SG05ANP02000S800,2017.06,14,Experimental,Dollars,6,A,Consolidated accounts - table 1.3,NP02,Purchase of non-produced non-financial assets,,,,,National Accounts - SNA 2008 - SNE,2017,6
SNEQ.SG05ANP02000S800,2017.09,15,Experimental,Dollars,6,A,Consolidated accounts - table 1.3,NP02,Purchase of non-produced non-financial assets,,,,,National Accounts - SNA 2008 - SNE,2017,9
SNEQ.SG05ANP02000S800,2017.12,-171,Experimental,Dollars,6,A,Consolidated accounts - table 1.3,NP02,Purchase of non-produced non-financial assets,,,,,National Accounts - SNA 2008 - SNE,2017,12
SNEQ.SG05ANP02000S800,2018.03,21,Experimental,Dollars,6,A,Consolidated accounts - table 1.3,NP02,Purchase of non-produced non-financial assets,,,,,National Accounts - SNA 2008 - SNE,2018,3
SNEQ.SG05ANP02000S800,2018.06,23,Experimental,Dollars,6,A,Consolidated accounts - table 1.3,NP02,Purchase of non-produced non-financial assets,,,,,National Accounts - SNA 2008 - SNE,2018,6
SNEQ.SG05ANP02000S800,2018.09,15,Experimental,Dollars,6,A,Consolidated accounts - table 1.3,NP02,Purchase of non-produced non-financial assets,,,,,National Accounts - SNA 2008 - SNE,2018,9
SNEQ.SG05ANP02000S800,2018.12,0,Experimental,Dollars,6,A,Consolidated accounts - table 1.3,NP02,Purchase of non-produced non-financial assets,,,,,National Accounts - SNA 2008 - SNE,2018,12
SNEQ.SG05ANP02000S800,2019.03,1,Experimental,Dollars,6,A,Consolidated accounts - table 1.3,NP02,Purchase of non-produced non-financial assets,,,,,National Accounts - SNA 2008 - SNE,2019,3
SNEQ.SG05ANP02000S800,2019.06,12,Experimental,Dollars,6,A,Consolidated accounts - table 1.3,NP02,Purchase of non-produced non-financial assets,,,,,National Accounts - SNA 2008 - SNE,2019,6
SNEQ.SG05ANP02000S800,2019.09,21,Experimental,Dollars,6,A,Consolidated accounts - table 1.3,NP02,Purchase of non-produced non-financial assets,,,,,National Accounts - SNA 2008 - SNE,2019,9
SNEQ.SG05ANP02000S800,2019.12,3,Experimental,Dollars,6,A,Consolidated accounts - table 1.3,NP02,Purchase of non-produced non-financial assets,,,,,National Accounts - SNA 2008 - SNE,2019,12
SNEQ.SG05ANP02000S800,2020.03,23,Experimental,Dollars,6,A,Consolidated accounts - table 1.3,NP02,Purchase of non-produced non-financial assets,,,,,National Accounts - SNA 2008 - SNE,2020,3
SNEQ.SG05ANP02000S800,2020.06,18,Experimental,Dollars,6,A,Consolidated accounts - table 1.3,NP02,Purchase of non-produced non-financial assets,,,,,National Accounts - SNA 2008 - SNE,2020,6
SNEQ.SG05ANP02000S800,2020.09,19,Experimental,Dollars,6,A,Consolidated accounts - table 1.3,NP02,Purchase of non-produced non-financial assets,,,,,National Accounts - SNA 2008 - SNE,2020,9
SNEQ.SG05ANP02000S800,2020.12,-13,Experimental,Dollars,6,A,Consolidated accounts - table 1.3,NP02,Purchase of non-produced non-financial assets,,,,,National Accounts - SNA 2008 - SNE,2020,12
SNEQ.SG05ANP02000S800,2021.03,4,Experimental,Dollars,6,A,Consolidated accounts - table 1.3,NP02,Purchase of non-produced non-financial assets,,,,,National Accounts - SNA 2008 - SNE,2021,3
SNEQ.SG05ANP02000S800,2021.06,-6,Experimental,Dollars,6,A,Consolidated accounts - table 1.3,NP02,Purchase of non-produced non-financial assets,,,,,National Accounts - SNA 2008 - SNE,2021,6
SNEQ.SG05ANP02000S800,2021.09,-59,Experimental,Dollars,6,A,Consolidated accounts - table 1.3,NP02,Purchase of non-produced non-financial assets,,,,,National Accounts - SNA 2008 - SNE,2021,9
SNEQ.SG05ANP02000S800,2021.12,149,Experimental,Dollars,6,A,Consolidated accounts - table 1.3,NP02,Purchase of non-produced non-financial assets,,,,,National Accounts - SNA 2008 - SNE,2021,12
SNEQ.SG05ANP02000S800,2022.03,93,Experimental,Dollars,6,A,Consolidated accounts - table 1.3,NP02,Purchase of non-produced non-financial assets,,,,,National Accounts - SNA 2008 - SNE,2022,3
SNEQ.SG05ANP02000S800,2022.06,267,Experimental,Dollars,6,A,Consolidated accounts - table 1.3,NP02,Purchase of non-produced non-financial assets,,,,,National Accounts - SNA 2008 - SNE,2022,6
SNEQ.SG05ANP02000S800,2022.09,50,Experimental,Dollars,6,A,Consolidated accounts - table 1.3,NP02,Purchase of non-produced non-financial assets,,,,,National Accounts - SNA 2008 - SNE,2022,9
SNEQ.SG05ANP02000S800,2022.12,46,Experimental,Dollars,6,A,Consolidated accounts - table 1.3,NP02,Purchase of non-produced non-financial assets,,,,,National Accounts - SNA 2008 - SNE,2022,12
SNEQ.SG05ANP02000S800,2023.03,24,Experimental,Dollars,6,A,Consolidated accounts - table 1.3,NP02,Purchase of non-produced non-financial assets,,,,,National Accounts - SNA 2008 - SNE,2023,3
SNEQ.SG05ANP02000S800,2023.06,17,Experimental,Dollars,6,A,Consolidated accounts - table 1.3,NP02,Purchase of non-produced non-financial assets,,,,,National Accounts - SNA 2008 - SNE,2023,6
SNEQ.SG05ANP02000S800,2023.09,158,Experimental,Dollars,6,A,Consolidated accounts - table 1.3,NP02,Purchase of non-produced non-financial assets,,,,,National Accounts - SNA 2008 - SNE,2023,9
SNEQ.SG05ANP02000S800,2023.12,295,Experimental,Dollars,6,A,Consolidated accounts - table 1.3,NP02,Purchase of non-produced non-financial assets,,,,,National Accounts - SNA 2008 - SNE,2023,12
SNEQ.SG05ANP02000S800,2024.03,149,Experimental,Dollars,6,A,Consolidated accounts - table 1.3,NP02,Purchase of non-produced non-financial assets,,,,,National Accounts - SNA 2008 - SNE,2024,3
SNEQ.SG05ANP02000S800,2024.06,140,Experimental,Dollars,6,A,Consolidated accounts - table 1.3,NP02,Purchase of non-produced non-financial assets,,,,,National Accounts - SNA 2008 - SNE,2024,6
SNEQ.SG05ANP02000S800,2024.09,142,Experimental,Dollars,6,A,Consolidated accounts - table 1.3,NP02,Purchase of non-produced non-financial assets,,,,,National Accounts - SNA 2008 - SNE,2024,9
SNEQ.SG05ANP02000S800,2024.12,174,Experimental,Dollars,6,A,Consolidated accounts - table 1.3,NP02,Purchase of non-produced non-financial assets,,,,,National Accounts - SNA 2008 - SNE,2024,12
SNEQ.SG05ANP02000S800,2025.03,129,Experimental,Dollars,6,A,Consolidated accounts - table 1.3,NP02,Purchase of non-produced non-financial assets,,,,,National Accounts - SNA 2008 - SNE,2025,3
SNEQ.SG05ANP02000S800,2025.06,95,Experimental,Dollars,6,A,Consolidated accounts - table 1.3,NP02,Purchase of non-produced non-financial assets,,,,,National Accounts - SNA 2008 - SNE,2025,6
SNEQ.SG05AP051C00S900,2016.06,9257,Experimental,Dollars,6,A,Consolidated accounts - table 1.3,P051C,Consumption of fixed catpital,AN1,Produced non-financial assets,,,National Accounts - SNA 2008 - SNE,2016,6
SNEQ.SG05AP051C00S900,2016.09,9403,Experimental,Dollars,6,A,Consolidated accounts - table 1.3,P051C,Consumption of fixed catpital,AN1,Produced non-financial assets,,,National Accounts - SNA 2008 - SNE,2016,9
SNEQ.SG05AP051C00S900,2016.12,9547,Experimental,Dollars,6,A,Consolidated accounts - table 1.3,P051C,Consumption of fixed catpital,AN1,Produced non-financial assets,,,National Accounts - SNA 2008 - SNE,2016,12
SNEQ.SG05AP051C00S900,2017.03,9697,Experimental,Dollars,6,A,Consolidated accounts - table 1.3,P051C,Consumption of fixed catpital,AN1,Produced non-financial assets,,,National Accounts - SNA 2008 - SNE,2017,3
SNEQ.SG05AP051C00S900,2017.06,9693,Experimental,Dollars,6,A,Consolidated accounts - table 1.3,P051C,Consumption of fixed catpital,AN1,Produced non-financial assets,,,National Accounts - SNA 2008 - SNE,2017,6
SNEQ.SG05AP051C00S900,2017.09,9839,Experimental,Dollars,6,A,Consolidated accounts - table 1.3,P051C,Consumption of fixed catpital,AN1,Produced non-financial assets,,,National Accounts - SNA 2008 - SNE,2017,9
SNEQ.SG05AP051C00S900,2017.12,9999,Experimental,Dollars,6,A,Consolidated accounts - table 1.3,P051C,Consumption of fixed catpital,AN1,Produced non-financial assets,,,National Accounts - SNA 2008 - SNE,2017,12
SNEQ.SG05AP051C00S900,2018.03,10241,Experimental,Dollars,6,A,Consolidated accounts - table 1.3,P051C,Consumption of fixed catpital,AN1,Produced non-financial assets,,,National Accounts - SNA 2008 - SNE,2018,3
SNEQ.SG05AP051C00S900,2018.06,11048,Experimental,Dollars,6,A,Consolidated accounts - table 1.3,P051C,Consumption of fixed catpital,AN1,Produced non-financial assets,,,National Accounts - SNA 2008 - SNE,2018,6
SNEQ.SG05AP051C00S900,2018.09,11221,Experimental,Dollars,6,A,Consolidated accounts - table 1.3,P051C,Consumption of fixed catpital,AN1,Produced non-financial assets,,,National Accounts - SNA 2008 - SNE,2018,9
SNEQ.SG05AP051C00S900,2018.12,11418,Experimental,Dollars,6,A,Consolidated accounts - table 1.3,P051C,Consumption of fixed catpital,AN1,Produced non-financial assets,,,National Accounts - SNA 2008 - SNE,2018,12
SNEQ.SG05AP051C00S900,2019.03,11512,Experimental,Dollars,6,A,Consolidated accounts - table 1.3,P051C,Consumption of fixed catpital,AN1,Produced non-financial assets,,,National Accounts - SNA 2008 - SNE,2019,3
SNEQ.SG05AP051C00S900,2019.06,10942,Experimental,Dollars,6,A,Consolidated accounts - table 1.3,P051C,Consumption of fixed catpital,AN1,Produced non-financial assets,,,National Accounts - SNA 2008 - SNE,2019,6
SNEQ.SG05AP051C00S900,2019.09,11101,Experimental,Dollars,6,A,Consolidated accounts - table 1.3,P051C,Consumption of fixed catpital,AN1,Produced non-financial assets,,,National Accounts - SNA 2008 - SNE,2019,9
SNEQ.SG05AP051C00S900,2019.12,11297,Experimental,Dollars,6,A,Consolidated accounts - table 1.3,P051C,Consumption of fixed catpital,AN1,Produced non-financial assets,,,National Accounts - SNA 2008 - SNE,2019,12
SNEQ.SG05AP051C00S900,2020.03,11512,Experimental,Dollars,6,A,Consolidated accounts - table 1.3,P051C,Consumption of fixed catpital,AN1,Produced non-financial assets,,,National Accounts - SNA 2008 - SNE,2020,3
SNEQ.SG05AP051C00S900,2020.06,11575,Experimental,Dollars,6,A,Consolidated accounts - table 1.3,P051C,Consumption of fixed catpital,AN1,Produced non-financial assets,,,National Accounts - SNA 2008 - SNE,2020,6
SNEQ.SG05AP051C00S900,2020.09,11683,Experimental,Dollars,6,A,Consolidated accounts - table 1.3,P051C,Consumption of fixed catpital,AN1,Produced non-financial assets,,,National Accounts - SNA 2008 - SNE,2020,9
SNEQ.SG05AP051C00S900,2020.12,11804,Experimental,Dollars,6,A,Consolidated accounts - table 1.3,P051C,Consumption of fixed catpital,AN1,Produced non-financial assets,,,National Accounts - SNA 2008 - SNE,2020,12
SNEQ.SG05AP051C00S900,2021.03,11880,Experimental,Dollars,6,A,Consolidated accounts - table 1.3,P051C,Consumption of fixed catpital,AN1,Produced non-financial assets,,,National Accounts - SNA 2008 - SNE,2021,3
SNEQ.SG05AP051C00S900,2021.06,12220,Experimental,Dollars,6,A,Consolidated accounts - table 1.3,P051C,Consumption of fixed catpital,AN1,Produced non-financial assets,,,National Accounts - SNA 2008 - SNE,2021,6
SNEQ.SG05AP051C00S900,2021.09,12469,Experimental,Dollars,6,A,Consolidated accounts - table 1.3,P051C,Consumption of fixed catpital,AN1,Produced non-financial assets,,,National Accounts - SNA 2008 - SNE,2021,9
SNEQ.SG05AP051C00S900,2021.12,12745,Experimental,Dollars,6,A,Consolidated accounts - table 1.3,P051C,Consumption of fixed catpital,AN1,Produced non-financial assets,,,National Accounts - SNA 2008 - SNE,2021,12
SNEQ.SG05AP051C00S900,2022.03,13171,Experimental,Dollars,6,A,Consolidated accounts - table 1.3,P051C,Consumption of fixed catpital,AN1,Produced non-financial assets,,,National Accounts - SNA 2008 - SNE,2022,3
SNEQ.SG05AP051C00S900,2022.06,13611,Experimental,Dollars,6,A,Consolidated accounts - table 1.3,P051C,Consumption of fixed catpital,AN1,Produced non-financial assets,,,National Accounts - SNA 2008 - SNE,2022,6
SNEQ.SG05AP051C00S900,2022.09,14170,Experimental,Dollars,6,A,Consolidated accounts - table 1.3,P051C,Consumption of fixed catpital,AN1,Produced non-financial assets,,,National Accounts - SNA 2008 - SNE,2022,9
SNEQ.SG05AP051C00S900,2022.12,14655,Experimental,Dollars,6,A,Consolidated accounts - table 1.3,P051C,Consumption of fixed catpital,AN1,Produced non-financial assets,,,National Accounts - SNA 2008 - SNE,2022,12
SNEQ.SG05AP051C00S900,2023.03,15311,Experimental,Dollars,6,A,Consolidated accounts - table 1.3,P051C,Consumption of fixed catpital,AN1,Produced non-financial assets,,,National Accounts - SNA 2008 - SNE,2023,3
SNEQ.SG05AP051C00S900,2023.06,15180,Experimental,Dollars,6,A,Consolidated accounts - table 1.3,P051C,Consumption of fixed catpital,AN1,Produced non-financial assets,,,National Accounts - SNA 2008 - SNE,2023,6
SNEQ.SG05AP051C00S900,2023.09,15601,Experimental,Dollars,6,A,Consolidated accounts - table 1.3,P051C,Consumption of fixed catpital,AN1,Produced non-financial assets,,,National Accounts - SNA 2008 - SNE,2023,9
SNEQ.SG05AP051C00S900,2023.12,15911,Experimental,Dollars,6,A,Consolidated accounts - table 1.3,P051C,Consumption of fixed catpital,AN1,Produced non-financial assets,,,National Accounts - SNA 2008 - SNE,2023,12
SNEQ.SG05AP051C00S900,2024.03,16202,Experimental,Dollars,6,A,Consolidated accounts - table 1.3,P051C,Consumption of fixed catpital,AN1,Produced non-financial assets,,,National Accounts - SNA 2008 - SNE,2024,3
SNEQ.SG05AP051C00S900,2024.06,16168,Experimental,Dollars,6,A,Consolidated accounts - table 1.3,P051C,Consumption of fixed catpital,AN1,Produced non-financial assets,,,National Accounts - SNA 2008 - SNE,2024,6
SNEQ.SG05AP051C00S900,2024.09,16398,Experimental,Dollars,6,A,Consolidated accounts - table 1.3,P051C,Consumption of fixed catpital,AN1,Produced non-financial assets,,,National Accounts - SNA 2008 - SNE,2024,9
SNEQ.SG05AP051C00S900,2024.12,16539,Experimental,Dollars,6,A,Consolidated accounts - table 1.3,P051C,Consumption of fixed catpital,AN1,Produced non-financial assets,,,National Accounts - SNA 2008 - SNE,2024,12
SNEQ.SG05AP051C00S900,2025.03,16742,Experimental,Dollars,6,A,Consolidated accounts - table 1.3,P051C,Consumption of fixed catpital,AN1,Produced non-financial assets,,,National Accounts - SNA 2008 - SNE,2025,3
SNEQ.SG05AP051C00S900,2025.06,16940,Experimental,Dollars,6,A,Consolidated accounts - table 1.3,P051C,Consumption of fixed catpital,AN1,Produced non-financial assets,,,National Accounts - SNA 2008 - SNE,2025,6
SNEQ.SG05AP051G00S900,2016.06,15215,Experimental,Dollars,6,A,Consolidated accounts - table 1.3,P051G,Gross fixed capital formation,,,,,National Accounts - SNA 2008 - SNE,2016,6
SNEQ.SG05AP051G00S900,2016.09,15643,Experimental,Dollars,6,A,Consolidated accounts - table 1.3,P051G,Gross fixed capital formation,,,,,National Accounts - SNA 2008 - SNE,2016,9
SNEQ.SG05AP051G00S900,2016.12,15810,Experimental,Dollars,6,A,Consolidated accounts - table 1.3,P051G,Gross fixed capital formation,,,,,National Accounts - SNA 2008 - SNE,2016,12
SNEQ.SG05AP051G00S900,2017.03,14785,Experimental,Dollars,6,A,Consolidated accounts - table 1.3,P051G,Gross fixed capital formation,,,,,National Accounts - SNA 2008 - SNE,2017,3
SNEQ.SG05AP051G00S900,2017.06,15982,Experimental,Dollars,6,A,Consolidated accounts - table 1.3,P051G,Gross fixed capital formation,,,,,National Accounts - SNA 2008 - SNE,2017,6
SNEQ.SG05AP051G00S900,2017.09,16665,Experimental,Dollars,6,A,Consolidated accounts - table 1.3,P051G,Gross fixed capital formation,,,,,National Accounts - SNA 2008 - SNE,2017,9
SNEQ.SG05AP051G00S900,2017.12,17713,Experimental,Dollars,6,A,Consolidated accounts - table 1.3,P051G,Gross fixed capital formation,,,,,National Accounts - SNA 2008 - SNE,2017,12
SNEQ.SG05AP051G00S900,2018.03,16474,Experimental,Dollars,6,A,Consolidated accounts - table 1.3,P051G,Gross fixed capital formation,,,,,National Accounts - SNA 2008 - SNE,2018,3
SNEQ.SG05AP051G00S900,2018.06,17720,Experimental,Dollars,6,A,Consolidated accounts - table 1.3,P051G,Gross fixed capital formation,,,,,National Accounts - SNA 2008 - SNE,2018,6
SNEQ.SG05AP051G00S900,2018.09,17908,Experimental,Dollars,6,A,Consolidated accounts - table 1.3,P051G,Gross fixed capital formation,,,,,National Accounts - SNA 2008 - SNE,2018,9
SNEQ.SG05AP051G00S900,2018.12,18672,Experimental,Dollars,6,A,Consolidated accounts - table 1.3,P051G,Gross fixed capital formation,,,,,National Accounts - SNA 2008 - SNE,2018,12
SNEQ.SG05AP051G00S900,2019.03,17731,Experimental,Dollars,6,A,Consolidated accounts - table 1.3,P051G,Gross fixed capital formation,,,,,National Accounts - SNA 2008 - SNE,2019,3
SNEQ.SG05AP051G00S900,2019.06,18858,Experimental,Dollars,6,A,Consolidated accounts - table 1.3,P051G,Gross fixed capital formation,,,,,National Accounts - SNA 2008 - SNE,2019,6
SNEQ.SG05AP051G00S900,2019.09,19259,Experimental,Dollars,6,A,Consolidated accounts - table 1.3,P051G,Gross fixed capital formation,,,,,National Accounts - SNA 2008 - SNE,2019,9
SNEQ.SG05AP051G00S900,2019.12,19980,Experimental,Dollars,6,A,Consolidated accounts - table 1.3,P051G,Gross fixed capital formation,,,,,National Accounts - SNA 2008 - SNE,2019,12
SNEQ.SG05AP051G00S900,2020.03,17958,Experimental,Dollars,6,A,Consolidated accounts - table 1.3,P051G,Gross fixed capital formation,,,,,National Accounts - SNA 2008 - SNE,2020,3
SNEQ.SG05AP051G00S900,2020.06,15547,Experimental,Dollars,6,A,Consolidated accounts - table 1.3,P051G,Gross fixed capital formation,,,,,National Accounts - SNA 2008 - SNE,2020,6
SNEQ.SG05AP051G00S900,2020.09,19982,Experimental,Dollars,6,A,Consolidated accounts - table 1.3,P051G,Gross fixed capital formation,,,,,National Accounts - SNA 2008 - SNE,2020,9
SNEQ.SG05AP051G00S900,2020.12,20650,Experimental,Dollars,6,A,Consolidated accounts - table 1.3,P051G,Gross fixed capital formation,,,,,National Accounts - SNA 2008 - SNE,2020,12
SNEQ.SG05AP051G00S900,2021.03,20145,Experimental,Dollars,6,A,Consolidated accounts - table 1.3,P051G,Gross fixed capital formation,,,,,National Accounts - SNA 2008 - SNE,2021,3
SNEQ.SG05AP051G00S900,2021.06,20980,Experimental,Dollars,6,A,Consolidated accounts - table 1.3,P051G,Gross fixed capital formation,,,,,National Accounts - SNA 2008 - SNE,2021,6
SNEQ.SG05AP051G00S900,2021.09,20679,Experimental,Dollars,6,A,Consolidated accounts - table 1.3,P051G,Gross fixed capital formation,,,,,National Accounts - SNA 2008 - SNE,2021,9
SNEQ.SG05AP051G00S900,2021.12,23889,Experimental,Dollars,6,A,Consolidated accounts - table 1.3,P051G,Gross fixed capital formation,,,,,National Accounts - SNA 2008 - SNE,2021,12
SNEQ.SG05AP051G00S900,2022.03,22834,Experimental,Dollars,6,A,Consolidated accounts - table 1.3,P051G,Gross fixed capital formation,,,,,National Accounts - SNA 2008 - SNE,2022,3
SNEQ.SG05AP051G00S900,2022.06,23440,Experimental,Dollars,6,A,Consolidated accounts - table 1.3,P051G,Gross fixed capital formation,,,,,National Accounts - SNA 2008 - SNE,2022,6
SNEQ.SG05AP051G00S900,2022.09,25624,Experimental,Dollars,6,A,Consolidated accounts - table 1.3,P051G,Gross fixed capital formation,,,,,National Accounts - SNA 2008 - SNE,2022,9
SNEQ.SG05AP051G00S900,2022.12,26103,Experimental,Dollars,6,A,Consolidated accounts - table 1.3,P051G,Gross fixed capital formation,,,,,National Accounts - SNA 2008 - SNE,2022,12
SNEQ.SG05AP051G00S900,2023.03,24676,Experimental,Dollars,6,A,Consolidated accounts - table 1.3,P051G,Gross fixed capital formation,,,,,National Accounts - SNA 2008 - SNE,2023,3
SNEQ.SG05AP051G00S900,2023.06,25918,Experimental,Dollars,6,A,Consolidated accounts - table 1.3,P051G,Gross fixed capital formation,,,,,National Accounts - SNA 2008 - SNE,2023,6
SNEQ.SG05AP051G00S900,2023.09,25913,Experimental,Dollars,6,A,Consolidated accounts - table 1.3,P051G,Gross fixed capital formation,,,,,National Accounts - SNA 2008 - SNE,2023,9
SNEQ.SG05AP051G00S900,2023.12,26538,Experimental,Dollars,6,A,Consolidated accounts - table 1.3,P051G,Gross fixed capital formation,,,,,National Accounts - SNA 2008 - SNE,2023,12
SNEQ.SG05AP051G00S900,2024.03,24723,Experimental,Dollars,6,A,Consolidated accounts - table 1.3,P051G,Gross fixed capital formation,,,,,National Accounts - SNA 2008 - SNE,2024,3
SNEQ.SG05AP051G00S900,2024.06,25379,Experimental,Dollars,6,A,Consolidated accounts - table 1.3,P051G,Gross fixed capital formation,,,,,National Accounts - SNA 2008 - SNE,2024,6
SNEQ.SG05AP051G00S900,2024.09,24920,Experimental,Dollars,6,A,Consolidated accounts - table 1.3,P051G,Gross fixed capital formation,,,,,National Accounts - SNA 2008 - SNE,2024,9
SNEQ.SG05AP051G00S900,2024.12,25445,Experimental,Dollars,6,A,Consolidated accounts - table 1.3,P051G,Gross fixed capital formation,,,,,National Accounts - SNA 2008 - SNE,2024,12
SNEQ.SG05AP051G00S900,2025.03,24436,Experimental,Dollars,6,A,Consolidated accounts - table 1.3,P051G,Gross fixed capital formation,,,,,National Accounts - SNA 2008 - SNE,2025,3
SNEQ.SG05AP051G00S900,2025.06,24632,Experimental,Dollars,6,A,Consolidated accounts - table 1.3,P051G,Gross fixed capital formation,,,,,National Accounts - SNA 2008 - SNE,2025,6
SNEQ.SG05AP052000S900,2016.06,-1639,Experimental,Dollars,6,A,Consolidated accounts - table 1.3,P052,Change in inventories,,,,,National Accounts - SNA 2008 - SNE,2016,6
SNEQ.SG05AP052000S900,2016.09,228,Experimental,Dollars,6,A,Consolidated accounts - table 1.3,P052,Change in inventories,,,,,National Accounts - SNA 2008 - SNE,2016,9
SNEQ.SG05AP052000S900,2016.12,1651,Experimental,Dollars,6,A,Consolidated accounts - table 1.3,P052,Change in inventories,,,,,National Accounts - SNA 2008 - SNE,2016,12
SNEQ.SG05AP052000S900,2017.03,1235,Experimental,Dollars,6,A,Consolidated accounts - table 1.3,P052,Change in inventories,,,,,National Accounts - SNA 2008 - SNE,2017,3
SNEQ.SG05AP052000S900,2017.06,-1693,Experimental,Dollars,6,A,Consolidated accounts - table 1.3,P052,Change in inventories,,,,,National Accounts - SNA 2008 - SNE,2017,6
SNEQ.SG05AP052000S900,2017.09,324,Experimental,Dollars,6,A,Consolidated accounts - table 1.3,P052,Change in inventories,,,,,National Accounts - SNA 2008 - SNE,2017,9
SNEQ.SG05AP052000S900,2017.12,1984,Experimental,Dollars,6,A,Consolidated accounts - table 1.3,P052,Change in inventories,,,,,National Accounts - SNA 2008 - SNE,2017,12
SNEQ.SG05AP052000S900,2018.03,1525,Experimental,Dollars,6,A,Consolidated accounts - table 1.3,P052,Change in inventories,,,,,National Accounts - SNA 2008 - SNE,2018,3
SNEQ.SG05AP052000S900,2018.06,-1082,Experimental,Dollars,6,A,Consolidated accounts - table 1.3,P052,Change in inventories,,,,,National Accounts - SNA 2008 - SNE,2018,6
SNEQ.SG05AP052000S900,2018.09,819,Experimental,Dollars,6,A,Consolidated accounts - table 1.3,P052,Change in inventories,,,,,National Accounts - SNA 2008 - SNE,2018,9
SNEQ.SG05AP052000S900,2018.12,1376,Experimental,Dollars,6,A,Consolidated accounts - table 1.3,P052,Change in inventories,,,,,National Accounts - SNA 2008 - SNE,2018,12
SNEQ.SG05AP052000S900,2019.03,341,Experimental,Dollars,6,A,Consolidated accounts - table 1.3,P052,Change in inventories,,,,,National Accounts - SNA 2008 - SNE,2019,3
SNEQ.SG05AP052000S900,2019.06,-1778,Experimental,Dollars,6,A,Consolidated accounts - table 1.3,P052,Change in inventories,,,,,National Accounts - SNA 2008 - SNE,2019,6
SNEQ.SG05AP052000S900,2019.09,1048,Experimental,Dollars,6,A,Consolidated accounts - table 1.3,P052,Change in inventories,,,,,National Accounts - SNA 2008 - SNE,2019,9
SNEQ.SG05AP052000S900,2019.12,1684,Experimental,Dollars,6,A,Consolidated accounts - table 1.3,P052,Change in inventories,,,,,National Accounts - SNA 2008 - SNE,2019,12
SNEQ.SG05AP052000S900,2020.03,-165,Experimental,Dollars,6,A,Consolidated accounts - table 1.3,P052,Change in inventories,,,,,National Accounts - SNA 2008 - SNE,2020,3
SNEQ.SG05AP052000S900,2020.06,-2921,Experimental,Dollars,6,A,Consolidated accounts - table 1.3,P052,Change in inventories,,,,,National Accounts - SNA 2008 - SNE,2020,6
SNEQ.SG05AP052000S900,2020.09,-62,Experimental,Dollars,6,A,Consolidated accounts - table 1.3,P052,Change in inventories,,,,,National Accounts - SNA 2008 - SNE,2020,9
SNEQ.SG05AP052000S900,2020.12,1160,Experimental,Dollars,6,A,Consolidated accounts - table 1.3,P052,Change in inventories,,,,,National Accounts - SNA 2008 - SNE,2020,12
SNEQ.SG05AP052000S900,2021.03,1424,Experimental,Dollars,6,A,Consolidated accounts - table 1.3,P052,Change in inventories,,,,,National Accounts - SNA 2008 - SNE,2021,3
SNEQ.SG05AP052000S900,2021.06,-3340,Experimental,Dollars,6,A,Consolidated accounts - table 1.3,P052,Change in inventories,,,,,National Accounts - SNA 2008 - SNE,2021,6
SNEQ.SG05AP052000S900,2021.09,2640,Experimental,Dollars,6,A,Consolidated accounts - table 1.3,P052,Change in inventories,,,,,National Accounts - SNA 2008 - SNE,2021,9
SNEQ.SG05AP052000S900,2021.12,1944,Experimental,Dollars,6,A,Consolidated accounts - table 1.3,P052,Change in inventories,,,,,National Accounts - SNA 2008 - SNE,2021,12
SNEQ.SG05AP052000S900,2022.03,545,Experimental,Dollars,6,A,Consolidated accounts - table 1.3,P052,Change in inventories,,,,,National Accounts - SNA 2008 - SNE,2022,3
SNEQ.SG05AP052000S900,2022.06,-865,Experimental,Dollars,6,A,Consolidated accounts - table 1.3,P052,Change in inventories,,,,,National Accounts - SNA 2008 - SNE,2022,6
SNEQ.SG05AP052000S900,2022.09,587,Experimental,Dollars,6,A,Consolidated accounts - table 1.3,P052,Change in inventories,,,,,National Accounts - SNA 2008 - SNE,2022,9
SNEQ.SG05AP052000S900,2022.12,3477,Experimental,Dollars,6,A,Consolidated accounts - table 1.3,P052,Change in inventories,,,,,National Accounts - SNA 2008 - SNE,2022,12
SNEQ.SG05AP052000S900,2023.03,310,Experimental,Dollars,6,A,Consolidated accounts - table 1.3,P052,Change in inventories,,,,,National Accounts - SNA 2008 - SNE,2023,3
SNEQ.SG05AP052000S900,2023.06,-3880,Experimental,Dollars,6,A,Consolidated accounts - table 1.3,P052,Change in inventories,,,,,National Accounts - SNA 2008 - SNE,2023,6
SNEQ.SG05AP052000S900,2023.09,991,Experimental,Dollars,6,A,Consolidated accounts - table 1.3,P052,Change in inventories,,,,,National Accounts - SNA 2008 - SNE,2023,9
SNEQ.SG05AP052000S900,2023.12,-171,Experimental,Dollars,6,A,Consolidated accounts - table 1.3,P052,Change in inventories,,,,,National Accounts - SNA 2008 - SNE,2023,12
SNEQ.SG05AP052000S900,2024.03,4,Experimental,Dollars,6,A,Consolidated accounts - table 1.3,P052,Change in inventories,,,,,National Accounts - SNA 2008 - SNE,2024,3
SNEQ.SG05AP052000S900,2024.06,-3774,Experimental,Dollars,6,A,Consolidated accounts - table 1.3,P052,Change in inventories,,,,,National Accounts - SNA 2008 - SNE,2024,6
SNEQ.SG05AP052000S900,2024.09,212,Experimental,Dollars,6,A,Consolidated accounts - table 1.3,P052,Change in inventories,,,,,National Accounts - SNA 2008 - SNE,2024,9
SNEQ.SG05AP052000S900,2024.12,1600,Experimental,Dollars,6,A,Consolidated accounts - table 1.3,P052,Change in inventories,,,,,National Accounts - SNA 2008 - SNE,2024,12
SNEQ.SG05AP052000S900,2025.03,-413,Experimental,Dollars,6,A,Consolidated accounts - table 1.3,P052,Change in inventories,,,,,National Accounts - SNA 2008 - SNE,2025,3
SNEQ.SG05AP052000S900,2025.06,-3587,Experimental,Dollars,6,A,Consolidated accounts - table 1.3,P052,Change in inventories,,,,,National Accounts - SNA 2008 - SNE,2025,6
SNEQ.SG03SB01GE00S900,2011.06,52560,FINAL,Dollars,6,S,Consolidated accounts - table 1.1,B01GE,Gross domestic product - expenditure measure,,,,,National Accounts - SNA 2008 - SNE,2011,6
SNEQ.SG03SB01GE00S900,2011.09,53357,FINAL,Dollars,6,S,Consolidated accounts - table 1.1,B01GE,Gross domestic product - expenditure measure,,,,,National Accounts - SNA 2008 - SNE,2011,9
SNEQ.SG03SB01GE00S900,2011.12,53664,FINAL,Dollars,6,S,Consolidated accounts - table 1.1,B01GE,Gross domestic product - expenditure measure,,,,,National Accounts - SNA 2008 - SNE,2011,12
SNEQ.SG03SB01GE00S900,2012.03,53663,FINAL,Dollars,6,S,Consolidated accounts - table 1.1,B01GE,Gross domestic product - expenditure measure,,,,,National Accounts - SNA 2008 - SNE,2012,3
SNEQ.SG03SB01GE00S900,2012.06,54513,FINAL,Dollars,6,S,Consolidated accounts - table 1.1,B01GE,Gross domestic product - expenditure measure,,,,,National Accounts - SNA 2008 - SNE,2012,6
SNEQ.SG03SB01GE00S900,2012.09,54017,FINAL,Dollars,6,S,Consolidated accounts - table 1.1,B01GE,Gross domestic product - expenditure measure,,,,,National Accounts - SNA 2008 - SNE,2012,9
SNEQ.SG03SB01GE00S900,2012.12,54165,REVISED,Dollars,6,S,Consolidated accounts - table 1.1,B01GE,Gross domestic product - expenditure measure,,,,,National Accounts - SNA 2008 - SNE,2012,12
SNEQ.SG03SB01GE00S900,2013.03,55245,REVISED,Dollars,6,S,Consolidated accounts - table 1.1,B01GE,Gross domestic product - expenditure measure,,,,,National Accounts - SNA 2008 - SNE,2013,3
SNEQ.SG03SB01GE00S900,2013.06,55756,REVISED,Dollars,6,S,Consolidated accounts - table 1.1,B01GE,Gross domestic product - expenditure measure,,,,,National Accounts - SNA 2008 - SNE,2013,6
SNEQ.SG03SB01GE00S900,2013.09,57574,REVISED,Dollars,6,S,Consolidated accounts - table 1.1,B01GE,Gross domestic product - expenditure measure,,,,,National Accounts - SNA 2008 - SNE,2013,9
SNEQ.SG03SB01GE00S900,2013.12,59603,REVISED,Dollars,6,S,Consolidated accounts - table 1.1,B01GE,Gross domestic product - expenditure measure,,,,,National Accounts - SNA 2008 - SNE,2013,12
SNEQ.SG03SB01GE00S900,2014.03,59867,REVISED,Dollars,6,S,Consolidated accounts - table 1.1,B01GE,Gross domestic product - expenditure measure,,,,,National Accounts - SNA 2008 - SNE,2014,3
SNEQ.SG03SB01GE00S900,2014.06,60007,REVISED,Dollars,6,S,Consolidated accounts - table 1.1,B01GE,Gross domestic product - expenditure measure,,,,,National Accounts - SNA 2008 - SNE,2014,6
SNEQ.SG03SB01GE00S900,2014.09,60355,REVISED,Dollars,6,S,Consolidated accounts - table 1.1,B01GE,Gross domestic product - expenditure measure,,,,,National Accounts - SNA 2008 - SNE,2014,9
SNEQ.SG03SB01GE00S900,2014.12,60853,REVISED,Dollars,6,S,Consolidated accounts - table 1.1,B01GE,Gross domestic product - expenditure measure,,,,,National Accounts - SNA 2008 - SNE,2014,12
SNEQ.SG03SB01GE00S900,2015.03,61701,REVISED,Dollars,6,S,Consolidated accounts - table 1.1,B01GE,Gross domestic product - expenditure measure,,,,,National Accounts - SNA 2008 - SNE,2015,3
SNEQ.SG03SB01GE00S900,2015.06,62962,REVISED,Dollars,6,S,Consolidated accounts - table 1.1,B01GE,Gross domestic product - expenditure measure,,,,,National Accounts - SNA 2008 - SNE,2015,6
SNEQ.SG03SB01GE00S900,2015.09,63572,REVISED,Dollars,6,S,Consolidated accounts - table 1.1,B01GE,Gross domestic product - expenditure measure,,,,,National Accounts - SNA 2008 - SNE,2015,9
SNEQ.SG03SB01GE00S900,2015.12,63745,REVISED,Dollars,6,S,Consolidated accounts - table 1.1,B01GE,Gross domestic product - expenditure measure,,,,,National Accounts - SNA 2008 - SNE,2015,12
SNEQ.SG03SB01GE00S900,2016.03,65320,REVISED,Dollars,6,S,Consolidated accounts - table 1.1,B01GE,Gross domestic product - expenditure measure,,,,,National Accounts - SNA 2008 - SNE,2016,3
SNEQ.SG03SB01GE00S900,2016.06,66291,REVISED,Dollars,6,S,Consolidated accounts - table 1.1,B01GE,Gross domestic product - expenditure measure,,,,,National Accounts - SNA 2008 - SNE,2016,6
SNEQ.SG03SB01GE00S900,2016.09,67157,REVISED,Dollars,6,S,Consolidated accounts - table 1.1,B01GE,Gross domestic product - expenditure measure,,,,,National Accounts - SNA 2008 - SNE,2016,9
SNEQ.SG03SB01GE00S900,2016.12,68079,REVISED,Dollars,6,S,Consolidated accounts - table 1.1,B01GE,Gross domestic product - expenditure measure,,,,,National Accounts - SNA 2008 - SNE,2016,12
SNEQ.SG03SB01GE00S900,2017.03,70053,REVISED,Dollars,6,S,Consolidated accounts - table 1.1,B01GE,Gross domestic product - expenditure measure,,,,,National Accounts - SNA 2008 - SNE,2017,3
SNEQ.SG03SB01GE00S900,2017.06,70464,REVISED,Dollars,6,S,Consolidated accounts - table 1.1,B01GE,Gross domestic product - expenditure measure,,,,,National Accounts - SNA 2008 - SNE,2017,6
SNEQ.SG03SB01GE00S900,2017.09,72069,REVISED,Dollars,6,S,Consolidated accounts - table 1.1,B01GE,Gross domestic product - expenditure measure,,,,,National Accounts - SNA 2008 - SNE,2017,9
SNEQ.SG03SB01GE00S900,2017.12,73818,REVISED,Dollars,6,S,Consolidated accounts - table 1.1,B01GE,Gross domestic product - expenditure measure,,,,,National Accounts - SNA 2008 - SNE,2017,12
SNEQ.SG03SB01GE00S900,2018.03,74398,REVISED,Dollars,6,S,Consolidated accounts - table 1.1,B01GE,Gross domestic product - expenditure measure,,,,,National Accounts - SNA 2008 - SNE,2018,3
SNEQ.SG03SB01GE00S900,2018.06,75271,REVISED,Dollars,6,S,Consolidated accounts - table 1.1,B01GE,Gross domestic product - expenditure measure,,,,,National Accounts - SNA 2008 - SNE,2018,6
SNEQ.SG03SB01GE00S900,2018.09,75834,REVISED,Dollars,6,S,Consolidated accounts - table 1.1,B01GE,Gross domestic product - expenditure measure,,,,,National Accounts - SNA 2008 - SNE,2018,9
SNEQ.SG03SB01GE00S900,2018.12,76844,REVISED,Dollars,6,S,Consolidated accounts - table 1.1,B01GE,Gross domestic product - expenditure measure,,,,,National Accounts - SNA 2008 - SNE,2018,12
SNEQ.SG03SB01GE00S900,2019.03,78309,REVISED,Dollars,6,S,Consolidated accounts - table 1.1,B01GE,Gross domestic product - expenditure measure,,,,,National Accounts - SNA 2008 - SNE,2019,3
SNEQ.SG03SB01GE00S900,2019.06,79348,REVISED,Dollars,6,S,Consolidated accounts - table 1.1,B01GE,Gross domestic product - expenditure measure,,,,,National Accounts - SNA 2008 - SNE,2019,6
SNEQ.SG03SB01GE00S900,2019.09,80378,REVISED,Dollars,6,S,Consolidated accounts - table 1.1,B01GE,Gross domestic product - expenditure measure,,,,,National Accounts - SNA 2008 - SNE,2019,9
SNEQ.SG03SB01GE00S900,2019.12,81766,REVISED,Dollars,6,S,Consolidated accounts - table 1.1,B01GE,Gross domestic product - expenditure measure,,,,,National Accounts - SNA 2008 - SNE,2019,12
SNEQ.SG03SB01GE00S900,2020.03,81810,REVISED,Dollars,6,S,Consolidated accounts - table 1.1,B01GE,Gross domestic product - expenditure measure,,,,,National Accounts - SNA 2008 - SNE,2020,3
SNEQ.SG03SB01GE00S900,2020.06,73596,REVISED,Dollars,6,S,Consolidated accounts - table 1.1,B01GE,Gross domestic product - expenditure measure,,,,,National Accounts - SNA 2008 - SNE,2020,6
SNEQ.SG03SB01GE00S900,2020.09,83856,REVISED,Dollars,6,S,Consolidated accounts - table 1.1,B01GE,Gross domestic product - expenditure measure,,,,,National Accounts - SNA 2008 - SNE,2020,9
SNEQ.SG03SB01GE00S900,2020.12,84401,REVISED,Dollars,6,S,Consolidated accounts - table 1.1,B01GE,Gross domestic product - expenditure measure,,,,,National Accounts - SNA 2008 - SNE,2020,12
SNEQ.SG03SB01GE00S900,2021.03,86596,REVISED,Dollars,6,S,Consolidated accounts - table 1.1,B01GE,Gross domestic product - expenditure measure,,,,,National Accounts - SNA 2008 - SNE,2021,3
SNEQ.SG03SB01GE00S900,2021.06,88449,REVISED,Dollars,6,S,Consolidated accounts - table 1.1,B01GE,Gross domestic product - expenditure measure,,,,,National Accounts - SNA 2008 - SNE,2021,6
SNEQ.SG03SB01GE00S900,2021.09,86561,REVISED,Dollars,6,S,Consolidated accounts - table 1.1,B01GE,Gross domestic product - expenditure measure,,,,,National Accounts - SNA 2008 - SNE,2021,9
SNEQ.SG03SB01GE00S900,2021.12,91239,REVISED,Dollars,6,S,Consolidated accounts - table 1.1,B01GE,Gross domestic product - expenditure measure,,,,,National Accounts - SNA 2008 - SNE,2021,12
SNEQ.SG03SB01GE00S900,2022.03,92610,REVISED,Dollars,6,S,Consolidated accounts - table 1.1,B01GE,Gross domestic product - expenditure measure,,,,,National Accounts - SNA 2008 - SNE,2022,3
SNEQ.SG03SB01GE00S900,2022.06,95202,REVISED,Dollars,6,S,Consolidated accounts - table 1.1,B01GE,Gross domestic product - expenditure measure,,,,,National Accounts - SNA 2008 - SNE,2022,6
SNEQ.SG03SB01GE00S900,2022.09,97933,REVISED,Dollars,6,S,Consolidated accounts - table 1.1,B01GE,Gross domestic product - expenditure measure,,,,,National Accounts - SNA 2008 - SNE,2022,9
SNEQ.SG03SB01GE00S900,2022.12,99920,REVISED,Dollars,6,S,Consolidated accounts - table 1.1,B01GE,Gross domestic product - expenditure measure,,,,,National Accounts - SNA 2008 - SNE,2022,12
SNEQ.SG03SB01GE00S900,2023.03,100586,REVISED,Dollars,6,S,Consolidated accounts - table 1.1,B01GE,Gross domestic product - expenditure measure,,,,,National Accounts - SNA 2008 - SNE,2023,3
SNEQ.SG03SB01GE00S900,2023.06,103141,REVISED,Dollars,6,S,Consolidated accounts - table 1.1,B01GE,Gross domestic product - expenditure measure,,,,,National Accounts - SNA 2008 - SNE,2023,6
SNEQ.SG03SB01GE00S900,2023.09,104503,REVISED,Dollars,6,S,Consolidated accounts - table 1.1,B01GE,Gross domestic product - expenditure measure,,,,,National Accounts - SNA 2008 - SNE,2023,9
SNEQ.SG03SB01GE00S900,2023.12,103795,REVISED,Dollars,6,S,Consolidated accounts - table 1.1,B01GE,Gross domestic product - expenditure measure,,,,,National Accounts - SNA 2008 - SNE,2023,12
SNEQ.SG03SB01GE00S900,2024.03,105781,REVISED,Dollars,6,S,Consolidated accounts - table 1.1,B01GE,Gross domestic product - expenditure measure,,,,,National Accounts - SNA 2008 - SNE,2024,3
SNEQ.SG03SB01GE00S900,2024.06,106078,REVISED,Dollars,6,S,Consolidated accounts - table 1.1,B01GE,Gross domestic product - expenditure measure,,,,,National Accounts - SNA 2008 - SNE,2024,6
SNEQ.SG03SB01GE00S900,2024.09,106425,REVISED,Dollars,6,S,Consolidated accounts - table 1.1,B01GE,Gross domestic product - expenditure measure,,,,,National Accounts - SNA 2008 - SNE,2024,9
SNEQ.SG03SB01GE00S900,2024.12,108511,REVISED,Dollars,6,S,Consolidated accounts - table 1.1,B01GE,Gross domestic product - expenditure measure,,,,,National Accounts - SNA 2008 - SNE,2024,12
SNEQ.SG03SB01GE00S900,2025.03,110482,REVISED,Dollars,6,S,Consolidated accounts - table 1.1,B01GE,Gross domestic product - expenditure measure,,,,,National Accounts - SNA 2008 - SNE,2025,3
SNEQ.SG03SB01GE00S900,2025.06,110624,FINAL,Dollars,6,S,Consolidated accounts - table 1.1,B01GE,Gross domestic product - expenditure measure,,,,,National Accounts - SNA 2008 - SNE,2025,6
SNEQ.SG03SB01GI00S900,2011.06,52504,FINAL,Dollars,6,S,Consolidated accounts - table 1.1,B01GI,Gross domestic product - income measure,,,,,National Accounts - SNA 2008 - SNE,2011,6
SNEQ.SG03SB01GI00S900,2011.09,53468,FINAL,Dollars,6,S,Consolidated accounts - table 1.1,B01GI,Gross domestic product - income measure,,,,,National Accounts - SNA 2008 - SNE,2011,9
SNEQ.SG03SB01GI00S900,2011.12,53679,FINAL,Dollars,6,S,Consolidated accounts - table 1.1,B01GI,Gross domestic product - income measure,,,,,National Accounts - SNA 2008 - SNE,2011,12
SNEQ.SG03SB01GI00S900,2012.03,53609,REVISED,Dollars,6,S,Consolidated accounts - table 1.1,B01GI,Gross domestic product - income measure,,,,,National Accounts - SNA 2008 - SNE,2012,3
SNEQ.SG03SB01GI00S900,2012.06,54525,REVISED,Dollars,6,S,Consolidated accounts - table 1.1,B01GI,Gross domestic product - income measure,,,,,National Accounts - SNA 2008 - SNE,2012,6
SNEQ.SG03SB01GI00S900,2012.09,54023,FINAL,Dollars,6,S,Consolidated accounts - table 1.1,B01GI,Gross domestic product - income measure,,,,,National Accounts - SNA 2008 - SNE,2012,9
SNEQ.SG03SB01GI00S900,2012.12,54213,FINAL,Dollars,6,S,Consolidated accounts - table 1.1,B01GI,Gross domestic product - income measure,,,,,National Accounts - SNA 2008 - SNE,2012,12
SNEQ.SG03SB01GI00S900,2013.03,55225,FINAL,Dollars,6,S,Consolidated accounts - table 1.1,B01GI,Gross domestic product - income measure,,,,,National Accounts - SNA 2008 - SNE,2013,3
SNEQ.SG03SB01GI00S900,2013.06,55784,REVISED,Dollars,6,S,Consolidated accounts - table 1.1,B01GI,Gross domestic product - income measure,,,,,National Accounts - SNA 2008 - SNE,2013,6
SNEQ.SG03SB01GI00S900,2013.09,57746,FINAL,Dollars,6,S,Consolidated accounts - table 1.1,B01GI,Gross domestic product - income measure,,,,,National Accounts - SNA 2008 - SNE,2013,9
SNEQ.SG03SB01GI00S900,2013.12,59597,FINAL,Dollars,6,S,Consolidated accounts - table 1.1,B01GI,Gross domestic product - income measure,,,,,National Accounts - SNA 2008 - SNE,2013,12
SNEQ.SG03SB01GI00S900,2014.03,59686,REVISED,Dollars,6,S,Consolidated accounts - table 1.1,B01GI,Gross domestic product - income measure,,,,,National Accounts - SNA 2008 - SNE,2014,3
SNEQ.SG03SB01GI00S900,2014.06,59972,REVISED,Dollars,6,S,Consolidated accounts - table 1.1,B01GI,Gross domestic product - income measure,,,,,National Accounts - SNA 2008 - SNE,2014,6
SNEQ.SG03SB01GI00S900,2014.09,60305,REVISED,Dollars,6,S,Consolidated accounts - table 1.1,B01GI,Gross domestic product - income measure,,,,,National Accounts - SNA 2008 - SNE,2014,9
SNEQ.SG03SB01GI00S900,2014.12,60975,FINAL,Dollars,6,S,Consolidated accounts - table 1.1,B01GI,Gross domestic product - income measure,,,,,National Accounts - SNA 2008 - SNE,2014,12
SNEQ.SG03SB01GI00S900,2015.03,61705,REVISED,Dollars,6,S,Consolidated accounts - table 1.1,B01GI,Gross domestic product - income measure,,,,,National Accounts - SNA 2008 - SNE,2015,3
SNEQ.SG03SB01GI00S900,2015.06,62902,REVISED,Dollars,6,S,Consolidated accounts - table 1.1,B01GI,Gross domestic product - income measure,,,,,National Accounts - SNA 2008 - SNE,2015,6
SNEQ.SG03SB01GI00S900,2015.09,63573,REVISED,Dollars,6,S,Consolidated accounts - table 1.1,B01GI,Gross domestic product - income measure,,,,,National Accounts - SNA 2008 - SNE,2015,9
SNEQ.SG03SB01GI00S900,2015.12,63902,FINAL,Dollars,6,S,Consolidated accounts - table 1.1,B01GI,Gross domestic product - income measure,,,,,National Accounts - SNA 2008 - SNE,2015,12
SNEQ.SG03SB01GI00S900,2016.03,65259,REVISED,Dollars,6,S,Consolidated accounts - table 1.1,B01GI,Gross domestic product - income measure,,,,,National Accounts - SNA 2008 - SNE,2016,3
SNEQ.SG03SB01GI00S900,2016.06,66244,REVISED,Dollars,6,S,Consolidated accounts - table 1.1,B01GI,Gross domestic product - income measure,,,,,National Accounts - SNA 2008 - SNE,2016,6
SNEQ.SG03SB01GI00S900,2016.09,67048,REVISED,Dollars,6,S,Consolidated accounts - table 1.1,B01GI,Gross domestic product - income measure,,,,,National Accounts - SNA 2008 - SNE,2016,9
SNEQ.SG03SB01GI00S900,2016.12,68345,REVISED,Dollars,6,S,Consolidated accounts - table 1.1,B01GI,Gross domestic product - income measure,,,,,National Accounts - SNA 2008 - SNE,2016,12
SNEQ.SG03SB01GI00S900,2017.03,70062,REVISED,Dollars,6,S,Consolidated accounts - table 1.1,B01GI,Gross domestic product - income measure,,,,,National Accounts - SNA 2008 - SNE,2017,3
SNEQ.SG03SB01GI00S900,2017.06,70537,FINAL,Dollars,6,S,Consolidated accounts - table 1.1,B01GI,Gross domestic product - income measure,,,,,National Accounts - SNA 2008 - SNE,2017,6
SNEQ.SG03SB01GI00S900,2017.09,71975,REVISED,Dollars,6,S,Consolidated accounts - table 1.1,B01GI,Gross domestic product - income measure,,,,,National Accounts - SNA 2008 - SNE,2017,9
SNEQ.SG03SB01GI00S900,2017.12,73968,REVISED,Dollars,6,S,Consolidated accounts - table 1.1,B01GI,Gross domestic product - income measure,,,,,National Accounts - SNA 2008 - SNE,2017,12
SNEQ.SG03SB01GI00S900,2018.03,74541,REVISED,Dollars,6,S,Consolidated accounts - table 1.1,B01GI,Gross domestic product - income measure,,,,,National Accounts - SNA 2008 - SNE,2018,3
SNEQ.SG03SB01GI00S900,2018.06,75526,REVISED,Dollars,6,S,Consolidated accounts - table 1.1,B01GI,Gross domestic product - income measure,,,,,National Accounts - SNA 2008 - SNE,2018,6
SNEQ.SG03SB01GI00S900,2018.09,75813,FINAL,Dollars,6,S,Consolidated accounts - table 1.1,B01GI,Gross domestic product - income measure,,,,,National Accounts - SNA 2008 - SNE,2018,9
SNEQ.SG03SB01GI00S900,2018.12,76950,REVISED,Dollars,6,S,Consolidated accounts - table 1.1,B01GI,Gross domestic product - income measure,,,,,National Accounts - SNA 2008 - SNE,2018,12
SNEQ.SG03SB01GI00S900,2019.03,78292,REVISED,Dollars,6,S,Consolidated accounts - table 1.1,B01GI,Gross domestic product - income measure,,,,,National Accounts - SNA 2008 - SNE,2019,3
SNEQ.SG03SB01GI00S900,2019.06,79538,REVISED,Dollars,6,S,Consolidated accounts - table 1.1,B01GI,Gross domestic product - income measure,,,,,National Accounts - SNA 2008 - SNE,2019,6
SNEQ.SG03SB01GI00S900,2019.09,80409,REVISED,Dollars,6,S,Consolidated accounts - table 1.1,B01GI,Gross domestic product - income measure,,,,,National Accounts - SNA 2008 - SNE,2019,9
SNEQ.SG03SB01GI00S900,2019.12,81694,REVISED,Dollars,6,S,Consolidated accounts - table 1.1,B01GI,Gross domestic product - income measure,,,,,National Accounts - SNA 2008 - SNE,2019,12
SNEQ.SG03SB01GI00S900,2020.03,81939,REVISED,Dollars,6,S,Consolidated accounts - table 1.1,B01GI,Gross domestic product - income measure,,,,,National Accounts - SNA 2008 - SNE,2020,3
SNEQ.SG03SB01GI00S900,2020.06,73930,REVISED,Dollars,6,S,Consolidated accounts - table 1.1,B01GI,Gross domestic product - income measure,,,,,National Accounts - SNA 2008 - SNE,2020,6
SNEQ.SG03SB01GI00S900,2020.09,83909,REVISED,Dollars,6,S,Consolidated accounts - table 1.1,B01GI,Gross domestic product - income measure,,,,,National Accounts - SNA 2008 - SNE,2020,9
SNEQ.SG03SB01GI00S900,2020.12,84375,REVISED,Dollars,6,S,Consolidated accounts - table 1.1,B01GI,Gross domestic product - income measure,,,,,National Accounts - SNA 2008 - SNE,2020,12
SNEQ.SG03SB01GI00S900,2021.03,86518,REVISED,Dollars,6,S,Consolidated accounts - table 1.1,B01GI,Gross domestic product - income measure,,,,,National Accounts - SNA 2008 - SNE,2021,3
SNEQ.SG03SB01GI00S900,2021.06,88714,REVISED,Dollars,6,S,Consolidated accounts - table 1.1,B01GI,Gross domestic product - income measure,,,,,National Accounts - SNA 2008 - SNE,2021,6
SNEQ.SG03SB01GI00S900,2021.09,86736,REVISED,Dollars,6,S,Consolidated accounts - table 1.1,B01GI,Gross domestic product - income measure,,,,,National Accounts - SNA 2008 - SNE,2021,9
SNEQ.SG03SB01GI00S900,2021.12,91048,REVISED,Dollars,6,S,Consolidated accounts - table 1.1,B01GI,Gross domestic product - income measure,,,,,National Accounts - SNA 2008 - SNE,2021,12
SNEQ.SG03SB01GI00S900,2022.03,92430,REVISED,Dollars,6,S,Consolidated accounts - table 1.1,B01GI,Gross domestic product - income measure,,,,,National Accounts - SNA 2008 - SNE,2022,3
SNEQ.SG03SB01GI00S900,2022.06,95370,REVISED,Dollars,6,S,Consolidated accounts - table 1.1,B01GI,Gross domestic product - income measure,,,,,National Accounts - SNA 2008 - SNE,2022,6
SNEQ.SG03SB01GI00S900,2022.09,97896,REVISED,Dollars,6,S,Consolidated accounts - table 1.1,B01GI,Gross domestic product - income measure,,,,,National Accounts - SNA 2008 - SNE,2022,9
SNEQ.SG03SB01GI00S900,2022.12,99930,REVISED,Dollars,6,S,Consolidated accounts - table 1.1,B01GI,Gross domestic product - income measure,,,,,National Accounts - SNA 2008 - SNE,2022,12
SNEQ.SG03SB01GI00S900,2023.03,100246,REVISED,Dollars,6,S,Consolidated accounts - table 1.1,B01GI,Gross domestic product - income measure,,,,,National Accounts - SNA 2008 - SNE,2023,3
SNEQ.SG03SB01GI00S900,2023.06,103082,REVISED,Dollars,6,S,Consolidated accounts - table 1.1,B01GI,Gross domestic product - income measure,,,,,National Accounts - SNA 2008 - SNE,2023,6
SNEQ.SG03SB01GI00S900,2023.09,104063,REVISED,Dollars,6,S,Consolidated accounts - table 1.1,B01GI,Gross domestic product - income measure,,,,,National Accounts - SNA 2008 - SNE,2023,9
SNEQ.SG03SB01GI00S900,2023.12,103578,REVISED,Dollars,6,S,Consolidated accounts - table 1.1,B01GI,Gross domestic product - income measure,,,,,National Accounts - SNA 2008 - SNE,2023,12
SNEQ.SG03SB01GI00S900,2024.03,105154,REVISED,Dollars,6,S,Consolidated accounts - table 1.1,B01GI,Gross domestic product - income measure,,,,,National Accounts - SNA 2008 - SNE,2024,3
SNEQ.SG03SB01GI00S900,2024.06,105659,REVISED,Dollars,6,S,Consolidated accounts - table 1.1,B01GI,Gross domestic product - income measure,,,,,National Accounts - SNA 2008 - SNE,2024,6
SNEQ.SG03SB01GI00S900,2024.09,105580,REVISED,Dollars,6,S,Consolidated accounts - table 1.1,B01GI,Gross domestic product - income measure,,,,,National Accounts - SNA 2008 - SNE,2024,9
SNEQ.SG03SB01GI00S900,2024.12,107629,REVISED,Dollars,6,S,Consolidated accounts - table 1.1,B01GI,Gross domestic product - income measure,,,,,National Accounts - SNA 2008 - SNE,2024,12
SNEQ.SG03SB01GI00S900,2025.03,109285,REVISED,Dollars,6,S,Consolidated accounts - table 1.1,B01GI,Gross domestic product - income measure,,,,,National Accounts - SNA 2008 - SNE,2025,3
SNEQ.SG03SB01GI00S900,2025.06,109029,FINAL,Dollars,6,S,Consolidated accounts - table 1.1,B01GI,Gross domestic product - income measure,,,,,National Accounts - SNA 2008 - SNE,2025,6
SNEQ.SG03SB02G000S900,2011.06,23132,FINAL,Dollars,6,S,Consolidated accounts - table 1.1,B02G,Gross operating surplus and gross mixed income,,,,,National Accounts - SNA 2008 - SNE,2011,6
SNEQ.SG03SB02G000S900,2011.09,23717,FINAL,Dollars,6,S,Consolidated accounts - table 1.1,B02G,Gross operating surplus and gross mixed income,,,,,National Accounts - SNA 2008 - SNE,2011,9
SNEQ.SG03SB02G000S900,2011.12,23693,FINAL,Dollars,6,S,Consolidated accounts - table 1.1,B02G,Gross operating surplus and gross mixed income,,,,,National Accounts - SNA 2008 - SNE,2011,12
SNEQ.SG03SB02G000S900,2012.03,23186,REVISED,Dollars,6,S,Consolidated accounts - table 1.1,B02G,Gross operating surplus and gross mixed income,,,,,National Accounts - SNA 2008 - SNE,2012,3
SNEQ.SG03SB02G000S900,2012.06,23936,REVISED,Dollars,6,S,Consolidated accounts - table 1.1,B02G,Gross operating surplus and gross mixed income,,,,,National Accounts - SNA 2008 - SNE,2012,6
SNEQ.SG03SB02G000S900,2012.09,23325,FINAL,Dollars,6,S,Consolidated accounts - table 1.1,B02G,Gross operating surplus and gross mixed income,,,,,National Accounts - SNA 2008 - SNE,2012,9
SNEQ.SG03SB02G000S900,2012.12,23244,FINAL,Dollars,6,S,Consolidated accounts - table 1.1,B02G,Gross operating surplus and gross mixed income,,,,,National Accounts - SNA 2008 - SNE,2012,12
SNEQ.SG03SB02G000S900,2013.03,23974,FINAL,Dollars,6,S,Consolidated accounts - table 1.1,B02G,Gross operating surplus and gross mixed income,,,,,National Accounts - SNA 2008 - SNE,2013,3
SNEQ.SG03SB02G000S900,2013.06,24212,REVISED,Dollars,6,S,Consolidated accounts - table 1.1,B02G,Gross operating surplus and gross mixed income,,,,,National Accounts - SNA 2008 - SNE,2013,6
SNEQ.SG03SB02G000S900,2013.09,25905,FINAL,Dollars,6,S,Consolidated accounts - table 1.1,B02G,Gross operating surplus and gross mixed income,,,,,National Accounts - SNA 2008 - SNE,2013,9
SNEQ.SG03SB02G000S900,2013.12,27009,FINAL,Dollars,6,S,Consolidated accounts - table 1.1,B02G,Gross operating surplus and gross mixed income,,,,,National Accounts - SNA 2008 - SNE,2013,12
SNEQ.SG03SB02G000S900,2014.03,26954,REVISED,Dollars,6,S,Consolidated accounts - table 1.1,B02G,Gross operating surplus and gross mixed income,,,,,National Accounts - SNA 2008 - SNE,2014,3
SNEQ.SG03SB02G000S900,2014.06,26733,REVISED,Dollars,6,S,Consolidated accounts - table 1.1,B02G,Gross operating surplus and gross mixed income,,,,,National Accounts - SNA 2008 - SNE,2014,6
SNEQ.SG03SB02G000S900,2014.09,26499,REVISED,Dollars,6,S,Consolidated accounts - table 1.1,B02G,Gross operating surplus and gross mixed income,,,,,National Accounts - SNA 2008 - SNE,2014,9
SNEQ.SG03SB02G000S900,2014.12,26557,FINAL,Dollars,6,S,Consolidated accounts - table 1.1,B02G,Gross operating surplus and gross mixed income,,,,,National Accounts - SNA 2008 - SNE,2014,12
SNEQ.SG03SB02G000S900,2015.03,27212,REVISED,Dollars,6,S,Consolidated accounts - table 1.1,B02G,Gross operating surplus and gross mixed income,,,,,National Accounts - SNA 2008 - SNE,2015,3
SNEQ.SG03SB02G000S900,2015.06,27872,REVISED,Dollars,6,S,Consolidated accounts - table 1.1,B02G,Gross operating surplus and gross mixed income,,,,,National Accounts - SNA 2008 - SNE,2015,6
SNEQ.SG03SB02G000S900,2015.09,27826,REVISED,Dollars,6,S,Consolidated accounts - table 1.1,B02G,Gross operating surplus and gross mixed income,,,,,National Accounts - SNA 2008 - SNE,2015,9
SNEQ.SG03SB02G000S900,2015.12,27891,FINAL,Dollars,6,S,Consolidated accounts - table 1.1,B02G,Gross operating surplus and gross mixed income,,,,,National Accounts - SNA 2008 - SNE,2015,12
SNEQ.SG03SB02G000S900,2016.03,28408,REVISED,Dollars,6,S,Consolidated accounts - table 1.1,B02G,Gross operating surplus and gross mixed income,,,,,National Accounts - SNA 2008 - SNE,2016,3
SNEQ.SG03SB02G000S900,2016.06,28900,REVISED,Dollars,6,S,Consolidated accounts - table 1.1,B02G,Gross operating surplus and gross mixed income,,,,,National Accounts - SNA 2008 - SNE,2016,6
SNEQ.SG03SB02G000S900,2016.09,29311,REVISED,Dollars,6,S,Consolidated accounts - table 1.1,B02G,Gross operating surplus and gross mixed income,,,,,National Accounts - SNA 2008 - SNE,2016,9
SNEQ.SG03SB02G000S900,2016.12,30505,REVISED,Dollars,6,S,Consolidated accounts - table 1.1,B02G,Gross operating surplus and gross mixed income,,,,,National Accounts - SNA 2008 - SNE,2016,12
SNEQ.SG03SB02G000S900,2017.03,31182,REVISED,Dollars,6,S,Consolidated accounts - table 1.1,B02G,Gross operating surplus and gross mixed income,,,,,National Accounts - SNA 2008 - SNE,2017,3
SNEQ.SG03SB02G000S900,2017.06,31398,REVISED,Dollars,6,S,Consolidated accounts - table 1.1,B02G,Gross operating surplus and gross mixed income,,,,,National Accounts - SNA 2008 - SNE,2017,6
SNEQ.SG03SB02G000S900,2017.09,32217,REVISED,Dollars,6,S,Consolidated accounts - table 1.1,B02G,Gross operating surplus and gross mixed income,,,,,National Accounts - SNA 2008 - SNE,2017,9
SNEQ.SG03SB02G000S900,2017.12,33284,REVISED,Dollars,6,S,Consolidated accounts - table 1.1,B02G,Gross operating surplus and gross mixed income,,,,,National Accounts - SNA 2008 - SNE,2017,12
SNEQ.SG03SB02G000S900,2018.03,33333,REVISED,Dollars,6,S,Consolidated accounts - table 1.1,B02G,Gross operating surplus and gross mixed income,,,,,National Accounts - SNA 2008 - SNE,2018,3
SNEQ.SG03SB02G000S900,2018.06,34073,REVISED,Dollars,6,S,Consolidated accounts - table 1.1,B02G,Gross operating surplus and gross mixed income,,,,,National Accounts - SNA 2008 - SNE,2018,6
SNEQ.SG03SB02G000S900,2018.09,33555,FINAL,Dollars,6,S,Consolidated accounts - table 1.1,B02G,Gross operating surplus and gross mixed income,,,,,National Accounts - SNA 2008 - SNE,2018,9
SNEQ.SG03SB02G000S900,2018.12,33496,REVISED,Dollars,6,S,Consolidated accounts - table 1.1,B02G,Gross operating surplus and gross mixed income,,,,,National Accounts - SNA 2008 - SNE,2018,12
SNEQ.SG03SB02G000S900,2019.03,34781,REVISED,Dollars,6,S,Consolidated accounts - table 1.1,B02G,Gross operating surplus and gross mixed income,,,,,National Accounts - SNA 2008 - SNE,2019,3
SNEQ.SG03SB02G000S900,2019.06,34994,REVISED,Dollars,6,S,Consolidated accounts - table 1.1,B02G,Gross operating surplus and gross mixed income,,,,,National Accounts - SNA 2008 - SNE,2019,6
SNEQ.SG03SB02G000S900,2019.09,35295,REVISED,Dollars,6,S,Consolidated accounts - table 1.1,B02G,Gross operating surplus and gross mixed income,,,,,National Accounts - SNA 2008 - SNE,2019,9
SNEQ.SG03SB02G000S900,2019.12,35763,REVISED,Dollars,6,S,Consolidated accounts - table 1.1,B02G,Gross operating surplus and gross mixed income,,,,,National Accounts - SNA 2008 - SNE,2019,12
SNEQ.SG03SB02G000S900,2020.03,39255,REVISED,Dollars,6,S,Consolidated accounts - table 1.1,B02G,Gross operating surplus and gross mixed income,,,,,National Accounts - SNA 2008 - SNE,2020,3
SNEQ.SG03SB02G000S900,2020.06,38659,REVISED,Dollars,6,S,Consolidated accounts - table 1.1,B02G,Gross operating surplus and gross mixed income,,,,,National Accounts - SNA 2008 - SNE,2020,6
SNEQ.SG03SB02G000S900,2020.09,39507,REVISED,Dollars,6,S,Consolidated accounts - table 1.1,B02G,Gross operating surplus and gross mixed income,,,,,National Accounts - SNA 2008 - SNE,2020,9
SNEQ.SG03SB02G000S900,2020.12,37503,REVISED,Dollars,6,S,Consolidated accounts - table 1.1,B02G,Gross operating surplus and gross mixed income,,,,,National Accounts - SNA 2008 - SNE,2020,12
SNEQ.SG03SB02G000S900,2021.03,38379,REVISED,Dollars,6,S,Consolidated accounts - table 1.1,B02G,Gross operating surplus and gross mixed income,,,,,National Accounts - SNA 2008 - SNE,2021,3
SNEQ.SG03SB02G000S900,2021.06,38534,REVISED,Dollars,6,S,Consolidated accounts - table 1.1,B02G,Gross operating surplus and gross mixed income,,,,,National Accounts - SNA 2008 - SNE,2021,6
SNEQ.SG03SB02G000S900,2021.09,40737,REVISED,Dollars,6,S,Consolidated accounts - table 1.1,B02G,Gross operating surplus and gross mixed income,,,,,National Accounts - SNA 2008 - SNE,2021,9
SNEQ.SG03SB02G000S900,2021.12,43105,REVISED,Dollars,6,S,Consolidated accounts - table 1.1,B02G,Gross operating surplus and gross mixed income,,,,,National Accounts - SNA 2008 - SNE,2021,12
SNEQ.SG03SB02G000S900,2022.03,41559,REVISED,Dollars,6,S,Consolidated accounts - table 1.1,B02G,Gross operating surplus and gross mixed income,,,,,National Accounts - SNA 2008 - SNE,2022,3
SNEQ.SG03SB02G000S900,2022.06,42629,REVISED,Dollars,6,S,Consolidated accounts - table 1.1,B02G,Gross operating surplus and gross mixed income,,,,,National Accounts - SNA 2008 - SNE,2022,6
SNEQ.SG03SB02G000S900,2022.09,43381,REVISED,Dollars,6,S,Consolidated accounts - table 1.1,B02G,Gross operating surplus and gross mixed income,,,,,National Accounts - SNA 2008 - SNE,2022,9
SNEQ.SG03SB02G000S900,2022.12,44633,REVISED,Dollars,6,S,Consolidated accounts - table 1.1,B02G,Gross operating surplus and gross mixed income,,,,,National Accounts - SNA 2008 - SNE,2022,12
SNEQ.SG03SB02G000S900,2023.03,44024,REVISED,Dollars,6,S,Consolidated accounts - table 1.1,B02G,Gross operating surplus and gross mixed income,,,,,National Accounts - SNA 2008 - SNE,2023,3
SNEQ.SG03SB02G000S900,2023.06,45668,REVISED,Dollars,6,S,Consolidated accounts - table 1.1,B02G,Gross operating surplus and gross mixed income,,,,,National Accounts - SNA 2008 - SNE,2023,6
SNEQ.SG03SB02G000S900,2023.09,45276,REVISED,Dollars,6,S,Consolidated accounts - table 1.1,B02G,Gross operating surplus and gross mixed income,,,,,National Accounts - SNA 2008 - SNE,2023,9
SNEQ.SG03SB02G000S900,2023.12,43640,REVISED,Dollars,6,S,Consolidated accounts - table 1.1,B02G,Gross operating surplus and gross mixed income,,,,,National Accounts - SNA 2008 - SNE,2023,12
SNEQ.SG03SB02G000S900,2024.03,44551,REVISED,Dollars,6,S,Consolidated accounts - table 1.1,B02G,Gross operating surplus and gross mixed income,,,,,National Accounts - SNA 2008 - SNE,2024,3
SNEQ.SG03SB02G000S900,2024.06,44381,REVISED,Dollars,6,S,Consolidated accounts - table 1.1,B02G,Gross operating surplus and gross mixed income,,,,,National Accounts - SNA 2008 - SNE,2024,6
SNEQ.SG03SB02G000S900,2024.09,44512,REVISED,Dollars,6,S,Consolidated accounts - table 1.1,B02G,Gross operating surplus and gross mixed income,,,,,National Accounts - SNA 2008 - SNE,2024,9
SNEQ.SG03SB02G000S900,2024.12,46458,REVISED,Dollars,6,S,Consolidated accounts - table 1.1,B02G,Gross operating surplus and gross mixed income,,,,,National Accounts - SNA 2008 - SNE,2024,12
SNEQ.SG03SB02G000S900,2025.03,47110,REVISED,Dollars,6,S,Consolidated accounts - table 1.1,B02G,Gross operating surplus and gross mixed income,,,,,National Accounts - SNA 2008 - SNE,2025,3
SNEQ.SG03SB02G000S900,2025.06,46653,FINAL,Dollars,6,S,Consolidated accounts - table 1.1,B02G,Gross operating surplus and gross mixed income,,,,,National Accounts - SNA 2008 - SNE,2025,6
SNEQ.SG03SB05GNE0S900,2011.06,51321,FINAL,Dollars,6,S,Consolidated accounts - table 1.1,B05GNE,Gross national expenditure,,,,,National Accounts - SNA 2008 - SNE,2011,6
SNEQ.SG03SB05GNE0S900,2011.09,52420,FINAL,Dollars,6,S,Consolidated accounts - table 1.1,B05GNE,Gross national expenditure,,,,,National Accounts - SNA 2008 - SNE,2011,9
SNEQ.SG03SB05GNE0S900,2011.12,52410,FINAL,Dollars,6,S,Consolidated accounts - table 1.1,B05GNE,Gross national expenditure,,,,,National Accounts - SNA 2008 - SNE,2011,12
SNEQ.SG03SB05GNE0S900,2012.03,53866,FINAL,Dollars,6,S,Consolidated accounts - table 1.1,B05GNE,Gross national expenditure,,,,,National Accounts - SNA 2008 - SNE,2012,3
SNEQ.SG03SB05GNE0S900,2012.06,54075,FINAL,Dollars,6,S,Consolidated accounts - table 1.1,B05GNE,Gross national expenditure,,,,,National Accounts - SNA 2008 - SNE,2012,6
SNEQ.SG03SB05GNE0S900,2012.09,53405,FINAL,Dollars,6,S,Consolidated accounts - table 1.1,B05GNE,Gross national expenditure,,,,,National Accounts - SNA 2008 - SNE,2012,9
SNEQ.SG03SB05GNE0S900,2012.12,54034,FINAL,Dollars,6,S,Consolidated accounts - table 1.1,B05GNE,Gross national expenditure,,,,,National Accounts - SNA 2008 - SNE,2012,12
SNEQ.SG03SB05GNE0S900,2013.03,55012,FINAL,Dollars,6,S,Consolidated accounts - table 1.1,B05GNE,Gross national expenditure,,,,,National Accounts - SNA 2008 - SNE,2013,3
SNEQ.SG03SB05GNE0S900,2013.06,55586,FINAL,Dollars,6,S,Consolidated accounts - table 1.1,B05GNE,Gross national expenditure,,,,,National Accounts - SNA 2008 - SNE,2013,6
SNEQ.SG03SB05GNE0S900,2013.09,57310,FINAL,Dollars,6,S,Consolidated accounts - table 1.1,B05GNE,Gross national expenditure,,,,,National Accounts - SNA 2008 - SNE,2013,9
SNEQ.SG03SB05GNE0S900,2013.12,57984,FINAL,Dollars,6,S,Consolidated accounts - table 1.1,B05GNE,Gross national expenditure,,,,,National Accounts - SNA 2008 - SNE,2013,12
SNEQ.SG03SB05GNE0S900,2014.03,58319,FINAL,Dollars,6,S,Consolidated accounts - table 1.1,B05GNE,Gross national expenditure,,,,,National Accounts - SNA 2008 - SNE,2014,3
SNEQ.SG03SB05GNE0S900,2014.06,59319,FINAL,Dollars,6,S,Consolidated accounts - table 1.1,B05GNE,Gross national expenditure,,,,,National Accounts - SNA 2008 - SNE,2014,6
SNEQ.SG03SB05GNE0S900,2014.09,60108,FINAL,Dollars,6,S,Consolidated accounts - table 1.1,B05GNE,Gross national expenditure,,,,,National Accounts - SNA 2008 - SNE,2014,9
SNEQ.SG03SB05GNE0S900,2014.12,60539,FINAL,Dollars,6,S,Consolidated accounts - table 1.1,B05GNE,Gross national expenditure,,,,,National Accounts - SNA 2008 - SNE,2014,12
SNEQ.SG03SB05GNE0S900,2015.03,61019,FINAL,Dollars,6,S,Consolidated accounts - table 1.1,B05GNE,Gross national expenditure,,,,,National Accounts - SNA 2008 - SNE,2015,3
SNEQ.SG03SB05GNE0S900,2015.06,62524,FINAL,Dollars,6,S,Consolidated accounts - table 1.1,B05GNE,Gross national expenditure,,,,,National Accounts - SNA 2008 - SNE,2015,6
SNEQ.SG03SB05GNE0S900,2015.09,62882,REVISED,Dollars,6,S,Consolidated accounts - table 1.1,B05GNE,Gross national expenditure,,,,,National Accounts - SNA 2008 - SNE,2015,9
SNEQ.SG03SB05GNE0S900,2015.12,63295,FINAL,Dollars,6,S,Consolidated accounts - table 1.1,B05GNE,Gross national expenditure,,,,,National Accounts - SNA 2008 - SNE,2015,12
SNEQ.SG03SB05GNE0S900,2016.03,64313,REVISED,Dollars,6,S,Consolidated accounts - table 1.1,B05GNE,Gross national expenditure,,,,,National Accounts - SNA 2008 - SNE,2016,3
SNEQ.SG03SB05GNE0S900,2016.06,65552,FINAL,Dollars,6,S,Consolidated accounts - table 1.1,B05GNE,Gross national expenditure,,,,,National Accounts - SNA 2008 - SNE,2016,6
SNEQ.SG03SB05GNE0S900,2016.09,66591,REVISED,Dollars,6,S,Consolidated accounts - table 1.1,B05GNE,Gross national expenditure,,,,,National Accounts - SNA 2008 - SNE,2016,9
SNEQ.SG03SB05GNE0S900,2016.12,67566,REVISED,Dollars,6,S,Consolidated accounts - table 1.1,B05GNE,Gross national expenditure,,,,,National Accounts - SNA 2008 - SNE,2016,12
SNEQ.SG03SB05GNE0S900,2017.03,69751,REVISED,Dollars,6,S,Consolidated accounts - table 1.1,B05GNE,Gross national expenditure,,,,,National Accounts - SNA 2008 - SNE,2017,3
SNEQ.SG03SB05GNE0S900,2017.06,69533,REVISED,Dollars,6,S,Consolidated accounts - table 1.1,B05GNE,Gross national expenditure,,,,,National Accounts - SNA 2008 - SNE,2017,6
SNEQ.SG03SB05GNE0S900,2017.09,71004,REVISED,Dollars,6,S,Consolidated accounts - table 1.1,B05GNE,Gross national expenditure,,,,,National Accounts - SNA 2008 - SNE,2017,9
SNEQ.SG03SB05GNE0S900,2017.12,73022,REVISED,Dollars,6,S,Consolidated accounts - table 1.1,B05GNE,Gross national expenditure,,,,,National Accounts - SNA 2008 - SNE,2017,12
SNEQ.SG03SB05GNE0S900,2018.03,74474,REVISED,Dollars,6,S,Consolidated accounts - table 1.1,B05GNE,Gross national expenditure,,,,,National Accounts - SNA 2008 - SNE,2018,3
SNEQ.SG03SB05GNE0S900,2018.06,75464,REVISED,Dollars,6,S,Consolidated accounts - table 1.1,B05GNE,Gross national expenditure,,,,,National Accounts - SNA 2008 - SNE,2018,6
SNEQ.SG03SB05GNE0S900,2018.09,76246,REVISED,Dollars,6,S,Consolidated accounts - table 1.1,B05GNE,Gross national expenditure,,,,,National Accounts - SNA 2008 - SNE,2018,9
SNEQ.SG03SB05GNE0S900,2018.12,76904,REVISED,Dollars,6,S,Consolidated accounts - table 1.1,B05GNE,Gross national expenditure,,,,,National Accounts - SNA 2008 - SNE,2018,12
SNEQ.SG03SB05GNE0S900,2019.03,77793,REVISED,Dollars,6,S,Consolidated accounts - table 1.1,B05GNE,Gross national expenditure,,,,,National Accounts - SNA 2008 - SNE,2019,3
SNEQ.SG03SB05GNE0S900,2019.06,79608,REVISED,Dollars,6,S,Consolidated accounts - table 1.1,B05GNE,Gross national expenditure,,,,,National Accounts - SNA 2008 - SNE,2019,6
SNEQ.SG03SB05GNE0S900,2019.09,80930,REVISED,Dollars,6,S,Consolidated accounts - table 1.1,B05GNE,Gross national expenditure,,,,,National Accounts - SNA 2008 - SNE,2019,9
SNEQ.SG03SB05GNE0S900,2019.12,81556,REVISED,Dollars,6,S,Consolidated accounts - table 1.1,B05GNE,Gross national expenditure,,,,,National Accounts - SNA 2008 - SNE,2019,12
SNEQ.SG03SB05GNE0S900,2020.03,80404,REVISED,Dollars,6,S,Consolidated accounts - table 1.1,B05GNE,Gross national expenditure,,,,,National Accounts - SNA 2008 - SNE,2020,3
SNEQ.SG03SB05GNE0S900,2020.06,71988,REVISED,Dollars,6,S,Consolidated accounts - table 1.1,B05GNE,Gross national expenditure,,,,,National Accounts - SNA 2008 - SNE,2020,6
SNEQ.SG03SB05GNE0S900,2020.09,82794,REVISED,Dollars,6,S,Consolidated accounts - table 1.1,B05GNE,Gross national expenditure,,,,,National Accounts - SNA 2008 - SNE,2020,9
SNEQ.SG03SB05GNE0S900,2020.12,84823,REVISED,Dollars,6,S,Consolidated accounts - table 1.1,B05GNE,Gross national expenditure,,,,,National Accounts - SNA 2008 - SNE,2020,12
SNEQ.SG03SB05GNE0S900,2021.03,90198,REVISED,Dollars,6,S,Consolidated accounts - table 1.1,B05GNE,Gross national expenditure,,,,,National Accounts - SNA 2008 - SNE,2021,3
SNEQ.SG03SB05GNE0S900,2021.06,89365,REVISED,Dollars,6,S,Consolidated accounts - table 1.1,B05GNE,Gross national expenditure,,,,,National Accounts - SNA 2008 - SNE,2021,6
SNEQ.SG03SB05GNE0S900,2021.09,89476,REVISED,Dollars,6,S,Consolidated accounts - table 1.1,B05GNE,Gross national expenditure,,,,,National Accounts - SNA 2008 - SNE,2021,9
SNEQ.SG03SB05GNE0S900,2021.12,94867,REVISED,Dollars,6,S,Consolidated accounts - table 1.1,B05GNE,Gross national expenditure,,,,,National Accounts - SNA 2008 - SNE,2021,12
SNEQ.SG03SB05GNE0S900,2022.03,98716,REVISED,Dollars,6,S,Consolidated accounts - table 1.1,B05GNE,Gross national expenditure,,,,,National Accounts - SNA 2008 - SNE,2022,3
SNEQ.SG03SB05GNE0S900,2022.06,100667,REVISED,Dollars,6,S,Consolidated accounts - table 1.1,B05GNE,Gross national expenditure,,,,,National Accounts - SNA 2008 - SNE,2022,6
SNEQ.SG03SB05GNE0S900,2022.09,102540,REVISED,Dollars,6,S,Consolidated accounts - table 1.1,B05GNE,Gross national expenditure,,,,,National Accounts - SNA 2008 - SNE,2022,9
SNEQ.SG03SB05GNE0S900,2022.12,105485,REVISED,Dollars,6,S,Consolidated accounts - table 1.1,B05GNE,Gross national expenditure,,,,,National Accounts - SNA 2008 - SNE,2022,12
SNEQ.SG03SB05GNE0S900,2023.03,105049,REVISED,Dollars,6,S,Consolidated accounts - table 1.1,B05GNE,Gross national expenditure,,,,,National Accounts - SNA 2008 - SNE,2023,3
SNEQ.SG03SB05GNE0S900,2023.06,106300,REVISED,Dollars,6,S,Consolidated accounts - table 1.1,B05GNE,Gross national expenditure,,,,,National Accounts - SNA 2008 - SNE,2023,6
SNEQ.SG03SB05GNE0S900,2023.09,107631,REVISED,Dollars,6,S,Consolidated accounts - table 1.1,B05GNE,Gross national expenditure,,,,,National Accounts - SNA 2008 - SNE,2023,9
SNEQ.SG03SB05GNE0S900,2023.12,106394,REVISED,Dollars,6,S,Consolidated accounts - table 1.1,B05GNE,Gross national expenditure,,,,,National Accounts - SNA 2008 - SNE,2023,12
SNEQ.SG03SB05GNE0S900,2024.03,107854,REVISED,Dollars,6,S,Consolidated accounts - table 1.1,B05GNE,Gross national expenditure,,,,,National Accounts - SNA 2008 - SNE,2024,3
SNEQ.SG03SB05GNE0S900,2024.06,108700,REVISED,Dollars,6,S,Consolidated accounts - table 1.1,B05GNE,Gross national expenditure,,,,,National Accounts - SNA 2008 - SNE,2024,6
SNEQ.SG03SB05GNE0S900,2024.09,108387,REVISED,Dollars,6,S,Consolidated accounts - table 1.1,B05GNE,Gross national expenditure,,,,,National Accounts - SNA 2008 - SNE,2024,9
SNEQ.SG03SB05GNE0S900,2024.12,109352,REVISED,Dollars,6,S,Consolidated accounts - table 1.1,B05GNE,Gross national expenditure,,,,,National Accounts - SNA 2008 - SNE,2024,12
SNEQ.SG03SB05GNE0S900,2025.03,110667,REVISED,Dollars,6,S,Consolidated accounts - table 1.1,B05GNE,Gross national expenditure,,,,,National Accounts - SNA 2008 - SNE,2025,3
SNEQ.SG03SB05GNE0S900,2025.06,111364,FINAL,Dollars,6,S,Consolidated accounts - table 1.1,B05GNE,Gross national expenditure,,,,,National Accounts - SNA 2008 - SNE,2025,6
SNEQ.SG03SB980000S900,2011.06,-56,FINAL,Dollars,6,S,Consolidated accounts - table 1.1,B98,Statistical discrepancy,,,,,National Accounts - SNA 2008 - SNE,2011,6
SNEQ.SG03SB980000S900,2011.09,111,FINAL,Dollars,6,S,Consolidated accounts - table 1.1,B98,Statistical discrepancy,,,,,National Accounts - SNA 2008 - SNE,2011,9
SNEQ.SG03SB980000S900,2011.12,15,FINAL,Dollars,6,S,Consolidated accounts - table 1.1,B98,Statistical discrepancy,,,,,National Accounts - SNA 2008 - SNE,2011,12
SNEQ.SG03SB980000S900,2012.03,-54,REVISED,Dollars,6,S,Consolidated accounts - table 1.1,B98,Statistical discrepancy,,,,,National Accounts - SNA 2008 - SNE,2012,3
SNEQ.SG03SB980000S900,2012.06,12,REVISED,Dollars,6,S,Consolidated accounts - table 1.1,B98,Statistical discrepancy,,,,,National Accounts - SNA 2008 - SNE,2012,6
SNEQ.SG03SB980000S900,2012.09,6,FINAL,Dollars,6,S,Consolidated accounts - table 1.1,B98,Statistical discrepancy,,,,,National Accounts - SNA 2008 - SNE,2012,9
SNEQ.SG03SB980000S900,2012.12,48,REVISED,Dollars,6,S,Consolidated accounts - table 1.1,B98,Statistical discrepancy,,,,,National Accounts - SNA 2008 - SNE,2012,12
SNEQ.SG03SB980000S900,2013.03,-20,REVISED,Dollars,6,S,Consolidated accounts - table 1.1,B98,Statistical discrepancy,,,,,National Accounts - SNA 2008 - SNE,2013,3
SNEQ.SG03SB980000S900,2013.06,28,REVISED,Dollars,6,S,Consolidated accounts - table 1.1,B98,Statistical discrepancy,,,,,National Accounts - SNA 2008 - SNE,2013,6
SNEQ.SG03SB980000S900,2013.09,172,REVISED,Dollars,6,S,Consolidated accounts - table 1.1,B98,Statistical discrepancy,,,,,National Accounts - SNA 2008 - SNE,2013,9
SNEQ.SG03SB980000S900,2013.12,-6,REVISED,Dollars,6,S,Consolidated accounts - table 1.1,B98,Statistical discrepancy,,,,,National Accounts - SNA 2008 - SNE,2013,12
SNEQ.SG03SB980000S900,2014.03,-181,FINAL,Dollars,6,S,Consolidated accounts - table 1.1,B98,Statistical discrepancy,,,,,National Accounts - SNA 2008 - SNE,2014,3
SNEQ.SG03SB980000S900,2014.06,-35,REVISED,Dollars,6,S,Consolidated accounts - table 1.1,B98,Statistical discrepancy,,,,,National Accounts - SNA 2008 - SNE,2014,6
SNEQ.SG03SB980000S900,2014.09,-50,REVISED,Dollars,6,S,Consolidated accounts - table 1.1,B98,Statistical discrepancy,,,,,National Accounts - SNA 2008 - SNE,2014,9
SNEQ.SG03SB980000S900,2014.12,122,REVISED,Dollars,6,S,Consolidated accounts - table 1.1,B98,Statistical discrepancy,,,,,National Accounts - SNA 2008 - SNE,2014,12
SNEQ.SG03SB980000S900,2015.03,4,REVISED,Dollars,6,S,Consolidated accounts - table 1.1,B98,Statistical discrepancy,,,,,National Accounts - SNA 2008 - SNE,2015,3
SNEQ.SG03SB980000S900,2015.06,-60,REVISED,Dollars,6,S,Consolidated accounts - table 1.1,B98,Statistical discrepancy,,,,,National Accounts - SNA 2008 - SNE,2015,6
SNEQ.SG03SB980000S900,2015.09,1,REVISED,Dollars,6,S,Consolidated accounts - table 1.1,B98,Statistical discrepancy,,,,,National Accounts - SNA 2008 - SNE,2015,9
SNEQ.SG03SB980000S900,2015.12,157,REVISED,Dollars,6,S,Consolidated accounts - table 1.1,B98,Statistical discrepancy,,,,,National Accounts - SNA 2008 - SNE,2015,12
SNEQ.SG03SB980000S900,2016.03,-61,FINAL,Dollars,6,S,Consolidated accounts - table 1.1,B98,Statistical discrepancy,,,,,National Accounts - SNA 2008 - SNE,2016,3
SNEQ.SG03SB980000S900,2016.06,-47,REVISED,Dollars,6,S,Consolidated accounts - table 1.1,B98,Statistical discrepancy,,,,,National Accounts - SNA 2008 - SNE,2016,6
SNEQ.SG03SB980000S900,2016.09,-109,REVISED,Dollars,6,S,Consolidated accounts - table 1.1,B98,Statistical discrepancy,,,,,National Accounts - SNA 2008 - SNE,2016,9
SNEQ.SG03SB980000S900,2016.12,266,REVISED,Dollars,6,S,Consolidated accounts - table 1.1,B98,Statistical discrepancy,,,,,National Accounts - SNA 2008 - SNE,2016,12
SNEQ.SG03SB980000S900,2017.03,9,REVISED,Dollars,6,S,Consolidated accounts - table 1.1,B98,Statistical discrepancy,,,,,National Accounts - SNA 2008 - SNE,2017,3
SNEQ.SG03SB980000S900,2017.06,73,REVISED,Dollars,6,S,Consolidated accounts - table 1.1,B98,Statistical discrepancy,,,,,National Accounts - SNA 2008 - SNE,2017,6
SNEQ.SG03SB980000S900,2017.09,-94,REVISED,Dollars,6,S,Consolidated accounts - table 1.1,B98,Statistical discrepancy,,,,,National Accounts - SNA 2008 - SNE,2017,9
SNEQ.SG03SB980000S900,2017.12,150,REVISED,Dollars,6,S,Consolidated accounts - table 1.1,B98,Statistical discrepancy,,,,,National Accounts - SNA 2008 - SNE,2017,12
SNEQ.SG03SB980000S900,2018.03,143,REVISED,Dollars,6,S,Consolidated accounts - table 1.1,B98,Statistical discrepancy,,,,,National Accounts - SNA 2008 - SNE,2018,3
SNEQ.SG03SB980000S900,2018.06,255,REVISED,Dollars,6,S,Consolidated accounts - table 1.1,B98,Statistical discrepancy,,,,,National Accounts - SNA 2008 - SNE,2018,6
SNEQ.SG03SB980000S900,2018.09,-21,REVISED,Dollars,6,S,Consolidated accounts - table 1.1,B98,Statistical discrepancy,,,,,National Accounts - SNA 2008 - SNE,2018,9
SNEQ.SG03SB980000S900,2018.12,106,REVISED,Dollars,6,S,Consolidated accounts - table 1.1,B98,Statistical discrepancy,,,,,National Accounts - SNA 2008 - SNE,2018,12
SNEQ.SG03SB980000S900,2019.03,-17,REVISED,Dollars,6,S,Consolidated accounts - table 1.1,B98,Statistical discrepancy,,,,,National Accounts - SNA 2008 - SNE,2019,3
SNEQ.SG03SB980000S900,2019.06,190,REVISED,Dollars,6,S,Consolidated accounts - table 1.1,B98,Statistical discrepancy,,,,,National Accounts - SNA 2008 - SNE,2019,6
SNEQ.SG03SB980000S900,2019.09,31,REVISED,Dollars,6,S,Consolidated accounts - table 1.1,B98,Statistical discrepancy,,,,,National Accounts - SNA 2008 - SNE,2019,9
SNEQ.SG03SB980000S900,2019.12,-72,REVISED,Dollars,6,S,Consolidated accounts - table 1.1,B98,Statistical discrepancy,,,,,National Accounts - SNA 2008 - SNE,2019,12
SNEQ.SG03SB980000S900,2020.03,129,REVISED,Dollars,6,S,Consolidated accounts - table 1.1,B98,Statistical discrepancy,,,,,National Accounts - SNA 2008 - SNE,2020,3
SNEQ.SG03SB980000S900,2020.06,334,REVISED,Dollars,6,S,Consolidated accounts - table 1.1,B98,Statistical discrepancy,,,,,National Accounts - SNA 2008 - SNE,2020,6
SNEQ.SG03SB980000S900,2020.09,53,REVISED,Dollars,6,S,Consolidated accounts - table 1.1,B98,Statistical discrepancy,,,,,National Accounts - SNA 2008 - SNE,2020,9
SNEQ.SG03SB980000S900,2020.12,-26,REVISED,Dollars,6,S,Consolidated accounts - table 1.1,B98,Statistical discrepancy,,,,,National Accounts - SNA 2008 - SNE,2020,12
SNEQ.SG03SB980000S900,2021.03,-78,REVISED,Dollars,6,S,Consolidated accounts - table 1.1,B98,Statistical discrepancy,,,,,National Accounts - SNA 2008 - SNE,2021,3
SNEQ.SG03SB980000S900,2021.06,265,REVISED,Dollars,6,S,Consolidated accounts - table 1.1,B98,Statistical discrepancy,,,,,National Accounts - SNA 2008 - SNE,2021,6
SNEQ.SG03SB980000S900,2021.09,175,REVISED,Dollars,6,S,Consolidated accounts - table 1.1,B98,Statistical discrepancy,,,,,National Accounts - SNA 2008 - SNE,2021,9
SNEQ.SG03SB980000S900,2021.12,-191,REVISED,Dollars,6,S,Consolidated accounts - table 1.1,B98,Statistical discrepancy,,,,,National Accounts - SNA 2008 - SNE,2021,12
SNEQ.SG03SB980000S900,2022.03,-180,REVISED,Dollars,6,S,Consolidated accounts - table 1.1,B98,Statistical discrepancy,,,,,National Accounts - SNA 2008 - SNE,2022,3
SNEQ.SG03SB980000S900,2022.06,168,REVISED,Dollars,6,S,Consolidated accounts - table 1.1,B98,Statistical discrepancy,,,,,National Accounts - SNA 2008 - SNE,2022,6
SNEQ.SG03SB980000S900,2022.09,-37,REVISED,Dollars,6,S,Consolidated accounts - table 1.1,B98,Statistical discrepancy,,,,,National Accounts - SNA 2008 - SNE,2022,9
SNEQ.SG03SB980000S900,2022.12,10,REVISED,Dollars,6,S,Consolidated accounts - table 1.1,B98,Statistical discrepancy,,,,,National Accounts - SNA 2008 - SNE,2022,12
SNEQ.SG03SB980000S900,2023.03,-340,REVISED,Dollars,6,S,Consolidated accounts - table 1.1,B98,Statistical discrepancy,,,,,National Accounts - SNA 2008 - SNE,2023,3
SNEQ.SG03SB980000S900,2023.06,-59,REVISED,Dollars,6,S,Consolidated accounts - table 1.1,B98,Statistical discrepancy,,,,,National Accounts - SNA 2008 - SNE,2023,6
SNEQ.SG03SB980000S900,2023.09,-440,REVISED,Dollars,6,S,Consolidated accounts - table 1.1,B98,Statistical discrepancy,,,,,National Accounts - SNA 2008 - SNE,2023,9
SNEQ.SG03SB980000S900,2023.12,-217,REVISED,Dollars,6,S,Consolidated accounts - table 1.1,B98,Statistical discrepancy,,,,,National Accounts - SNA 2008 - SNE,2023,12
SNEQ.SG03SB980000S900,2024.03,-627,REVISED,Dollars,6,S,Consolidated accounts - table 1.1,B98,Statistical discrepancy,,,,,National Accounts - SNA 2008 - SNE,2024,3
SNEQ.SG03SB980000S900,2024.06,-419,REVISED,Dollars,6,S,Consolidated accounts - table 1.1,B98,Statistical discrepancy,,,,,National Accounts - SNA 2008 - SNE,2024,6
SNEQ.SG03SB980000S900,2024.09,-845,REVISED,Dollars,6,S,Consolidated accounts - table 1.1,B98,Statistical discrepancy,,,,,National Accounts - SNA 2008 - SNE,2024,9
SNEQ.SG03SB980000S900,2024.12,-882,REVISED,Dollars,6,S,Consolidated accounts - table 1.1,B98,Statistical discrepancy,,,,,National Accounts - SNA 2008 - SNE,2024,12
SNEQ.SG03SB980000S900,2025.03,-1197,REVISED,Dollars,6,S,Consolidated accounts - table 1.1,B98,Statistical discrepancy,,,,,National Accounts - SNA 2008 - SNE,2025,3
SNEQ.SG03SB980000S900,2025.06,-1595,FINAL,Dollars,6,S,Consolidated accounts - table 1.1,B98,Statistical discrepancy,,,,,National Accounts - SNA 2008 - SNE,2025,6
SNEQ.SG03SD01R000S900,2011.06,22651,FINAL,Dollars,6,S,Consolidated accounts - table 1.1,D01P,Compensation of employees,,,,,National Accounts - SNA 2008 - SNE,2011,6
SNEQ.SG03SD01R000S900,2011.09,23005,FINAL,Dollars,6,S,Consolidated accounts - table 1.1,D01P,Compensation of employees,,,,,National Accounts - SNA 2008 - SNE,2011,9
SNEQ.SG03SD01R000S900,2011.12,23076,FINAL,Dollars,6,S,Consolidated accounts - table 1.1,D01P,Compensation of employees,,,,,National Accounts - SNA 2008 - SNE,2011,12
SNEQ.SG03SD01R000S900,2012.03,23590,FINAL,Dollars,6,S,Consolidated accounts - table 1.1,D01P,Compensation of employees,,,,,National Accounts - SNA 2008 - SNE,2012,3
SNEQ.SG03SD01R000S900,2012.06,23533,FINAL,Dollars,6,S,Consolidated accounts - table 1.1,D01P,Compensation of employees,,,,,National Accounts - SNA 2008 - SNE,2012,6
SNEQ.SG03SD01R000S900,2012.09,23676,FINAL,Dollars,6,S,Consolidated accounts - table 1.1,D01P,Compensation of employees,,,,,National Accounts - SNA 2008 - SNE,2012,9
SNEQ.SG03SD01R000S900,2012.12,23877,FINAL,Dollars,6,S,Consolidated accounts - table 1.1,D01P,Compensation of employees,,,,,National Accounts - SNA 2008 - SNE,2012,12
SNEQ.SG03SD01R000S900,2013.03,23977,FINAL,Dollars,6,S,Consolidated accounts - table 1.1,D01P,Compensation of employees,,,,,National Accounts - SNA 2008 - SNE,2013,3
SNEQ.SG03SD01R000S900,2013.06,24261,FINAL,Dollars,6,S,Consolidated accounts - table 1.1,D01P,Compensation of employees,,,,,National Accounts - SNA 2008 - SNE,2013,6
SNEQ.SG03SD01R000S900,2013.09,24431,FINAL,Dollars,6,S,Consolidated accounts - table 1.1,D01P,Compensation of employees,,,,,National Accounts - SNA 2008 - SNE,2013,9
SNEQ.SG03SD01R000S900,2013.12,24991,FINAL,Dollars,6,S,Consolidated accounts - table 1.1,D01P,Compensation of employees,,,,,National Accounts - SNA 2008 - SNE,2013,12
SNEQ.SG03SD01R000S900,2014.03,25082,FINAL,Dollars,6,S,Consolidated accounts - table 1.1,D01P,Compensation of employees,,,,,National Accounts - SNA 2008 - SNE,2014,3
SNEQ.SG03SD01R000S900,2014.06,25590,FINAL,Dollars,6,S,Consolidated accounts - table 1.1,D01P,Compensation of employees,,,,,National Accounts - SNA 2008 - SNE,2014,6
SNEQ.SG03SD01R000S900,2014.09,25925,FINAL,Dollars,6,S,Consolidated accounts - table 1.1,D01P,Compensation of employees,,,,,National Accounts - SNA 2008 - SNE,2014,9
SNEQ.SG03SD01R000S900,2014.12,26449,FINAL,Dollars,6,S,Consolidated accounts - table 1.1,D01P,Compensation of employees,,,,,National Accounts - SNA 2008 - SNE,2014,12
SNEQ.SG03SD01R000S900,2015.03,26420,FINAL,Dollars,6,S,Consolidated accounts - table 1.1,D01P,Compensation of employees,,,,,National Accounts - SNA 2008 - SNE,2015,3
SNEQ.SG03SD01R000S900,2015.06,26809,FINAL,Dollars,6,S,Consolidated accounts - table 1.1,D01P,Compensation of employees,,,,,National Accounts - SNA 2008 - SNE,2015,6
SNEQ.SG03SD01R000S900,2015.09,27451,FINAL,Dollars,6,S,Consolidated accounts - table 1.1,D01P,Compensation of employees,,,,,National Accounts - SNA 2008 - SNE,2015,9
SNEQ.SG03SD01R000S900,2015.12,27548,FINAL,Dollars,6,S,Consolidated accounts - table 1.1,D01P,Compensation of employees,,,,,National Accounts - SNA 2008 - SNE,2015,12
SNEQ.SG03SD01R000S900,2016.03,28152,FINAL,Dollars,6,S,Consolidated accounts - table 1.1,D01P,Compensation of employees,,,,,National Accounts - SNA 2008 - SNE,2016,3
SNEQ.SG03SD01R000S900,2016.06,28486,FINAL,Dollars,6,S,Consolidated accounts - table 1.1,D01P,Compensation of employees,,,,,National Accounts - SNA 2008 - SNE,2016,6
SNEQ.SG03SD01R000S900,2016.09,28774,REVISED,Dollars,6,S,Consolidated accounts - table 1.1,D01P,Compensation of employees,,,,,National Accounts - SNA 2008 - SNE,2016,9
SNEQ.SG03SD01R000S900,2016.12,28770,FINAL,Dollars,6,S,Consolidated accounts - table 1.1,D01P,Compensation of employees,,,,,National Accounts - SNA 2008 - SNE,2016,12
SNEQ.SG03SD01R000S900,2017.03,29692,FINAL,Dollars,6,S,Consolidated accounts - table 1.1,D01P,Compensation of employees,,,,,National Accounts - SNA 2008 - SNE,2017,3
SNEQ.SG03SD01R000S900,2017.06,29907,REVISED,Dollars,6,S,Consolidated accounts - table 1.1,D01P,Compensation of employees,,,,,National Accounts - SNA 2008 - SNE,2017,6
SNEQ.SG03SD01R000S900,2017.09,30384,FINAL,Dollars,6,S,Consolidated accounts - table 1.1,D01P,Compensation of employees,,,,,National Accounts - SNA 2008 - SNE,2017,9
SNEQ.SG03SD01R000S900,2017.12,31069,REVISED,Dollars,6,S,Consolidated accounts - table 1.1,D01P,Compensation of employees,,,,,National Accounts - SNA 2008 - SNE,2017,12
SNEQ.SG03SD01R000S900,2018.03,31457,FINAL,Dollars,6,S,Consolidated accounts - table 1.1,D01P,Compensation of employees,,,,,National Accounts - SNA 2008 - SNE,2018,3
SNEQ.SG03SD01R000S900,2018.06,31891,REVISED,Dollars,6,S,Consolidated accounts - table 1.1,D01P,Compensation of employees,,,,,National Accounts - SNA 2008 - SNE,2018,6
SNEQ.SG03SD01R000S900,2018.09,32279,REVISED,Dollars,6,S,Consolidated accounts - table 1.1,D01P,Compensation of employees,,,,,National Accounts - SNA 2008 - SNE,2018,9
SNEQ.SG03SD01R000S900,2018.12,33243,REVISED,Dollars,6,S,Consolidated accounts - table 1.1,D01P,Compensation of employees,,,,,National Accounts - SNA 2008 - SNE,2018,12
SNEQ.SG03SD01R000S900,2019.03,33161,REVISED,Dollars,6,S,Consolidated accounts - table 1.1,D01P,Compensation of employees,,,,,National Accounts - SNA 2008 - SNE,2019,3
SNEQ.SG03SD01R000S900,2019.06,34000,REVISED,Dollars,6,S,Consolidated accounts - table 1.1,D01P,Compensation of employees,,,,,National Accounts - SNA 2008 - SNE,2019,6
SNEQ.SG03SD01R000S900,2019.09,34588,REVISED,Dollars,6,S,Consolidated accounts - table 1.1,D01P,Compensation of employees,,,,,National Accounts - SNA 2008 - SNE,2019,9
SNEQ.SG03SD01R000S900,2019.12,35152,REVISED,Dollars,6,S,Consolidated accounts - table 1.1,D01P,Compensation of employees,,,,,National Accounts - SNA 2008 - SNE,2019,12
SNEQ.SG03SD01R000S900,2020.03,35717,REVISED,Dollars,6,S,Consolidated accounts - table 1.1,D01P,Compensation of employees,,,,,National Accounts - SNA 2008 - SNE,2020,3
SNEQ.SG03SD01R000S900,2020.06,34453,REVISED,Dollars,6,S,Consolidated accounts - table 1.1,D01P,Compensation of employees,,,,,National Accounts - SNA 2008 - SNE,2020,6
SNEQ.SG03SD01R000S900,2020.09,35925,REVISED,Dollars,6,S,Consolidated accounts - table 1.1,D01P,Compensation of employees,,,,,National Accounts - SNA 2008 - SNE,2020,9
SNEQ.SG03SD01R000S900,2020.12,36614,REVISED,Dollars,6,S,Consolidated accounts - table 1.1,D01P,Compensation of employees,,,,,National Accounts - SNA 2008 - SNE,2020,12
SNEQ.SG03SD01R000S900,2021.03,37508,REVISED,Dollars,6,S,Consolidated accounts - table 1.1,D01P,Compensation of employees,,,,,National Accounts - SNA 2008 - SNE,2021,3
SNEQ.SG03SD01R000S900,2021.06,38426,REVISED,Dollars,6,S,Consolidated accounts - table 1.1,D01P,Compensation of employees,,,,,National Accounts - SNA 2008 - SNE,2021,6
SNEQ.SG03SD01R000S900,2021.09,39037,REVISED,Dollars,6,S,Consolidated accounts - table 1.1,D01P,Compensation of employees,,,,,National Accounts - SNA 2008 - SNE,2021,9
SNEQ.SG03SD01R000S900,2021.12,40458,REVISED,Dollars,6,S,Consolidated accounts - table 1.1,D01P,Compensation of employees,,,,,National Accounts - SNA 2008 - SNE,2021,12
SNEQ.SG03SD01R000S900,2022.03,40759,REVISED,Dollars,6,S,Consolidated accounts - table 1.1,D01P,Compensation of employees,,,,,National Accounts - SNA 2008 - SNE,2022,3
SNEQ.SG03SD01R000S900,2022.06,41665,REVISED,Dollars,6,S,Consolidated accounts - table 1.1,D01P,Compensation of employees,,,,,National Accounts - SNA 2008 - SNE,2022,6
SNEQ.SG03SD01R000S900,2022.09,42846,REVISED,Dollars,6,S,Consolidated accounts - table 1.1,D01P,Compensation of employees,,,,,National Accounts - SNA 2008 - SNE,2022,9
SNEQ.SG03SD01R000S900,2022.12,43343,REVISED,Dollars,6,S,Consolidated accounts - table 1.1,D01P,Compensation of employees,,,,,National Accounts - SNA 2008 - SNE,2022,12
SNEQ.SG03SD01R000S900,2023.03,44140,REVISED,Dollars,6,S,Consolidated accounts - table 1.1,D01P,Compensation of employees,,,,,National Accounts - SNA 2008 - SNE,2023,3
SNEQ.SG03SD01R000S900,2023.06,45144,REVISED,Dollars,6,S,Consolidated accounts - table 1.1,D01P,Compensation of employees,,,,,National Accounts - SNA 2008 - SNE,2023,6
SNEQ.SG03SD01R000S900,2023.09,46145,REVISED,Dollars,6,S,Consolidated accounts - table 1.1,D01P,Compensation of employees,,,,,National Accounts - SNA 2008 - SNE,2023,9
SNEQ.SG03SD01R000S900,2023.12,46863,REVISED,Dollars,6,S,Consolidated accounts - table 1.1,D01P,Compensation of employees,,,,,National Accounts - SNA 2008 - SNE,2023,12
SNEQ.SG03SD01R000S900,2024.03,47435,REVISED,Dollars,6,S,Consolidated accounts - table 1.1,D01P,Compensation of employees,,,,,National Accounts - SNA 2008 - SNE,2024,3
SNEQ.SG03SD01R000S900,2024.06,47791,REVISED,Dollars,6,S,Consolidated accounts - table 1.1,D01P,Compensation of employees,,,,,National Accounts - SNA 2008 - SNE,2024,6
SNEQ.SG03SD01R000S900,2024.09,47735,REVISED,Dollars,6,S,Consolidated accounts - table 1.1,D01P,Compensation of employees,,,,,National Accounts - SNA 2008 - SNE,2024,9
SNEQ.SG03SD01R000S900,2024.12,47619,REVISED,Dollars,6,S,Consolidated accounts - table 1.1,D01P,Compensation of employees,,,,,National Accounts - SNA 2008 - SNE,2024,12
SNEQ.SG03SD01R000S900,2025.03,48267,REVISED,Dollars,6,S,Consolidated accounts - table 1.1,D01P,Compensation of employees,,,,,National Accounts - SNA 2008 - SNE,2025,3
SNEQ.SG03SD01R000S900,2025.06,48292,FINAL,Dollars,6,S,Consolidated accounts - table 1.1,D01P,Compensation of employees,,,,,National Accounts - SNA 2008 - SNE,2025,6
SNEQ.SG03SD02R000S900,2011.06,6996,FINAL,Dollars,6,S,Consolidated accounts - table 1.1,D02P,Taxes on production and imports,,,,,National Accounts - SNA 2008 - SNE,2011,6
SNEQ.SG03SD02R000S900,2011.09,7066,FINAL,Dollars,6,S,Consolidated accounts - table 1.1,D02P,Taxes on production and imports,,,,,National Accounts - SNA 2008 - SNE,2011,9
SNEQ.SG03SD02R000S900,2011.12,7140,FINAL,Dollars,6,S,Consolidated accounts - table 1.1,D02P,Taxes on production and imports,,,,,National Accounts - SNA 2008 - SNE,2011,12
SNEQ.SG03SD02R000S900,2012.03,7082,FINAL,Dollars,6,S,Consolidated accounts - table 1.1,D02P,Taxes on production and imports,,,,,National Accounts - SNA 2008 - SNE,2012,3
SNEQ.SG03SD02R000S900,2012.06,7308,FINAL,Dollars,6,S,Consolidated accounts - table 1.1,D02P,Taxes on production and imports,,,,,National Accounts - SNA 2008 - SNE,2012,6
SNEQ.SG03SD02R000S900,2012.09,7278,FINAL,Dollars,6,S,Consolidated accounts - table 1.1,D02P,Taxes on production and imports,,,,,National Accounts - SNA 2008 - SNE,2012,9
SNEQ.SG03SD02R000S900,2012.12,7304,FINAL,Dollars,6,S,Consolidated accounts - table 1.1,D02P,Taxes on production and imports,,,,,National Accounts - SNA 2008 - SNE,2012,12
SNEQ.SG03SD02R000S900,2013.03,7505,FINAL,Dollars,6,S,Consolidated accounts - table 1.1,D02P,Taxes on production and imports,,,,,National Accounts - SNA 2008 - SNE,2013,3
SNEQ.SG03SD02R000S900,2013.06,7581,FINAL,Dollars,6,S,Consolidated accounts - table 1.1,D02P,Taxes on production and imports,,,,,National Accounts - SNA 2008 - SNE,2013,6
SNEQ.SG03SD02R000S900,2013.09,7665,FINAL,Dollars,6,S,Consolidated accounts - table 1.1,D02P,Taxes on production and imports,,,,,National Accounts - SNA 2008 - SNE,2013,9
SNEQ.SG03SD02R000S900,2013.12,7801,FINAL,Dollars,6,S,Consolidated accounts - table 1.1,D02P,Taxes on production and imports,,,,,National Accounts - SNA 2008 - SNE,2013,12
SNEQ.SG03SD02R000S900,2014.03,7833,FINAL,Dollars,6,S,Consolidated accounts - table 1.1,D02P,Taxes on production and imports,,,,,National Accounts - SNA 2008 - SNE,2014,3
SNEQ.SG03SD02R000S900,2014.06,7891,FINAL,Dollars,6,S,Consolidated accounts - table 1.1,D02P,Taxes on production and imports,,,,,National Accounts - SNA 2008 - SNE,2014,6
SNEQ.SG03SD02R000S900,2014.09,8113,FINAL,Dollars,6,S,Consolidated accounts - table 1.1,D02P,Taxes on production and imports,,,,,National Accounts - SNA 2008 - SNE,2014,9
SNEQ.SG03SD02R000S900,2014.12,8165,FINAL,Dollars,6,S,Consolidated accounts - table 1.1,D02P,Taxes on production and imports,,,,,National Accounts - SNA 2008 - SNE,2014,12
SNEQ.SG03SD02R000S900,2015.03,8254,FINAL,Dollars,6,S,Consolidated accounts - table 1.1,D02P,Taxes on production and imports,,,,,National Accounts - SNA 2008 - SNE,2015,3
SNEQ.SG03SD02R000S900,2015.06,8412,FINAL,Dollars,6,S,Consolidated accounts - table 1.1,D02P,Taxes on production and imports,,,,,National Accounts - SNA 2008 - SNE,2015,6
SNEQ.SG03SD02R000S900,2015.09,8507,FINAL,Dollars,6,S,Consolidated accounts - table 1.1,D02P,Taxes on production and imports,,,,,National Accounts - SNA 2008 - SNE,2015,9
SNEQ.SG03SD02R000S900,2015.12,8649,FINAL,Dollars,6,S,Consolidated accounts - table 1.1,D02P,Taxes on production and imports,,,,,National Accounts - SNA 2008 - SNE,2015,12
SNEQ.SG03SD02R000S900,2016.03,8879,FINAL,Dollars,6,S,Consolidated accounts - table 1.1,D02P,Taxes on production and imports,,,,,National Accounts - SNA 2008 - SNE,2016,3
SNEQ.SG03SD02R000S900,2016.06,9049,FINAL,Dollars,6,S,Consolidated accounts - table 1.1,D02P,Taxes on production and imports,,,,,National Accounts - SNA 2008 - SNE,2016,6
SNEQ.SG03SD02R000S900,2016.09,9181,FINAL,Dollars,6,S,Consolidated accounts - table 1.1,D02P,Taxes on production and imports,,,,,National Accounts - SNA 2008 - SNE,2016,9
SNEQ.SG03SD02R000S900,2016.12,9301,REVISED,Dollars,6,S,Consolidated accounts - table 1.1,D02P,Taxes on production and imports,,,,,National Accounts - SNA 2008 - SNE,2016,12
SNEQ.SG03SD02R000S900,2017.03,9439,FINAL,Dollars,6,S,Consolidated accounts - table 1.1,D02P,Taxes on production and imports,,,,,National Accounts - SNA 2008 - SNE,2017,3
SNEQ.SG03SD02R000S900,2017.06,9484,FINAL,Dollars,6,S,Consolidated accounts - table 1.1,D02P,Taxes on production and imports,,,,,National Accounts - SNA 2008 - SNE,2017,6
SNEQ.SG03SD02R000S900,2017.09,9615,REVISED,Dollars,6,S,Consolidated accounts - table 1.1,D02P,Taxes on production and imports,,,,,National Accounts - SNA 2008 - SNE,2017,9
SNEQ.SG03SD02R000S900,2017.12,9879,REVISED,Dollars,6,S,Consolidated accounts - table 1.1,D02P,Taxes on production and imports,,,,,National Accounts - SNA 2008 - SNE,2017,12
SNEQ.SG03SD02R000S900,2018.03,10006,REVISED,Dollars,6,S,Consolidated accounts - table 1.1,D02P,Taxes on production and imports,,,,,National Accounts - SNA 2008 - SNE,2018,3
SNEQ.SG03SD02R000S900,2018.06,9824,REVISED,Dollars,6,S,Consolidated accounts - table 1.1,D02P,Taxes on production and imports,,,,,National Accounts - SNA 2008 - SNE,2018,6
SNEQ.SG03SD02R000S900,2018.09,10242,REVISED,Dollars,6,S,Consolidated accounts - table 1.1,D02P,Taxes on production and imports,,,,,National Accounts - SNA 2008 - SNE,2018,9
SNEQ.SG03SD02R000S900,2018.12,10468,REVISED,Dollars,6,S,Consolidated accounts - table 1.1,D02P,Taxes on production and imports,,,,,National Accounts - SNA 2008 - SNE,2018,12
SNEQ.SG03SD02R000S900,2019.03,10608,REVISED,Dollars,6,S,Consolidated accounts - table 1.1,D02P,Taxes on production and imports,,,,,National Accounts - SNA 2008 - SNE,2019,3
SNEQ.SG03SD02R000S900,2019.06,10802,REVISED,Dollars,6,S,Consolidated accounts - table 1.1,D02P,Taxes on production and imports,,,,,National Accounts - SNA 2008 - SNE,2019,6
SNEQ.SG03SD02R000S900,2019.09,10853,REVISED,Dollars,6,S,Consolidated accounts - table 1.1,D02P,Taxes on production and imports,,,,,National Accounts - SNA 2008 - SNE,2019,9
SNEQ.SG03SD02R000S900,2019.12,11074,REVISED,Dollars,6,S,Consolidated accounts - table 1.1,D02P,Taxes on production and imports,,,,,National Accounts - SNA 2008 - SNE,2019,12
SNEQ.SG03SD02R000S900,2020.03,11047,REVISED,Dollars,6,S,Consolidated accounts - table 1.1,D02P,Taxes on production and imports,,,,,National Accounts - SNA 2008 - SNE,2020,3
SNEQ.SG03SD02R000S900,2020.06,9366,REVISED,Dollars,6,S,Consolidated accounts - table 1.1,D02P,Taxes on production and imports,,,,,National Accounts - SNA 2008 - SNE,2020,6
SNEQ.SG03SD02R000S900,2020.09,10776,REVISED,Dollars,6,S,Consolidated accounts - table 1.1,D02P,Taxes on production and imports,,,,,National Accounts - SNA 2008 - SNE,2020,9
SNEQ.SG03SD02R000S900,2020.12,10789,REVISED,Dollars,6,S,Consolidated accounts - table 1.1,D02P,Taxes on production and imports,,,,,National Accounts - SNA 2008 - SNE,2020,12
SNEQ.SG03SD02R000S900,2021.03,11527,REVISED,Dollars,6,S,Consolidated accounts - table 1.1,D02P,Taxes on production and imports,,,,,National Accounts - SNA 2008 - SNE,2021,3
SNEQ.SG03SD02R000S900,2021.06,12338,REVISED,Dollars,6,S,Consolidated accounts - table 1.1,D02P,Taxes on production and imports,,,,,National Accounts - SNA 2008 - SNE,2021,6
SNEQ.SG03SD02R000S900,2021.09,11364,REVISED,Dollars,6,S,Consolidated accounts - table 1.1,D02P,Taxes on production and imports,,,,,National Accounts - SNA 2008 - SNE,2021,9
SNEQ.SG03SD02R000S900,2021.12,11860,REVISED,Dollars,6,S,Consolidated accounts - table 1.1,D02P,Taxes on production and imports,,,,,National Accounts - SNA 2008 - SNE,2021,12
SNEQ.SG03SD02R000S900,2022.03,12083,REVISED,Dollars,6,S,Consolidated accounts - table 1.1,D02P,Taxes on production and imports,,,,,National Accounts - SNA 2008 - SNE,2022,3
SNEQ.SG03SD02R000S900,2022.06,12209,REVISED,Dollars,6,S,Consolidated accounts - table 1.1,D02P,Taxes on production and imports,,,,,National Accounts - SNA 2008 - SNE,2022,6
SNEQ.SG03SD02R000S900,2022.09,12522,REVISED,Dollars,6,S,Consolidated accounts - table 1.1,D02P,Taxes on production and imports,,,,,National Accounts - SNA 2008 - SNE,2022,9
SNEQ.SG03SD02R000S900,2022.12,12610,REVISED,Dollars,6,S,Consolidated accounts - table 1.1,D02P,Taxes on production and imports,,,,,National Accounts - SNA 2008 - SNE,2022,12
SNEQ.SG03SD02R000S900,2023.03,12736,REVISED,Dollars,6,S,Consolidated accounts - table 1.1,D02P,Taxes on production and imports,,,,,National Accounts - SNA 2008 - SNE,2023,3
SNEQ.SG03SD02R000S900,2023.06,12829,REVISED,Dollars,6,S,Consolidated accounts - table 1.1,D02P,Taxes on production and imports,,,,,National Accounts - SNA 2008 - SNE,2023,6
SNEQ.SG03SD02R000S900,2023.09,13256,REVISED,Dollars,6,S,Consolidated accounts - table 1.1,D02P,Taxes on production and imports,,,,,National Accounts - SNA 2008 - SNE,2023,9
SNEQ.SG03SD02R000S900,2023.12,13650,REVISED,Dollars,6,S,Consolidated accounts - table 1.1,D02P,Taxes on production and imports,,,,,National Accounts - SNA 2008 - SNE,2023,12
SNEQ.SG03SD02R000S900,2024.03,13801,REVISED,Dollars,6,S,Consolidated accounts - table 1.1,D02P,Taxes on production and imports,,,,,National Accounts - SNA 2008 - SNE,2024,3
SNEQ.SG03SD02R000S900,2024.06,14028,REVISED,Dollars,6,S,Consolidated accounts - table 1.1,D02P,Taxes on production and imports,,,,,National Accounts - SNA 2008 - SNE,2024,6
SNEQ.SG03SD02R000S900,2024.09,13965,REVISED,Dollars,6,S,Consolidated accounts - table 1.1,D02P,Taxes on production and imports,,,,,National Accounts - SNA 2008 - SNE,2024,9
SNEQ.SG03SD02R000S900,2024.12,14125,REVISED,Dollars,6,S,Consolidated accounts - table 1.1,D02P,Taxes on production and imports,,,,,National Accounts - SNA 2008 - SNE,2024,12
SNEQ.SG03SD02R000S900,2025.03,14474,REVISED,Dollars,6,S,Consolidated accounts - table 1.1,D02P,Taxes on production and imports,,,,,National Accounts - SNA 2008 - SNE,2025,3
SNEQ.SG03SD02R000S900,2025.06,14589,FINAL,Dollars,6,S,Consolidated accounts - table 1.1,D02P,Taxes on production and imports,,,,,National Accounts - SNA 2008 - SNE,2025,6
SNEQ.SG03SD03R000S900,2011.06,275,FINAL,Dollars,6,S,Consolidated accounts - table 1.1,D03R,Subsidies,,,,,National Accounts - SNA 2008 - SNE,2011,6
SNEQ.SG03SD03R000S900,2011.09,320,FINAL,Dollars,6,S,Consolidated accounts - table 1.1,D03R,Subsidies,,,,,National Accounts - SNA 2008 - SNE,2011,9
SNEQ.SG03SD03R000S900,2011.12,230,FINAL,Dollars,6,S,Consolidated accounts - table 1.1,D03R,Subsidies,,,,,National Accounts - SNA 2008 - SNE,2011,12
SNEQ.SG03SD03R000S900,2012.03,249,FINAL,Dollars,6,S,Consolidated accounts - table 1.1,D03R,Subsidies,,,,,National Accounts - SNA 2008 - SNE,2012,3
SNEQ.SG03SD03R000S900,2012.06,252,FINAL,Dollars,6,S,Consolidated accounts - table 1.1,D03R,Subsidies,,,,,National Accounts - SNA 2008 - SNE,2012,6
SNEQ.SG03SD03R000S900,2012.09,256,FINAL,Dollars,6,S,Consolidated accounts - table 1.1,D03R,Subsidies,,,,,National Accounts - SNA 2008 - SNE,2012,9
SNEQ.SG03SD03R000S900,2012.12,212,FINAL,Dollars,6,S,Consolidated accounts - table 1.1,D03R,Subsidies,,,,,National Accounts - SNA 2008 - SNE,2012,12
SNEQ.SG03SD03R000S900,2013.03,231,FINAL,Dollars,6,S,Consolidated accounts - table 1.1,D03R,Subsidies,,,,,National Accounts - SNA 2008 - SNE,2013,3
SNEQ.SG03SD03R000S900,2013.06,270,FINAL,Dollars,6,S,Consolidated accounts - table 1.1,D03R,Subsidies,,,,,National Accounts - SNA 2008 - SNE,2013,6
SNEQ.SG03SD03R000S900,2013.09,255,FINAL,Dollars,6,S,Consolidated accounts - table 1.1,D03R,Subsidies,,,,,National Accounts - SNA 2008 - SNE,2013,9
SNEQ.SG03SD03R000S900,2013.12,204,FINAL,Dollars,6,S,Consolidated accounts - table 1.1,D03R,Subsidies,,,,,National Accounts - SNA 2008 - SNE,2013,12
SNEQ.SG03SD03R000S900,2014.03,183,FINAL,Dollars,6,S,Consolidated accounts - table 1.1,D03R,Subsidies,,,,,National Accounts - SNA 2008 - SNE,2014,3
SNEQ.SG03SD03R000S900,2014.06,242,FINAL,Dollars,6,S,Consolidated accounts - table 1.1,D03R,Subsidies,,,,,National Accounts - SNA 2008 - SNE,2014,6
SNEQ.SG03SD03R000S900,2014.09,232,FINAL,Dollars,6,S,Consolidated accounts - table 1.1,D03R,Subsidies,,,,,National Accounts - SNA 2008 - SNE,2014,9
SNEQ.SG03SD03R000S900,2014.12,196,FINAL,Dollars,6,S,Consolidated accounts - table 1.1,D03R,Subsidies,,,,,National Accounts - SNA 2008 - SNE,2014,12
SNEQ.SG03SD03R000S900,2015.03,181,FINAL,Dollars,6,S,Consolidated accounts - table 1.1,D03R,Subsidies,,,,,National Accounts - SNA 2008 - SNE,2015,3
SNEQ.SG03SD03R000S900,2015.06,191,FINAL,Dollars,6,S,Consolidated accounts - table 1.1,D03R,Subsidies,,,,,National Accounts - SNA 2008 - SNE,2015,6
SNEQ.SG03SD03R000S900,2015.09,211,FINAL,Dollars,6,S,Consolidated accounts - table 1.1,D03R,Subsidies,,,,,National Accounts - SNA 2008 - SNE,2015,9
SNEQ.SG03SD03R000S900,2015.12,186,FINAL,Dollars,6,S,Consolidated accounts - table 1.1,D03R,Subsidies,,,,,National Accounts - SNA 2008 - SNE,2015,12
SNEQ.SG03SD03R000S900,2016.03,180,FINAL,Dollars,6,S,Consolidated accounts - table 1.1,D03R,Subsidies,,,,,National Accounts - SNA 2008 - SNE,2016,3
SNEQ.SG03SD03R000S900,2016.06,191,FINAL,Dollars,6,S,Consolidated accounts - table 1.1,D03R,Subsidies,,,,,National Accounts - SNA 2008 - SNE,2016,6
SNEQ.SG03SD03R000S900,2016.09,218,FINAL,Dollars,6,S,Consolidated accounts - table 1.1,D03R,Subsidies,,,,,National Accounts - SNA 2008 - SNE,2016,9
SNEQ.SG03SD03R000S900,2016.12,231,FINAL,Dollars,6,S,Consolidated accounts - table 1.1,D03R,Subsidies,,,,,National Accounts - SNA 2008 - SNE,2016,12
SNEQ.SG03SD03R000S900,2017.03,251,FINAL,Dollars,6,S,Consolidated accounts - table 1.1,D03R,Subsidies,,,,,National Accounts - SNA 2008 - SNE,2017,3
SNEQ.SG03SD03R000S900,2017.06,252,FINAL,Dollars,6,S,Consolidated accounts - table 1.1,D03R,Subsidies,,,,,National Accounts - SNA 2008 - SNE,2017,6
SNEQ.SG03SD03R000S900,2017.09,241,FINAL,Dollars,6,S,Consolidated accounts - table 1.1,D03R,Subsidies,,,,,National Accounts - SNA 2008 - SNE,2017,9
SNEQ.SG03SD03R000S900,2017.12,264,FINAL,Dollars,6,S,Consolidated accounts - table 1.1,D03R,Subsidies,,,,,National Accounts - SNA 2008 - SNE,2017,12
SNEQ.SG03SD03R000S900,2018.03,255,FINAL,Dollars,6,S,Consolidated accounts - table 1.1,D03R,Subsidies,,,,,National Accounts - SNA 2008 - SNE,2018,3
SNEQ.SG03SD03R000S900,2018.06,262,FINAL,Dollars,6,S,Consolidated accounts - table 1.1,D03R,Subsidies,,,,,National Accounts - SNA 2008 - SNE,2018,6
SNEQ.SG03SD03R000S900,2018.09,263,FINAL,Dollars,6,S,Consolidated accounts - table 1.1,D03R,Subsidies,,,,,National Accounts - SNA 2008 - SNE,2018,9
SNEQ.SG03SD03R000S900,2018.12,257,FINAL,Dollars,6,S,Consolidated accounts - table 1.1,D03R,Subsidies,,,,,National Accounts - SNA 2008 - SNE,2018,12
SNEQ.SG03SD03R000S900,2019.03,258,FINAL,Dollars,6,S,Consolidated accounts - table 1.1,D03R,Subsidies,,,,,National Accounts - SNA 2008 - SNE,2019,3
SNEQ.SG03SD03R000S900,2019.06,258,FINAL,Dollars,6,S,Consolidated accounts - table 1.1,D03R,Subsidies,,,,,National Accounts - SNA 2008 - SNE,2019,6
SNEQ.SG03SD03R000S900,2019.09,327,FINAL,Dollars,6,S,Consolidated accounts - table 1.1,D03R,Subsidies,,,,,National Accounts - SNA 2008 - SNE,2019,9
SNEQ.SG03SD03R000S900,2019.12,295,FINAL,Dollars,6,S,Consolidated accounts - table 1.1,D03R,Subsidies,,,,,National Accounts - SNA 2008 - SNE,2019,12
SNEQ.SG03SD03R000S900,2020.03,4080,FINAL,Dollars,6,S,Consolidated accounts - table 1.1,D03R,Subsidies,,,,,National Accounts - SNA 2008 - SNE,2020,3
SNEQ.SG03SD03R000S900,2020.06,8548,FINAL,Dollars,6,S,Consolidated accounts - table 1.1,D03R,Subsidies,,,,,National Accounts - SNA 2008 - SNE,2020,6
SNEQ.SG03SD03R000S900,2020.09,2299,FINAL,Dollars,6,S,Consolidated accounts - table 1.1,D03R,Subsidies,,,,,National Accounts - SNA 2008 - SNE,2020,9
SNEQ.SG03SD03R000S900,2020.12,531,FINAL,Dollars,6,S,Consolidated accounts - table 1.1,D03R,Subsidies,,,,,National Accounts - SNA 2008 - SNE,2020,12
SNEQ.SG03SD03R000S900,2021.03,896,FINAL,Dollars,6,S,Consolidated accounts - table 1.1,D03R,Subsidies,,,,,National Accounts - SNA 2008 - SNE,2021,3
SNEQ.SG03SD03R000S900,2021.06,584,FINAL,Dollars,6,S,Consolidated accounts - table 1.1,D03R,Subsidies,,,,,National Accounts - SNA 2008 - SNE,2021,6
SNEQ.SG03SD03R000S900,2021.09,4402,FINAL,Dollars,6,S,Consolidated accounts - table 1.1,D03R,Subsidies,,,,,National Accounts - SNA 2008 - SNE,2021,9
SNEQ.SG03SD03R000S900,2021.12,4375,FINAL,Dollars,6,S,Consolidated accounts - table 1.1,D03R,Subsidies,,,,,National Accounts - SNA 2008 - SNE,2021,12
SNEQ.SG03SD03R000S900,2022.03,1971,FINAL,Dollars,6,S,Consolidated accounts - table 1.1,D03R,Subsidies,,,,,National Accounts - SNA 2008 - SNE,2022,3
SNEQ.SG03SD03R000S900,2022.06,1133,FINAL,Dollars,6,S,Consolidated accounts - table 1.1,D03R,Subsidies,,,,,National Accounts - SNA 2008 - SNE,2022,6
SNEQ.SG03SD03R000S900,2022.09,853,FINAL,Dollars,6,S,Consolidated accounts - table 1.1,D03R,Subsidies,,,,,National Accounts - SNA 2008 - SNE,2022,9
SNEQ.SG03SD03R000S900,2022.12,656,FINAL,Dollars,6,S,Consolidated accounts - table 1.1,D03R,Subsidies,,,,,National Accounts - SNA 2008 - SNE,2022,12
SNEQ.SG03SD03R000S900,2023.03,654,FINAL,Dollars,6,S,Consolidated accounts - table 1.1,D03R,Subsidies,,,,,National Accounts - SNA 2008 - SNE,2023,3
SNEQ.SG03SD03R000S900,2023.06,559,FINAL,Dollars,6,S,Consolidated accounts - table 1.1,D03R,Subsidies,,,,,National Accounts - SNA 2008 - SNE,2023,6
SNEQ.SG03SD03R000S900,2023.09,614,FINAL,Dollars,6,S,Consolidated accounts - table 1.1,D03R,Subsidies,,,,,National Accounts - SNA 2008 - SNE,2023,9
SNEQ.SG03SD03R000S900,2023.12,575,FINAL,Dollars,6,S,Consolidated accounts - table 1.1,D03R,Subsidies,,,,,National Accounts - SNA 2008 - SNE,2023,12
SNEQ.SG03SD03R000S900,2024.03,633,FINAL,Dollars,6,S,Consolidated accounts - table 1.1,D03R,Subsidies,,,,,National Accounts - SNA 2008 - SNE,2024,3
SNEQ.SG03SD03R000S900,2024.06,541,FINAL,Dollars,6,S,Consolidated accounts - table 1.1,D03R,Subsidies,,,,,National Accounts - SNA 2008 - SNE,2024,6
SNEQ.SG03SD03R000S900,2024.09,632,FINAL,Dollars,6,S,Consolidated accounts - table 1.1,D03R,Subsidies,,,,,National Accounts - SNA 2008 - SNE,2024,9
SNEQ.SG03SD03R000S900,2024.12,573,FINAL,Dollars,6,S,Consolidated accounts - table 1.1,D03R,Subsidies,,,,,National Accounts - SNA 2008 - SNE,2024,12
SNEQ.SG03SD03R000S900,2025.03,566,FINAL,Dollars,6,S,Consolidated accounts - table 1.1,D03R,Subsidies,,,,,National Accounts - SNA 2008 - SNE,2025,3
SNEQ.SG03SD03R000S900,2025.06,505,FINAL,Dollars,6,S,Consolidated accounts - table 1.1,D03R,Subsidies,,,,,National Accounts - SNA 2008 - SNE,2025,6
SNEQ.SG03SP030000S900,2011.06,40950,FINAL,Dollars,6,S,Consolidated accounts - table 1.1,P03,Final consumption expenditure,,,,,National Accounts - SNA 2008 - SNE,2011,6
SNEQ.SG03SP030000S900,2011.09,41344,FINAL,Dollars,6,S,Consolidated accounts - table 1.1,P03,Final consumption expenditure,,,,,National Accounts - SNA 2008 - SNE,2011,9
SNEQ.SG03SP030000S900,2011.12,41620,FINAL,Dollars,6,S,Consolidated accounts - table 1.1,P03,Final consumption expenditure,,,,,National Accounts - SNA 2008 - SNE,2011,12
SNEQ.SG03SP030000S900,2012.03,42028,FINAL,Dollars,6,S,Consolidated accounts - table 1.1,P03,Final consumption expenditure,,,,,National Accounts - SNA 2008 - SNE,2012,3
SNEQ.SG03SP030000S900,2012.06,42168,FINAL,Dollars,6,S,Consolidated accounts - table 1.1,P03,Final consumption expenditure,,,,,National Accounts - SNA 2008 - SNE,2012,6
SNEQ.SG03SP030000S900,2012.09,42131,FINAL,Dollars,6,S,Consolidated accounts - table 1.1,P03,Final consumption expenditure,,,,,National Accounts - SNA 2008 - SNE,2012,9
SNEQ.SG03SP030000S900,2012.12,42620,FINAL,Dollars,6,S,Consolidated accounts - table 1.1,P03,Final consumption expenditure,,,,,National Accounts - SNA 2008 - SNE,2012,12
SNEQ.SG03SP030000S900,2013.03,43136,FINAL,Dollars,6,S,Consolidated accounts - table 1.1,P03,Final consumption expenditure,,,,,National Accounts - SNA 2008 - SNE,2013,3
SNEQ.SG03SP030000S900,2013.06,43577,FINAL,Dollars,6,S,Consolidated accounts - table 1.1,P03,Final consumption expenditure,,,,,National Accounts - SNA 2008 - SNE,2013,6
SNEQ.SG03SP030000S900,2013.09,44111,FINAL,Dollars,6,S,Consolidated accounts - table 1.1,P03,Final consumption expenditure,,,,,National Accounts - SNA 2008 - SNE,2013,9
SNEQ.SG03SP030000S900,2013.12,44691,FINAL,Dollars,6,S,Consolidated accounts - table 1.1,P03,Final consumption expenditure,,,,,National Accounts - SNA 2008 - SNE,2013,12
SNEQ.SG03SP030000S900,2014.03,45171,FINAL,Dollars,6,S,Consolidated accounts - table 1.1,P03,Final consumption expenditure,,,,,National Accounts - SNA 2008 - SNE,2014,3
SNEQ.SG03SP030000S900,2014.06,45477,FINAL,Dollars,6,S,Consolidated accounts - table 1.1,P03,Final consumption expenditure,,,,,National Accounts - SNA 2008 - SNE,2014,6
SNEQ.SG03SP030000S900,2014.09,46084,FINAL,Dollars,6,S,Consolidated accounts - table 1.1,P03,Final consumption expenditure,,,,,National Accounts - SNA 2008 - SNE,2014,9
SNEQ.SG03SP030000S900,2014.12,46417,FINAL,Dollars,6,S,Consolidated accounts - table 1.1,P03,Final consumption expenditure,,,,,National Accounts - SNA 2008 - SNE,2014,12
SNEQ.SG03SP030000S900,2015.03,46968,REVISED,Dollars,6,S,Consolidated accounts - table 1.1,P03,Final consumption expenditure,,,,,National Accounts - SNA 2008 - SNE,2015,3
SNEQ.SG03SP030000S900,2015.06,47645,FINAL,Dollars,6,S,Consolidated accounts - table 1.1,P03,Final consumption expenditure,,,,,National Accounts - SNA 2008 - SNE,2015,6
SNEQ.SG03SP030000S900,2015.09,48191,FINAL,Dollars,6,S,Consolidated accounts - table 1.1,P03,Final consumption expenditure,,,,,National Accounts - SNA 2008 - SNE,2015,9
SNEQ.SG03SP030000S900,2015.12,48686,FINAL,Dollars,6,S,Consolidated accounts - table 1.1,P03,Final consumption expenditure,,,,,National Accounts - SNA 2008 - SNE,2015,12
SNEQ.SG03SP030000S900,2016.03,49161,FINAL,Dollars,6,S,Consolidated accounts - table 1.1,P03,Final consumption expenditure,,,,,National Accounts - SNA 2008 - SNE,2016,3
SNEQ.SG03SP030000S900,2016.06,50350,REVISED,Dollars,6,S,Consolidated accounts - table 1.1,P03,Final consumption expenditure,,,,,National Accounts - SNA 2008 - SNE,2016,6
SNEQ.SG03SP030000S900,2016.09,51137,REVISED,Dollars,6,S,Consolidated accounts - table 1.1,P03,Final consumption expenditure,,,,,National Accounts - SNA 2008 - SNE,2016,9
SNEQ.SG03SP030000S900,2016.12,51917,REVISED,Dollars,6,S,Consolidated accounts - table 1.1,P03,Final consumption expenditure,,,,,National Accounts - SNA 2008 - SNE,2016,12
SNEQ.SG03SP030000S900,2017.03,53141,REVISED,Dollars,6,S,Consolidated accounts - table 1.1,P03,Final consumption expenditure,,,,,National Accounts - SNA 2008 - SNE,2017,3
SNEQ.SG03SP030000S900,2017.06,53566,REVISED,Dollars,6,S,Consolidated accounts - table 1.1,P03,Final consumption expenditure,,,,,National Accounts - SNA 2008 - SNE,2017,6
SNEQ.SG03SP030000S900,2017.09,54419,REVISED,Dollars,6,S,Consolidated accounts - table 1.1,P03,Final consumption expenditure,,,,,National Accounts - SNA 2008 - SNE,2017,9
SNEQ.SG03SP030000S900,2017.12,55278,REVISED,Dollars,6,S,Consolidated accounts - table 1.1,P03,Final consumption expenditure,,,,,National Accounts - SNA 2008 - SNE,2017,12
SNEQ.SG03SP030000S900,2018.03,55883,REVISED,Dollars,6,S,Consolidated accounts - table 1.1,P03,Final consumption expenditure,,,,,National Accounts - SNA 2008 - SNE,2018,3
SNEQ.SG03SP030000S900,2018.06,56931,REVISED,Dollars,6,S,Consolidated accounts - table 1.1,P03,Final consumption expenditure,,,,,National Accounts - SNA 2008 - SNE,2018,6
SNEQ.SG03SP030000S900,2018.09,57972,REVISED,Dollars,6,S,Consolidated accounts - table 1.1,P03,Final consumption expenditure,,,,,National Accounts - SNA 2008 - SNE,2018,9
SNEQ.SG03SP030000S900,2018.12,58845,REVISED,Dollars,6,S,Consolidated accounts - table 1.1,P03,Final consumption expenditure,,,,,National Accounts - SNA 2008 - SNE,2018,12
SNEQ.SG03SP030000S900,2019.03,59214,REVISED,Dollars,6,S,Consolidated accounts - table 1.1,P03,Final consumption expenditure,,,,,National Accounts - SNA 2008 - SNE,2019,3
SNEQ.SG03SP030000S900,2019.06,60408,REVISED,Dollars,6,S,Consolidated accounts - table 1.1,P03,Final consumption expenditure,,,,,National Accounts - SNA 2008 - SNE,2019,6
SNEQ.SG03SP030000S900,2019.09,61182,REVISED,Dollars,6,S,Consolidated accounts - table 1.1,P03,Final consumption expenditure,,,,,National Accounts - SNA 2008 - SNE,2019,9
SNEQ.SG03SP030000S900,2019.12,61993,REVISED,Dollars,6,S,Consolidated accounts - table 1.1,P03,Final consumption expenditure,,,,,National Accounts - SNA 2008 - SNE,2019,12
SNEQ.SG03SP030000S900,2020.03,62100,REVISED,Dollars,6,S,Consolidated accounts - table 1.1,P03,Final consumption expenditure,,,,,National Accounts - SNA 2008 - SNE,2020,3
SNEQ.SG03SP030000S900,2020.06,57225,REVISED,Dollars,6,S,Consolidated accounts - table 1.1,P03,Final consumption expenditure,,,,,National Accounts - SNA 2008 - SNE,2020,6
SNEQ.SG03SP030000S900,2020.09,63572,REVISED,Dollars,6,S,Consolidated accounts - table 1.1,P03,Final consumption expenditure,,,,,National Accounts - SNA 2008 - SNE,2020,9
SNEQ.SG03SP030000S900,2020.12,65087,REVISED,Dollars,6,S,Consolidated accounts - table 1.1,P03,Final consumption expenditure,,,,,National Accounts - SNA 2008 - SNE,2020,12
SNEQ.SG03SP030000S900,2021.03,68338,REVISED,Dollars,6,S,Consolidated accounts - table 1.1,P03,Final consumption expenditure,,,,,National Accounts - SNA 2008 - SNE,2021,3
SNEQ.SG03SP030000S900,2021.06,69263,REVISED,Dollars,6,S,Consolidated accounts - table 1.1,P03,Final consumption expenditure,,,,,National Accounts - SNA 2008 - SNE,2021,6
SNEQ.SG03SP030000S900,2021.09,66935,REVISED,Dollars,6,S,Consolidated accounts - table 1.1,P03,Final consumption expenditure,,,,,National Accounts - SNA 2008 - SNE,2021,9
SNEQ.SG03SP030000S900,2021.12,71336,REVISED,Dollars,6,S,Consolidated accounts - table 1.1,P03,Final consumption expenditure,,,,,National Accounts - SNA 2008 - SNE,2021,12
SNEQ.SG03SP030000S900,2022.03,75078,REVISED,Dollars,6,S,Consolidated accounts - table 1.1,P03,Final consumption expenditure,,,,,National Accounts - SNA 2008 - SNE,2022,3
SNEQ.SG03SP030000S900,2022.06,75203,REVISED,Dollars,6,S,Consolidated accounts - table 1.1,P03,Final consumption expenditure,,,,,National Accounts - SNA 2008 - SNE,2022,6
SNEQ.SG03SP030000S900,2022.09,77157,REVISED,Dollars,6,S,Consolidated accounts - table 1.1,P03,Final consumption expenditure,,,,,National Accounts - SNA 2008 - SNE,2022,9
SNEQ.SG03SP030000S900,2022.12,78369,REVISED,Dollars,6,S,Consolidated accounts - table 1.1,P03,Final consumption expenditure,,,,,National Accounts - SNA 2008 - SNE,2022,12
SNEQ.SG03SP030000S900,2023.03,79857,REVISED,Dollars,6,S,Consolidated accounts - table 1.1,P03,Final consumption expenditure,,,,,National Accounts - SNA 2008 - SNE,2023,3
SNEQ.SG03SP030000S900,2023.06,81223,REVISED,Dollars,6,S,Consolidated accounts - table 1.1,P03,Final consumption expenditure,,,,,National Accounts - SNA 2008 - SNE,2023,6
SNEQ.SG03SP030000S900,2023.09,81573,REVISED,Dollars,6,S,Consolidated accounts - table 1.1,P03,Final consumption expenditure,,,,,National Accounts - SNA 2008 - SNE,2023,9
SNEQ.SG03SP030000S900,2023.12,82469,REVISED,Dollars,6,S,Consolidated accounts - table 1.1,P03,Final consumption expenditure,,,,,National Accounts - SNA 2008 - SNE,2023,12
SNEQ.SG03SP030000S900,2024.03,82959,REVISED,Dollars,6,S,Consolidated accounts - table 1.1,P03,Final consumption expenditure,,,,,National Accounts - SNA 2008 - SNE,2024,3
SNEQ.SG03SP030000S900,2024.06,83840,REVISED,Dollars,6,S,Consolidated accounts - table 1.1,P03,Final consumption expenditure,,,,,National Accounts - SNA 2008 - SNE,2024,6
SNEQ.SG03SP030000S900,2024.09,84144,REVISED,Dollars,6,S,Consolidated accounts - table 1.1,P03,Final consumption expenditure,,,,,National Accounts - SNA 2008 - SNE,2024,9
SNEQ.SG03SP030000S900,2024.12,84858,REVISED,Dollars,6,S,Consolidated accounts - table 1.1,P03,Final consumption expenditure,,,,,National Accounts - SNA 2008 - SNE,2024,12
SNEQ.SG03SP030000S900,2025.03,86513,REVISED,Dollars,6,S,Consolidated accounts - table 1.1,P03,Final consumption expenditure,,,,,National Accounts - SNA 2008 - SNE,2025,3
SNEQ.SG03SP030000S900,2025.06,87019,FINAL,Dollars,6,S,Consolidated accounts - table 1.1,P03,Final consumption expenditure,,,,,National Accounts - SNA 2008 - SNE,2025,6
SNEQ.SG03SP051G00S900,2011.06,10330,FINAL,Dollars,6,S,Consolidated accounts - table 1.1,P051G,Gross fixed capital formation,,,,,National Accounts - SNA 2008 - SNE,2011,6
SNEQ.SG03SP051G00S900,2011.09,10395,FINAL,Dollars,6,S,Consolidated accounts - table 1.1,P051G,Gross fixed capital formation,,,,,National Accounts - SNA 2008 - SNE,2011,9
SNEQ.SG03SP051G00S900,2011.12,10810,FINAL,Dollars,6,S,Consolidated accounts - table 1.1,P051G,Gross fixed capital formation,,,,,National Accounts - SNA 2008 - SNE,2011,12
SNEQ.SG03SP051G00S900,2012.03,11266,FINAL,Dollars,6,S,Consolidated accounts - table 1.1,P051G,Gross fixed capital formation,,,,,National Accounts - SNA 2008 - SNE,2012,3
SNEQ.SG03SP051G00S900,2012.06,11293,FINAL,Dollars,6,S,Consolidated accounts - table 1.1,P051G,Gross fixed capital formation,,,,,National Accounts - SNA 2008 - SNE,2012,6
SNEQ.SG03SP051G00S900,2012.09,11160,FINAL,Dollars,6,S,Consolidated accounts - table 1.1,P051G,Gross fixed capital formation,,,,,National Accounts - SNA 2008 - SNE,2012,9
SNEQ.SG03SP051G00S900,2012.12,11457,FINAL,Dollars,6,S,Consolidated accounts - table 1.1,P051G,Gross fixed capital formation,,,,,National Accounts - SNA 2008 - SNE,2012,12
SNEQ.SG03SP051G00S900,2013.03,11679,FINAL,Dollars,6,S,Consolidated accounts - table 1.1,P051G,Gross fixed capital formation,,,,,National Accounts - SNA 2008 - SNE,2013,3
SNEQ.SG03SP051G00S900,2013.06,11999,FINAL,Dollars,6,S,Consolidated accounts - table 1.1,P051G,Gross fixed capital formation,,,,,National Accounts - SNA 2008 - SNE,2013,6
SNEQ.SG03SP051G00S900,2013.09,12362,FINAL,Dollars,6,S,Consolidated accounts - table 1.1,P051G,Gross fixed capital formation,,,,,National Accounts - SNA 2008 - SNE,2013,9
SNEQ.SG03SP051G00S900,2013.12,12555,FINAL,Dollars,6,S,Consolidated accounts - table 1.1,P051G,Gross fixed capital formation,,,,,National Accounts - SNA 2008 - SNE,2013,12
SNEQ.SG03SP051G00S900,2014.03,12910,FINAL,Dollars,6,S,Consolidated accounts - table 1.1,P051G,Gross fixed capital formation,,,,,National Accounts - SNA 2008 - SNE,2014,3
SNEQ.SG03SP051G00S900,2014.06,13209,FINAL,Dollars,6,S,Consolidated accounts - table 1.1,P051G,Gross fixed capital formation,,,,,National Accounts - SNA 2008 - SNE,2014,6
SNEQ.SG03SP051G00S900,2014.09,13749,FINAL,Dollars,6,S,Consolidated accounts - table 1.1,P051G,Gross fixed capital formation,,,,,National Accounts - SNA 2008 - SNE,2014,9
SNEQ.SG03SP051G00S900,2014.12,13912,REVISED,Dollars,6,S,Consolidated accounts - table 1.1,P051G,Gross fixed capital formation,,,,,National Accounts - SNA 2008 - SNE,2014,12
SNEQ.SG03SP051G00S900,2015.03,13889,FINAL,Dollars,6,S,Consolidated accounts - table 1.1,P051G,Gross fixed capital formation,,,,,National Accounts - SNA 2008 - SNE,2015,3
SNEQ.SG03SP051G00S900,2015.06,14174,FINAL,Dollars,6,S,Consolidated accounts - table 1.1,P051G,Gross fixed capital formation,,,,,National Accounts - SNA 2008 - SNE,2015,6
SNEQ.SG03SP051G00S900,2015.09,14961,REVISED,Dollars,6,S,Consolidated accounts - table 1.1,P051G,Gross fixed capital formation,,,,,National Accounts - SNA 2008 - SNE,2015,9
SNEQ.SG03SP051G00S900,2015.12,14590,FINAL,Dollars,6,S,Consolidated accounts - table 1.1,P051G,Gross fixed capital formation,,,,,National Accounts - SNA 2008 - SNE,2015,12
SNEQ.SG03SP051G00S900,2016.03,14831,REVISED,Dollars,6,S,Consolidated accounts - table 1.1,P051G,Gross fixed capital formation,,,,,National Accounts - SNA 2008 - SNE,2016,3
SNEQ.SG03SP051G00S900,2016.06,15185,REVISED,Dollars,6,S,Consolidated accounts - table 1.1,P051G,Gross fixed capital formation,,,,,National Accounts - SNA 2008 - SNE,2016,6
SNEQ.SG03SP051G00S900,2016.09,15441,REVISED,Dollars,6,S,Consolidated accounts - table 1.1,P051G,Gross fixed capital formation,,,,,National Accounts - SNA 2008 - SNE,2016,9
SNEQ.SG03SP051G00S900,2016.12,15288,REVISED,Dollars,6,S,Consolidated accounts - table 1.1,P051G,Gross fixed capital formation,,,,,National Accounts - SNA 2008 - SNE,2016,12
SNEQ.SG03SP051G00S900,2017.03,15541,FINAL,Dollars,6,S,Consolidated accounts - table 1.1,P051G,Gross fixed capital formation,,,,,National Accounts - SNA 2008 - SNE,2017,3
SNEQ.SG03SP051G00S900,2017.06,15979,REVISED,Dollars,6,S,Consolidated accounts - table 1.1,P051G,Gross fixed capital formation,,,,,National Accounts - SNA 2008 - SNE,2017,6
SNEQ.SG03SP051G00S900,2017.09,16423,REVISED,Dollars,6,S,Consolidated accounts - table 1.1,P051G,Gross fixed capital formation,,,,,National Accounts - SNA 2008 - SNE,2017,9
SNEQ.SG03SP051G00S900,2017.12,17138,FINAL,Dollars,6,S,Consolidated accounts - table 1.1,P051G,Gross fixed capital formation,,,,,National Accounts - SNA 2008 - SNE,2017,12
SNEQ.SG03SP051G00S900,2018.03,17296,REVISED,Dollars,6,S,Consolidated accounts - table 1.1,P051G,Gross fixed capital formation,,,,,National Accounts - SNA 2008 - SNE,2018,3
SNEQ.SG03SP051G00S900,2018.06,17742,REVISED,Dollars,6,S,Consolidated accounts - table 1.1,P051G,Gross fixed capital formation,,,,,National Accounts - SNA 2008 - SNE,2018,6
SNEQ.SG03SP051G00S900,2018.09,17642,REVISED,Dollars,6,S,Consolidated accounts - table 1.1,P051G,Gross fixed capital formation,,,,,National Accounts - SNA 2008 - SNE,2018,9
SNEQ.SG03SP051G00S900,2018.12,18074,REVISED,Dollars,6,S,Consolidated accounts - table 1.1,P051G,Gross fixed capital formation,,,,,National Accounts - SNA 2008 - SNE,2018,12
SNEQ.SG03SP051G00S900,2019.03,18588,REVISED,Dollars,6,S,Consolidated accounts - table 1.1,P051G,Gross fixed capital formation,,,,,National Accounts - SNA 2008 - SNE,2019,3
SNEQ.SG03SP051G00S900,2019.06,18890,REVISED,Dollars,6,S,Consolidated accounts - table 1.1,P051G,Gross fixed capital formation,,,,,National Accounts - SNA 2008 - SNE,2019,6
SNEQ.SG03SP051G00S900,2019.09,18992,REVISED,Dollars,6,S,Consolidated accounts - table 1.1,P051G,Gross fixed capital formation,,,,,National Accounts - SNA 2008 - SNE,2019,9
SNEQ.SG03SP051G00S900,2019.12,19350,REVISED,Dollars,6,S,Consolidated accounts - table 1.1,P051G,Gross fixed capital formation,,,,,National Accounts - SNA 2008 - SNE,2019,12
SNEQ.SG03SP051G00S900,2020.03,18778,REVISED,Dollars,6,S,Consolidated accounts - table 1.1,P051G,Gross fixed capital formation,,,,,National Accounts - SNA 2008 - SNE,2020,3
SNEQ.SG03SP051G00S900,2020.06,15580,REVISED,Dollars,6,S,Consolidated accounts - table 1.1,P051G,Gross fixed capital formation,,,,,National Accounts - SNA 2008 - SNE,2020,6
SNEQ.SG03SP051G00S900,2020.09,19740,REVISED,Dollars,6,S,Consolidated accounts - table 1.1,P051G,Gross fixed capital formation,,,,,National Accounts - SNA 2008 - SNE,2020,9
SNEQ.SG03SP051G00S900,2020.12,20003,REVISED,Dollars,6,S,Consolidated accounts - table 1.1,P051G,Gross fixed capital formation,,,,,National Accounts - SNA 2008 - SNE,2020,12
SNEQ.SG03SP051G00S900,2021.03,21011,REVISED,Dollars,6,S,Consolidated accounts - table 1.1,P051G,Gross fixed capital formation,,,,,National Accounts - SNA 2008 - SNE,2021,3
SNEQ.SG03SP051G00S900,2021.06,21036,REVISED,Dollars,6,S,Consolidated accounts - table 1.1,P051G,Gross fixed capital formation,,,,,National Accounts - SNA 2008 - SNE,2021,6
SNEQ.SG03SP051G00S900,2021.09,20457,REVISED,Dollars,6,S,Consolidated accounts - table 1.1,P051G,Gross fixed capital formation,,,,,National Accounts - SNA 2008 - SNE,2021,9
SNEQ.SG03SP051G00S900,2021.12,23151,REVISED,Dollars,6,S,Consolidated accounts - table 1.1,P051G,Gross fixed capital formation,,,,,National Accounts - SNA 2008 - SNE,2021,12
SNEQ.SG03SP051G00S900,2022.03,23755,REVISED,Dollars,6,S,Consolidated accounts - table 1.1,P051G,Gross fixed capital formation,,,,,National Accounts - SNA 2008 - SNE,2022,3
SNEQ.SG03SP051G00S900,2022.06,23530,REVISED,Dollars,6,S,Consolidated accounts - table 1.1,P051G,Gross fixed capital formation,,,,,National Accounts - SNA 2008 - SNE,2022,6
SNEQ.SG03SP051G00S900,2022.09,25362,REVISED,Dollars,6,S,Consolidated accounts - table 1.1,P051G,Gross fixed capital formation,,,,,National Accounts - SNA 2008 - SNE,2022,9
SNEQ.SG03SP051G00S900,2022.12,25304,REVISED,Dollars,6,S,Consolidated accounts - table 1.1,P051G,Gross fixed capital formation,,,,,National Accounts - SNA 2008 - SNE,2022,12
SNEQ.SG03SP051G00S900,2023.03,25633,REVISED,Dollars,6,S,Consolidated accounts - table 1.1,P051G,Gross fixed capital formation,,,,,National Accounts - SNA 2008 - SNE,2023,3
SNEQ.SG03SP051G00S900,2023.06,26030,REVISED,Dollars,6,S,Consolidated accounts - table 1.1,P051G,Gross fixed capital formation,,,,,National Accounts - SNA 2008 - SNE,2023,6
SNEQ.SG03SP051G00S900,2023.09,25653,REVISED,Dollars,6,S,Consolidated accounts - table 1.1,P051G,Gross fixed capital formation,,,,,National Accounts - SNA 2008 - SNE,2023,9
SNEQ.SG03SP051G00S900,2023.12,25753,REVISED,Dollars,6,S,Consolidated accounts - table 1.1,P051G,Gross fixed capital formation,,,,,National Accounts - SNA 2008 - SNE,2023,12
SNEQ.SG03SP051G00S900,2024.03,25631,REVISED,Dollars,6,S,Consolidated accounts - table 1.1,P051G,Gross fixed capital formation,,,,,National Accounts - SNA 2008 - SNE,2024,3
SNEQ.SG03SP051G00S900,2024.06,25504,REVISED,Dollars,6,S,Consolidated accounts - table 1.1,P051G,Gross fixed capital formation,,,,,National Accounts - SNA 2008 - SNE,2024,6
SNEQ.SG03SP051G00S900,2024.09,24679,REVISED,Dollars,6,S,Consolidated accounts - table 1.1,P051G,Gross fixed capital formation,,,,,National Accounts - SNA 2008 - SNE,2024,9
SNEQ.SG03SP051G00S900,2024.12,24709,REVISED,Dollars,6,S,Consolidated accounts - table 1.1,P051G,Gross fixed capital formation,,,,,National Accounts - SNA 2008 - SNE,2024,12
SNEQ.SG03SP051G00S900,2025.03,25302,REVISED,Dollars,6,S,Consolidated accounts - table 1.1,P051G,Gross fixed capital formation,,,,,National Accounts - SNA 2008 - SNE,2025,3
SNEQ.SG03SP051G00S900,2025.06,24750,FINAL,Dollars,6,S,Consolidated accounts - table 1.1,P051G,Gross fixed capital formation,,,,,National Accounts - SNA 2008 - SNE,2025,6
SNEQ.SG03SP052000S900,2011.06,30,FINAL,Dollars,6,S,Consolidated accounts - table 1.1,P052,Change in inventories,,,,,National Accounts - SNA 2008 - SNE,2011,6
SNEQ.SG03SP052000S900,2011.09,580,FINAL,Dollars,6,S,Consolidated accounts - table 1.1,P052,Change in inventories,,,,,National Accounts - SNA 2008 - SNE,2011,9
SNEQ.SG03SP052000S900,2011.12,60,FINAL,Dollars,6,S,Consolidated accounts - table 1.1,P052,Change in inventories,,,,,National Accounts - SNA 2008 - SNE,2011,12
SNEQ.SG03SP052000S900,2012.03,614,REVISED,Dollars,6,S,Consolidated accounts - table 1.1,P052,Change in inventories,,,,,National Accounts - SNA 2008 - SNE,2012,3
SNEQ.SG03SP052000S900,2012.06,546,FINAL,Dollars,6,S,Consolidated accounts - table 1.1,P052,Change in inventories,,,,,National Accounts - SNA 2008 - SNE,2012,6
SNEQ.SG03SP052000S900,2012.09,73,FINAL,Dollars,6,S,Consolidated accounts - table 1.1,P052,Change in inventories,,,,,National Accounts - SNA 2008 - SNE,2012,9
SNEQ.SG03SP052000S900,2012.12,-6,FINAL,Dollars,6,S,Consolidated accounts - table 1.1,P052,Change in inventories,,,,,National Accounts - SNA 2008 - SNE,2012,12
SNEQ.SG03SP052000S900,2013.03,209,FINAL,Dollars,6,S,Consolidated accounts - table 1.1,P052,Change in inventories,,,,,National Accounts - SNA 2008 - SNE,2013,3
SNEQ.SG03SP052000S900,2013.06,-34,FINAL,Dollars,6,S,Consolidated accounts - table 1.1,P052,Change in inventories,,,,,National Accounts - SNA 2008 - SNE,2013,6
SNEQ.SG03SP052000S900,2013.09,869,FINAL,Dollars,6,S,Consolidated accounts - table 1.1,P052,Change in inventories,,,,,National Accounts - SNA 2008 - SNE,2013,9
SNEQ.SG03SP052000S900,2013.12,805,FINAL,Dollars,6,S,Consolidated accounts - table 1.1,P052,Change in inventories,,,,,National Accounts - SNA 2008 - SNE,2013,12
SNEQ.SG03SP052000S900,2014.03,196,FINAL,Dollars,6,S,Consolidated accounts - table 1.1,P052,Change in inventories,,,,,National Accounts - SNA 2008 - SNE,2014,3
SNEQ.SG03SP052000S900,2014.06,576,REVISED,Dollars,6,S,Consolidated accounts - table 1.1,P052,Change in inventories,,,,,National Accounts - SNA 2008 - SNE,2014,6
SNEQ.SG03SP052000S900,2014.09,397,REVISED,Dollars,6,S,Consolidated accounts - table 1.1,P052,Change in inventories,,,,,National Accounts - SNA 2008 - SNE,2014,9
SNEQ.SG03SP052000S900,2014.12,223,FINAL,Dollars,6,S,Consolidated accounts - table 1.1,P052,Change in inventories,,,,,National Accounts - SNA 2008 - SNE,2014,12
SNEQ.SG03SP052000S900,2015.03,22,FINAL,Dollars,6,S,Consolidated accounts - table 1.1,P052,Change in inventories,,,,,National Accounts - SNA 2008 - SNE,2015,3
SNEQ.SG03SP052000S900,2015.06,678,FINAL,Dollars,6,S,Consolidated accounts - table 1.1,P052,Change in inventories,,,,,National Accounts - SNA 2008 - SNE,2015,6
SNEQ.SG03SP052000S900,2015.09,-109,FINAL,Dollars,6,S,Consolidated accounts - table 1.1,P052,Change in inventories,,,,,National Accounts - SNA 2008 - SNE,2015,9
SNEQ.SG03SP052000S900,2015.12,-14,FINAL,Dollars,6,S,Consolidated accounts - table 1.1,P052,Change in inventories,,,,,National Accounts - SNA 2008 - SNE,2015,12
SNEQ.SG03SP052000S900,2016.03,117,FINAL,Dollars,6,S,Consolidated accounts - table 1.1,P052,Change in inventories,,,,,National Accounts - SNA 2008 - SNE,2016,3
SNEQ.SG03SP052000S900,2016.06,90,REVISED,Dollars,6,S,Consolidated accounts - table 1.1,P052,Change in inventories,,,,,National Accounts - SNA 2008 - SNE,2016,6
SNEQ.SG03SP052000S900,2016.09,112,FINAL,Dollars,6,S,Consolidated accounts - table 1.1,P052,Change in inventories,,,,,National Accounts - SNA 2008 - SNE,2016,9
SNEQ.SG03SP052000S900,2016.12,372,FINAL,Dollars,6,S,Consolidated accounts - table 1.1,P052,Change in inventories,,,,,National Accounts - SNA 2008 - SNE,2016,12
SNEQ.SG03SP052000S900,2017.03,845,REVISED,Dollars,6,S,Consolidated accounts - table 1.1,P052,Change in inventories,,,,,National Accounts - SNA 2008 - SNE,2017,3
SNEQ.SG03SP052000S900,2017.06,146,FINAL,Dollars,6,S,Consolidated accounts - table 1.1,P052,Change in inventories,,,,,National Accounts - SNA 2008 - SNE,2017,6
SNEQ.SG03SP052000S900,2017.09,169,REVISED,Dollars,6,S,Consolidated accounts - table 1.1,P052,Change in inventories,,,,,National Accounts - SNA 2008 - SNE,2017,9
SNEQ.SG03SP052000S900,2017.12,673,FINAL,Dollars,6,S,Consolidated accounts - table 1.1,P052,Change in inventories,,,,,National Accounts - SNA 2008 - SNE,2017,12
SNEQ.SG03SP052000S900,2018.03,1046,REVISED,Dollars,6,S,Consolidated accounts - table 1.1,P052,Change in inventories,,,,,National Accounts - SNA 2008 - SNE,2018,3
SNEQ.SG03SP052000S900,2018.06,1028,FINAL,Dollars,6,S,Consolidated accounts - table 1.1,P052,Change in inventories,,,,,National Accounts - SNA 2008 - SNE,2018,6
SNEQ.SG03SP052000S900,2018.09,468,REVISED,Dollars,6,S,Consolidated accounts - table 1.1,P052,Change in inventories,,,,,National Accounts - SNA 2008 - SNE,2018,9
SNEQ.SG03SP052000S900,2018.12,32,REVISED,Dollars,6,S,Consolidated accounts - table 1.1,P052,Change in inventories,,,,,National Accounts - SNA 2008 - SNE,2018,12
SNEQ.SG03SP052000S900,2019.03,-130,REVISED,Dollars,6,S,Consolidated accounts - table 1.1,P052,Change in inventories,,,,,National Accounts - SNA 2008 - SNE,2019,3
SNEQ.SG03SP052000S900,2019.06,541,REVISED,Dollars,6,S,Consolidated accounts - table 1.1,P052,Change in inventories,,,,,National Accounts - SNA 2008 - SNE,2019,6
SNEQ.SG03SP052000S900,2019.09,536,REVISED,Dollars,6,S,Consolidated accounts - table 1.1,P052,Change in inventories,,,,,National Accounts - SNA 2008 - SNE,2019,9
SNEQ.SG03SP052000S900,2019.12,242,REVISED,Dollars,6,S,Consolidated accounts - table 1.1,P052,Change in inventories,,,,,National Accounts - SNA 2008 - SNE,2019,12
SNEQ.SG03SP052000S900,2020.03,-584,REVISED,Dollars,6,S,Consolidated accounts - table 1.1,P052,Change in inventories,,,,,National Accounts - SNA 2008 - SNE,2020,3
SNEQ.SG03SP052000S900,2020.06,-357,REVISED,Dollars,6,S,Consolidated accounts - table 1.1,P052,Change in inventories,,,,,National Accounts - SNA 2008 - SNE,2020,6
SNEQ.SG03SP052000S900,2020.09,-810,REVISED,Dollars,6,S,Consolidated accounts - table 1.1,P052,Change in inventories,,,,,National Accounts - SNA 2008 - SNE,2020,9
SNEQ.SG03SP052000S900,2020.12,-326,REVISED,Dollars,6,S,Consolidated accounts - table 1.1,P052,Change in inventories,,,,,National Accounts - SNA 2008 - SNE,2020,12
SNEQ.SG03SP052000S900,2021.03,1063,REVISED,Dollars,6,S,Consolidated accounts - table 1.1,P052,Change in inventories,,,,,National Accounts - SNA 2008 - SNE,2021,3
SNEQ.SG03SP052000S900,2021.06,-629,REVISED,Dollars,6,S,Consolidated accounts - table 1.1,P052,Change in inventories,,,,,National Accounts - SNA 2008 - SNE,2021,6
SNEQ.SG03SP052000S900,2021.09,1790,REVISED,Dollars,6,S,Consolidated accounts - table 1.1,P052,Change in inventories,,,,,National Accounts - SNA 2008 - SNE,2021,9
SNEQ.SG03SP052000S900,2021.12,374,REVISED,Dollars,6,S,Consolidated accounts - table 1.1,P052,Change in inventories,,,,,National Accounts - SNA 2008 - SNE,2021,12
SNEQ.SG03SP052000S900,2022.03,184,REVISED,Dollars,6,S,Consolidated accounts - table 1.1,P052,Change in inventories,,,,,National Accounts - SNA 2008 - SNE,2022,3
SNEQ.SG03SP052000S900,2022.06,2053,REVISED,Dollars,6,S,Consolidated accounts - table 1.1,P052,Change in inventories,,,,,National Accounts - SNA 2008 - SNE,2022,6
SNEQ.SG03SP052000S900,2022.09,-429,REVISED,Dollars,6,S,Consolidated accounts - table 1.1,P052,Change in inventories,,,,,National Accounts - SNA 2008 - SNE,2022,9
SNEQ.SG03SP052000S900,2022.12,1897,REVISED,Dollars,6,S,Consolidated accounts - table 1.1,P052,Change in inventories,,,,,National Accounts - SNA 2008 - SNE,2022,12
SNEQ.SG03SP052000S900,2023.03,-15,REVISED,Dollars,6,S,Consolidated accounts - table 1.1,P052,Change in inventories,,,,,National Accounts - SNA 2008 - SNE,2023,3
SNEQ.SG03SP052000S900,2023.06,-938,REVISED,Dollars,6,S,Consolidated accounts - table 1.1,P052,Change in inventories,,,,,National Accounts - SNA 2008 - SNE,2023,6
SNEQ.SG03SP052000S900,2023.09,-13,REVISED,Dollars,6,S,Consolidated accounts - table 1.1,P052,Change in inventories,,,,,National Accounts - SNA 2008 - SNE,2023,9
SNEQ.SG03SP052000S900,2023.12,-1832,REVISED,Dollars,6,S,Consolidated accounts - table 1.1,P052,Change in inventories,,,,,National Accounts - SNA 2008 - SNE,2023,12
SNEQ.SG03SP052000S900,2024.03,-282,REVISED,Dollars,6,S,Consolidated accounts - table 1.1,P052,Change in inventories,,,,,National Accounts - SNA 2008 - SNE,2024,3
SNEQ.SG03SP052000S900,2024.06,-806,REVISED,Dollars,6,S,Consolidated accounts - table 1.1,P052,Change in inventories,,,,,National Accounts - SNA 2008 - SNE,2024,6
SNEQ.SG03SP052000S900,2024.09,-786,REVISED,Dollars,6,S,Consolidated accounts - table 1.1,P052,Change in inventories,,,,,National Accounts - SNA 2008 - SNE,2024,9
SNEQ.SG03SP052000S900,2024.12,-113,REVISED,Dollars,6,S,Consolidated accounts - table 1.1,P052,Change in inventories,,,,,National Accounts - SNA 2008 - SNE,2024,12
SNEQ.SG03SP052000S900,2025.03,-660,REVISED,Dollars,6,S,Consolidated accounts - table 1.1,P052,Change in inventories,,,,,National Accounts - SNA 2008 - SNE,2025,3
SNEQ.SG03SP052000S900,2025.06,-631,FINAL,Dollars,6,S,Consolidated accounts - table 1.1,P052,Change in inventories,,,,,National Accounts - SNA 2008 - SNE,2025,6
SNEQ.SG03SP030000S310,2011.06,9164,FINAL,Dollars,6,S,Consolidated accounts - table 1.1,P03,Final consumption expenditure,,,31,Central government institutions,National Accounts - SNA 2008 - SNE,2011,6
SNEQ.SG03SP030000S310,2011.09,9054,FINAL,Dollars,6,S,Consolidated accounts - table 1.1,P03,Final consumption expenditure,,,31,Central government institutions,National Accounts - SNA 2008 - SNE,2011,9
SNEQ.SG03SP030000S310,2011.12,9227,FINAL,Dollars,6,S,Consolidated accounts - table 1.1,P03,Final consumption expenditure,,,31,Central government institutions,National Accounts - SNA 2008 - SNE,2011,12
SNEQ.SG03SP030000S310,2012.03,9218,FINAL,Dollars,6,S,Consolidated accounts - table 1.1,P03,Final consumption expenditure,,,31,Central government institutions,National Accounts - SNA 2008 - SNE,2012,3
SNEQ.SG03SP030000S310,2012.06,9226,FINAL,Dollars,6,S,Consolidated accounts - table 1.1,P03,Final consumption expenditure,,,31,Central government institutions,National Accounts - SNA 2008 - SNE,2012,6
SNEQ.SG03SP030000S310,2012.09,9270,FINAL,Dollars,6,S,Consolidated accounts - table 1.1,P03,Final consumption expenditure,,,31,Central government institutions,National Accounts - SNA 2008 - SNE,2012,9
SNEQ.SG03SP030000S310,2012.12,9350,FINAL,Dollars,6,S,Consolidated accounts - table 1.1,P03,Final consumption expenditure,,,31,Central government institutions,National Accounts - SNA 2008 - SNE,2012,12
SNEQ.SG03SP030000S310,2013.03,9440,FINAL,Dollars,6,S,Consolidated accounts - table 1.1,P03,Final consumption expenditure,,,31,Central government institutions,National Accounts - SNA 2008 - SNE,2013,3
SNEQ.SG03SP030000S310,2013.06,9440,FINAL,Dollars,6,S,Consolidated accounts - table 1.1,P03,Final consumption expenditure,,,31,Central government institutions,National Accounts - SNA 2008 - SNE,2013,6
SNEQ.SG03SP030000S310,2013.09,9627,FINAL,Dollars,6,S,Consolidated accounts - table 1.1,P03,Final consumption expenditure,,,31,Central government institutions,National Accounts - SNA 2008 - SNE,2013,9
SNEQ.SG03SP030000S310,2013.12,9766,FINAL,Dollars,6,S,Consolidated accounts - table 1.1,P03,Final consumption expenditure,,,31,Central government institutions,National Accounts - SNA 2008 - SNE,2013,12
SNEQ.SG03SP030000S310,2014.03,9851,FINAL,Dollars,6,S,Consolidated accounts - table 1.1,P03,Final consumption expenditure,,,31,Central government institutions,National Accounts - SNA 2008 - SNE,2014,3
SNEQ.SG03SP030000S310,2014.06,9964,FINAL,Dollars,6,S,Consolidated accounts - table 1.1,P03,Final consumption expenditure,,,31,Central government institutions,National Accounts - SNA 2008 - SNE,2014,6
SNEQ.SG03SP030000S310,2014.09,10035,FINAL,Dollars,6,S,Consolidated accounts - table 1.1,P03,Final consumption expenditure,,,31,Central government institutions,National Accounts - SNA 2008 - SNE,2014,9
SNEQ.SG03SP030000S310,2014.12,10153,FINAL,Dollars,6,S,Consolidated accounts - table 1.1,P03,Final consumption expenditure,,,31,Central government institutions,National Accounts - SNA 2008 - SNE,2014,12
SNEQ.SG03SP030000S310,2015.03,10244,FINAL,Dollars,6,S,Consolidated accounts - table 1.1,P03,Final consumption expenditure,,,31,Central government institutions,National Accounts - SNA 2008 - SNE,2015,3
SNEQ.SG03SP030000S310,2015.06,10428,FINAL,Dollars,6,S,Consolidated accounts - table 1.1,P03,Final consumption expenditure,,,31,Central government institutions,National Accounts - SNA 2008 - SNE,2015,6
SNEQ.SG03SP030000S310,2015.09,10378,FINAL,Dollars,6,S,Consolidated accounts - table 1.1,P03,Final consumption expenditure,,,31,Central government institutions,National Accounts - SNA 2008 - SNE,2015,9
SNEQ.SG03SP030000S310,2015.12,10394,FINAL,Dollars,6,S,Consolidated accounts - table 1.1,P03,Final consumption expenditure,,,31,Central government institutions,National Accounts - SNA 2008 - SNE,2015,12
SNEQ.SG03SP030000S310,2016.03,10551,FINAL,Dollars,6,S,Consolidated accounts - table 1.1,P03,Final consumption expenditure,,,31,Central government institutions,National Accounts - SNA 2008 - SNE,2016,3
SNEQ.SG03SP030000S310,2016.06,10619,FINAL,Dollars,6,S,Consolidated accounts - table 1.1,P03,Final consumption expenditure,,,31,Central government institutions,National Accounts - SNA 2008 - SNE,2016,6
SNEQ.SG03SP030000S310,2016.09,10833,FINAL,Dollars,6,S,Consolidated accounts - table 1.1,P03,Final consumption expenditure,,,31,Central government institutions,National Accounts - SNA 2008 - SNE,2016,9
SNEQ.SG03SP030000S310,2016.12,10966,FINAL,Dollars,6,S,Consolidated accounts - table 1.1,P03,Final consumption expenditure,,,31,Central government institutions,National Accounts - SNA 2008 - SNE,2016,12
SNEQ.SG03SP030000S310,2017.03,11129,FINAL,Dollars,6,S,Consolidated accounts - table 1.1,P03,Final consumption expenditure,,,31,Central government institutions,National Accounts - SNA 2008 - SNE,2017,3
SNEQ.SG03SP030000S310,2017.06,11193,FINAL,Dollars,6,S,Consolidated accounts - table 1.1,P03,Final consumption expenditure,,,31,Central government institutions,National Accounts - SNA 2008 - SNE,2017,6
SNEQ.SG03SP030000S310,2017.09,11504,FINAL,Dollars,6,S,Consolidated accounts - table 1.1,P03,Final consumption expenditure,,,31,Central government institutions,National Accounts - SNA 2008 - SNE,2017,9
SNEQ.SG03SP030000S310,2017.12,11601,FINAL,Dollars,6,S,Consolidated accounts - table 1.1,P03,Final consumption expenditure,,,31,Central government institutions,National Accounts - SNA 2008 - SNE,2017,12
SNEQ.SG03SP030000S310,2018.03,11765,FINAL,Dollars,6,S,Consolidated accounts - table 1.1,P03,Final consumption expenditure,,,31,Central government institutions,National Accounts - SNA 2008 - SNE,2018,3
SNEQ.SG03SP030000S310,2018.06,11954,REVISED,Dollars,6,S,Consolidated accounts - table 1.1,P03,Final consumption expenditure,,,31,Central government institutions,National Accounts - SNA 2008 - SNE,2018,6
SNEQ.SG03SP030000S310,2018.09,12255,FINAL,Dollars,6,S,Consolidated accounts - table 1.1,P03,Final consumption expenditure,,,31,Central government institutions,National Accounts - SNA 2008 - SNE,2018,9
SNEQ.SG03SP030000S310,2018.12,12483,REVISED,Dollars,6,S,Consolidated accounts - table 1.1,P03,Final consumption expenditure,,,31,Central government institutions,National Accounts - SNA 2008 - SNE,2018,12
SNEQ.SG03SP030000S310,2019.03,12710,FINAL,Dollars,6,S,Consolidated accounts - table 1.1,P03,Final consumption expenditure,,,31,Central government institutions,National Accounts - SNA 2008 - SNE,2019,3
SNEQ.SG03SP030000S310,2019.06,13137,REVISED,Dollars,6,S,Consolidated accounts - table 1.1,P03,Final consumption expenditure,,,31,Central government institutions,National Accounts - SNA 2008 - SNE,2019,6
SNEQ.SG03SP030000S310,2019.09,13260,FINAL,Dollars,6,S,Consolidated accounts - table 1.1,P03,Final consumption expenditure,,,31,Central government institutions,National Accounts - SNA 2008 - SNE,2019,9
SNEQ.SG03SP030000S310,2019.12,13619,REVISED,Dollars,6,S,Consolidated accounts - table 1.1,P03,Final consumption expenditure,,,31,Central government institutions,National Accounts - SNA 2008 - SNE,2019,12
SNEQ.SG03SP030000S310,2020.03,13939,REVISED,Dollars,6,S,Consolidated accounts - table 1.1,P03,Final consumption expenditure,,,31,Central government institutions,National Accounts - SNA 2008 - SNE,2020,3
SNEQ.SG03SP030000S310,2020.06,14379,REVISED,Dollars,6,S,Consolidated accounts - table 1.1,P03,Final consumption expenditure,,,31,Central government institutions,National Accounts - SNA 2008 - SNE,2020,6
SNEQ.SG03SP030000S310,2020.09,14700,REVISED,Dollars,6,S,Consolidated accounts - table 1.1,P03,Final consumption expenditure,,,31,Central government institutions,National Accounts - SNA 2008 - SNE,2020,9
SNEQ.SG03SP030000S310,2020.12,15125,REVISED,Dollars,6,S,Consolidated accounts - table 1.1,P03,Final consumption expenditure,,,31,Central government institutions,National Accounts - SNA 2008 - SNE,2020,12
SNEQ.SG03SP030000S310,2021.03,15726,REVISED,Dollars,6,S,Consolidated accounts - table 1.1,P03,Final consumption expenditure,,,31,Central government institutions,National Accounts - SNA 2008 - SNE,2021,3
SNEQ.SG03SP030000S310,2021.06,15952,REVISED,Dollars,6,S,Consolidated accounts - table 1.1,P03,Final consumption expenditure,,,31,Central government institutions,National Accounts - SNA 2008 - SNE,2021,6
SNEQ.SG03SP030000S310,2021.09,16478,REVISED,Dollars,6,S,Consolidated accounts - table 1.1,P03,Final consumption expenditure,,,31,Central government institutions,National Accounts - SNA 2008 - SNE,2021,9
SNEQ.SG03SP030000S310,2021.12,17582,REVISED,Dollars,6,S,Consolidated accounts - table 1.1,P03,Final consumption expenditure,,,31,Central government institutions,National Accounts - SNA 2008 - SNE,2021,12
SNEQ.SG03SP030000S310,2022.03,17929,REVISED,Dollars,6,S,Consolidated accounts - table 1.1,P03,Final consumption expenditure,,,31,Central government institutions,National Accounts - SNA 2008 - SNE,2022,3
SNEQ.SG03SP030000S310,2022.06,18129,REVISED,Dollars,6,S,Consolidated accounts - table 1.1,P03,Final consumption expenditure,,,31,Central government institutions,National Accounts - SNA 2008 - SNE,2022,6
SNEQ.SG03SP030000S310,2022.09,18515,REVISED,Dollars,6,S,Consolidated accounts - table 1.1,P03,Final consumption expenditure,,,31,Central government institutions,National Accounts - SNA 2008 - SNE,2022,9
SNEQ.SG03SP030000S310,2022.12,18314,REVISED,Dollars,6,S,Consolidated accounts - table 1.1,P03,Final consumption expenditure,,,31,Central government institutions,National Accounts - SNA 2008 - SNE,2022,12
SNEQ.SG03SP030000S310,2023.03,18599,REVISED,Dollars,6,S,Consolidated accounts - table 1.1,P03,Final consumption expenditure,,,31,Central government institutions,National Accounts - SNA 2008 - SNE,2023,3
SNEQ.SG03SP030000S310,2023.06,18959,REVISED,Dollars,6,S,Consolidated accounts - table 1.1,P03,Final consumption expenditure,,,31,Central government institutions,National Accounts - SNA 2008 - SNE,2023,6
SNEQ.SG03SP030000S310,2023.09,19259,REVISED,Dollars,6,S,Consolidated accounts - table 1.1,P03,Final consumption expenditure,,,31,Central government institutions,National Accounts - SNA 2008 - SNE,2023,9
SNEQ.SG03SP030000S310,2023.12,19586,REVISED,Dollars,6,S,Consolidated accounts - table 1.1,P03,Final consumption expenditure,,,31,Central government institutions,National Accounts - SNA 2008 - SNE,2023,12
SNEQ.SG03SP030000S310,2024.03,19797,REVISED,Dollars,6,S,Consolidated accounts - table 1.1,P03,Final consumption expenditure,,,31,Central government institutions,National Accounts - SNA 2008 - SNE,2024,3
SNEQ.SG03SP030000S310,2024.06,20414,REVISED,Dollars,6,S,Consolidated accounts - table 1.1,P03,Final consumption expenditure,,,31,Central government institutions,National Accounts - SNA 2008 - SNE,2024,6
SNEQ.SG03SP030000S310,2024.09,20345,REVISED,Dollars,6,S,Consolidated accounts - table 1.1,P03,Final consumption expenditure,,,31,Central government institutions,National Accounts - SNA 2008 - SNE,2024,9
SNEQ.SG03SP030000S310,2024.12,20550,REVISED,Dollars,6,S,Consolidated accounts - table 1.1,P03,Final consumption expenditure,,,31,Central government institutions,National Accounts - SNA 2008 - SNE,2024,12
SNEQ.SG03SP030000S310,2025.03,20956,REVISED,Dollars,6,S,Consolidated accounts - table 1.1,P03,Final consumption expenditure,,,31,Central government institutions,National Accounts - SNA 2008 - SNE,2025,3
SNEQ.SG03SP030000S310,2025.06,20860,FINAL,Dollars,6,S,Consolidated accounts - table 1.1,P03,Final consumption expenditure,,,31,Central government institutions,National Accounts - SNA 2008 - SNE,2025,6
SNEQ.SG03SP030000S321,2011.06,1218,FINAL,Dollars,6,S,Consolidated accounts - table 1.1,P03,Final consumption expenditure,,,32,Local government institutions,National Accounts - SNA 2008 - SNE,2011,6
SNEQ.SG03SP030000S321,2011.09,1305,FINAL,Dollars,6,S,Consolidated accounts - table 1.1,P03,Final consumption expenditure,,,32,Local government institutions,National Accounts - SNA 2008 - SNE,2011,9
SNEQ.SG03SP030000S321,2011.12,1285,FINAL,Dollars,6,S,Consolidated accounts - table 1.1,P03,Final consumption expenditure,,,32,Local government institutions,National Accounts - SNA 2008 - SNE,2011,12
SNEQ.SG03SP030000S321,2012.03,1241,FINAL,Dollars,6,S,Consolidated accounts - table 1.1,P03,Final consumption expenditure,,,32,Local government institutions,National Accounts - SNA 2008 - SNE,2012,3
SNEQ.SG03SP030000S321,2012.06,1271,FINAL,Dollars,6,S,Consolidated accounts - table 1.1,P03,Final consumption expenditure,,,32,Local government institutions,National Accounts - SNA 2008 - SNE,2012,6
SNEQ.SG03SP030000S321,2012.09,1195,FINAL,Dollars,6,S,Consolidated accounts - table 1.1,P03,Final consumption expenditure,,,32,Local government institutions,National Accounts - SNA 2008 - SNE,2012,9
SNEQ.SG03SP030000S321,2012.12,1200,FINAL,Dollars,6,S,Consolidated accounts - table 1.1,P03,Final consumption expenditure,,,32,Local government institutions,National Accounts - SNA 2008 - SNE,2012,12
SNEQ.SG03SP030000S321,2013.03,1201,FINAL,Dollars,6,S,Consolidated accounts - table 1.1,P03,Final consumption expenditure,,,32,Local government institutions,National Accounts - SNA 2008 - SNE,2013,3
SNEQ.SG03SP030000S321,2013.06,1205,FINAL,Dollars,6,S,Consolidated accounts - table 1.1,P03,Final consumption expenditure,,,32,Local government institutions,National Accounts - SNA 2008 - SNE,2013,6
SNEQ.SG03SP030000S321,2013.09,1233,FINAL,Dollars,6,S,Consolidated accounts - table 1.1,P03,Final consumption expenditure,,,32,Local government institutions,National Accounts - SNA 2008 - SNE,2013,9
SNEQ.SG03SP030000S321,2013.12,1245,FINAL,Dollars,6,S,Consolidated accounts - table 1.1,P03,Final consumption expenditure,,,32,Local government institutions,National Accounts - SNA 2008 - SNE,2013,12
SNEQ.SG03SP030000S321,2014.03,1289,FINAL,Dollars,6,S,Consolidated accounts - table 1.1,P03,Final consumption expenditure,,,32,Local government institutions,National Accounts - SNA 2008 - SNE,2014,3
SNEQ.SG03SP030000S321,2014.06,1243,FINAL,Dollars,6,S,Consolidated accounts - table 1.1,P03,Final consumption expenditure,,,32,Local government institutions,National Accounts - SNA 2008 - SNE,2014,6
SNEQ.SG03SP030000S321,2014.09,1320,FINAL,Dollars,6,S,Consolidated accounts - table 1.1,P03,Final consumption expenditure,,,32,Local government institutions,National Accounts - SNA 2008 - SNE,2014,9
SNEQ.SG03SP030000S321,2014.12,1313,FINAL,Dollars,6,S,Consolidated accounts - table 1.1,P03,Final consumption expenditure,,,32,Local government institutions,National Accounts - SNA 2008 - SNE,2014,12
SNEQ.SG03SP030000S321,2015.03,1306,FINAL,Dollars,6,S,Consolidated accounts - table 1.1,P03,Final consumption expenditure,,,32,Local government institutions,National Accounts - SNA 2008 - SNE,2015,3
SNEQ.SG03SP030000S321,2015.06,1355,FINAL,Dollars,6,S,Consolidated accounts - table 1.1,P03,Final consumption expenditure,,,32,Local government institutions,National Accounts - SNA 2008 - SNE,2015,6
SNEQ.SG03SP030000S321,2015.09,1357,FINAL,Dollars,6,S,Consolidated accounts - table 1.1,P03,Final consumption expenditure,,,32,Local government institutions,National Accounts - SNA 2008 - SNE,2015,9
SNEQ.SG03SP030000S321,2015.12,1379,FINAL,Dollars,6,S,Consolidated accounts - table 1.1,P03,Final consumption expenditure,,,32,Local government institutions,National Accounts - SNA 2008 - SNE,2015,12
SNEQ.SG03SP030000S321,2016.03,1396,FINAL,Dollars,6,S,Consolidated accounts - table 1.1,P03,Final consumption expenditure,,,32,Local government institutions,National Accounts - SNA 2008 - SNE,2016,3
SNEQ.SG03SP030000S321,2016.06,1408,FINAL,Dollars,6,S,Consolidated accounts - table 1.1,P03,Final consumption expenditure,,,32,Local government institutions,National Accounts - SNA 2008 - SNE,2016,6
SNEQ.SG03SP030000S321,2016.09,1409,FINAL,Dollars,6,S,Consolidated accounts - table 1.1,P03,Final consumption expenditure,,,32,Local government institutions,National Accounts - SNA 2008 - SNE,2016,9
SNEQ.SG03SP030000S321,2016.12,1438,FINAL,Dollars,6,S,Consolidated accounts - table 1.1,P03,Final consumption expenditure,,,32,Local government institutions,National Accounts - SNA 2008 - SNE,2016,12
SNEQ.SG03SP030000S321,2017.03,1454,FINAL,Dollars,6,S,Consolidated accounts - table 1.1,P03,Final consumption expenditure,,,32,Local government institutions,National Accounts - SNA 2008 - SNE,2017,3
SNEQ.SG03SP030000S321,2017.06,1474,FINAL,Dollars,6,S,Consolidated accounts - table 1.1,P03,Final consumption expenditure,,,32,Local government institutions,National Accounts - SNA 2008 - SNE,2017,6
SNEQ.SG03SP030000S321,2017.09,1511,FINAL,Dollars,6,S,Consolidated accounts - table 1.1,P03,Final consumption expenditure,,,32,Local government institutions,National Accounts - SNA 2008 - SNE,2017,9
SNEQ.SG03SP030000S321,2017.12,1529,FINAL,Dollars,6,S,Consolidated accounts - table 1.1,P03,Final consumption expenditure,,,32,Local government institutions,National Accounts - SNA 2008 - SNE,2017,12
SNEQ.SG03SP030000S321,2018.03,1558,FINAL,Dollars,6,S,Consolidated accounts - table 1.1,P03,Final consumption expenditure,,,32,Local government institutions,National Accounts - SNA 2008 - SNE,2018,3
SNEQ.SG03SP030000S321,2018.06,1619,FINAL,Dollars,6,S,Consolidated accounts - table 1.1,P03,Final consumption expenditure,,,32,Local government institutions,National Accounts - SNA 2008 - SNE,2018,6
SNEQ.SG03SP030000S321,2018.09,1590,FINAL,Dollars,6,S,Consolidated accounts - table 1.1,P03,Final consumption expenditure,,,32,Local government institutions,National Accounts - SNA 2008 - SNE,2018,9
SNEQ.SG03SP030000S321,2018.12,1599,FINAL,Dollars,6,S,Consolidated accounts - table 1.1,P03,Final consumption expenditure,,,32,Local government institutions,National Accounts - SNA 2008 - SNE,2018,12
SNEQ.SG03SP030000S321,2019.03,1654,FINAL,Dollars,6,S,Consolidated accounts - table 1.1,P03,Final consumption expenditure,,,32,Local government institutions,National Accounts - SNA 2008 - SNE,2019,3
SNEQ.SG03SP030000S321,2019.06,1711,FINAL,Dollars,6,S,Consolidated accounts - table 1.1,P03,Final consumption expenditure,,,32,Local government institutions,National Accounts - SNA 2008 - SNE,2019,6
SNEQ.SG03SP030000S321,2019.09,1743,FINAL,Dollars,6,S,Consolidated accounts - table 1.1,P03,Final consumption expenditure,,,32,Local government institutions,National Accounts - SNA 2008 - SNE,2019,9
SNEQ.SG03SP030000S321,2019.12,1780,FINAL,Dollars,6,S,Consolidated accounts - table 1.1,P03,Final consumption expenditure,,,32,Local government institutions,National Accounts - SNA 2008 - SNE,2019,12
SNEQ.SG03SP030000S321,2020.03,1786,FINAL,Dollars,6,S,Consolidated accounts - table 1.1,P03,Final consumption expenditure,,,32,Local government institutions,National Accounts - SNA 2008 - SNE,2020,3
SNEQ.SG03SP030000S321,2020.06,1774,FINAL,Dollars,6,S,Consolidated accounts - table 1.1,P03,Final consumption expenditure,,,32,Local government institutions,National Accounts - SNA 2008 - SNE,2020,6
SNEQ.SG03SP030000S321,2020.09,1802,REVISED,Dollars,6,S,Consolidated accounts - table 1.1,P03,Final consumption expenditure,,,32,Local government institutions,National Accounts - SNA 2008 - SNE,2020,9
SNEQ.SG03SP030000S321,2020.12,1819,FINAL,Dollars,6,S,Consolidated accounts - table 1.1,P03,Final consumption expenditure,,,32,Local government institutions,National Accounts - SNA 2008 - SNE,2020,12
SNEQ.SG03SP030000S321,2021.03,1852,FINAL,Dollars,6,S,Consolidated accounts - table 1.1,P03,Final consumption expenditure,,,32,Local government institutions,National Accounts - SNA 2008 - SNE,2021,3
SNEQ.SG03SP030000S321,2021.06,1862,REVISED,Dollars,6,S,Consolidated accounts - table 1.1,P03,Final consumption expenditure,,,32,Local government institutions,National Accounts - SNA 2008 - SNE,2021,6
SNEQ.SG03SP030000S321,2021.09,1924,REVISED,Dollars,6,S,Consolidated accounts - table 1.1,P03,Final consumption expenditure,,,32,Local government institutions,National Accounts - SNA 2008 - SNE,2021,9
SNEQ.SG03SP030000S321,2021.12,2004,REVISED,Dollars,6,S,Consolidated accounts - table 1.1,P03,Final consumption expenditure,,,32,Local government institutions,National Accounts - SNA 2008 - SNE,2021,12
SNEQ.SG03SP030000S321,2022.03,2067,REVISED,Dollars,6,S,Consolidated accounts - table 1.1,P03,Final consumption expenditure,,,32,Local government institutions,National Accounts - SNA 2008 - SNE,2022,3
SNEQ.SG03SP030000S321,2022.06,2206,FINAL,Dollars,6,S,Consolidated accounts - table 1.1,P03,Final consumption expenditure,,,32,Local government institutions,National Accounts - SNA 2008 - SNE,2022,6
SNEQ.SG03SP030000S321,2022.09,2312,REVISED,Dollars,6,S,Consolidated accounts - table 1.1,P03,Final consumption expenditure,,,32,Local government institutions,National Accounts - SNA 2008 - SNE,2022,9
SNEQ.SG03SP030000S321,2022.12,2387,FINAL,Dollars,6,S,Consolidated accounts - table 1.1,P03,Final consumption expenditure,,,32,Local government institutions,National Accounts - SNA 2008 - SNE,2022,12
SNEQ.SG03SP030000S321,2023.03,2494,REVISED,Dollars,6,S,Consolidated accounts - table 1.1,P03,Final consumption expenditure,,,32,Local government institutions,National Accounts - SNA 2008 - SNE,2023,3
SNEQ.SG03SP030000S321,2023.06,2574,REVISED,Dollars,6,S,Consolidated accounts - table 1.1,P03,Final consumption expenditure,,,32,Local government institutions,National Accounts - SNA 2008 - SNE,2023,6
SNEQ.SG03SP030000S321,2023.09,2591,REVISED,Dollars,6,S,Consolidated accounts - table 1.1,P03,Final consumption expenditure,,,32,Local government institutions,National Accounts - SNA 2008 - SNE,2023,9
SNEQ.SG03SP030000S321,2023.12,2638,REVISED,Dollars,6,S,Consolidated accounts - table 1.1,P03,Final consumption expenditure,,,32,Local government institutions,National Accounts - SNA 2008 - SNE,2023,12
SNEQ.SG03SP030000S321,2024.03,2677,REVISED,Dollars,6,S,Consolidated accounts - table 1.1,P03,Final consumption expenditure,,,32,Local government institutions,National Accounts - SNA 2008 - SNE,2024,3
SNEQ.SG03SP030000S321,2024.06,2655,REVISED,Dollars,6,S,Consolidated accounts - table 1.1,P03,Final consumption expenditure,,,32,Local government institutions,National Accounts - SNA 2008 - SNE,2024,6
SNEQ.SG03SP030000S321,2024.09,2726,REVISED,Dollars,6,S,Consolidated accounts - table 1.1,P03,Final consumption expenditure,,,32,Local government institutions,National Accounts - SNA 2008 - SNE,2024,9
SNEQ.SG03SP030000S321,2024.12,2778,REVISED,Dollars,6,S,Consolidated accounts - table 1.1,P03,Final consumption expenditure,,,32,Local government institutions,National Accounts - SNA 2008 - SNE,2024,12
SNEQ.SG03SP030000S321,2025.03,2776,REVISED,Dollars,6,S,Consolidated accounts - table 1.1,P03,Final consumption expenditure,,,32,Local government institutions,National Accounts - SNA 2008 - SNE,2025,3
SNEQ.SG03SP030000S321,2025.06,2839,FINAL,Dollars,6,S,Consolidated accounts - table 1.1,P03,Final consumption expenditure,,,32,Local government institutions,National Accounts - SNA 2008 - SNE,2025,6
SNEQ.SG03SP030000S400,2011.06,687,FINAL,Dollars,6,S,Consolidated accounts - table 1.1,P03,Final consumption expenditure,,,4,Non-profit institutions serving households,National Accounts - SNA 2008 - SNE,2011,6
SNEQ.SG03SP030000S400,2011.09,695,FINAL,Dollars,6,S,Consolidated accounts - table 1.1,P03,Final consumption expenditure,,,4,Non-profit institutions serving households,National Accounts - SNA 2008 - SNE,2011,9
SNEQ.SG03SP030000S400,2011.12,691,FINAL,Dollars,6,S,Consolidated accounts - table 1.1,P03,Final consumption expenditure,,,4,Non-profit institutions serving households,National Accounts - SNA 2008 - SNE,2011,12
SNEQ.SG03SP030000S400,2012.03,675,FINAL,Dollars,6,S,Consolidated accounts - table 1.1,P03,Final consumption expenditure,,,4,Non-profit institutions serving households,National Accounts - SNA 2008 - SNE,2012,3
SNEQ.SG03SP030000S400,2012.06,647,FINAL,Dollars,6,S,Consolidated accounts - table 1.1,P03,Final consumption expenditure,,,4,Non-profit institutions serving households,National Accounts - SNA 2008 - SNE,2012,6
SNEQ.SG03SP030000S400,2012.09,631,FINAL,Dollars,6,S,Consolidated accounts - table 1.1,P03,Final consumption expenditure,,,4,Non-profit institutions serving households,National Accounts - SNA 2008 - SNE,2012,9
SNEQ.SG03SP030000S400,2012.12,627,FINAL,Dollars,6,S,Consolidated accounts - table 1.1,P03,Final consumption expenditure,,,4,Non-profit institutions serving households,National Accounts - SNA 2008 - SNE,2012,12
SNEQ.SG03SP030000S400,2013.03,636,FINAL,Dollars,6,S,Consolidated accounts - table 1.1,P03,Final consumption expenditure,,,4,Non-profit institutions serving households,National Accounts - SNA 2008 - SNE,2013,3
SNEQ.SG03SP030000S400,2013.06,657,FINAL,Dollars,6,S,Consolidated accounts - table 1.1,P03,Final consumption expenditure,,,4,Non-profit institutions serving households,National Accounts - SNA 2008 - SNE,2013,6
SNEQ.SG03SP030000S400,2013.09,674,FINAL,Dollars,6,S,Consolidated accounts - table 1.1,P03,Final consumption expenditure,,,4,Non-profit institutions serving households,National Accounts - SNA 2008 - SNE,2013,9
SNEQ.SG03SP030000S400,2013.12,687,FINAL,Dollars,6,S,Consolidated accounts - table 1.1,P03,Final consumption expenditure,,,4,Non-profit institutions serving households,National Accounts - SNA 2008 - SNE,2013,12
SNEQ.SG03SP030000S400,2014.03,695,FINAL,Dollars,6,S,Consolidated accounts - table 1.1,P03,Final consumption expenditure,,,4,Non-profit institutions serving households,National Accounts - SNA 2008 - SNE,2014,3
SNEQ.SG03SP030000S400,2014.06,699,FINAL,Dollars,6,S,Consolidated accounts - table 1.1,P03,Final consumption expenditure,,,4,Non-profit institutions serving households,National Accounts - SNA 2008 - SNE,2014,6
SNEQ.SG03SP030000S400,2014.09,702,FINAL,Dollars,6,S,Consolidated accounts - table 1.1,P03,Final consumption expenditure,,,4,Non-profit institutions serving households,National Accounts - SNA 2008 - SNE,2014,9
SNEQ.SG03SP030000S400,2014.12,703,FINAL,Dollars,6,S,Consolidated accounts - table 1.1,P03,Final consumption expenditure,,,4,Non-profit institutions serving households,National Accounts - SNA 2008 - SNE,2014,12
SNEQ.SG03SP030000S400,2015.03,703,FINAL,Dollars,6,S,Consolidated accounts - table 1.1,P03,Final consumption expenditure,,,4,Non-profit institutions serving households,National Accounts - SNA 2008 - SNE,2015,3
SNEQ.SG03SP030000S400,2015.06,702,FINAL,Dollars,6,S,Consolidated accounts - table 1.1,P03,Final consumption expenditure,,,4,Non-profit institutions serving households,National Accounts - SNA 2008 - SNE,2015,6
SNEQ.SG03SP030000S400,2015.09,703,FINAL,Dollars,6,S,Consolidated accounts - table 1.1,P03,Final consumption expenditure,,,4,Non-profit institutions serving households,National Accounts - SNA 2008 - SNE,2015,9
SNEQ.SG03SP030000S400,2015.12,706,FINAL,Dollars,6,S,Consolidated accounts - table 1.1,P03,Final consumption expenditure,,,4,Non-profit institutions serving households,National Accounts - SNA 2008 - SNE,2015,12
SNEQ.SG03SP030000S400,2016.03,712,FINAL,Dollars,6,S,Consolidated accounts - table 1.1,P03,Final consumption expenditure,,,4,Non-profit institutions serving households,National Accounts - SNA 2008 - SNE,2016,3
SNEQ.SG03SP030000S400,2016.06,719,FINAL,Dollars,6,S,Consolidated accounts - table 1.1,P03,Final consumption expenditure,,,4,Non-profit institutions serving households,National Accounts - SNA 2008 - SNE,2016,6
SNEQ.SG03SP030000S400,2016.09,729,FINAL,Dollars,6,S,Consolidated accounts - table 1.1,P03,Final consumption expenditure,,,4,Non-profit institutions serving households,National Accounts - SNA 2008 - SNE,2016,9
SNEQ.SG03SP030000S400,2016.12,742,FINAL,Dollars,6,S,Consolidated accounts - table 1.1,P03,Final consumption expenditure,,,4,Non-profit institutions serving households,National Accounts - SNA 2008 - SNE,2016,12
SNEQ.SG03SP030000S400,2017.03,757,FINAL,Dollars,6,S,Consolidated accounts - table 1.1,P03,Final consumption expenditure,,,4,Non-profit institutions serving households,National Accounts - SNA 2008 - SNE,2017,3
SNEQ.SG03SP030000S400,2017.06,774,FINAL,Dollars,6,S,Consolidated accounts - table 1.1,P03,Final consumption expenditure,,,4,Non-profit institutions serving households,National Accounts - SNA 2008 - SNE,2017,6
SNEQ.SG03SP030000S400,2017.09,787,FINAL,Dollars,6,S,Consolidated accounts - table 1.1,P03,Final consumption expenditure,,,4,Non-profit institutions serving households,National Accounts - SNA 2008 - SNE,2017,9
SNEQ.SG03SP030000S400,2017.12,796,FINAL,Dollars,6,S,Consolidated accounts - table 1.1,P03,Final consumption expenditure,,,4,Non-profit institutions serving households,National Accounts - SNA 2008 - SNE,2017,12
SNEQ.SG03SP030000S400,2018.03,802,FINAL,Dollars,6,S,Consolidated accounts - table 1.1,P03,Final consumption expenditure,,,4,Non-profit institutions serving households,National Accounts - SNA 2008 - SNE,2018,3
SNEQ.SG03SP030000S400,2018.06,803,FINAL,Dollars,6,S,Consolidated accounts - table 1.1,P03,Final consumption expenditure,,,4,Non-profit institutions serving households,National Accounts - SNA 2008 - SNE,2018,6
SNEQ.SG03SP030000S400,2018.09,807,FINAL,Dollars,6,S,Consolidated accounts - table 1.1,P03,Final consumption expenditure,,,4,Non-profit institutions serving households,National Accounts - SNA 2008 - SNE,2018,9
SNEQ.SG03SP030000S400,2018.12,814,FINAL,Dollars,6,S,Consolidated accounts - table 1.1,P03,Final consumption expenditure,,,4,Non-profit institutions serving households,National Accounts - SNA 2008 - SNE,2018,12
SNEQ.SG03SP030000S400,2019.03,824,FINAL,Dollars,6,S,Consolidated accounts - table 1.1,P03,Final consumption expenditure,,,4,Non-profit institutions serving households,National Accounts - SNA 2008 - SNE,2019,3
SNEQ.SG03SP030000S400,2019.06,836,FINAL,Dollars,6,S,Consolidated accounts - table 1.1,P03,Final consumption expenditure,,,4,Non-profit institutions serving households,National Accounts - SNA 2008 - SNE,2019,6
SNEQ.SG03SP030000S400,2019.09,846,FINAL,Dollars,6,S,Consolidated accounts - table 1.1,P03,Final consumption expenditure,,,4,Non-profit institutions serving households,National Accounts - SNA 2008 - SNE,2019,9
SNEQ.SG03SP030000S400,2019.12,854,FINAL,Dollars,6,S,Consolidated accounts - table 1.1,P03,Final consumption expenditure,,,4,Non-profit institutions serving households,National Accounts - SNA 2008 - SNE,2019,12
SNEQ.SG03SP030000S400,2020.03,834,FINAL,Dollars,6,S,Consolidated accounts - table 1.1,P03,Final consumption expenditure,,,4,Non-profit institutions serving households,National Accounts - SNA 2008 - SNE,2020,3
SNEQ.SG03SP030000S400,2020.06,662,FINAL,Dollars,6,S,Consolidated accounts - table 1.1,P03,Final consumption expenditure,,,4,Non-profit institutions serving households,National Accounts - SNA 2008 - SNE,2020,6
SNEQ.SG03SP030000S400,2020.09,831,FINAL,Dollars,6,S,Consolidated accounts - table 1.1,P03,Final consumption expenditure,,,4,Non-profit institutions serving households,National Accounts - SNA 2008 - SNE,2020,9
SNEQ.SG03SP030000S400,2020.12,878,FINAL,Dollars,6,S,Consolidated accounts - table 1.1,P03,Final consumption expenditure,,,4,Non-profit institutions serving households,National Accounts - SNA 2008 - SNE,2020,12
SNEQ.SG03SP030000S400,2021.03,890,FINAL,Dollars,6,S,Consolidated accounts - table 1.1,P03,Final consumption expenditure,,,4,Non-profit institutions serving households,National Accounts - SNA 2008 - SNE,2021,3
SNEQ.SG03SP030000S400,2021.06,907,FINAL,Dollars,6,S,Consolidated accounts - table 1.1,P03,Final consumption expenditure,,,4,Non-profit institutions serving households,National Accounts - SNA 2008 - SNE,2021,6
SNEQ.SG03SP030000S400,2021.09,872,FINAL,Dollars,6,S,Consolidated accounts - table 1.1,P03,Final consumption expenditure,,,4,Non-profit institutions serving households,National Accounts - SNA 2008 - SNE,2021,9
SNEQ.SG03SP030000S400,2021.12,890,FINAL,Dollars,6,S,Consolidated accounts - table 1.1,P03,Final consumption expenditure,,,4,Non-profit institutions serving households,National Accounts - SNA 2008 - SNE,2021,12
SNEQ.SG03SP030000S400,2022.03,985,FINAL,Dollars,6,S,Consolidated accounts - table 1.1,P03,Final consumption expenditure,,,4,Non-profit institutions serving households,National Accounts - SNA 2008 - SNE,2022,3
SNEQ.SG03SP030000S400,2022.06,1061,FINAL,Dollars,6,S,Consolidated accounts - table 1.1,P03,Final consumption expenditure,,,4,Non-profit institutions serving households,National Accounts - SNA 2008 - SNE,2022,6
SNEQ.SG03SP030000S400,2022.09,1107,FINAL,Dollars,6,S,Consolidated accounts - table 1.1,P03,Final consumption expenditure,,,4,Non-profit institutions serving households,National Accounts - SNA 2008 - SNE,2022,9
SNEQ.SG03SP030000S400,2022.12,1148,FINAL,Dollars,6,S,Consolidated accounts - table 1.1,P03,Final consumption expenditure,,,4,Non-profit institutions serving households,National Accounts - SNA 2008 - SNE,2022,12
SNEQ.SG03SP030000S400,2023.03,1185,FINAL,Dollars,6,S,Consolidated accounts - table 1.1,P03,Final consumption expenditure,,,4,Non-profit institutions serving households,National Accounts - SNA 2008 - SNE,2023,3
SNEQ.SG03SP030000S400,2023.06,1216,FINAL,Dollars,6,S,Consolidated accounts - table 1.1,P03,Final consumption expenditure,,,4,Non-profit institutions serving households,National Accounts - SNA 2008 - SNE,2023,6
SNEQ.SG03SP030000S400,2023.09,1242,FINAL,Dollars,6,S,Consolidated accounts - table 1.1,P03,Final consumption expenditure,,,4,Non-profit institutions serving households,National Accounts - SNA 2008 - SNE,2023,9
SNEQ.SG03SP030000S400,2023.12,1262,FINAL,Dollars,6,S,Consolidated accounts - table 1.1,P03,Final consumption expenditure,,,4,Non-profit institutions serving households,National Accounts - SNA 2008 - SNE,2023,12
SNEQ.SG03SP030000S400,2024.03,1278,FINAL,Dollars,6,S,Consolidated accounts - table 1.1,P03,Final consumption expenditure,,,4,Non-profit institutions serving households,National Accounts - SNA 2008 - SNE,2024,3
SNEQ.SG03SP030000S400,2024.06,1289,FINAL,Dollars,6,S,Consolidated accounts - table 1.1,P03,Final consumption expenditure,,,4,Non-profit institutions serving households,National Accounts - SNA 2008 - SNE,2024,6
SNEQ.SG03SP030000S400,2024.09,1303,FINAL,Dollars,6,S,Consolidated accounts - table 1.1,P03,Final consumption expenditure,,,4,Non-profit institutions serving households,National Accounts - SNA 2008 - SNE,2024,9
SNEQ.SG03SP030000S400,2024.12,1319,FINAL,Dollars,6,S,Consolidated accounts - table 1.1,P03,Final consumption expenditure,,,4,Non-profit institutions serving households,National Accounts - SNA 2008 - SNE,2024,12
SNEQ.SG03SP030000S400,2025.03,1337,FINAL,Dollars,6,S,Consolidated accounts - table 1.1,P03,Final consumption expenditure,,,4,Non-profit institutions serving households,National Accounts - SNA 2008 - SNE,2025,3
SNEQ.SG03SP030000S400,2025.06,1359,FINAL,Dollars,6,S,Consolidated accounts - table 1.1,P03,Final consumption expenditure,,,4,Non-profit institutions serving households,National Accounts - SNA 2008 - SNE,2025,6
SNEQ.SG03SP030000S500,2011.06,29882,FINAL,Dollars,6,S,Consolidated accounts - table 1.1,P03,Final consumption expenditure,,,5,Households,National Accounts - SNA 2008 - SNE,2011,6
SNEQ.SG03SP030000S500,2011.09,30291,FINAL,Dollars,6,S,Consolidated accounts - table 1.1,P03,Final consumption expenditure,,,5,Households,National Accounts - SNA 2008 - SNE,2011,9
SNEQ.SG03SP030000S500,2011.12,30418,FINAL,Dollars,6,S,Consolidated accounts - table 1.1,P03,Final consumption expenditure,,,5,Households,National Accounts - SNA 2008 - SNE,2011,12
SNEQ.SG03SP030000S500,2012.03,30893,FINAL,Dollars,6,S,Consolidated accounts - table 1.1,P03,Final consumption expenditure,,,5,Households,National Accounts - SNA 2008 - SNE,2012,3
SNEQ.SG03SP030000S500,2012.06,31025,FINAL,Dollars,6,S,Consolidated accounts - table 1.1,P03,Final consumption expenditure,,,5,Households,National Accounts - SNA 2008 - SNE,2012,6
SNEQ.SG03SP030000S500,2012.09,31036,FINAL,Dollars,6,S,Consolidated accounts - table 1.1,P03,Final consumption expenditure,,,5,Households,National Accounts - SNA 2008 - SNE,2012,9
SNEQ.SG03SP030000S500,2012.12,31444,FINAL,Dollars,6,S,Consolidated accounts - table 1.1,P03,Final consumption expenditure,,,5,Households,National Accounts - SNA 2008 - SNE,2012,12
SNEQ.SG03SP030000S500,2013.03,31859,FINAL,Dollars,6,S,Consolidated accounts - table 1.1,P03,Final consumption expenditure,,,5,Households,National Accounts - SNA 2008 - SNE,2013,3
SNEQ.SG03SP030000S500,2013.06,32275,FINAL,Dollars,6,S,Consolidated accounts - table 1.1,P03,Final consumption expenditure,,,5,Households,National Accounts - SNA 2008 - SNE,2013,6
SNEQ.SG03SP030000S500,2013.09,32577,FINAL,Dollars,6,S,Consolidated accounts - table 1.1,P03,Final consumption expenditure,,,5,Households,National Accounts - SNA 2008 - SNE,2013,9
SNEQ.SG03SP030000S500,2013.12,32994,FINAL,Dollars,6,S,Consolidated accounts - table 1.1,P03,Final consumption expenditure,,,5,Households,National Accounts - SNA 2008 - SNE,2013,12
SNEQ.SG03SP030000S500,2014.03,33336,FINAL,Dollars,6,S,Consolidated accounts - table 1.1,P03,Final consumption expenditure,,,5,Households,National Accounts - SNA 2008 - SNE,2014,3
SNEQ.SG03SP030000S500,2014.06,33571,REVISED,Dollars,6,S,Consolidated accounts - table 1.1,P03,Final consumption expenditure,,,5,Households,National Accounts - SNA 2008 - SNE,2014,6
SNEQ.SG03SP030000S500,2014.09,34027,FINAL,Dollars,6,S,Consolidated accounts - table 1.1,P03,Final consumption expenditure,,,5,Households,National Accounts - SNA 2008 - SNE,2014,9
SNEQ.SG03SP030000S500,2014.12,34247,FINAL,Dollars,6,S,Consolidated accounts - table 1.1,P03,Final consumption expenditure,,,5,Households,National Accounts - SNA 2008 - SNE,2014,12
SNEQ.SG03SP030000S500,2015.03,34714,FINAL,Dollars,6,S,Consolidated accounts - table 1.1,P03,Final consumption expenditure,,,5,Households,National Accounts - SNA 2008 - SNE,2015,3
SNEQ.SG03SP030000S500,2015.06,35159,FINAL,Dollars,6,S,Consolidated accounts - table 1.1,P03,Final consumption expenditure,,,5,Households,National Accounts - SNA 2008 - SNE,2015,6
SNEQ.SG03SP030000S500,2015.09,35753,FINAL,Dollars,6,S,Consolidated accounts - table 1.1,P03,Final consumption expenditure,,,5,Households,National Accounts - SNA 2008 - SNE,2015,9
SNEQ.SG03SP030000S500,2015.12,36206,FINAL,Dollars,6,S,Consolidated accounts - table 1.1,P03,Final consumption expenditure,,,5,Households,National Accounts - SNA 2008 - SNE,2015,12
SNEQ.SG03SP030000S500,2016.03,36502,FINAL,Dollars,6,S,Consolidated accounts - table 1.1,P03,Final consumption expenditure,,,5,Households,National Accounts - SNA 2008 - SNE,2016,3
SNEQ.SG03SP030000S500,2016.06,37603,REVISED,Dollars,6,S,Consolidated accounts - table 1.1,P03,Final consumption expenditure,,,5,Households,National Accounts - SNA 2008 - SNE,2016,6
SNEQ.SG03SP030000S500,2016.09,38165,REVISED,Dollars,6,S,Consolidated accounts - table 1.1,P03,Final consumption expenditure,,,5,Households,National Accounts - SNA 2008 - SNE,2016,9
SNEQ.SG03SP030000S500,2016.12,38771,REVISED,Dollars,6,S,Consolidated accounts - table 1.1,P03,Final consumption expenditure,,,5,Households,National Accounts - SNA 2008 - SNE,2016,12
SNEQ.SG03SP030000S500,2017.03,39802,REVISED,Dollars,6,S,Consolidated accounts - table 1.1,P03,Final consumption expenditure,,,5,Households,National Accounts - SNA 2008 - SNE,2017,3
SNEQ.SG03SP030000S500,2017.06,40125,FINAL,Dollars,6,S,Consolidated accounts - table 1.1,P03,Final consumption expenditure,,,5,Households,National Accounts - SNA 2008 - SNE,2017,6
SNEQ.SG03SP030000S500,2017.09,40617,REVISED,Dollars,6,S,Consolidated accounts - table 1.1,P03,Final consumption expenditure,,,5,Households,National Accounts - SNA 2008 - SNE,2017,9
SNEQ.SG03SP030000S500,2017.12,41352,REVISED,Dollars,6,S,Consolidated accounts - table 1.1,P03,Final consumption expenditure,,,5,Households,National Accounts - SNA 2008 - SNE,2017,12
SNEQ.SG03SP030000S500,2018.03,41758,REVISED,Dollars,6,S,Consolidated accounts - table 1.1,P03,Final consumption expenditure,,,5,Households,National Accounts - SNA 2008 - SNE,2018,3
SNEQ.SG03SP030000S500,2018.06,42555,REVISED,Dollars,6,S,Consolidated accounts - table 1.1,P03,Final consumption expenditure,,,5,Households,National Accounts - SNA 2008 - SNE,2018,6
SNEQ.SG03SP030000S500,2018.09,43320,REVISED,Dollars,6,S,Consolidated accounts - table 1.1,P03,Final consumption expenditure,,,5,Households,National Accounts - SNA 2008 - SNE,2018,9
SNEQ.SG03SP030000S500,2018.12,43948,REVISED,Dollars,6,S,Consolidated accounts - table 1.1,P03,Final consumption expenditure,,,5,Households,National Accounts - SNA 2008 - SNE,2018,12
SNEQ.SG03SP030000S500,2019.03,44027,REVISED,Dollars,6,S,Consolidated accounts - table 1.1,P03,Final consumption expenditure,,,5,Households,National Accounts - SNA 2008 - SNE,2019,3
SNEQ.SG03SP030000S500,2019.06,44723,REVISED,Dollars,6,S,Consolidated accounts - table 1.1,P03,Final consumption expenditure,,,5,Households,National Accounts - SNA 2008 - SNE,2019,6
SNEQ.SG03SP030000S500,2019.09,45334,REVISED,Dollars,6,S,Consolidated accounts - table 1.1,P03,Final consumption expenditure,,,5,Households,National Accounts - SNA 2008 - SNE,2019,9
SNEQ.SG03SP030000S500,2019.12,45740,REVISED,Dollars,6,S,Consolidated accounts - table 1.1,P03,Final consumption expenditure,,,5,Households,National Accounts - SNA 2008 - SNE,2019,12
SNEQ.SG03SP030000S500,2020.03,45541,REVISED,Dollars,6,S,Consolidated accounts - table 1.1,P03,Final consumption expenditure,,,5,Households,National Accounts - SNA 2008 - SNE,2020,3
SNEQ.SG03SP030000S500,2020.06,40410,REVISED,Dollars,6,S,Consolidated accounts - table 1.1,P03,Final consumption expenditure,,,5,Households,National Accounts - SNA 2008 - SNE,2020,6
SNEQ.SG03SP030000S500,2020.09,46238,REVISED,Dollars,6,S,Consolidated accounts - table 1.1,P03,Final consumption expenditure,,,5,Households,National Accounts - SNA 2008 - SNE,2020,9
SNEQ.SG03SP030000S500,2020.12,47265,REVISED,Dollars,6,S,Consolidated accounts - table 1.1,P03,Final consumption expenditure,,,5,Households,National Accounts - SNA 2008 - SNE,2020,12
SNEQ.SG03SP030000S500,2021.03,49870,REVISED,Dollars,6,S,Consolidated accounts - table 1.1,P03,Final consumption expenditure,,,5,Households,National Accounts - SNA 2008 - SNE,2021,3
SNEQ.SG03SP030000S500,2021.06,50543,REVISED,Dollars,6,S,Consolidated accounts - table 1.1,P03,Final consumption expenditure,,,5,Households,National Accounts - SNA 2008 - SNE,2021,6
SNEQ.SG03SP030000S500,2021.09,47661,REVISED,Dollars,6,S,Consolidated accounts - table 1.1,P03,Final consumption expenditure,,,5,Households,National Accounts - SNA 2008 - SNE,2021,9
SNEQ.SG03SP030000S500,2021.12,50860,REVISED,Dollars,6,S,Consolidated accounts - table 1.1,P03,Final consumption expenditure,,,5,Households,National Accounts - SNA 2008 - SNE,2021,12
SNEQ.SG03SP030000S500,2022.03,54097,REVISED,Dollars,6,S,Consolidated accounts - table 1.1,P03,Final consumption expenditure,,,5,Households,National Accounts - SNA 2008 - SNE,2022,3
SNEQ.SG03SP030000S500,2022.06,53808,REVISED,Dollars,6,S,Consolidated accounts - table 1.1,P03,Final consumption expenditure,,,5,Households,National Accounts - SNA 2008 - SNE,2022,6
SNEQ.SG03SP030000S500,2022.09,55223,REVISED,Dollars,6,S,Consolidated accounts - table 1.1,P03,Final consumption expenditure,,,5,Households,National Accounts - SNA 2008 - SNE,2022,9
SNEQ.SG03SP030000S500,2022.12,56519,REVISED,Dollars,6,S,Consolidated accounts - table 1.1,P03,Final consumption expenditure,,,5,Households,National Accounts - SNA 2008 - SNE,2022,12
SNEQ.SG03SP030000S500,2023.03,57579,REVISED,Dollars,6,S,Consolidated accounts - table 1.1,P03,Final consumption expenditure,,,5,Households,National Accounts - SNA 2008 - SNE,2023,3
SNEQ.SG03SP030000S500,2023.06,58474,REVISED,Dollars,6,S,Consolidated accounts - table 1.1,P03,Final consumption expenditure,,,5,Households,National Accounts - SNA 2008 - SNE,2023,6
SNEQ.SG03SP030000S500,2023.09,58482,REVISED,Dollars,6,S,Consolidated accounts - table 1.1,P03,Final consumption expenditure,,,5,Households,National Accounts - SNA 2008 - SNE,2023,9
SNEQ.SG03SP030000S500,2023.12,58983,REVISED,Dollars,6,S,Consolidated accounts - table 1.1,P03,Final consumption expenditure,,,5,Households,National Accounts - SNA 2008 - SNE,2023,12
SNEQ.SG03SP030000S500,2024.03,59206,REVISED,Dollars,6,S,Consolidated accounts - table 1.1,P03,Final consumption expenditure,,,5,Households,National Accounts - SNA 2008 - SNE,2024,3
SNEQ.SG03SP030000S500,2024.06,59482,REVISED,Dollars,6,S,Consolidated accounts - table 1.1,P03,Final consumption expenditure,,,5,Households,National Accounts - SNA 2008 - SNE,2024,6
SNEQ.SG03SP030000S500,2024.09,59770,REVISED,Dollars,6,S,Consolidated accounts - table 1.1,P03,Final consumption expenditure,,,5,Households,National Accounts - SNA 2008 - SNE,2024,9
SNEQ.SG03SP030000S500,2024.12,60211,REVISED,Dollars,6,S,Consolidated accounts - table 1.1,P03,Final consumption expenditure,,,5,Households,National Accounts - SNA 2008 - SNE,2024,12
SNEQ.SG03SP030000S500,2025.03,61444,REVISED,Dollars,6,S,Consolidated accounts - table 1.1,P03,Final consumption expenditure,,,5,Households,National Accounts - SNA 2008 - SNE,2025,3
SNEQ.SG03SP030000S500,2025.06,61962,FINAL,Dollars,6,S,Consolidated accounts - table 1.1,P03,Final consumption expenditure,,,5,Households,National Accounts - SNA 2008 - SNE,2025,6
SNEQ.SG03SB110000S600,2011.06,1171,FINAL,Dollars,6,S,Consolidated accounts - table 1.1,B11,Balance on external goods and services,,,6,Rest of world,National Accounts - SNA 2008 - SNE,2011,6
SNEQ.SG03SB110000S600,2011.09,971,FINAL,Dollars,6,S,Consolidated accounts - table 1.1,B11,Balance on external goods and services,,,6,Rest of world,National Accounts - SNA 2008 - SNE,2011,9
SNEQ.SG03SB110000S600,2011.12,1340,FINAL,Dollars,6,S,Consolidated accounts - table 1.1,B11,Balance on external goods and services,,,6,Rest of world,National Accounts - SNA 2008 - SNE,2011,12
SNEQ.SG03SB110000S600,2012.03,-221,FINAL,Dollars,6,S,Consolidated accounts - table 1.1,B11,Balance on external goods and services,,,6,Rest of world,National Accounts - SNA 2008 - SNE,2012,3
SNEQ.SG03SB110000S600,2012.06,447,FINAL,Dollars,6,S,Consolidated accounts - table 1.1,B11,Balance on external goods and services,,,6,Rest of world,National Accounts - SNA 2008 - SNE,2012,6
SNEQ.SG03SB110000S600,2012.09,618,FINAL,Dollars,6,S,Consolidated accounts - table 1.1,B11,Balance on external goods and services,,,6,Rest of world,National Accounts - SNA 2008 - SNE,2012,9
SNEQ.SG03SB110000S600,2012.12,169,REVISED,Dollars,6,S,Consolidated accounts - table 1.1,B11,Balance on external goods and services,,,6,Rest of world,National Accounts - SNA 2008 - SNE,2012,12
SNEQ.SG03SB110000S600,2013.03,260,FINAL,Dollars,6,S,Consolidated accounts - table 1.1,B11,Balance on external goods and services,,,6,Rest of world,National Accounts - SNA 2008 - SNE,2013,3
SNEQ.SG03SB110000S600,2013.06,206,REVISED,Dollars,6,S,Consolidated accounts - table 1.1,B11,Balance on external goods and services,,,6,Rest of world,National Accounts - SNA 2008 - SNE,2013,6
SNEQ.SG03SB110000S600,2013.09,231,FINAL,Dollars,6,S,Consolidated accounts - table 1.1,B11,Balance on external goods and services,,,6,Rest of world,National Accounts - SNA 2008 - SNE,2013,9
SNEQ.SG03SB110000S600,2013.12,1684,FINAL,Dollars,6,S,Consolidated accounts - table 1.1,B11,Balance on external goods and services,,,6,Rest of world,National Accounts - SNA 2008 - SNE,2013,12
SNEQ.SG03SB110000S600,2014.03,1488,FINAL,Dollars,6,S,Consolidated accounts - table 1.1,B11,Balance on external goods and services,,,6,Rest of world,National Accounts - SNA 2008 - SNE,2014,3
SNEQ.SG03SB110000S600,2014.06,693,REVISED,Dollars,6,S,Consolidated accounts - table 1.1,B11,Balance on external goods and services,,,6,Rest of world,National Accounts - SNA 2008 - SNE,2014,6
SNEQ.SG03SB110000S600,2014.09,136,REVISED,Dollars,6,S,Consolidated accounts - table 1.1,B11,Balance on external goods and services,,,6,Rest of world,National Accounts - SNA 2008 - SNE,2014,9
SNEQ.SG03SB110000S600,2014.12,339,FINAL,Dollars,6,S,Consolidated accounts - table 1.1,B11,Balance on external goods and services,,,6,Rest of world,National Accounts - SNA 2008 - SNE,2014,12
SNEQ.SG03SB110000S600,2015.03,694,FINAL,Dollars,6,S,Consolidated accounts - table 1.1,B11,Balance on external goods and services,,,6,Rest of world,National Accounts - SNA 2008 - SNE,2015,3
SNEQ.SG03SB110000S600,2015.06,429,REVISED,Dollars,6,S,Consolidated accounts - table 1.1,B11,Balance on external goods and services,,,6,Rest of world,National Accounts - SNA 2008 - SNE,2015,6
SNEQ.SG03SB110000S600,2015.09,814,REVISED,Dollars,6,S,Consolidated accounts - table 1.1,B11,Balance on external goods and services,,,6,Rest of world,National Accounts - SNA 2008 - SNE,2015,9
SNEQ.SG03SB110000S600,2015.12,431,FINAL,Dollars,6,S,Consolidated accounts - table 1.1,B11,Balance on external goods and services,,,6,Rest of world,National Accounts - SNA 2008 - SNE,2015,12
SNEQ.SG03SB110000S600,2016.03,1074,REVISED,Dollars,6,S,Consolidated accounts - table 1.1,B11,Balance on external goods and services,,,6,Rest of world,National Accounts - SNA 2008 - SNE,2016,3
SNEQ.SG03SB110000S600,2016.06,728,REVISED,Dollars,6,S,Consolidated accounts - table 1.1,B11,Balance on external goods and services,,,6,Rest of world,National Accounts - SNA 2008 - SNE,2016,6
SNEQ.SG03SB110000S600,2016.09,497,REVISED,Dollars,6,S,Consolidated accounts - table 1.1,B11,Balance on external goods and services,,,6,Rest of world,National Accounts - SNA 2008 - SNE,2016,9
SNEQ.SG03SB110000S600,2016.12,414,REVISED,Dollars,6,S,Consolidated accounts - table 1.1,B11,Balance on external goods and services,,,6,Rest of world,National Accounts - SNA 2008 - SNE,2016,12
SNEQ.SG03SB110000S600,2017.03,372,REVISED,Dollars,6,S,Consolidated accounts - table 1.1,B11,Balance on external goods and services,,,6,Rest of world,National Accounts - SNA 2008 - SNE,2017,3
SNEQ.SG03SB110000S600,2017.06,902,REVISED,Dollars,6,S,Consolidated accounts - table 1.1,B11,Balance on external goods and services,,,6,Rest of world,National Accounts - SNA 2008 - SNE,2017,6
SNEQ.SG03SB110000S600,2017.09,1171,REVISED,Dollars,6,S,Consolidated accounts - table 1.1,B11,Balance on external goods and services,,,6,Rest of world,National Accounts - SNA 2008 - SNE,2017,9
SNEQ.SG03SB110000S600,2017.12,687,REVISED,Dollars,6,S,Consolidated accounts - table 1.1,B11,Balance on external goods and services,,,6,Rest of world,National Accounts - SNA 2008 - SNE,2017,12
SNEQ.SG03SB110000S600,2018.03,-228,REVISED,Dollars,6,S,Consolidated accounts - table 1.1,B11,Balance on external goods and services,,,6,Rest of world,National Accounts - SNA 2008 - SNE,2018,3
SNEQ.SG03SB110000S600,2018.06,-142,REVISED,Dollars,6,S,Consolidated accounts - table 1.1,B11,Balance on external goods and services,,,6,Rest of world,National Accounts - SNA 2008 - SNE,2018,6
SNEQ.SG03SB110000S600,2018.09,35,REVISED,Dollars,6,S,Consolidated accounts - table 1.1,B11,Balance on external goods and services,,,6,Rest of world,National Accounts - SNA 2008 - SNE,2018,9
SNEQ.SG03SB110000S600,2018.12,-193,REVISED,Dollars,6,S,Consolidated accounts - table 1.1,B11,Balance on external goods and services,,,6,Rest of world,National Accounts - SNA 2008 - SNE,2018,12
SNEQ.SG03SB110000S600,2019.03,74,REVISED,Dollars,6,S,Consolidated accounts - table 1.1,B11,Balance on external goods and services,,,6,Rest of world,National Accounts - SNA 2008 - SNE,2019,3
SNEQ.SG03SB110000S600,2019.06,-64,REVISED,Dollars,6,S,Consolidated accounts - table 1.1,B11,Balance on external goods and services,,,6,Rest of world,National Accounts - SNA 2008 - SNE,2019,6
SNEQ.SG03SB110000S600,2019.09,-111,REVISED,Dollars,6,S,Consolidated accounts - table 1.1,B11,Balance on external goods and services,,,6,Rest of world,National Accounts - SNA 2008 - SNE,2019,9
SNEQ.SG03SB110000S600,2019.12,71,REVISED,Dollars,6,S,Consolidated accounts - table 1.1,B11,Balance on external goods and services,,,6,Rest of world,National Accounts - SNA 2008 - SNE,2019,12
SNEQ.SG03SB110000S600,2020.03,747,REVISED,Dollars,6,S,Consolidated accounts - table 1.1,B11,Balance on external goods and services,,,6,Rest of world,National Accounts - SNA 2008 - SNE,2020,3
SNEQ.SG03SB110000S600,2020.06,2038,REVISED,Dollars,6,S,Consolidated accounts - table 1.1,B11,Balance on external goods and services,,,6,Rest of world,National Accounts - SNA 2008 - SNE,2020,6
SNEQ.SG03SB110000S600,2020.09,783,REVISED,Dollars,6,S,Consolidated accounts - table 1.1,B11,Balance on external goods and services,,,6,Rest of world,National Accounts - SNA 2008 - SNE,2020,9
SNEQ.SG03SB110000S600,2020.12,-683,REVISED,Dollars,6,S,Consolidated accounts - table 1.1,B11,Balance on external goods and services,,,6,Rest of world,National Accounts - SNA 2008 - SNE,2020,12
SNEQ.SG03SB110000S600,2021.03,-3719,REVISED,Dollars,6,S,Consolidated accounts - table 1.1,B11,Balance on external goods and services,,,6,Rest of world,National Accounts - SNA 2008 - SNE,2021,3
SNEQ.SG03SB110000S600,2021.06,-238,REVISED,Dollars,6,S,Consolidated accounts - table 1.1,B11,Balance on external goods and services,,,6,Rest of world,National Accounts - SNA 2008 - SNE,2021,6
SNEQ.SG03SB110000S600,2021.09,-2750,REVISED,Dollars,6,S,Consolidated accounts - table 1.1,B11,Balance on external goods and services,,,6,Rest of world,National Accounts - SNA 2008 - SNE,2021,9
SNEQ.SG03SB110000S600,2021.12,-3828,REVISED,Dollars,6,S,Consolidated accounts - table 1.1,B11,Balance on external goods and services,,,6,Rest of world,National Accounts - SNA 2008 - SNE,2021,12
SNEQ.SG03SB110000S600,2022.03,-6628,REVISED,Dollars,6,S,Consolidated accounts - table 1.1,B11,Balance on external goods and services,,,6,Rest of world,National Accounts - SNA 2008 - SNE,2022,3
SNEQ.SG03SB110000S600,2022.06,-4763,REVISED,Dollars,6,S,Consolidated accounts - table 1.1,B11,Balance on external goods and services,,,6,Rest of world,National Accounts - SNA 2008 - SNE,2022,6
SNEQ.SG03SB110000S600,2022.09,-3996,REVISED,Dollars,6,S,Consolidated accounts - table 1.1,B11,Balance on external goods and services,,,6,Rest of world,National Accounts - SNA 2008 - SNE,2022,9
SNEQ.SG03SB110000S600,2022.12,-5621,REVISED,Dollars,6,S,Consolidated accounts - table 1.1,B11,Balance on external goods and services,,,6,Rest of world,National Accounts - SNA 2008 - SNE,2022,12
SNEQ.SG03SB110000S600,2023.03,-5324,REVISED,Dollars,6,S,Consolidated accounts - table 1.1,B11,Balance on external goods and services,,,6,Rest of world,National Accounts - SNA 2008 - SNE,2023,3
SNEQ.SG03SB110000S600,2023.06,-2550,REVISED,Dollars,6,S,Consolidated accounts - table 1.1,B11,Balance on external goods and services,,,6,Rest of world,National Accounts - SNA 2008 - SNE,2023,6
SNEQ.SG03SB110000S600,2023.09,-2936,REVISED,Dollars,6,S,Consolidated accounts - table 1.1,B11,Balance on external goods and services,,,6,Rest of world,National Accounts - SNA 2008 - SNE,2023,9
SNEQ.SG03SB110000S600,2023.12,-2636,REVISED,Dollars,6,S,Consolidated accounts - table 1.1,B11,Balance on external goods and services,,,6,Rest of world,National Accounts - SNA 2008 - SNE,2023,12
SNEQ.SG03SB110000S600,2024.03,-2782,REVISED,Dollars,6,S,Consolidated accounts - table 1.1,B11,Balance on external goods and services,,,6,Rest of world,National Accounts - SNA 2008 - SNE,2024,3
SNEQ.SG03SB110000S600,2024.06,-2109,REVISED,Dollars,6,S,Consolidated accounts - table 1.1,B11,Balance on external goods and services,,,6,Rest of world,National Accounts - SNA 2008 - SNE,2024,6
SNEQ.SG03SB110000S600,2024.09,-1822,REVISED,Dollars,6,S,Consolidated accounts - table 1.1,B11,Balance on external goods and services,,,6,Rest of world,National Accounts - SNA 2008 - SNE,2024,9
SNEQ.SG03SB110000S600,2024.12,-756,REVISED,Dollars,6,S,Consolidated accounts - table 1.1,B11,Balance on external goods and services,,,6,Rest of world,National Accounts - SNA 2008 - SNE,2024,12
SNEQ.SG03SB110000S600,2025.03,-1027,REVISED,Dollars,6,S,Consolidated accounts - table 1.1,B11,Balance on external goods and services,,,6,Rest of world,National Accounts - SNA 2008 - SNE,2025,3
SNEQ.SG03SB110000S600,2025.06,-477,FINAL,Dollars,6,S,Consolidated accounts - table 1.1,B11,Balance on external goods and services,,,6,Rest of world,National Accounts - SNA 2008 - SNE,2025,6
SNEQ.SG03SP060000S600,2011.06,16484,FINAL,Dollars,6,S,Consolidated accounts - table 1.1,P06,Exports of goods and services,,,6,Rest of world,National Accounts - SNA 2008 - SNE,2011,6
SNEQ.SG03SP060000S600,2011.09,16121,FINAL,Dollars,6,S,Consolidated accounts - table 1.1,P06,Exports of goods and services,,,6,Rest of world,National Accounts - SNA 2008 - SNE,2011,9
SNEQ.SG03SP060000S600,2011.12,16652,FINAL,Dollars,6,S,Consolidated accounts - table 1.1,P06,Exports of goods and services,,,6,Rest of world,National Accounts - SNA 2008 - SNE,2011,12
SNEQ.SG03SP060000S600,2012.03,15467,FINAL,Dollars,6,S,Consolidated accounts - table 1.1,P06,Exports of goods and services,,,6,Rest of world,National Accounts - SNA 2008 - SNE,2012,3
SNEQ.SG03SP060000S600,2012.06,15890,FINAL,Dollars,6,S,Consolidated accounts - table 1.1,P06,Exports of goods and services,,,6,Rest of world,National Accounts - SNA 2008 - SNE,2012,6
SNEQ.SG03SP060000S600,2012.09,16018,FINAL,Dollars,6,S,Consolidated accounts - table 1.1,P06,Exports of goods and services,,,6,Rest of world,National Accounts - SNA 2008 - SNE,2012,9
SNEQ.SG03SP060000S600,2012.12,15336,FINAL,Dollars,6,S,Consolidated accounts - table 1.1,P06,Exports of goods and services,,,6,Rest of world,National Accounts - SNA 2008 - SNE,2012,12
SNEQ.SG03SP060000S600,2013.03,15515,FINAL,Dollars,6,S,Consolidated accounts - table 1.1,P06,Exports of goods and services,,,6,Rest of world,National Accounts - SNA 2008 - SNE,2013,3
SNEQ.SG03SP060000S600,2013.06,15557,FINAL,Dollars,6,S,Consolidated accounts - table 1.1,P06,Exports of goods and services,,,6,Rest of world,National Accounts - SNA 2008 - SNE,2013,6
SNEQ.SG03SP060000S600,2013.09,16473,FINAL,Dollars,6,S,Consolidated accounts - table 1.1,P06,Exports of goods and services,,,6,Rest of world,National Accounts - SNA 2008 - SNE,2013,9
SNEQ.SG03SP060000S600,2013.12,17355,FINAL,Dollars,6,S,Consolidated accounts - table 1.1,P06,Exports of goods and services,,,6,Rest of world,National Accounts - SNA 2008 - SNE,2013,12
SNEQ.SG03SP060000S600,2014.03,17562,FINAL,Dollars,6,S,Consolidated accounts - table 1.1,P06,Exports of goods and services,,,6,Rest of world,National Accounts - SNA 2008 - SNE,2014,3
SNEQ.SG03SP060000S600,2014.06,16862,FINAL,Dollars,6,S,Consolidated accounts - table 1.1,P06,Exports of goods and services,,,6,Rest of world,National Accounts - SNA 2008 - SNE,2014,6
SNEQ.SG03SP060000S600,2014.09,16420,FINAL,Dollars,6,S,Consolidated accounts - table 1.1,P06,Exports of goods and services,,,6,Rest of world,National Accounts - SNA 2008 - SNE,2014,9
SNEQ.SG03SP060000S600,2014.12,17195,FINAL,Dollars,6,S,Consolidated accounts - table 1.1,P06,Exports of goods and services,,,6,Rest of world,National Accounts - SNA 2008 - SNE,2014,12
SNEQ.SG03SP060000S600,2015.03,17343,FINAL,Dollars,6,S,Consolidated accounts - table 1.1,P06,Exports of goods and services,,,6,Rest of world,National Accounts - SNA 2008 - SNE,2015,3
SNEQ.SG03SP060000S600,2015.06,17300,FINAL,Dollars,6,S,Consolidated accounts - table 1.1,P06,Exports of goods and services,,,6,Rest of world,National Accounts - SNA 2008 - SNE,2015,6
SNEQ.SG03SP060000S600,2015.09,18458,FINAL,Dollars,6,S,Consolidated accounts - table 1.1,P06,Exports of goods and services,,,6,Rest of world,National Accounts - SNA 2008 - SNE,2015,9
SNEQ.SG03SP060000S600,2015.12,17751,FINAL,Dollars,6,S,Consolidated accounts - table 1.1,P06,Exports of goods and services,,,6,Rest of world,National Accounts - SNA 2008 - SNE,2015,12
SNEQ.SG03SP060000S600,2016.03,17991,FINAL,Dollars,6,S,Consolidated accounts - table 1.1,P06,Exports of goods and services,,,6,Rest of world,National Accounts - SNA 2008 - SNE,2016,3
SNEQ.SG03SP060000S600,2016.06,18046,REVISED,Dollars,6,S,Consolidated accounts - table 1.1,P06,Exports of goods and services,,,6,Rest of world,National Accounts - SNA 2008 - SNE,2016,6
SNEQ.SG03SP060000S600,2016.09,17715,REVISED,Dollars,6,S,Consolidated accounts - table 1.1,P06,Exports of goods and services,,,6,Rest of world,National Accounts - SNA 2008 - SNE,2016,9
SNEQ.SG03SP060000S600,2016.12,17795,REVISED,Dollars,6,S,Consolidated accounts - table 1.1,P06,Exports of goods and services,,,6,Rest of world,National Accounts - SNA 2008 - SNE,2016,12
SNEQ.SG03SP060000S600,2017.03,18729,REVISED,Dollars,6,S,Consolidated accounts - table 1.1,P06,Exports of goods and services,,,6,Rest of world,National Accounts - SNA 2008 - SNE,2017,3
SNEQ.SG03SP060000S600,2017.06,19661,REVISED,Dollars,6,S,Consolidated accounts - table 1.1,P06,Exports of goods and services,,,6,Rest of world,National Accounts - SNA 2008 - SNE,2017,6
SNEQ.SG03SP060000S600,2017.09,19578,REVISED,Dollars,6,S,Consolidated accounts - table 1.1,P06,Exports of goods and services,,,6,Rest of world,National Accounts - SNA 2008 - SNE,2017,9
SNEQ.SG03SP060000S600,2017.12,20685,REVISED,Dollars,6,S,Consolidated accounts - table 1.1,P06,Exports of goods and services,,,6,Rest of world,National Accounts - SNA 2008 - SNE,2017,12
SNEQ.SG03SP060000S600,2018.03,20284,REVISED,Dollars,6,S,Consolidated accounts - table 1.1,P06,Exports of goods and services,,,6,Rest of world,National Accounts - SNA 2008 - SNE,2018,3
SNEQ.SG03SP060000S600,2018.06,20813,REVISED,Dollars,6,S,Consolidated accounts - table 1.1,P06,Exports of goods and services,,,6,Rest of world,National Accounts - SNA 2008 - SNE,2018,6
SNEQ.SG03SP060000S600,2018.09,21544,REVISED,Dollars,6,S,Consolidated accounts - table 1.1,P06,Exports of goods and services,,,6,Rest of world,National Accounts - SNA 2008 - SNE,2018,9
SNEQ.SG03SP060000S600,2018.12,21393,REVISED,Dollars,6,S,Consolidated accounts - table 1.1,P06,Exports of goods and services,,,6,Rest of world,National Accounts - SNA 2008 - SNE,2018,12
SNEQ.SG03SP060000S600,2019.03,21696,REVISED,Dollars,6,S,Consolidated accounts - table 1.1,P06,Exports of goods and services,,,6,Rest of world,National Accounts - SNA 2008 - SNE,2019,3
SNEQ.SG03SP060000S600,2019.06,21796,REVISED,Dollars,6,S,Consolidated accounts - table 1.1,P06,Exports of goods and services,,,6,Rest of world,National Accounts - SNA 2008 - SNE,2019,6
SNEQ.SG03SP060000S600,2019.09,21893,REVISED,Dollars,6,S,Consolidated accounts - table 1.1,P06,Exports of goods and services,,,6,Rest of world,National Accounts - SNA 2008 - SNE,2019,9
SNEQ.SG03SP060000S600,2019.12,22358,REVISED,Dollars,6,S,Consolidated accounts - table 1.1,P06,Exports of goods and services,,,6,Rest of world,National Accounts - SNA 2008 - SNE,2019,12
SNEQ.SG03SP060000S600,2020.03,22316,REVISED,Dollars,6,S,Consolidated accounts - table 1.1,P06,Exports of goods and services,,,6,Rest of world,National Accounts - SNA 2008 - SNE,2020,3
SNEQ.SG03SP060000S600,2020.06,18564,REVISED,Dollars,6,S,Consolidated accounts - table 1.1,P06,Exports of goods and services,,,6,Rest of world,National Accounts - SNA 2008 - SNE,2020,6
SNEQ.SG03SP060000S600,2020.09,18220,REVISED,Dollars,6,S,Consolidated accounts - table 1.1,P06,Exports of goods and services,,,6,Rest of world,National Accounts - SNA 2008 - SNE,2020,9
SNEQ.SG03SP060000S600,2020.12,18096,REVISED,Dollars,6,S,Consolidated accounts - table 1.1,P06,Exports of goods and services,,,6,Rest of world,National Accounts - SNA 2008 - SNE,2020,12
SNEQ.SG03SP060000S600,2021.03,16527,REVISED,Dollars,6,S,Consolidated accounts - table 1.1,P06,Exports of goods and services,,,6,Rest of world,National Accounts - SNA 2008 - SNE,2021,3
SNEQ.SG03SP060000S600,2021.06,20791,REVISED,Dollars,6,S,Consolidated accounts - table 1.1,P06,Exports of goods and services,,,6,Rest of world,National Accounts - SNA 2008 - SNE,2021,6
SNEQ.SG03SP060000S600,2021.09,20106,REVISED,Dollars,6,S,Consolidated accounts - table 1.1,P06,Exports of goods and services,,,6,Rest of world,National Accounts - SNA 2008 - SNE,2021,9
SNEQ.SG03SP060000S600,2021.12,20518,REVISED,Dollars,6,S,Consolidated accounts - table 1.1,P06,Exports of goods and services,,,6,Rest of world,National Accounts - SNA 2008 - SNE,2021,12
SNEQ.SG03SP060000S600,2022.03,18787,REVISED,Dollars,6,S,Consolidated accounts - table 1.1,P06,Exports of goods and services,,,6,Rest of world,National Accounts - SNA 2008 - SNE,2022,3
SNEQ.SG03SP060000S600,2022.06,22432,REVISED,Dollars,6,S,Consolidated accounts - table 1.1,P06,Exports of goods and services,,,6,Rest of world,National Accounts - SNA 2008 - SNE,2022,6
SNEQ.SG03SP060000S600,2022.09,25146,REVISED,Dollars,6,S,Consolidated accounts - table 1.1,P06,Exports of goods and services,,,6,Rest of world,National Accounts - SNA 2008 - SNE,2022,9
SNEQ.SG03SP060000S600,2022.12,24251,REVISED,Dollars,6,S,Consolidated accounts - table 1.1,P06,Exports of goods and services,,,6,Rest of world,National Accounts - SNA 2008 - SNE,2022,12
SNEQ.SG03SP060000S600,2023.03,23149,REVISED,Dollars,6,S,Consolidated accounts - table 1.1,P06,Exports of goods and services,,,6,Rest of world,National Accounts - SNA 2008 - SNE,2023,3
SNEQ.SG03SP060000S600,2023.06,25044,REVISED,Dollars,6,S,Consolidated accounts - table 1.1,P06,Exports of goods and services,,,6,Rest of world,National Accounts - SNA 2008 - SNE,2023,6
SNEQ.SG03SP060000S600,2023.09,24512,REVISED,Dollars,6,S,Consolidated accounts - table 1.1,P06,Exports of goods and services,,,6,Rest of world,National Accounts - SNA 2008 - SNE,2023,9
SNEQ.SG03SP060000S600,2023.12,24365,REVISED,Dollars,6,S,Consolidated accounts - table 1.1,P06,Exports of goods and services,,,6,Rest of world,National Accounts - SNA 2008 - SNE,2023,12
SNEQ.SG03SP060000S600,2024.03,24716,REVISED,Dollars,6,S,Consolidated accounts - table 1.1,P06,Exports of goods and services,,,6,Rest of world,National Accounts - SNA 2008 - SNE,2024,3
SNEQ.SG03SP060000S600,2024.06,25544,REVISED,Dollars,6,S,Consolidated accounts - table 1.1,P06,Exports of goods and services,,,6,Rest of world,National Accounts - SNA 2008 - SNE,2024,6
SNEQ.SG03SP060000S600,2024.09,25397,REVISED,Dollars,6,S,Consolidated accounts - table 1.1,P06,Exports of goods and services,,,6,Rest of world,National Accounts - SNA 2008 - SNE,2024,9
SNEQ.SG03SP060000S600,2024.12,27210,REVISED,Dollars,6,S,Consolidated accounts - table 1.1,P06,Exports of goods and services,,,6,Rest of world,National Accounts - SNA 2008 - SNE,2024,12
SNEQ.SG03SP060000S600,2025.03,28398,REVISED,Dollars,6,S,Consolidated accounts - table 1.1,P06,Exports of goods and services,,,6,Rest of world,National Accounts - SNA 2008 - SNE,2025,3
SNEQ.SG03SP060000S600,2025.06,28071,FINAL,Dollars,6,S,Consolidated accounts - table 1.1,P06,Exports of goods and services,,,6,Rest of world,National Accounts - SNA 2008 - SNE,2025,6
SNEQ.SG03SP070000S600,2011.06,15312,FINAL,Dollars,6,S,Consolidated accounts - table 1.1,P07,Imports of goods and services,,,6,Rest of world,National Accounts - SNA 2008 - SNE,2011,6
SNEQ.SG03SP070000S600,2011.09,15150,FINAL,Dollars,6,S,Consolidated accounts - table 1.1,P07,Imports of goods and services,,,6,Rest of world,National Accounts - SNA 2008 - SNE,2011,9
SNEQ.SG03SP070000S600,2011.12,15312,FINAL,Dollars,6,S,Consolidated accounts - table 1.1,P07,Imports of goods and services,,,6,Rest of world,National Accounts - SNA 2008 - SNE,2011,12
SNEQ.SG03SP070000S600,2012.03,15688,FINAL,Dollars,6,S,Consolidated accounts - table 1.1,P07,Imports of goods and services,,,6,Rest of world,National Accounts - SNA 2008 - SNE,2012,3
SNEQ.SG03SP070000S600,2012.06,15444,REVISED,Dollars,6,S,Consolidated accounts - table 1.1,P07,Imports of goods and services,,,6,Rest of world,National Accounts - SNA 2008 - SNE,2012,6
SNEQ.SG03SP070000S600,2012.09,15400,FINAL,Dollars,6,S,Consolidated accounts - table 1.1,P07,Imports of goods and services,,,6,Rest of world,National Accounts - SNA 2008 - SNE,2012,9
SNEQ.SG03SP070000S600,2012.12,15168,FINAL,Dollars,6,S,Consolidated accounts - table 1.1,P07,Imports of goods and services,,,6,Rest of world,National Accounts - SNA 2008 - SNE,2012,12
SNEQ.SG03SP070000S600,2013.03,15256,REVISED,Dollars,6,S,Consolidated accounts - table 1.1,P07,Imports of goods and services,,,6,Rest of world,National Accounts - SNA 2008 - SNE,2013,3
SNEQ.SG03SP070000S600,2013.06,15350,REVISED,Dollars,6,S,Consolidated accounts - table 1.1,P07,Imports of goods and services,,,6,Rest of world,National Accounts - SNA 2008 - SNE,2013,6
SNEQ.SG03SP070000S600,2013.09,16241,REVISED,Dollars,6,S,Consolidated accounts - table 1.1,P07,Imports of goods and services,,,6,Rest of world,National Accounts - SNA 2008 - SNE,2013,9
SNEQ.SG03SP070000S600,2013.12,15671,FINAL,Dollars,6,S,Consolidated accounts - table 1.1,P07,Imports of goods and services,,,6,Rest of world,National Accounts - SNA 2008 - SNE,2013,12
SNEQ.SG03SP070000S600,2014.03,16074,FINAL,Dollars,6,S,Consolidated accounts - table 1.1,P07,Imports of goods and services,,,6,Rest of world,National Accounts - SNA 2008 - SNE,2014,3
SNEQ.SG03SP070000S600,2014.06,16169,REVISED,Dollars,6,S,Consolidated accounts - table 1.1,P07,Imports of goods and services,,,6,Rest of world,National Accounts - SNA 2008 - SNE,2014,6
SNEQ.SG03SP070000S600,2014.09,16284,REVISED,Dollars,6,S,Consolidated accounts - table 1.1,P07,Imports of goods and services,,,6,Rest of world,National Accounts - SNA 2008 - SNE,2014,9
SNEQ.SG03SP070000S600,2014.12,16856,FINAL,Dollars,6,S,Consolidated accounts - table 1.1,P07,Imports of goods and services,,,6,Rest of world,National Accounts - SNA 2008 - SNE,2014,12
SNEQ.SG03SP070000S600,2015.03,16649,FINAL,Dollars,6,S,Consolidated accounts - table 1.1,P07,Imports of goods and services,,,6,Rest of world,National Accounts - SNA 2008 - SNE,2015,3
SNEQ.SG03SP070000S600,2015.06,16871,REVISED,Dollars,6,S,Consolidated accounts - table 1.1,P07,Imports of goods and services,,,6,Rest of world,National Accounts - SNA 2008 - SNE,2015,6
SNEQ.SG03SP070000S600,2015.09,17644,REVISED,Dollars,6,S,Consolidated accounts - table 1.1,P07,Imports of goods and services,,,6,Rest of world,National Accounts - SNA 2008 - SNE,2015,9
SNEQ.SG03SP070000S600,2015.12,17320,FINAL,Dollars,6,S,Consolidated accounts - table 1.1,P07,Imports of goods and services,,,6,Rest of world,National Accounts - SNA 2008 - SNE,2015,12
SNEQ.SG03SP070000S600,2016.03,16918,FINAL,Dollars,6,S,Consolidated accounts - table 1.1,P07,Imports of goods and services,,,6,Rest of world,National Accounts - SNA 2008 - SNE,2016,3
SNEQ.SG03SP070000S600,2016.06,17317,REVISED,Dollars,6,S,Consolidated accounts - table 1.1,P07,Imports of goods and services,,,6,Rest of world,National Accounts - SNA 2008 - SNE,2016,6
SNEQ.SG03SP070000S600,2016.09,17218,REVISED,Dollars,6,S,Consolidated accounts - table 1.1,P07,Imports of goods and services,,,6,Rest of world,National Accounts - SNA 2008 - SNE,2016,9
SNEQ.SG03SP070000S600,2016.12,17381,REVISED,Dollars,6,S,Consolidated accounts - table 1.1,P07,Imports of goods and services,,,6,Rest of world,National Accounts - SNA 2008 - SNE,2016,12
SNEQ.SG03SP070000S600,2017.03,18357,REVISED,Dollars,6,S,Consolidated accounts - table 1.1,P07,Imports of goods and services,,,6,Rest of world,National Accounts - SNA 2008 - SNE,2017,3
SNEQ.SG03SP070000S600,2017.06,18759,REVISED,Dollars,6,S,Consolidated accounts - table 1.1,P07,Imports of goods and services,,,6,Rest of world,National Accounts - SNA 2008 - SNE,2017,6
SNEQ.SG03SP070000S600,2017.09,18406,REVISED,Dollars,6,S,Consolidated accounts - table 1.1,P07,Imports of goods and services,,,6,Rest of world,National Accounts - SNA 2008 - SNE,2017,9
SNEQ.SG03SP070000S600,2017.12,19998,REVISED,Dollars,6,S,Consolidated accounts - table 1.1,P07,Imports of goods and services,,,6,Rest of world,National Accounts - SNA 2008 - SNE,2017,12
SNEQ.SG03SP070000S600,2018.03,20512,REVISED,Dollars,6,S,Consolidated accounts - table 1.1,P07,Imports of goods and services,,,6,Rest of world,National Accounts - SNA 2008 - SNE,2018,3
SNEQ.SG03SP070000S600,2018.06,20955,REVISED,Dollars,6,S,Consolidated accounts - table 1.1,P07,Imports of goods and services,,,6,Rest of world,National Accounts - SNA 2008 - SNE,2018,6
SNEQ.SG03SP070000S600,2018.09,21508,REVISED,Dollars,6,S,Consolidated accounts - table 1.1,P07,Imports of goods and services,,,6,Rest of world,National Accounts - SNA 2008 - SNE,2018,9
SNEQ.SG03SP070000S600,2018.12,21586,REVISED,Dollars,6,S,Consolidated accounts - table 1.1,P07,Imports of goods and services,,,6,Rest of world,National Accounts - SNA 2008 - SNE,2018,12
SNEQ.SG03SP070000S600,2019.03,21621,REVISED,Dollars,6,S,Consolidated accounts - table 1.1,P07,Imports of goods and services,,,6,Rest of world,National Accounts - SNA 2008 - SNE,2019,3
SNEQ.SG03SP070000S600,2019.06,21861,REVISED,Dollars,6,S,Consolidated accounts - table 1.1,P07,Imports of goods and services,,,6,Rest of world,National Accounts - SNA 2008 - SNE,2019,6
SNEQ.SG03SP070000S600,2019.09,22004,REVISED,Dollars,6,S,Consolidated accounts - table 1.1,P07,Imports of goods and services,,,6,Rest of world,National Accounts - SNA 2008 - SNE,2019,9
SNEQ.SG03SP070000S600,2019.12,22287,REVISED,Dollars,6,S,Consolidated accounts - table 1.1,P07,Imports of goods and services,,,6,Rest of world,National Accounts - SNA 2008 - SNE,2019,12
SNEQ.SG03SP070000S600,2020.03,21568,REVISED,Dollars,6,S,Consolidated accounts - table 1.1,P07,Imports of goods and services,,,6,Rest of world,National Accounts - SNA 2008 - SNE,2020,3
SNEQ.SG03SP070000S600,2020.06,16525,REVISED,Dollars,6,S,Consolidated accounts - table 1.1,P07,Imports of goods and services,,,6,Rest of world,National Accounts - SNA 2008 - SNE,2020,6
SNEQ.SG03SP070000S600,2020.09,17438,REVISED,Dollars,6,S,Consolidated accounts - table 1.1,P07,Imports of goods and services,,,6,Rest of world,National Accounts - SNA 2008 - SNE,2020,9
SNEQ.SG03SP070000S600,2020.12,18778,REVISED,Dollars,6,S,Consolidated accounts - table 1.1,P07,Imports of goods and services,,,6,Rest of world,National Accounts - SNA 2008 - SNE,2020,12
SNEQ.SG03SP070000S600,2021.03,20246,REVISED,Dollars,6,S,Consolidated accounts - table 1.1,P07,Imports of goods and services,,,6,Rest of world,National Accounts - SNA 2008 - SNE,2021,3
SNEQ.SG03SP070000S600,2021.06,21029,REVISED,Dollars,6,S,Consolidated accounts - table 1.1,P07,Imports of goods and services,,,6,Rest of world,National Accounts - SNA 2008 - SNE,2021,6
SNEQ.SG03SP070000S600,2021.09,22855,REVISED,Dollars,6,S,Consolidated accounts - table 1.1,P07,Imports of goods and services,,,6,Rest of world,National Accounts - SNA 2008 - SNE,2021,9
SNEQ.SG03SP070000S600,2021.12,24346,REVISED,Dollars,6,S,Consolidated accounts - table 1.1,P07,Imports of goods and services,,,6,Rest of world,National Accounts - SNA 2008 - SNE,2021,12
SNEQ.SG03SP070000S600,2022.03,25416,REVISED,Dollars,6,S,Consolidated accounts - table 1.1,P07,Imports of goods and services,,,6,Rest of world,National Accounts - SNA 2008 - SNE,2022,3
SNEQ.SG03SP070000S600,2022.06,27194,REVISED,Dollars,6,S,Consolidated accounts - table 1.1,P07,Imports of goods and services,,,6,Rest of world,National Accounts - SNA 2008 - SNE,2022,6
SNEQ.SG03SP070000S600,2022.09,29143,REVISED,Dollars,6,S,Consolidated accounts - table 1.1,P07,Imports of goods and services,,,6,Rest of world,National Accounts - SNA 2008 - SNE,2022,9
SNEQ.SG03SP070000S600,2022.12,29872,REVISED,Dollars,6,S,Consolidated accounts - table 1.1,P07,Imports of goods and services,,,6,Rest of world,National Accounts - SNA 2008 - SNE,2022,12
SNEQ.SG03SP070000S600,2023.03,28473,REVISED,Dollars,6,S,Consolidated accounts - table 1.1,P07,Imports of goods and services,,,6,Rest of world,National Accounts - SNA 2008 - SNE,2023,3
SNEQ.SG03SP070000S600,2023.06,27594,REVISED,Dollars,6,S,Consolidated accounts - table 1.1,P07,Imports of goods and services,,,6,Rest of world,National Accounts - SNA 2008 - SNE,2023,6
SNEQ.SG03SP070000S600,2023.09,27448,REVISED,Dollars,6,S,Consolidated accounts - table 1.1,P07,Imports of goods and services,,,6,Rest of world,National Accounts - SNA 2008 - SNE,2023,9
SNEQ.SG03SP070000S600,2023.12,27001,REVISED,Dollars,6,S,Consolidated accounts - table 1.1,P07,Imports of goods and services,,,6,Rest of world,National Accounts - SNA 2008 - SNE,2023,12
SNEQ.SG03SP070000S600,2024.03,27498,REVISED,Dollars,6,S,Consolidated accounts - table 1.1,P07,Imports of goods and services,,,6,Rest of world,National Accounts - SNA 2008 - SNE,2024,3
SNEQ.SG03SP070000S600,2024.06,27654,REVISED,Dollars,6,S,Consolidated accounts - table 1.1,P07,Imports of goods and services,,,6,Rest of world,National Accounts - SNA 2008 - SNE,2024,6
SNEQ.SG03SP070000S600,2024.09,27219,REVISED,Dollars,6,S,Consolidated accounts - table 1.1,P07,Imports of goods and services,,,6,Rest of world,National Accounts - SNA 2008 - SNE,2024,9
SNEQ.SG03SP070000S600,2024.12,27966,REVISED,Dollars,6,S,Consolidated accounts - table 1.1,P07,Imports of goods and services,,,6,Rest of world,National Accounts - SNA 2008 - SNE,2024,12
SNEQ.SG03SP070000S600,2025.03,29426,REVISED,Dollars,6,S,Consolidated accounts - table 1.1,P07,Imports of goods and services,,,6,Rest of world,National Accounts - SNA 2008 - SNE,2025,3
SNEQ.SG03SP070000S600,2025.06,28548,FINAL,Dollars,6,S,Consolidated accounts - table 1.1,P07,Imports of goods and services,,,6,Rest of world,National Accounts - SNA 2008 - SNE,2025,6
SNEQ.SG04SB02G000S900,2016.06,28900,Experimental,Dollars,6,S,Consolidated accounts - table 1.2,B02G,Gross operating surplus and gross mixed income,,,,,National Accounts - SNA 2008 - SNE,2016,6
SNEQ.SG04SB02G000S900,2016.09,29311,Experimental,Dollars,6,S,Consolidated accounts - table 1.2,B02G,Gross operating surplus and gross mixed income,,,,,National Accounts - SNA 2008 - SNE,2016,9
SNEQ.SG04SB02G000S900,2016.12,30505,Experimental,Dollars,6,S,Consolidated accounts - table 1.2,B02G,Gross operating surplus and gross mixed income,,,,,National Accounts - SNA 2008 - SNE,2016,12
SNEQ.SG04SB02G000S900,2017.03,31182,Experimental,Dollars,6,S,Consolidated accounts - table 1.2,B02G,Gross operating surplus and gross mixed income,,,,,National Accounts - SNA 2008 - SNE,2017,3
SNEQ.SG04SB02G000S900,2017.06,31398,Experimental,Dollars,6,S,Consolidated accounts - table 1.2,B02G,Gross operating surplus and gross mixed income,,,,,National Accounts - SNA 2008 - SNE,2017,6
SNEQ.SG04SB02G000S900,2017.09,32217,Experimental,Dollars,6,S,Consolidated accounts - table 1.2,B02G,Gross operating surplus and gross mixed income,,,,,National Accounts - SNA 2008 - SNE,2017,9
SNEQ.SG04SB02G000S900,2017.12,33284,Experimental,Dollars,6,S,Consolidated accounts - table 1.2,B02G,Gross operating surplus and gross mixed income,,,,,National Accounts - SNA 2008 - SNE,2017,12
SNEQ.SG04SB02G000S900,2018.03,33333,Experimental,Dollars,6,S,Consolidated accounts - table 1.2,B02G,Gross operating surplus and gross mixed income,,,,,National Accounts - SNA 2008 - SNE,2018,3
SNEQ.SG04SB02G000S900,2018.06,34073,Experimental,Dollars,6,S,Consolidated accounts - table 1.2,B02G,Gross operating surplus and gross mixed income,,,,,National Accounts - SNA 2008 - SNE,2018,6
SNEQ.SG04SB02G000S900,2018.09,33555,Experimental,Dollars,6,S,Consolidated accounts - table 1.2,B02G,Gross operating surplus and gross mixed income,,,,,National Accounts - SNA 2008 - SNE,2018,9
SNEQ.SG04SB02G000S900,2018.12,33496,Experimental,Dollars,6,S,Consolidated accounts - table 1.2,B02G,Gross operating surplus and gross mixed income,,,,,National Accounts - SNA 2008 - SNE,2018,12
SNEQ.SG04SB02G000S900,2019.03,34781,Experimental,Dollars,6,S,Consolidated accounts - table 1.2,B02G,Gross operating surplus and gross mixed income,,,,,National Accounts - SNA 2008 - SNE,2019,3
SNEQ.SG04SB02G000S900,2019.06,34994,Experimental,Dollars,6,S,Consolidated accounts - table 1.2,B02G,Gross operating surplus and gross mixed income,,,,,National Accounts - SNA 2008 - SNE,2019,6
SNEQ.SG04SB02G000S900,2019.09,35295,Experimental,Dollars,6,S,Consolidated accounts - table 1.2,B02G,Gross operating surplus and gross mixed income,,,,,National Accounts - SNA 2008 - SNE,2019,9
SNEQ.SG04SB02G000S900,2019.12,35763,Experimental,Dollars,6,S,Consolidated accounts - table 1.2,B02G,Gross operating surplus and gross mixed income,,,,,National Accounts - SNA 2008 - SNE,2019,12
SNEQ.SG04SB02G000S900,2020.03,39255,Experimental,Dollars,6,S,Consolidated accounts - table 1.2,B02G,Gross operating surplus and gross mixed income,,,,,National Accounts - SNA 2008 - SNE,2020,3
SNEQ.SG04SB02G000S900,2020.06,38659,Experimental,Dollars,6,S,Consolidated accounts - table 1.2,B02G,Gross operating surplus and gross mixed income,,,,,National Accounts - SNA 2008 - SNE,2020,6
SNEQ.SG04SB02G000S900,2020.09,39507,Experimental,Dollars,6,S,Consolidated accounts - table 1.2,B02G,Gross operating surplus and gross mixed income,,,,,National Accounts - SNA 2008 - SNE,2020,9
SNEQ.SG04SB02G000S900,2020.12,37503,Experimental,Dollars,6,S,Consolidated accounts - table 1.2,B02G,Gross operating surplus and gross mixed income,,,,,National Accounts - SNA 2008 - SNE,2020,12
SNEQ.SG04SB02G000S900,2021.03,38379,Experimental,Dollars,6,S,Consolidated accounts - table 1.2,B02G,Gross operating surplus and gross mixed income,,,,,National Accounts - SNA 2008 - SNE,2021,3
SNEQ.SG04SB02G000S900,2021.06,38534,Experimental,Dollars,6,S,Consolidated accounts - table 1.2,B02G,Gross operating surplus and gross mixed income,,,,,National Accounts - SNA 2008 - SNE,2021,6
SNEQ.SG04SB02G000S900,2021.09,40737,Experimental,Dollars,6,S,Consolidated accounts - table 1.2,B02G,Gross operating surplus and gross mixed income,,,,,National Accounts - SNA 2008 - SNE,2021,9
SNEQ.SG04SB02G000S900,2021.12,43105,Experimental,Dollars,6,S,Consolidated accounts - table 1.2,B02G,Gross operating surplus and gross mixed income,,,,,National Accounts - SNA 2008 - SNE,2021,12
SNEQ.SG04SB02G000S900,2022.03,41559,Experimental,Dollars,6,S,Consolidated accounts - table 1.2,B02G,Gross operating surplus and gross mixed income,,,,,National Accounts - SNA 2008 - SNE,2022,3
SNEQ.SG04SB02G000S900,2022.06,42629,Experimental,Dollars,6,S,Consolidated accounts - table 1.2,B02G,Gross operating surplus and gross mixed income,,,,,National Accounts - SNA 2008 - SNE,2022,6
SNEQ.SG04SB02G000S900,2022.09,43381,Experimental,Dollars,6,S,Consolidated accounts - table 1.2,B02G,Gross operating surplus and gross mixed income,,,,,National Accounts - SNA 2008 - SNE,2022,9
SNEQ.SG04SB02G000S900,2022.12,44633,Experimental,Dollars,6,S,Consolidated accounts - table 1.2,B02G,Gross operating surplus and gross mixed income,,,,,National Accounts - SNA 2008 - SNE,2022,12
SNEQ.SG04SB02G000S900,2023.03,44024,Experimental,Dollars,6,S,Consolidated accounts - table 1.2,B02G,Gross operating surplus and gross mixed income,,,,,National Accounts - SNA 2008 - SNE,2023,3
SNEQ.SG04SB02G000S900,2023.06,45668,Experimental,Dollars,6,S,Consolidated accounts - table 1.2,B02G,Gross operating surplus and gross mixed income,,,,,National Accounts - SNA 2008 - SNE,2023,6
SNEQ.SG04SB02G000S900,2023.09,45276,Experimental,Dollars,6,S,Consolidated accounts - table 1.2,B02G,Gross operating surplus and gross mixed income,,,,,National Accounts - SNA 2008 - SNE,2023,9
SNEQ.SG04SB02G000S900,2023.12,43640,Experimental,Dollars,6,S,Consolidated accounts - table 1.2,B02G,Gross operating surplus and gross mixed income,,,,,National Accounts - SNA 2008 - SNE,2023,12
SNEQ.SG04SB02G000S900,2024.03,44551,Experimental,Dollars,6,S,Consolidated accounts - table 1.2,B02G,Gross operating surplus and gross mixed income,,,,,National Accounts - SNA 2008 - SNE,2024,3
SNEQ.SG04SB02G000S900,2024.06,44381,Experimental,Dollars,6,S,Consolidated accounts - table 1.2,B02G,Gross operating surplus and gross mixed income,,,,,National Accounts - SNA 2008 - SNE,2024,6
SNEQ.SG04SB02G000S900,2024.09,44512,Experimental,Dollars,6,S,Consolidated accounts - table 1.2,B02G,Gross operating surplus and gross mixed income,,,,,National Accounts - SNA 2008 - SNE,2024,9
SNEQ.SG04SB02G000S900,2024.12,46458,Experimental,Dollars,6,S,Consolidated accounts - table 1.2,B02G,Gross operating surplus and gross mixed income,,,,,National Accounts - SNA 2008 - SNE,2024,12
SNEQ.SG04SB02G000S900,2025.03,47110,Experimental,Dollars,6,S,Consolidated accounts - table 1.2,B02G,Gross operating surplus and gross mixed income,,,,,National Accounts - SNA 2008 - SNE,2025,3
SNEQ.SG04SB02G000S900,2025.06,46653,Experimental,Dollars,6,S,Consolidated accounts - table 1.2,B02G,Gross operating surplus and gross mixed income,,,,,National Accounts - SNA 2008 - SNE,2025,6
SNEQ.SG04SB05GNI0S900,2016.06,64233,Experimental,Dollars,6,S,Consolidated accounts - table 1.2,B05GNI,Gross natioal income,,,,,National Accounts - SNA 2008 - SNE,2016,6
SNEQ.SG04SB05GNI0S900,2016.09,64847,Experimental,Dollars,6,S,Consolidated accounts - table 1.2,B05GNI,Gross natioal income,,,,,National Accounts - SNA 2008 - SNE,2016,9
SNEQ.SG04SB05GNI0S900,2016.12,66325,Experimental,Dollars,6,S,Consolidated accounts - table 1.2,B05GNI,Gross natioal income,,,,,National Accounts - SNA 2008 - SNE,2016,12
SNEQ.SG04SB05GNI0S900,2017.03,67419,Experimental,Dollars,6,S,Consolidated accounts - table 1.2,B05GNI,Gross natioal income,,,,,National Accounts - SNA 2008 - SNE,2017,3
SNEQ.SG04SB05GNI0S900,2017.06,68274,Experimental,Dollars,6,S,Consolidated accounts - table 1.2,B05GNI,Gross natioal income,,,,,National Accounts - SNA 2008 - SNE,2017,6
SNEQ.SG04SB05GNI0S900,2017.09,69043,Experimental,Dollars,6,S,Consolidated accounts - table 1.2,B05GNI,Gross natioal income,,,,,National Accounts - SNA 2008 - SNE,2017,9
SNEQ.SG04SB05GNI0S900,2017.12,70869,Experimental,Dollars,6,S,Consolidated accounts - table 1.2,B05GNI,Gross natioal income,,,,,National Accounts - SNA 2008 - SNE,2017,12
SNEQ.SG04SB05GNI0S900,2018.03,71761,Experimental,Dollars,6,S,Consolidated accounts - table 1.2,B05GNI,Gross natioal income,,,,,National Accounts - SNA 2008 - SNE,2018,3
SNEQ.SG04SB05GNI0S900,2018.06,72583,Experimental,Dollars,6,S,Consolidated accounts - table 1.2,B05GNI,Gross natioal income,,,,,National Accounts - SNA 2008 - SNE,2018,6
SNEQ.SG04SB05GNI0S900,2018.09,73009,Experimental,Dollars,6,S,Consolidated accounts - table 1.2,B05GNI,Gross natioal income,,,,,National Accounts - SNA 2008 - SNE,2018,9
SNEQ.SG04SB05GNI0S900,2018.12,74033,Experimental,Dollars,6,S,Consolidated accounts - table 1.2,B05GNI,Gross natioal income,,,,,National Accounts - SNA 2008 - SNE,2018,12
SNEQ.SG04SB05GNI0S900,2019.03,75704,Experimental,Dollars,6,S,Consolidated accounts - table 1.2,B05GNI,Gross natioal income,,,,,National Accounts - SNA 2008 - SNE,2019,3
SNEQ.SG04SB05GNI0S900,2019.06,77166,Experimental,Dollars,6,S,Consolidated accounts - table 1.2,B05GNI,Gross natioal income,,,,,National Accounts - SNA 2008 - SNE,2019,6
SNEQ.SG04SB05GNI0S900,2019.09,78235,Experimental,Dollars,6,S,Consolidated accounts - table 1.2,B05GNI,Gross natioal income,,,,,National Accounts - SNA 2008 - SNE,2019,9
SNEQ.SG04SB05GNI0S900,2019.12,79822,Experimental,Dollars,6,S,Consolidated accounts - table 1.2,B05GNI,Gross natioal income,,,,,National Accounts - SNA 2008 - SNE,2019,12
SNEQ.SG04SB05GNI0S900,2020.03,80111,Experimental,Dollars,6,S,Consolidated accounts - table 1.2,B05GNI,Gross natioal income,,,,,National Accounts - SNA 2008 - SNE,2020,3
SNEQ.SG04SB05GNI0S900,2020.06,72559,Experimental,Dollars,6,S,Consolidated accounts - table 1.2,B05GNI,Gross natioal income,,,,,National Accounts - SNA 2008 - SNE,2020,6
SNEQ.SG04SB05GNI0S900,2020.09,82316,Experimental,Dollars,6,S,Consolidated accounts - table 1.2,B05GNI,Gross natioal income,,,,,National Accounts - SNA 2008 - SNE,2020,9
SNEQ.SG04SB05GNI0S900,2020.12,82993,Experimental,Dollars,6,S,Consolidated accounts - table 1.2,B05GNI,Gross natioal income,,,,,National Accounts - SNA 2008 - SNE,2020,12
SNEQ.SG04SB05GNI0S900,2021.03,84382,Experimental,Dollars,6,S,Consolidated accounts - table 1.2,B05GNI,Gross natioal income,,,,,National Accounts - SNA 2008 - SNE,2021,3
SNEQ.SG04SB05GNI0S900,2021.06,86525,Experimental,Dollars,6,S,Consolidated accounts - table 1.2,B05GNI,Gross natioal income,,,,,National Accounts - SNA 2008 - SNE,2021,6
SNEQ.SG04SB05GNI0S900,2021.09,84517,Experimental,Dollars,6,S,Consolidated accounts - table 1.2,B05GNI,Gross natioal income,,,,,National Accounts - SNA 2008 - SNE,2021,9
SNEQ.SG04SB05GNI0S900,2021.12,88449,Experimental,Dollars,6,S,Consolidated accounts - table 1.2,B05GNI,Gross natioal income,,,,,National Accounts - SNA 2008 - SNE,2021,12
SNEQ.SG04SB05GNI0S900,2022.03,89670,Experimental,Dollars,6,S,Consolidated accounts - table 1.2,B05GNI,Gross natioal income,,,,,National Accounts - SNA 2008 - SNE,2022,3
SNEQ.SG04SB05GNI0S900,2022.06,92105,Experimental,Dollars,6,S,Consolidated accounts - table 1.2,B05GNI,Gross natioal income,,,,,National Accounts - SNA 2008 - SNE,2022,6
SNEQ.SG04SB05GNI0S900,2022.09,94695,Experimental,Dollars,6,S,Consolidated accounts - table 1.2,B05GNI,Gross natioal income,,,,,National Accounts - SNA 2008 - SNE,2022,9
SNEQ.SG04SB05GNI0S900,2022.12,96283,Experimental,Dollars,6,S,Consolidated accounts - table 1.2,B05GNI,Gross natioal income,,,,,National Accounts - SNA 2008 - SNE,2022,12
SNEQ.SG04SB05GNI0S900,2023.03,97340,Experimental,Dollars,6,S,Consolidated accounts - table 1.2,B05GNI,Gross natioal income,,,,,National Accounts - SNA 2008 - SNE,2023,3
SNEQ.SG04SB05GNI0S900,2023.06,100007,Experimental,Dollars,6,S,Consolidated accounts - table 1.2,B05GNI,Gross natioal income,,,,,National Accounts - SNA 2008 - SNE,2023,6
SNEQ.SG04SB05GNI0S900,2023.09,100604,Experimental,Dollars,6,S,Consolidated accounts - table 1.2,B05GNI,Gross natioal income,,,,,National Accounts - SNA 2008 - SNE,2023,9
SNEQ.SG04SB05GNI0S900,2023.12,100602,Experimental,Dollars,6,S,Consolidated accounts - table 1.2,B05GNI,Gross natioal income,,,,,National Accounts - SNA 2008 - SNE,2023,12
SNEQ.SG04SB05GNI0S900,2024.03,102400,Experimental,Dollars,6,S,Consolidated accounts - table 1.2,B05GNI,Gross natioal income,,,,,National Accounts - SNA 2008 - SNE,2024,3
SNEQ.SG04SB05GNI0S900,2024.06,103012,Experimental,Dollars,6,S,Consolidated accounts - table 1.2,B05GNI,Gross natioal income,,,,,National Accounts - SNA 2008 - SNE,2024,6
SNEQ.SG04SB05GNI0S900,2024.09,102762,Experimental,Dollars,6,S,Consolidated accounts - table 1.2,B05GNI,Gross natioal income,,,,,National Accounts - SNA 2008 - SNE,2024,9
SNEQ.SG04SB05GNI0S900,2024.12,104700,Experimental,Dollars,6,S,Consolidated accounts - table 1.2,B05GNI,Gross natioal income,,,,,National Accounts - SNA 2008 - SNE,2024,12
SNEQ.SG04SB05GNI0S900,2025.03,106016,Experimental,Dollars,6,S,Consolidated accounts - table 1.2,B05GNI,Gross natioal income,,,,,National Accounts - SNA 2008 - SNE,2025,3
SNEQ.SG04SB05GNI0S900,2025.06,106808,Experimental,Dollars,6,S,Consolidated accounts - table 1.2,B05GNI,Gross natioal income,,,,,National Accounts - SNA 2008 - SNE,2025,6
SNEQ.SG04SB06GNI0S900,2016.06,64326,Experimental,Dollars,6,S,Consolidated accounts - table 1.2,B06GNI,Gross national disposable income,,,,,National Accounts - SNA 2008 - SNE,2016,6
SNEQ.SG04SB06GNI0S900,2016.09,64651,Experimental,Dollars,6,S,Consolidated accounts - table 1.2,B06GNI,Gross national disposable income,,,,,National Accounts - SNA 2008 - SNE,2016,9
SNEQ.SG04SB06GNI0S900,2016.12,66348,Experimental,Dollars,6,S,Consolidated accounts - table 1.2,B06GNI,Gross national disposable income,,,,,National Accounts - SNA 2008 - SNE,2016,12
SNEQ.SG04SB06GNI0S900,2017.03,67279,Experimental,Dollars,6,S,Consolidated accounts - table 1.2,B06GNI,Gross national disposable income,,,,,National Accounts - SNA 2008 - SNE,2017,3
SNEQ.SG04SB06GNI0S900,2017.06,68122,Experimental,Dollars,6,S,Consolidated accounts - table 1.2,B06GNI,Gross national disposable income,,,,,National Accounts - SNA 2008 - SNE,2017,6
SNEQ.SG04SB06GNI0S900,2017.09,68877,Experimental,Dollars,6,S,Consolidated accounts - table 1.2,B06GNI,Gross national disposable income,,,,,National Accounts - SNA 2008 - SNE,2017,9
SNEQ.SG04SB06GNI0S900,2017.12,70792,Experimental,Dollars,6,S,Consolidated accounts - table 1.2,B06GNI,Gross national disposable income,,,,,National Accounts - SNA 2008 - SNE,2017,12
SNEQ.SG04SB06GNI0S900,2018.03,71437,Experimental,Dollars,6,S,Consolidated accounts - table 1.2,B06GNI,Gross national disposable income,,,,,National Accounts - SNA 2008 - SNE,2018,3
SNEQ.SG04SB06GNI0S900,2018.06,72368,Experimental,Dollars,6,S,Consolidated accounts - table 1.2,B06GNI,Gross national disposable income,,,,,National Accounts - SNA 2008 - SNE,2018,6
SNEQ.SG04SB06GNI0S900,2018.09,72729,Experimental,Dollars,6,S,Consolidated accounts - table 1.2,B06GNI,Gross national disposable income,,,,,National Accounts - SNA 2008 - SNE,2018,9
SNEQ.SG04SB06GNI0S900,2018.12,73970,Experimental,Dollars,6,S,Consolidated accounts - table 1.2,B06GNI,Gross national disposable income,,,,,National Accounts - SNA 2008 - SNE,2018,12
SNEQ.SG04SB06GNI0S900,2019.03,75683,Experimental,Dollars,6,S,Consolidated accounts - table 1.2,B06GNI,Gross national disposable income,,,,,National Accounts - SNA 2008 - SNE,2019,3
SNEQ.SG04SB06GNI0S900,2019.06,77139,Experimental,Dollars,6,S,Consolidated accounts - table 1.2,B06GNI,Gross national disposable income,,,,,National Accounts - SNA 2008 - SNE,2019,6
SNEQ.SG04SB06GNI0S900,2019.09,78074,Experimental,Dollars,6,S,Consolidated accounts - table 1.2,B06GNI,Gross national disposable income,,,,,National Accounts - SNA 2008 - SNE,2019,9
SNEQ.SG04SB06GNI0S900,2019.12,79829,Experimental,Dollars,6,S,Consolidated accounts - table 1.2,B06GNI,Gross national disposable income,,,,,National Accounts - SNA 2008 - SNE,2019,12
SNEQ.SG04SB06GNI0S900,2020.03,80109,Experimental,Dollars,6,S,Consolidated accounts - table 1.2,B06GNI,Gross national disposable income,,,,,National Accounts - SNA 2008 - SNE,2020,3
SNEQ.SG04SB06GNI0S900,2020.06,72349,Experimental,Dollars,6,S,Consolidated accounts - table 1.2,B06GNI,Gross national disposable income,,,,,National Accounts - SNA 2008 - SNE,2020,6
SNEQ.SG04SB06GNI0S900,2020.09,82148,Experimental,Dollars,6,S,Consolidated accounts - table 1.2,B06GNI,Gross national disposable income,,,,,National Accounts - SNA 2008 - SNE,2020,9
SNEQ.SG04SB06GNI0S900,2020.12,82972,Experimental,Dollars,6,S,Consolidated accounts - table 1.2,B06GNI,Gross national disposable income,,,,,National Accounts - SNA 2008 - SNE,2020,12
SNEQ.SG04SB06GNI0S900,2021.03,84368,Experimental,Dollars,6,S,Consolidated accounts - table 1.2,B06GNI,Gross national disposable income,,,,,National Accounts - SNA 2008 - SNE,2021,3
SNEQ.SG04SB06GNI0S900,2021.06,86673,Experimental,Dollars,6,S,Consolidated accounts - table 1.2,B06GNI,Gross national disposable income,,,,,National Accounts - SNA 2008 - SNE,2021,6
SNEQ.SG04SB06GNI0S900,2021.09,84352,Experimental,Dollars,6,S,Consolidated accounts - table 1.2,B06GNI,Gross national disposable income,,,,,National Accounts - SNA 2008 - SNE,2021,9
SNEQ.SG04SB06GNI0S900,2021.12,88269,Experimental,Dollars,6,S,Consolidated accounts - table 1.2,B06GNI,Gross national disposable income,,,,,National Accounts - SNA 2008 - SNE,2021,12
SNEQ.SG04SB06GNI0S900,2022.03,89505,Experimental,Dollars,6,S,Consolidated accounts - table 1.2,B06GNI,Gross national disposable income,,,,,National Accounts - SNA 2008 - SNE,2022,3
SNEQ.SG04SB06GNI0S900,2022.06,92097,Experimental,Dollars,6,S,Consolidated accounts - table 1.2,B06GNI,Gross national disposable income,,,,,National Accounts - SNA 2008 - SNE,2022,6
SNEQ.SG04SB06GNI0S900,2022.09,94681,Experimental,Dollars,6,S,Consolidated accounts - table 1.2,B06GNI,Gross national disposable income,,,,,National Accounts - SNA 2008 - SNE,2022,9
SNEQ.SG04SB06GNI0S900,2022.12,96441,Experimental,Dollars,6,S,Consolidated accounts - table 1.2,B06GNI,Gross national disposable income,,,,,National Accounts - SNA 2008 - SNE,2022,12
SNEQ.SG04SB06GNI0S900,2023.03,97701,Experimental,Dollars,6,S,Consolidated accounts - table 1.2,B06GNI,Gross national disposable income,,,,,National Accounts - SNA 2008 - SNE,2023,3
SNEQ.SG04SB06GNI0S900,2023.06,100073,Experimental,Dollars,6,S,Consolidated accounts - table 1.2,B06GNI,Gross national disposable income,,,,,National Accounts - SNA 2008 - SNE,2023,6
SNEQ.SG04SB06GNI0S900,2023.09,100472,Experimental,Dollars,6,S,Consolidated accounts - table 1.2,B06GNI,Gross national disposable income,,,,,National Accounts - SNA 2008 - SNE,2023,9
SNEQ.SG04SB06GNI0S900,2023.12,100315,Experimental,Dollars,6,S,Consolidated accounts - table 1.2,B06GNI,Gross national disposable income,,,,,National Accounts - SNA 2008 - SNE,2023,12
SNEQ.SG04SB06GNI0S900,2024.03,102080,Experimental,Dollars,6,S,Consolidated accounts - table 1.2,B06GNI,Gross national disposable income,,,,,National Accounts - SNA 2008 - SNE,2024,3
SNEQ.SG04SB06GNI0S900,2024.06,102715,Experimental,Dollars,6,S,Consolidated accounts - table 1.2,B06GNI,Gross national disposable income,,,,,National Accounts - SNA 2008 - SNE,2024,6
SNEQ.SG04SB06GNI0S900,2024.09,102238,Experimental,Dollars,6,S,Consolidated accounts - table 1.2,B06GNI,Gross national disposable income,,,,,National Accounts - SNA 2008 - SNE,2024,9
SNEQ.SG04SB06GNI0S900,2024.12,104501,Experimental,Dollars,6,S,Consolidated accounts - table 1.2,B06GNI,Gross national disposable income,,,,,National Accounts - SNA 2008 - SNE,2024,12
SNEQ.SG04SB06GNI0S900,2025.03,105801,Experimental,Dollars,6,S,Consolidated accounts - table 1.2,B06GNI,Gross national disposable income,,,,,National Accounts - SNA 2008 - SNE,2025,3
SNEQ.SG04SB06GNI0S900,2025.06,106623,Experimental,Dollars,6,S,Consolidated accounts - table 1.2,B06GNI,Gross national disposable income,,,,,National Accounts - SNA 2008 - SNE,2025,6
SNEQ.SG04SB06NDI0S900,2016.06,55068,Experimental,Dollars,6,S,Consolidated accounts - table 1.2,B06NDI,National disposable income,,,,,National Accounts - SNA 2008 - SNE,2016,6
SNEQ.SG04SB06NDI0S900,2016.09,55247,Experimental,Dollars,6,S,Consolidated accounts - table 1.2,B06NDI,National disposable income,,,,,National Accounts - SNA 2008 - SNE,2016,9
SNEQ.SG04SB06NDI0S900,2016.12,56802,Experimental,Dollars,6,S,Consolidated accounts - table 1.2,B06NDI,National disposable income,,,,,National Accounts - SNA 2008 - SNE,2016,12
SNEQ.SG04SB06NDI0S900,2017.03,57584,Experimental,Dollars,6,S,Consolidated accounts - table 1.2,B06NDI,National disposable income,,,,,National Accounts - SNA 2008 - SNE,2017,3
SNEQ.SG04SB06NDI0S900,2017.06,58427,Experimental,Dollars,6,S,Consolidated accounts - table 1.2,B06NDI,National disposable income,,,,,National Accounts - SNA 2008 - SNE,2017,6
SNEQ.SG04SB06NDI0S900,2017.09,59036,Experimental,Dollars,6,S,Consolidated accounts - table 1.2,B06NDI,National disposable income,,,,,National Accounts - SNA 2008 - SNE,2017,9
SNEQ.SG04SB06NDI0S900,2017.12,60794,Experimental,Dollars,6,S,Consolidated accounts - table 1.2,B06NDI,National disposable income,,,,,National Accounts - SNA 2008 - SNE,2017,12
SNEQ.SG04SB06NDI0S900,2018.03,61198,Experimental,Dollars,6,S,Consolidated accounts - table 1.2,B06NDI,National disposable income,,,,,National Accounts - SNA 2008 - SNE,2018,3
SNEQ.SG04SB06NDI0S900,2018.06,61318,Experimental,Dollars,6,S,Consolidated accounts - table 1.2,B06NDI,National disposable income,,,,,National Accounts - SNA 2008 - SNE,2018,6
SNEQ.SG04SB06NDI0S900,2018.09,61506,Experimental,Dollars,6,S,Consolidated accounts - table 1.2,B06NDI,National disposable income,,,,,National Accounts - SNA 2008 - SNE,2018,9
SNEQ.SG04SB06NDI0S900,2018.12,62552,Experimental,Dollars,6,S,Consolidated accounts - table 1.2,B06NDI,National disposable income,,,,,National Accounts - SNA 2008 - SNE,2018,12
SNEQ.SG04SB06NDI0S900,2019.03,64173,Experimental,Dollars,6,S,Consolidated accounts - table 1.2,B06NDI,National disposable income,,,,,National Accounts - SNA 2008 - SNE,2019,3
SNEQ.SG04SB06NDI0S900,2019.06,66194,Experimental,Dollars,6,S,Consolidated accounts - table 1.2,B06NDI,National disposable income,,,,,National Accounts - SNA 2008 - SNE,2019,6
SNEQ.SG04SB06NDI0S900,2019.09,66973,Experimental,Dollars,6,S,Consolidated accounts - table 1.2,B06NDI,National disposable income,,,,,National Accounts - SNA 2008 - SNE,2019,9
SNEQ.SG04SB06NDI0S900,2019.12,68532,Experimental,Dollars,6,S,Consolidated accounts - table 1.2,B06NDI,National disposable income,,,,,National Accounts - SNA 2008 - SNE,2019,12
SNEQ.SG04SB06NDI0S900,2020.03,68599,Experimental,Dollars,6,S,Consolidated accounts - table 1.2,B06NDI,National disposable income,,,,,National Accounts - SNA 2008 - SNE,2020,3
SNEQ.SG04SB06NDI0S900,2020.06,60772,Experimental,Dollars,6,S,Consolidated accounts - table 1.2,B06NDI,National disposable income,,,,,National Accounts - SNA 2008 - SNE,2020,6
SNEQ.SG04SB06NDI0S900,2020.09,70464,Experimental,Dollars,6,S,Consolidated accounts - table 1.2,B06NDI,National disposable income,,,,,National Accounts - SNA 2008 - SNE,2020,9
SNEQ.SG04SB06NDI0S900,2020.12,71168,Experimental,Dollars,6,S,Consolidated accounts - table 1.2,B06NDI,National disposable income,,,,,National Accounts - SNA 2008 - SNE,2020,12
SNEQ.SG04SB06NDI0S900,2021.03,72491,Experimental,Dollars,6,S,Consolidated accounts - table 1.2,B06NDI,National disposable income,,,,,National Accounts - SNA 2008 - SNE,2021,3
SNEQ.SG04SB06NDI0S900,2021.06,74450,Experimental,Dollars,6,S,Consolidated accounts - table 1.2,B06NDI,National disposable income,,,,,National Accounts - SNA 2008 - SNE,2021,6
SNEQ.SG04SB06NDI0S900,2021.09,71883,Experimental,Dollars,6,S,Consolidated accounts - table 1.2,B06NDI,National disposable income,,,,,National Accounts - SNA 2008 - SNE,2021,9
SNEQ.SG04SB06NDI0S900,2021.12,75524,Experimental,Dollars,6,S,Consolidated accounts - table 1.2,B06NDI,National disposable income,,,,,National Accounts - SNA 2008 - SNE,2021,12
SNEQ.SG04SB06NDI0S900,2022.03,76336,Experimental,Dollars,6,S,Consolidated accounts - table 1.2,B06NDI,National disposable income,,,,,National Accounts - SNA 2008 - SNE,2022,3
SNEQ.SG04SB06NDI0S900,2022.06,78485,Experimental,Dollars,6,S,Consolidated accounts - table 1.2,B06NDI,National disposable income,,,,,National Accounts - SNA 2008 - SNE,2022,6
SNEQ.SG04SB06NDI0S900,2022.09,80511,Experimental,Dollars,6,S,Consolidated accounts - table 1.2,B06NDI,National disposable income,,,,,National Accounts - SNA 2008 - SNE,2022,9
SNEQ.SG04SB06NDI0S900,2022.12,81786,Experimental,Dollars,6,S,Consolidated accounts - table 1.2,B06NDI,National disposable income,,,,,National Accounts - SNA 2008 - SNE,2022,12
SNEQ.SG04SB06NDI0S900,2023.03,82391,Experimental,Dollars,6,S,Consolidated accounts - table 1.2,B06NDI,National disposable income,,,,,National Accounts - SNA 2008 - SNE,2023,3
SNEQ.SG04SB06NDI0S900,2023.06,84892,Experimental,Dollars,6,S,Consolidated accounts - table 1.2,B06NDI,National disposable income,,,,,National Accounts - SNA 2008 - SNE,2023,6
SNEQ.SG04SB06NDI0S900,2023.09,84871,Experimental,Dollars,6,S,Consolidated accounts - table 1.2,B06NDI,National disposable income,,,,,National Accounts - SNA 2008 - SNE,2023,9
SNEQ.SG04SB06NDI0S900,2023.12,84405,Experimental,Dollars,6,S,Consolidated accounts - table 1.2,B06NDI,National disposable income,,,,,National Accounts - SNA 2008 - SNE,2023,12
SNEQ.SG04SB06NDI0S900,2024.03,85879,Experimental,Dollars,6,S,Consolidated accounts - table 1.2,B06NDI,National disposable income,,,,,National Accounts - SNA 2008 - SNE,2024,3
SNEQ.SG04SB06NDI0S900,2024.06,86544,Experimental,Dollars,6,S,Consolidated accounts - table 1.2,B06NDI,National disposable income,,,,,National Accounts - SNA 2008 - SNE,2024,6
SNEQ.SG04SB06NDI0S900,2024.09,85840,Experimental,Dollars,6,S,Consolidated accounts - table 1.2,B06NDI,National disposable income,,,,,National Accounts - SNA 2008 - SNE,2024,9
SNEQ.SG04SB06NDI0S900,2024.12,87963,Experimental,Dollars,6,S,Consolidated accounts - table 1.2,B06NDI,National disposable income,,,,,National Accounts - SNA 2008 - SNE,2024,12
SNEQ.SG04SB06NDI0S900,2025.03,89061,Experimental,Dollars,6,S,Consolidated accounts - table 1.2,B06NDI,National disposable income,,,,,National Accounts - SNA 2008 - SNE,2025,3
SNEQ.SG04SB06NDI0S900,2025.06,89682,Experimental,Dollars,6,S,Consolidated accounts - table 1.2,B06NDI,National disposable income,,,,,National Accounts - SNA 2008 - SNE,2025,6
SNEQ.SG04SB06NDU0S900,2016.06,55068,Experimental,Dollars,6,S,Consolidated accounts - table 1.2,B06NDU,use of national disposable income,,,,,National Accounts - SNA 2008 - SNE,2016,6
SNEQ.SG04SB06NDU0S900,2016.09,55247,Experimental,Dollars,6,S,Consolidated accounts - table 1.2,B06NDU,use of national disposable income,,,,,National Accounts - SNA 2008 - SNE,2016,9
SNEQ.SG04SB06NDU0S900,2016.12,56802,Experimental,Dollars,6,S,Consolidated accounts - table 1.2,B06NDU,use of national disposable income,,,,,National Accounts - SNA 2008 - SNE,2016,12
SNEQ.SG04SB06NDU0S900,2017.03,57584,Experimental,Dollars,6,S,Consolidated accounts - table 1.2,B06NDU,use of national disposable income,,,,,National Accounts - SNA 2008 - SNE,2017,3
SNEQ.SG04SB06NDU0S900,2017.06,58427,Experimental,Dollars,6,S,Consolidated accounts - table 1.2,B06NDU,use of national disposable income,,,,,National Accounts - SNA 2008 - SNE,2017,6
SNEQ.SG04SB06NDU0S900,2017.09,59036,Experimental,Dollars,6,S,Consolidated accounts - table 1.2,B06NDU,use of national disposable income,,,,,National Accounts - SNA 2008 - SNE,2017,9
SNEQ.SG04SB06NDU0S900,2017.12,60794,Experimental,Dollars,6,S,Consolidated accounts - table 1.2,B06NDU,use of national disposable income,,,,,National Accounts - SNA 2008 - SNE,2017,12
SNEQ.SG04SB06NDU0S900,2018.03,61198,Experimental,Dollars,6,S,Consolidated accounts - table 1.2,B06NDU,use of national disposable income,,,,,National Accounts - SNA 2008 - SNE,2018,3
SNEQ.SG04SB06NDU0S900,2018.06,61318,Experimental,Dollars,6,S,Consolidated accounts - table 1.2,B06NDU,use of national disposable income,,,,,National Accounts - SNA 2008 - SNE,2018,6
SNEQ.SG04SB06NDU0S900,2018.09,61506,Experimental,Dollars,6,S,Consolidated accounts - table 1.2,B06NDU,use of national disposable income,,,,,National Accounts - SNA 2008 - SNE,2018,9
SNEQ.SG04SB06NDU0S900,2018.12,62552,Experimental,Dollars,6,S,Consolidated accounts - table 1.2,B06NDU,use of national disposable income,,,,,National Accounts - SNA 2008 - SNE,2018,12
SNEQ.SG04SB06NDU0S900,2019.03,64173,Experimental,Dollars,6,S,Consolidated accounts - table 1.2,B06NDU,use of national disposable income,,,,,National Accounts - SNA 2008 - SNE,2019,3
SNEQ.SG04SB06NDU0S900,2019.06,66194,Experimental,Dollars,6,S,Consolidated accounts - table 1.2,B06NDU,use of national disposable income,,,,,National Accounts - SNA 2008 - SNE,2019,6
SNEQ.SG04SB06NDU0S900,2019.09,66973,Experimental,Dollars,6,S,Consolidated accounts - table 1.2,B06NDU,use of national disposable income,,,,,National Accounts - SNA 2008 - SNE,2019,9
SNEQ.SG04SB06NDU0S900,2019.12,68532,Experimental,Dollars,6,S,Consolidated accounts - table 1.2,B06NDU,use of national disposable income,,,,,National Accounts - SNA 2008 - SNE,2019,12
SNEQ.SG04SB06NDU0S900,2020.03,68599,Experimental,Dollars,6,S,Consolidated accounts - table 1.2,B06NDU,use of national disposable income,,,,,National Accounts - SNA 2008 - SNE,2020,3
SNEQ.SG04SB06NDU0S900,2020.06,60772,Experimental,Dollars,6,S,Consolidated accounts - table 1.2,B06NDU,use of national disposable income,,,,,National Accounts - SNA 2008 - SNE,2020,6
SNEQ.SG04SB06NDU0S900,2020.09,70464,Experimental,Dollars,6,S,Consolidated accounts - table 1.2,B06NDU,use of national disposable income,,,,,National Accounts - SNA 2008 - SNE,2020,9
SNEQ.SG04SB06NDU0S900,2020.12,71168,Experimental,Dollars,6,S,Consolidated accounts - table 1.2,B06NDU,use of national disposable income,,,,,National Accounts - SNA 2008 - SNE,2020,12
SNEQ.SG04SB06NDU0S900,2021.03,72491,Experimental,Dollars,6,S,Consolidated accounts - table 1.2,B06NDU,use of national disposable income,,,,,National Accounts - SNA 2008 - SNE,2021,3
SNEQ.SG04SB06NDU0S900,2021.06,74450,Experimental,Dollars,6,S,Consolidated accounts - table 1.2,B06NDU,use of national disposable income,,,,,National Accounts - SNA 2008 - SNE,2021,6
SNEQ.SG04SB06NDU0S900,2021.09,71883,Experimental,Dollars,6,S,Consolidated accounts - table 1.2,B06NDU,use of national disposable income,,,,,National Accounts - SNA 2008 - SNE,2021,9
SNEQ.SG04SB06NDU0S900,2021.12,75524,Experimental,Dollars,6,S,Consolidated accounts - table 1.2,B06NDU,use of national disposable income,,,,,National Accounts - SNA 2008 - SNE,2021,12
SNEQ.SG04SB06NDU0S900,2022.03,76336,Experimental,Dollars,6,S,Consolidated accounts - table 1.2,B06NDU,use of national disposable income,,,,,National Accounts - SNA 2008 - SNE,2022,3
SNEQ.SG04SB06NDU0S900,2022.06,78485,Experimental,Dollars,6,S,Consolidated accounts - table 1.2,B06NDU,use of national disposable income,,,,,National Accounts - SNA 2008 - SNE,2022,6
SNEQ.SG04SB06NDU0S900,2022.09,80511,Experimental,Dollars,6,S,Consolidated accounts - table 1.2,B06NDU,use of national disposable income,,,,,National Accounts - SNA 2008 - SNE,2022,9
SNEQ.SG04SB06NDU0S900,2022.12,81786,Experimental,Dollars,6,S,Consolidated accounts - table 1.2,B06NDU,use of national disposable income,,,,,National Accounts - SNA 2008 - SNE,2022,12
SNEQ.SG04SB06NDU0S900,2023.03,82391,Experimental,Dollars,6,S,Consolidated accounts - table 1.2,B06NDU,use of national disposable income,,,,,National Accounts - SNA 2008 - SNE,2023,3
SNEQ.SG04SB06NDU0S900,2023.06,84892,Experimental,Dollars,6,S,Consolidated accounts - table 1.2,B06NDU,use of national disposable income,,,,,National Accounts - SNA 2008 - SNE,2023,6
SNEQ.SG04SB06NDU0S900,2023.09,84871,Experimental,Dollars,6,S,Consolidated accounts - table 1.2,B06NDU,use of national disposable income,,,,,National Accounts - SNA 2008 - SNE,2023,9
SNEQ.SG04SB06NDU0S900,2023.12,84405,Experimental,Dollars,6,S,Consolidated accounts - table 1.2,B06NDU,use of national disposable income,,,,,National Accounts - SNA 2008 - SNE,2023,12
SNEQ.SG04SB06NDU0S900,2024.03,85879,Experimental,Dollars,6,S,Consolidated accounts - table 1.2,B06NDU,use of national disposable income,,,,,National Accounts - SNA 2008 - SNE,2024,3
SNEQ.SG04SB06NDU0S900,2024.06,86544,Experimental,Dollars,6,S,Consolidated accounts - table 1.2,B06NDU,use of national disposable income,,,,,National Accounts - SNA 2008 - SNE,2024,6
SNEQ.SG04SB06NDU0S900,2024.09,85840,Experimental,Dollars,6,S,Consolidated accounts - table 1.2,B06NDU,use of national disposable income,,,,,National Accounts - SNA 2008 - SNE,2024,9
SNEQ.SG04SB06NDU0S900,2024.12,87963,Experimental,Dollars,6,S,Consolidated accounts - table 1.2,B06NDU,use of national disposable income,,,,,National Accounts - SNA 2008 - SNE,2024,12
SNEQ.SG04SB06NDU0S900,2025.03,89061,Experimental,Dollars,6,S,Consolidated accounts - table 1.2,B06NDU,use of national disposable income,,,,,National Accounts - SNA 2008 - SNE,2025,3
SNEQ.SG04SB06NDU0S900,2025.06,89682,Experimental,Dollars,6,S,Consolidated accounts - table 1.2,B06NDU,use of national disposable income,,,,,National Accounts - SNA 2008 - SNE,2025,6
SNEQ.SG04SB08N000S800,2016.06,4718,Experimental,Dollars,6,S,Consolidated accounts - table 1.2,B08N,Saving,,,,,National Accounts - SNA 2008 - SNE,2016,6
SNEQ.SG04SB08N000S800,2016.09,4110,Experimental,Dollars,6,S,Consolidated accounts - table 1.2,B08N,Saving,,,,,National Accounts - SNA 2008 - SNE,2016,9
SNEQ.SG04SB08N000S800,2016.12,4885,Experimental,Dollars,6,S,Consolidated accounts - table 1.2,B08N,Saving,,,,,National Accounts - SNA 2008 - SNE,2016,12
SNEQ.SG04SB08N000S800,2017.03,4443,Experimental,Dollars,6,S,Consolidated accounts - table 1.2,B08N,Saving,,,,,National Accounts - SNA 2008 - SNE,2017,3
SNEQ.SG04SB08N000S800,2017.06,4861,Experimental,Dollars,6,S,Consolidated accounts - table 1.2,B08N,Saving,,,,,National Accounts - SNA 2008 - SNE,2017,6
SNEQ.SG04SB08N000S800,2017.09,4617,Experimental,Dollars,6,S,Consolidated accounts - table 1.2,B08N,Saving,,,,,National Accounts - SNA 2008 - SNE,2017,9
SNEQ.SG04SB08N000S800,2017.12,5516,Experimental,Dollars,6,S,Consolidated accounts - table 1.2,B08N,Saving,,,,,National Accounts - SNA 2008 - SNE,2017,12
SNEQ.SG04SB08N000S800,2018.03,5315,Experimental,Dollars,6,S,Consolidated accounts - table 1.2,B08N,Saving,,,,,National Accounts - SNA 2008 - SNE,2018,3
SNEQ.SG04SB08N000S800,2018.06,4387,Experimental,Dollars,6,S,Consolidated accounts - table 1.2,B08N,Saving,,,,,National Accounts - SNA 2008 - SNE,2018,6
SNEQ.SG04SB08N000S800,2018.09,3534,Experimental,Dollars,6,S,Consolidated accounts - table 1.2,B08N,Saving,,,,,National Accounts - SNA 2008 - SNE,2018,9
SNEQ.SG04SB08N000S800,2018.12,3707,Experimental,Dollars,6,S,Consolidated accounts - table 1.2,B08N,Saving,,,,,National Accounts - SNA 2008 - SNE,2018,12
SNEQ.SG04SB08N000S800,2019.03,4959,Experimental,Dollars,6,S,Consolidated accounts - table 1.2,B08N,Saving,,,,,National Accounts - SNA 2008 - SNE,2019,3
SNEQ.SG04SB08N000S800,2019.06,5786,Experimental,Dollars,6,S,Consolidated accounts - table 1.2,B08N,Saving,,,,,National Accounts - SNA 2008 - SNE,2019,6
SNEQ.SG04SB08N000S800,2019.09,5791,Experimental,Dollars,6,S,Consolidated accounts - table 1.2,B08N,Saving,,,,,National Accounts - SNA 2008 - SNE,2019,9
SNEQ.SG04SB08N000S800,2019.12,6539,Experimental,Dollars,6,S,Consolidated accounts - table 1.2,B08N,Saving,,,,,National Accounts - SNA 2008 - SNE,2019,12
SNEQ.SG04SB08N000S800,2020.03,6499,Experimental,Dollars,6,S,Consolidated accounts - table 1.2,B08N,Saving,,,,,National Accounts - SNA 2008 - SNE,2020,3
SNEQ.SG04SB08N000S800,2020.06,3547,Experimental,Dollars,6,S,Consolidated accounts - table 1.2,B08N,Saving,,,,,National Accounts - SNA 2008 - SNE,2020,6
SNEQ.SG04SB08N000S800,2020.09,6892,Experimental,Dollars,6,S,Consolidated accounts - table 1.2,B08N,Saving,,,,,National Accounts - SNA 2008 - SNE,2020,9
SNEQ.SG04SB08N000S800,2020.12,6081,Experimental,Dollars,6,S,Consolidated accounts - table 1.2,B08N,Saving,,,,,National Accounts - SNA 2008 - SNE,2020,12
SNEQ.SG04SB08N000S800,2021.03,4153,Experimental,Dollars,6,S,Consolidated accounts - table 1.2,B08N,Saving,,,,,National Accounts - SNA 2008 - SNE,2021,3
SNEQ.SG04SB08N000S800,2021.06,5187,Experimental,Dollars,6,S,Consolidated accounts - table 1.2,B08N,Saving,,,,,National Accounts - SNA 2008 - SNE,2021,6
SNEQ.SG04SB08N000S800,2021.09,4948,Experimental,Dollars,6,S,Consolidated accounts - table 1.2,B08N,Saving,,,,,National Accounts - SNA 2008 - SNE,2021,9
SNEQ.SG04SB08N000S800,2021.12,4188,Experimental,Dollars,6,S,Consolidated accounts - table 1.2,B08N,Saving,,,,,National Accounts - SNA 2008 - SNE,2021,12
SNEQ.SG04SB08N000S800,2022.03,1258,Experimental,Dollars,6,S,Consolidated accounts - table 1.2,B08N,Saving,,,,,National Accounts - SNA 2008 - SNE,2022,3
SNEQ.SG04SB08N000S800,2022.06,3282,Experimental,Dollars,6,S,Consolidated accounts - table 1.2,B08N,Saving,,,,,National Accounts - SNA 2008 - SNE,2022,6
SNEQ.SG04SB08N000S800,2022.09,3354,Experimental,Dollars,6,S,Consolidated accounts - table 1.2,B08N,Saving,,,,,National Accounts - SNA 2008 - SNE,2022,9
SNEQ.SG04SB08N000S800,2022.12,3417,Experimental,Dollars,6,S,Consolidated accounts - table 1.2,B08N,Saving,,,,,National Accounts - SNA 2008 - SNE,2022,12
SNEQ.SG04SB08N000S800,2023.03,2534,Experimental,Dollars,6,S,Consolidated accounts - table 1.2,B08N,Saving,,,,,National Accounts - SNA 2008 - SNE,2023,3
SNEQ.SG04SB08N000S800,2023.06,3669,Experimental,Dollars,6,S,Consolidated accounts - table 1.2,B08N,Saving,,,,,National Accounts - SNA 2008 - SNE,2023,6
SNEQ.SG04SB08N000S800,2023.09,3298,Experimental,Dollars,6,S,Consolidated accounts - table 1.2,B08N,Saving,,,,,National Accounts - SNA 2008 - SNE,2023,9
SNEQ.SG04SB08N000S800,2023.12,1936,Experimental,Dollars,6,S,Consolidated accounts - table 1.2,B08N,Saving,,,,,National Accounts - SNA 2008 - SNE,2023,12
SNEQ.SG04SB08N000S800,2024.03,2920,Experimental,Dollars,6,S,Consolidated accounts - table 1.2,B08N,Saving,,,,,National Accounts - SNA 2008 - SNE,2024,3
SNEQ.SG04SB08N000S800,2024.06,2704,Experimental,Dollars,6,S,Consolidated accounts - table 1.2,B08N,Saving,,,,,National Accounts - SNA 2008 - SNE,2024,6
SNEQ.SG04SB08N000S800,2024.09,1696,Experimental,Dollars,6,S,Consolidated accounts - table 1.2,B08N,Saving,,,,,National Accounts - SNA 2008 - SNE,2024,9
SNEQ.SG04SB08N000S800,2024.12,3105,Experimental,Dollars,6,S,Consolidated accounts - table 1.2,B08N,Saving,,,,,National Accounts - SNA 2008 - SNE,2024,12
SNEQ.SG04SB08N000S800,2025.03,2548,Experimental,Dollars,6,S,Consolidated accounts - table 1.2,B08N,Saving,,,,,National Accounts - SNA 2008 - SNE,2025,3
SNEQ.SG04SB08N000S800,2025.06,2663,Experimental,Dollars,6,S,Consolidated accounts - table 1.2,B08N,Saving,,,,,National Accounts - SNA 2008 - SNE,2025,6
SNEQ.SG04SD01R000S800,2016.06,-65,Experimental,Dollars,6,S,Consolidated accounts - table 1.2,D01R,Compensation of employees,,,,,National Accounts - SNA 2008 - SNE,2016,6
SNEQ.SG04SD01R000S900,2016.06,28486,Experimental,Dollars,6,S,Consolidated accounts - table 1.2,D01R,Compensation of employees,,,,,National Accounts - SNA 2008 - SNE,2016,6
SNEQ.SG04SD01R000S800,2016.09,-64,Experimental,Dollars,6,S,Consolidated accounts - table 1.2,D01R,Compensation of employees,,,,,National Accounts - SNA 2008 - SNE,2016,9
SNEQ.SG04SD01R000S900,2016.09,28774,Experimental,Dollars,6,S,Consolidated accounts - table 1.2,D01R,Compensation of employees,,,,,National Accounts - SNA 2008 - SNE,2016,9
SNEQ.SG04SD01R000S800,2016.12,-64,Experimental,Dollars,6,S,Consolidated accounts - table 1.2,D01R,Compensation of employees,,,,,National Accounts - SNA 2008 - SNE,2016,12
SNEQ.SG04SD01R000S900,2016.12,28770,Experimental,Dollars,6,S,Consolidated accounts - table 1.2,D01R,Compensation of employees,,,,,National Accounts - SNA 2008 - SNE,2016,12
SNEQ.SG04SD01R000S800,2017.03,-68,Experimental,Dollars,6,S,Consolidated accounts - table 1.2,D01R,Compensation of employees,,,,,National Accounts - SNA 2008 - SNE,2017,3
SNEQ.SG04SD01R000S900,2017.03,29692,Experimental,Dollars,6,S,Consolidated accounts - table 1.2,D01R,Compensation of employees,,,,,National Accounts - SNA 2008 - SNE,2017,3
SNEQ.SG04SD01R000S800,2017.06,-72,Experimental,Dollars,6,S,Consolidated accounts - table 1.2,D01R,Compensation of employees,,,,,National Accounts - SNA 2008 - SNE,2017,6
SNEQ.SG04SD01R000S900,2017.06,29907,Experimental,Dollars,6,S,Consolidated accounts - table 1.2,D01R,Compensation of employees,,,,,National Accounts - SNA 2008 - SNE,2017,6
SNEQ.SG04SD01R000S800,2017.09,-73,Experimental,Dollars,6,S,Consolidated accounts - table 1.2,D01R,Compensation of employees,,,,,National Accounts - SNA 2008 - SNE,2017,9
SNEQ.SG04SD01R000S900,2017.09,30384,Experimental,Dollars,6,S,Consolidated accounts - table 1.2,D01R,Compensation of employees,,,,,National Accounts - SNA 2008 - SNE,2017,9
SNEQ.SG04SD01R000S800,2017.12,-73,Experimental,Dollars,6,S,Consolidated accounts - table 1.2,D01R,Compensation of employees,,,,,National Accounts - SNA 2008 - SNE,2017,12
SNEQ.SG04SD01R000S900,2017.12,31069,Experimental,Dollars,6,S,Consolidated accounts - table 1.2,D01R,Compensation of employees,,,,,National Accounts - SNA 2008 - SNE,2017,12
SNEQ.SG04SD01R000S800,2018.03,-80,Experimental,Dollars,6,S,Consolidated accounts - table 1.2,D01R,Compensation of employees,,,,,National Accounts - SNA 2008 - SNE,2018,3
SNEQ.SG04SD01R000S900,2018.03,31457,Experimental,Dollars,6,S,Consolidated accounts - table 1.2,D01R,Compensation of employees,,,,,National Accounts - SNA 2008 - SNE,2018,3
SNEQ.SG04SD01R000S800,2018.06,-84,Experimental,Dollars,6,S,Consolidated accounts - table 1.2,D01R,Compensation of employees,,,,,National Accounts - SNA 2008 - SNE,2018,6
SNEQ.SG04SD01R000S900,2018.06,31891,Experimental,Dollars,6,S,Consolidated accounts - table 1.2,D01R,Compensation of employees,,,,,National Accounts - SNA 2008 - SNE,2018,6
SNEQ.SG04SD01R000S800,2018.09,-85,Experimental,Dollars,6,S,Consolidated accounts - table 1.2,D01R,Compensation of employees,,,,,National Accounts - SNA 2008 - SNE,2018,9
SNEQ.SG04SD01R000S900,2018.09,32279,Experimental,Dollars,6,S,Consolidated accounts - table 1.2,D01R,Compensation of employees,,,,,National Accounts - SNA 2008 - SNE,2018,9
SNEQ.SG04SD01R000S800,2018.12,-87,Experimental,Dollars,6,S,Consolidated accounts - table 1.2,D01R,Compensation of employees,,,,,National Accounts - SNA 2008 - SNE,2018,12
SNEQ.SG04SD01R000S900,2018.12,33243,Experimental,Dollars,6,S,Consolidated accounts - table 1.2,D01R,Compensation of employees,,,,,National Accounts - SNA 2008 - SNE,2018,12
SNEQ.SG04SD01R000S800,2019.03,-89,Experimental,Dollars,6,S,Consolidated accounts - table 1.2,D01R,Compensation of employees,,,,,National Accounts - SNA 2008 - SNE,2019,3
SNEQ.SG04SD01R000S900,2019.03,33161,Experimental,Dollars,6,S,Consolidated accounts - table 1.2,D01R,Compensation of employees,,,,,National Accounts - SNA 2008 - SNE,2019,3
SNEQ.SG04SD01R000S800,2019.06,-97,Experimental,Dollars,6,S,Consolidated accounts - table 1.2,D01R,Compensation of employees,,,,,National Accounts - SNA 2008 - SNE,2019,6
SNEQ.SG04SD01R000S900,2019.06,34000,Experimental,Dollars,6,S,Consolidated accounts - table 1.2,D01R,Compensation of employees,,,,,National Accounts - SNA 2008 - SNE,2019,6
SNEQ.SG04SD01R000S800,2019.09,-99,Experimental,Dollars,6,S,Consolidated accounts - table 1.2,D01R,Compensation of employees,,,,,National Accounts - SNA 2008 - SNE,2019,9
SNEQ.SG04SD01R000S900,2019.09,34588,Experimental,Dollars,6,S,Consolidated accounts - table 1.2,D01R,Compensation of employees,,,,,National Accounts - SNA 2008 - SNE,2019,9
SNEQ.SG04SD01R000S800,2019.12,-104,Experimental,Dollars,6,S,Consolidated accounts - table 1.2,D01R,Compensation of employees,,,,,National Accounts - SNA 2008 - SNE,2019,12
SNEQ.SG04SD01R000S900,2019.12,35152,Experimental,Dollars,6,S,Consolidated accounts - table 1.2,D01R,Compensation of employees,,,,,National Accounts - SNA 2008 - SNE,2019,12
SNEQ.SG04SD01R000S800,2020.03,-104,Experimental,Dollars,6,S,Consolidated accounts - table 1.2,D01R,Compensation of employees,,,,,National Accounts - SNA 2008 - SNE,2020,3
SNEQ.SG04SD01R000S900,2020.03,35717,Experimental,Dollars,6,S,Consolidated accounts - table 1.2,D01R,Compensation of employees,,,,,National Accounts - SNA 2008 - SNE,2020,3
SNEQ.SG04SD01R000S800,2020.06,-92,Experimental,Dollars,6,S,Consolidated accounts - table 1.2,D01R,Compensation of employees,,,,,National Accounts - SNA 2008 - SNE,2020,6
SNEQ.SG04SD01R000S900,2020.06,34453,Experimental,Dollars,6,S,Consolidated accounts - table 1.2,D01R,Compensation of employees,,,,,National Accounts - SNA 2008 - SNE,2020,6
SNEQ.SG04SD01R000S800,2020.09,-109,Experimental,Dollars,6,S,Consolidated accounts - table 1.2,D01R,Compensation of employees,,,,,National Accounts - SNA 2008 - SNE,2020,9
SNEQ.SG04SD01R000S900,2020.09,35925,Experimental,Dollars,6,S,Consolidated accounts - table 1.2,D01R,Compensation of employees,,,,,National Accounts - SNA 2008 - SNE,2020,9
SNEQ.SG04SD01R000S800,2020.12,-104,Experimental,Dollars,6,S,Consolidated accounts - table 1.2,D01R,Compensation of employees,,,,,National Accounts - SNA 2008 - SNE,2020,12
SNEQ.SG04SD01R000S900,2020.12,36614,Experimental,Dollars,6,S,Consolidated accounts - table 1.2,D01R,Compensation of employees,,,,,National Accounts - SNA 2008 - SNE,2020,12
SNEQ.SG04SD01R000S800,2021.03,-97,Experimental,Dollars,6,S,Consolidated accounts - table 1.2,D01R,Compensation of employees,,,,,National Accounts - SNA 2008 - SNE,2021,3
SNEQ.SG04SD01R000S900,2021.03,37508,Experimental,Dollars,6,S,Consolidated accounts - table 1.2,D01R,Compensation of employees,,,,,National Accounts - SNA 2008 - SNE,2021,3
SNEQ.SG04SD01R000S800,2021.06,-88,Experimental,Dollars,6,S,Consolidated accounts - table 1.2,D01R,Compensation of employees,,,,,National Accounts - SNA 2008 - SNE,2021,6
SNEQ.SG04SD01R000S900,2021.06,38426,Experimental,Dollars,6,S,Consolidated accounts - table 1.2,D01R,Compensation of employees,,,,,National Accounts - SNA 2008 - SNE,2021,6
SNEQ.SG04SD01R000S800,2021.09,-112,Experimental,Dollars,6,S,Consolidated accounts - table 1.2,D01R,Compensation of employees,,,,,National Accounts - SNA 2008 - SNE,2021,9
SNEQ.SG04SD01R000S900,2021.09,39037,Experimental,Dollars,6,S,Consolidated accounts - table 1.2,D01R,Compensation of employees,,,,,National Accounts - SNA 2008 - SNE,2021,9
SNEQ.SG04SD01R000S800,2021.12,-133,Experimental,Dollars,6,S,Consolidated accounts - table 1.2,D01R,Compensation of employees,,,,,National Accounts - SNA 2008 - SNE,2021,12
SNEQ.SG04SD01R000S900,2021.12,40458,Experimental,Dollars,6,S,Consolidated accounts - table 1.2,D01R,Compensation of employees,,,,,National Accounts - SNA 2008 - SNE,2021,12
SNEQ.SG04SD01R000S800,2022.03,-139,Experimental,Dollars,6,S,Consolidated accounts - table 1.2,D01R,Compensation of employees,,,,,National Accounts - SNA 2008 - SNE,2022,3
SNEQ.SG04SD01R000S900,2022.03,40759,Experimental,Dollars,6,S,Consolidated accounts - table 1.2,D01R,Compensation of employees,,,,,National Accounts - SNA 2008 - SNE,2022,3
SNEQ.SG04SD01R000S800,2022.06,-144,Experimental,Dollars,6,S,Consolidated accounts - table 1.2,D01R,Compensation of employees,,,,,National Accounts - SNA 2008 - SNE,2022,6
SNEQ.SG04SD01R000S900,2022.06,41665,Experimental,Dollars,6,S,Consolidated accounts - table 1.2,D01R,Compensation of employees,,,,,National Accounts - SNA 2008 - SNE,2022,6
SNEQ.SG04SD01R000S800,2022.09,-147,Experimental,Dollars,6,S,Consolidated accounts - table 1.2,D01R,Compensation of employees,,,,,National Accounts - SNA 2008 - SNE,2022,9
SNEQ.SG04SD01R000S900,2022.09,42846,Experimental,Dollars,6,S,Consolidated accounts - table 1.2,D01R,Compensation of employees,,,,,National Accounts - SNA 2008 - SNE,2022,9
SNEQ.SG04SD01R000S800,2022.12,-141,Experimental,Dollars,6,S,Consolidated accounts - table 1.2,D01R,Compensation of employees,,,,,National Accounts - SNA 2008 - SNE,2022,12
SNEQ.SG04SD01R000S900,2022.12,43343,Experimental,Dollars,6,S,Consolidated accounts - table 1.2,D01R,Compensation of employees,,,,,National Accounts - SNA 2008 - SNE,2022,12
SNEQ.SG04SD01R000S800,2023.03,-149,Experimental,Dollars,6,S,Consolidated accounts - table 1.2,D01R,Compensation of employees,,,,,National Accounts - SNA 2008 - SNE,2023,3
SNEQ.SG04SD01R000S900,2023.03,44140,Experimental,Dollars,6,S,Consolidated accounts - table 1.2,D01R,Compensation of employees,,,,,National Accounts - SNA 2008 - SNE,2023,3
SNEQ.SG04SD01R000S800,2023.06,-155,Experimental,Dollars,6,S,Consolidated accounts - table 1.2,D01R,Compensation of employees,,,,,National Accounts - SNA 2008 - SNE,2023,6
SNEQ.SG04SD01R000S900,2023.06,45144,Experimental,Dollars,6,S,Consolidated accounts - table 1.2,D01R,Compensation of employees,,,,,National Accounts - SNA 2008 - SNE,2023,6
SNEQ.SG04SD01R000S800,2023.09,-159,Experimental,Dollars,6,S,Consolidated accounts - table 1.2,D01R,Compensation of employees,,,,,National Accounts - SNA 2008 - SNE,2023,9
SNEQ.SG04SD01R000S900,2023.09,46145,Experimental,Dollars,6,S,Consolidated accounts - table 1.2,D01R,Compensation of employees,,,,,National Accounts - SNA 2008 - SNE,2023,9
SNEQ.SG04SD01R000S800,2023.12,-158,Experimental,Dollars,6,S,Consolidated accounts - table 1.2,D01R,Compensation of employees,,,,,National Accounts - SNA 2008 - SNE,2023,12
SNEQ.SG04SD01R000S900,2023.12,46863,Experimental,Dollars,6,S,Consolidated accounts - table 1.2,D01R,Compensation of employees,,,,,National Accounts - SNA 2008 - SNE,2023,12
SNEQ.SG04SD01R000S800,2024.03,-171,Experimental,Dollars,6,S,Consolidated accounts - table 1.2,D01R,Compensation of employees,,,,,National Accounts - SNA 2008 - SNE,2024,3
SNEQ.SG04SD01R000S900,2024.03,47435,Experimental,Dollars,6,S,Consolidated accounts - table 1.2,D01R,Compensation of employees,,,,,National Accounts - SNA 2008 - SNE,2024,3
SNEQ.SG04SD01R000S800,2024.06,-170,Experimental,Dollars,6,S,Consolidated accounts - table 1.2,D01R,Compensation of employees,,,,,National Accounts - SNA 2008 - SNE,2024,6
SNEQ.SG04SD01R000S900,2024.06,47791,Experimental,Dollars,6,S,Consolidated accounts - table 1.2,D01R,Compensation of employees,,,,,National Accounts - SNA 2008 - SNE,2024,6
SNEQ.SG04SD01R000S800,2024.09,-164,Experimental,Dollars,6,S,Consolidated accounts - table 1.2,D01R,Compensation of employees,,,,,National Accounts - SNA 2008 - SNE,2024,9
SNEQ.SG04SD01R000S900,2024.09,47735,Experimental,Dollars,6,S,Consolidated accounts - table 1.2,D01R,Compensation of employees,,,,,National Accounts - SNA 2008 - SNE,2024,9
SNEQ.SG04SD01R000S800,2024.12,-173,Experimental,Dollars,6,S,Consolidated accounts - table 1.2,D01R,Compensation of employees,,,,,National Accounts - SNA 2008 - SNE,2024,12
SNEQ.SG04SD01R000S900,2024.12,47619,Experimental,Dollars,6,S,Consolidated accounts - table 1.2,D01R,Compensation of employees,,,,,National Accounts - SNA 2008 - SNE,2024,12
SNEQ.SG04SD01R000S800,2025.03,-166,Experimental,Dollars,6,S,Consolidated accounts - table 1.2,D01R,Compensation of employees,,,,,National Accounts - SNA 2008 - SNE,2025,3
SNEQ.SG04SD01R000S900,2025.03,48267,Experimental,Dollars,6,S,Consolidated accounts - table 1.2,D01R,Compensation of employees,,,,,National Accounts - SNA 2008 - SNE,2025,3
SNEQ.SG04SD01R000S800,2025.06,-162,Experimental,Dollars,6,S,Consolidated accounts - table 1.2,D01R,Compensation of employees,,,,,National Accounts - SNA 2008 - SNE,2025,6
SNEQ.SG04SD01R000S900,2025.06,48292,Experimental,Dollars,6,S,Consolidated accounts - table 1.2,D01R,Compensation of employees,,,,,National Accounts - SNA 2008 - SNE,2025,6
SNEQ.SG04SD02R000S900,2016.06,9049,Experimental,Dollars,6,S,Consolidated accounts - table 1.2,D02R,Taxes on production and imports,,,,,National Accounts - SNA 2008 - SNE,2016,6
SNEQ.SG04SD02R000S900,2016.09,9181,Experimental,Dollars,6,S,Consolidated accounts - table 1.2,D02R,Taxes on production and imports,,,,,National Accounts - SNA 2008 - SNE,2016,9
SNEQ.SG04SD02R000S900,2016.12,9301,Experimental,Dollars,6,S,Consolidated accounts - table 1.2,D02R,Taxes on production and imports,,,,,National Accounts - SNA 2008 - SNE,2016,12
SNEQ.SG04SD02R000S900,2017.03,9439,Experimental,Dollars,6,S,Consolidated accounts - table 1.2,D02R,Taxes on production and imports,,,,,National Accounts - SNA 2008 - SNE,2017,3
SNEQ.SG04SD02R000S900,2017.06,9484,Experimental,Dollars,6,S,Consolidated accounts - table 1.2,D02R,Taxes on production and imports,,,,,National Accounts - SNA 2008 - SNE,2017,6
SNEQ.SG04SD02R000S900,2017.09,9615,Experimental,Dollars,6,S,Consolidated accounts - table 1.2,D02R,Taxes on production and imports,,,,,National Accounts - SNA 2008 - SNE,2017,9
SNEQ.SG04SD02R000S900,2017.12,9879,Experimental,Dollars,6,S,Consolidated accounts - table 1.2,D02R,Taxes on production and imports,,,,,National Accounts - SNA 2008 - SNE,2017,12
SNEQ.SG04SD02R000S900,2018.03,10006,Experimental,Dollars,6,S,Consolidated accounts - table 1.2,D02R,Taxes on production and imports,,,,,National Accounts - SNA 2008 - SNE,2018,3
SNEQ.SG04SD02R000S900,2018.06,9824,Experimental,Dollars,6,S,Consolidated accounts - table 1.2,D02R,Taxes on production and imports,,,,,National Accounts - SNA 2008 - SNE,2018,6
SNEQ.SG04SD02R000S900,2018.09,10242,Experimental,Dollars,6,S,Consolidated accounts - table 1.2,D02R,Taxes on production and imports,,,,,National Accounts - SNA 2008 - SNE,2018,9
SNEQ.SG04SD02R000S900,2018.12,10468,Experimental,Dollars,6,S,Consolidated accounts - table 1.2,D02R,Taxes on production and imports,,,,,National Accounts - SNA 2008 - SNE,2018,12
SNEQ.SG04SD02R000S900,2019.03,10608,Experimental,Dollars,6,S,Consolidated accounts - table 1.2,D02R,Taxes on production and imports,,,,,National Accounts - SNA 2008 - SNE,2019,3
SNEQ.SG04SD02R000S900,2019.06,10802,Experimental,Dollars,6,S,Consolidated accounts - table 1.2,D02R,Taxes on production and imports,,,,,National Accounts - SNA 2008 - SNE,2019,6
SNEQ.SG04SD02R000S900,2019.09,10853,Experimental,Dollars,6,S,Consolidated accounts - table 1.2,D02R,Taxes on production and imports,,,,,National Accounts - SNA 2008 - SNE,2019,9
SNEQ.SG04SD02R000S900,2019.12,11074,Experimental,Dollars,6,S,Consolidated accounts - table 1.2,D02R,Taxes on production and imports,,,,,National Accounts - SNA 2008 - SNE,2019,12
SNEQ.SG04SD02R000S900,2020.03,11047,Experimental,Dollars,6,S,Consolidated accounts - table 1.2,D02R,Taxes on production and imports,,,,,National Accounts - SNA 2008 - SNE,2020,3
SNEQ.SG04SD02R000S900,2020.06,9366,Experimental,Dollars,6,S,Consolidated accounts - table 1.2,D02R,Taxes on production and imports,,,,,National Accounts - SNA 2008 - SNE,2020,6
SNEQ.SG04SD02R000S900,2020.09,10776,Experimental,Dollars,6,S,Consolidated accounts - table 1.2,D02R,Taxes on production and imports,,,,,National Accounts - SNA 2008 - SNE,2020,9
SNEQ.SG04SD02R000S900,2020.12,10789,Experimental,Dollars,6,S,Consolidated accounts - table 1.2,D02R,Taxes on production and imports,,,,,National Accounts - SNA 2008 - SNE,2020,12
SNEQ.SG04SD02R000S900,2021.03,11527,Experimental,Dollars,6,S,Consolidated accounts - table 1.2,D02R,Taxes on production and imports,,,,,National Accounts - SNA 2008 - SNE,2021,3
SNEQ.SG04SD02R000S900,2021.06,12338,Experimental,Dollars,6,S,Consolidated accounts - table 1.2,D02R,Taxes on production and imports,,,,,National Accounts - SNA 2008 - SNE,2021,6
SNEQ.SG04SD02R000S900,2021.09,11364,Experimental,Dollars,6,S,Consolidated accounts - table 1.2,D02R,Taxes on production and imports,,,,,National Accounts - SNA 2008 - SNE,2021,9
SNEQ.SG04SD02R000S900,2021.12,11860,Experimental,Dollars,6,S,Consolidated accounts - table 1.2,D02R,Taxes on production and imports,,,,,National Accounts - SNA 2008 - SNE,2021,12
SNEQ.SG04SD02R000S900,2022.03,12083,Experimental,Dollars,6,S,Consolidated accounts - table 1.2,D02R,Taxes on production and imports,,,,,National Accounts - SNA 2008 - SNE,2022,3
SNEQ.SG04SD02R000S900,2022.06,12209,Experimental,Dollars,6,S,Consolidated accounts - table 1.2,D02R,Taxes on production and imports,,,,,National Accounts - SNA 2008 - SNE,2022,6
SNEQ.SG04SD02R000S900,2022.09,12522,Experimental,Dollars,6,S,Consolidated accounts - table 1.2,D02R,Taxes on production and imports,,,,,National Accounts - SNA 2008 - SNE,2022,9
SNEQ.SG04SD02R000S900,2022.12,12610,Experimental,Dollars,6,S,Consolidated accounts - table 1.2,D02R,Taxes on production and imports,,,,,National Accounts - SNA 2008 - SNE,2022,12
SNEQ.SG04SD02R000S900,2023.03,12736,Experimental,Dollars,6,S,Consolidated accounts - table 1.2,D02R,Taxes on production and imports,,,,,National Accounts - SNA 2008 - SNE,2023,3
SNEQ.SG04SD02R000S900,2023.06,12829,Experimental,Dollars,6,S,Consolidated accounts - table 1.2,D02R,Taxes on production and imports,,,,,National Accounts - SNA 2008 - SNE,2023,6
SNEQ.SG04SD02R000S900,2023.09,13256,Experimental,Dollars,6,S,Consolidated accounts - table 1.2,D02R,Taxes on production and imports,,,,,National Accounts - SNA 2008 - SNE,2023,9
SNEQ.SG04SD02R000S900,2023.12,13650,Experimental,Dollars,6,S,Consolidated accounts - table 1.2,D02R,Taxes on production and imports,,,,,National Accounts - SNA 2008 - SNE,2023,12
SNEQ.SG04SD02R000S900,2024.03,13801,Experimental,Dollars,6,S,Consolidated accounts - table 1.2,D02R,Taxes on production and imports,,,,,National Accounts - SNA 2008 - SNE,2024,3
SNEQ.SG04SD02R000S900,2024.06,14028,Experimental,Dollars,6,S,Consolidated accounts - table 1.2,D02R,Taxes on production and imports,,,,,National Accounts - SNA 2008 - SNE,2024,6
SNEQ.SG04SD02R000S900,2024.09,13965,Experimental,Dollars,6,S,Consolidated accounts - table 1.2,D02R,Taxes on production and imports,,,,,National Accounts - SNA 2008 - SNE,2024,9
SNEQ.SG04SD02R000S900,2024.12,14125,Experimental,Dollars,6,S,Consolidated accounts - table 1.2,D02R,Taxes on production and imports,,,,,National Accounts - SNA 2008 - SNE,2024,12
SNEQ.SG04SD02R000S900,2025.03,14474,Experimental,Dollars,6,S,Consolidated accounts - table 1.2,D02R,Taxes on production and imports,,,,,National Accounts - SNA 2008 - SNE,2025,3
SNEQ.SG04SD02R000S900,2025.06,14589,Experimental,Dollars,6,S,Consolidated accounts - table 1.2,D02R,Taxes on production and imports,,,,,National Accounts - SNA 2008 - SNE,2025,6
SNEQ.SG04SD03R000S900,2016.06,191,Experimental,Dollars,6,S,Consolidated accounts - table 1.2,D03R,Subsidies,,,,,National Accounts - SNA 2008 - SNE,2016,6
SNEQ.SG04SD03R000S900,2016.09,218,Experimental,Dollars,6,S,Consolidated accounts - table 1.2,D03R,Subsidies,,,,,National Accounts - SNA 2008 - SNE,2016,9
SNEQ.SG04SD03R000S900,2016.12,231,Experimental,Dollars,6,S,Consolidated accounts - table 1.2,D03R,Subsidies,,,,,National Accounts - SNA 2008 - SNE,2016,12
SNEQ.SG04SD03R000S900,2017.03,251,Experimental,Dollars,6,S,Consolidated accounts - table 1.2,D03R,Subsidies,,,,,National Accounts - SNA 2008 - SNE,2017,3
SNEQ.SG04SD03R000S900,2017.06,252,Experimental,Dollars,6,S,Consolidated accounts - table 1.2,D03R,Subsidies,,,,,National Accounts - SNA 2008 - SNE,2017,6
SNEQ.SG04SD03R000S900,2017.09,241,Experimental,Dollars,6,S,Consolidated accounts - table 1.2,D03R,Subsidies,,,,,National Accounts - SNA 2008 - SNE,2017,9
SNEQ.SG04SD03R000S900,2017.12,264,Experimental,Dollars,6,S,Consolidated accounts - table 1.2,D03R,Subsidies,,,,,National Accounts - SNA 2008 - SNE,2017,12
SNEQ.SG04SD03R000S900,2018.03,255,Experimental,Dollars,6,S,Consolidated accounts - table 1.2,D03R,Subsidies,,,,,National Accounts - SNA 2008 - SNE,2018,3
SNEQ.SG04SD03R000S900,2018.06,262,Experimental,Dollars,6,S,Consolidated accounts - table 1.2,D03R,Subsidies,,,,,National Accounts - SNA 2008 - SNE,2018,6
SNEQ.SG04SD03R000S900,2018.09,263,Experimental,Dollars,6,S,Consolidated accounts - table 1.2,D03R,Subsidies,,,,,National Accounts - SNA 2008 - SNE,2018,9
SNEQ.SG04SD03R000S900,2018.12,257,Experimental,Dollars,6,S,Consolidated accounts - table 1.2,D03R,Subsidies,,,,,National Accounts - SNA 2008 - SNE,2018,12
SNEQ.SG04SD03R000S900,2019.03,258,Experimental,Dollars,6,S,Consolidated accounts - table 1.2,D03R,Subsidies,,,,,National Accounts - SNA 2008 - SNE,2019,3
SNEQ.SG04SD03R000S900,2019.06,258,Experimental,Dollars,6,S,Consolidated accounts - table 1.2,D03R,Subsidies,,,,,National Accounts - SNA 2008 - SNE,2019,6
SNEQ.SG04SD03R000S900,2019.09,327,Experimental,Dollars,6,S,Consolidated accounts - table 1.2,D03R,Subsidies,,,,,National Accounts - SNA 2008 - SNE,2019,9
SNEQ.SG04SD03R000S900,2019.12,295,Experimental,Dollars,6,S,Consolidated accounts - table 1.2,D03R,Subsidies,,,,,National Accounts - SNA 2008 - SNE,2019,12
SNEQ.SG04SD03R000S900,2020.03,4080,Experimental,Dollars,6,S,Consolidated accounts - table 1.2,D03R,Subsidies,,,,,National Accounts - SNA 2008 - SNE,2020,3
SNEQ.SG04SD03R000S900,2020.06,8548,Experimental,Dollars,6,S,Consolidated accounts - table 1.2,D03R,Subsidies,,,,,National Accounts - SNA 2008 - SNE,2020,6
SNEQ.SG04SD03R000S900,2020.09,2299,Experimental,Dollars,6,S,Consolidated accounts - table 1.2,D03R,Subsidies,,,,,National Accounts - SNA 2008 - SNE,2020,9
SNEQ.SG04SD03R000S900,2020.12,531,Experimental,Dollars,6,S,Consolidated accounts - table 1.2,D03R,Subsidies,,,,,National Accounts - SNA 2008 - SNE,2020,12
SNEQ.SG04SD03R000S900,2021.03,896,Experimental,Dollars,6,S,Consolidated accounts - table 1.2,D03R,Subsidies,,,,,National Accounts - SNA 2008 - SNE,2021,3
SNEQ.SG04SD03R000S900,2021.06,584,Experimental,Dollars,6,S,Consolidated accounts - table 1.2,D03R,Subsidies,,,,,National Accounts - SNA 2008 - SNE,2021,6
SNEQ.SG04SD03R000S900,2021.09,4402,Experimental,Dollars,6,S,Consolidated accounts - table 1.2,D03R,Subsidies,,,,,National Accounts - SNA 2008 - SNE,2021,9
SNEQ.SG04SD03R000S900,2021.12,4375,Experimental,Dollars,6,S,Consolidated accounts - table 1.2,D03R,Subsidies,,,,,National Accounts - SNA 2008 - SNE,2021,12
SNEQ.SG04SD03R000S900,2022.03,1971,Experimental,Dollars,6,S,Consolidated accounts - table 1.2,D03R,Subsidies,,,,,National Accounts - SNA 2008 - SNE,2022,3
SNEQ.SG04SD03R000S900,2022.06,1133,Experimental,Dollars,6,S,Consolidated accounts - table 1.2,D03R,Subsidies,,,,,National Accounts - SNA 2008 - SNE,2022,6
SNEQ.SG04SD03R000S900,2022.09,853,Experimental,Dollars,6,S,Consolidated accounts - table 1.2,D03R,Subsidies,,,,,National Accounts - SNA 2008 - SNE,2022,9
SNEQ.SG04SD03R000S900,2022.12,656,Experimental,Dollars,6,S,Consolidated accounts - table 1.2,D03R,Subsidies,,,,,National Accounts - SNA 2008 - SNE,2022,12
SNEQ.SG04SD03R000S900,2023.03,654,Experimental,Dollars,6,S,Consolidated accounts - table 1.2,D03R,Subsidies,,,,,National Accounts - SNA 2008 - SNE,2023,3
SNEQ.SG04SD03R000S900,2023.06,559,Experimental,Dollars,6,S,Consolidated accounts - table 1.2,D03R,Subsidies,,,,,National Accounts - SNA 2008 - SNE,2023,6
SNEQ.SG04SD03R000S900,2023.09,614,Experimental,Dollars,6,S,Consolidated accounts - table 1.2,D03R,Subsidies,,,,,National Accounts - SNA 2008 - SNE,2023,9
SNEQ.SG04SD03R000S900,2023.12,575,Experimental,Dollars,6,S,Consolidated accounts - table 1.2,D03R,Subsidies,,,,,National Accounts - SNA 2008 - SNE,2023,12
SNEQ.SG04SD03R000S900,2024.03,633,Experimental,Dollars,6,S,Consolidated accounts - table 1.2,D03R,Subsidies,,,,,National Accounts - SNA 2008 - SNE,2024,3
SNEQ.SG04SD03R000S900,2024.06,541,Experimental,Dollars,6,S,Consolidated accounts - table 1.2,D03R,Subsidies,,,,,National Accounts - SNA 2008 - SNE,2024,6
SNEQ.SG04SD03R000S900,2024.09,632,Experimental,Dollars,6,S,Consolidated accounts - table 1.2,D03R,Subsidies,,,,,National Accounts - SNA 2008 - SNE,2024,9
SNEQ.SG04SD03R000S900,2024.12,573,Experimental,Dollars,6,S,Consolidated accounts - table 1.2,D03R,Subsidies,,,,,National Accounts - SNA 2008 - SNE,2024,12
SNEQ.SG04SD03R000S900,2025.03,566,Experimental,Dollars,6,S,Consolidated accounts - table 1.2,D03R,Subsidies,,,,,National Accounts - SNA 2008 - SNE,2025,3
SNEQ.SG04SD03R000S900,2025.06,505,Experimental,Dollars,6,S,Consolidated accounts - table 1.2,D03R,Subsidies,,,,,National Accounts - SNA 2008 - SNE,2025,6
SNEQ.SG04SP030000S900,2016.06,50350,Experimental,Dollars,6,S,Consolidated accounts - table 1.2,P03,Final consumption expenditure,,,,,National Accounts - SNA 2008 - SNE,2016,6
SNEQ.SG04SP030000S900,2016.09,51137,Experimental,Dollars,6,S,Consolidated accounts - table 1.2,P03,Final consumption expenditure,,,,,National Accounts - SNA 2008 - SNE,2016,9
SNEQ.SG04SP030000S900,2016.12,51917,Experimental,Dollars,6,S,Consolidated accounts - table 1.2,P03,Final consumption expenditure,,,,,National Accounts - SNA 2008 - SNE,2016,12
SNEQ.SG04SP030000S900,2017.03,53141,Experimental,Dollars,6,S,Consolidated accounts - table 1.2,P03,Final consumption expenditure,,,,,National Accounts - SNA 2008 - SNE,2017,3
SNEQ.SG04SP030000S900,2017.06,53566,Experimental,Dollars,6,S,Consolidated accounts - table 1.2,P03,Final consumption expenditure,,,,,National Accounts - SNA 2008 - SNE,2017,6
SNEQ.SG04SP030000S900,2017.09,54419,Experimental,Dollars,6,S,Consolidated accounts - table 1.2,P03,Final consumption expenditure,,,,,National Accounts - SNA 2008 - SNE,2017,9
SNEQ.SG04SP030000S900,2017.12,55278,Experimental,Dollars,6,S,Consolidated accounts - table 1.2,P03,Final consumption expenditure,,,,,National Accounts - SNA 2008 - SNE,2017,12
SNEQ.SG04SP030000S900,2018.03,55883,Experimental,Dollars,6,S,Consolidated accounts - table 1.2,P03,Final consumption expenditure,,,,,National Accounts - SNA 2008 - SNE,2018,3
SNEQ.SG04SP030000S900,2018.06,56931,Experimental,Dollars,6,S,Consolidated accounts - table 1.2,P03,Final consumption expenditure,,,,,National Accounts - SNA 2008 - SNE,2018,6
SNEQ.SG04SP030000S900,2018.09,57972,Experimental,Dollars,6,S,Consolidated accounts - table 1.2,P03,Final consumption expenditure,,,,,National Accounts - SNA 2008 - SNE,2018,9
SNEQ.SG04SP030000S900,2018.12,58845,Experimental,Dollars,6,S,Consolidated accounts - table 1.2,P03,Final consumption expenditure,,,,,National Accounts - SNA 2008 - SNE,2018,12
SNEQ.SG04SP030000S900,2019.03,59214,Experimental,Dollars,6,S,Consolidated accounts - table 1.2,P03,Final consumption expenditure,,,,,National Accounts - SNA 2008 - SNE,2019,3
SNEQ.SG04SP030000S900,2019.06,60408,Experimental,Dollars,6,S,Consolidated accounts - table 1.2,P03,Final consumption expenditure,,,,,National Accounts - SNA 2008 - SNE,2019,6
SNEQ.SG04SP030000S900,2019.09,61182,Experimental,Dollars,6,S,Consolidated accounts - table 1.2,P03,Final consumption expenditure,,,,,National Accounts - SNA 2008 - SNE,2019,9
SNEQ.SG04SP030000S900,2019.12,61993,Experimental,Dollars,6,S,Consolidated accounts - table 1.2,P03,Final consumption expenditure,,,,,National Accounts - SNA 2008 - SNE,2019,12
SNEQ.SG04SP030000S900,2020.03,62100,Experimental,Dollars,6,S,Consolidated accounts - table 1.2,P03,Final consumption expenditure,,,,,National Accounts - SNA 2008 - SNE,2020,3
SNEQ.SG04SP030000S900,2020.06,57225,Experimental,Dollars,6,S,Consolidated accounts - table 1.2,P03,Final consumption expenditure,,,,,National Accounts - SNA 2008 - SNE,2020,6
SNEQ.SG04SP030000S900,2020.09,63572,Experimental,Dollars,6,S,Consolidated accounts - table 1.2,P03,Final consumption expenditure,,,,,National Accounts - SNA 2008 - SNE,2020,9
SNEQ.SG04SP030000S900,2020.12,65087,Experimental,Dollars,6,S,Consolidated accounts - table 1.2,P03,Final consumption expenditure,,,,,National Accounts - SNA 2008 - SNE,2020,12
SNEQ.SG04SP030000S900,2021.03,68338,Experimental,Dollars,6,S,Consolidated accounts - table 1.2,P03,Final consumption expenditure,,,,,National Accounts - SNA 2008 - SNE,2021,3
SNEQ.SG04SP030000S900,2021.06,69263,Experimental,Dollars,6,S,Consolidated accounts - table 1.2,P03,Final consumption expenditure,,,,,National Accounts - SNA 2008 - SNE,2021,6
SNEQ.SG04SP030000S900,2021.09,66935,Experimental,Dollars,6,S,Consolidated accounts - table 1.2,P03,Final consumption expenditure,,,,,National Accounts - SNA 2008 - SNE,2021,9
SNEQ.SG04SP030000S900,2021.12,71336,Experimental,Dollars,6,S,Consolidated accounts - table 1.2,P03,Final consumption expenditure,,,,,National Accounts - SNA 2008 - SNE,2021,12
SNEQ.SG04SP030000S900,2022.03,75078,Experimental,Dollars,6,S,Consolidated accounts - table 1.2,P03,Final consumption expenditure,,,,,National Accounts - SNA 2008 - SNE,2022,3
SNEQ.SG04SP030000S900,2022.06,75203,Experimental,Dollars,6,S,Consolidated accounts - table 1.2,P03,Final consumption expenditure,,,,,National Accounts - SNA 2008 - SNE,2022,6
SNEQ.SG04SP030000S900,2022.09,77157,Experimental,Dollars,6,S,Consolidated accounts - table 1.2,P03,Final consumption expenditure,,,,,National Accounts - SNA 2008 - SNE,2022,9
SNEQ.SG04SP030000S900,2022.12,78369,Experimental,Dollars,6,S,Consolidated accounts - table 1.2,P03,Final consumption expenditure,,,,,National Accounts - SNA 2008 - SNE,2022,12
SNEQ.SG04SP030000S900,2023.03,79857,Experimental,Dollars,6,S,Consolidated accounts - table 1.2,P03,Final consumption expenditure,,,,,National Accounts - SNA 2008 - SNE,2023,3
SNEQ.SG04SP030000S900,2023.06,81223,Experimental,Dollars,6,S,Consolidated accounts - table 1.2,P03,Final consumption expenditure,,,,,National Accounts - SNA 2008 - SNE,2023,6
SNEQ.SG04SP030000S900,2023.09,81573,Experimental,Dollars,6,S,Consolidated accounts - table 1.2,P03,Final consumption expenditure,,,,,National Accounts - SNA 2008 - SNE,2023,9
SNEQ.SG04SP030000S900,2023.12,82469,Experimental,Dollars,6,S,Consolidated accounts - table 1.2,P03,Final consumption expenditure,,,,,National Accounts - SNA 2008 - SNE,2023,12
SNEQ.SG04SP030000S900,2024.03,82959,Experimental,Dollars,6,S,Consolidated accounts - table 1.2,P03,Final consumption expenditure,,,,,National Accounts - SNA 2008 - SNE,2024,3
SNEQ.SG04SP030000S900,2024.06,83840,Experimental,Dollars,6,S,Consolidated accounts - table 1.2,P03,Final consumption expenditure,,,,,National Accounts - SNA 2008 - SNE,2024,6
SNEQ.SG04SP030000S900,2024.09,84144,Experimental,Dollars,6,S,Consolidated accounts - table 1.2,P03,Final consumption expenditure,,,,,National Accounts - SNA 2008 - SNE,2024,9
SNEQ.SG04SP030000S900,2024.12,84858,Experimental,Dollars,6,S,Consolidated accounts - table 1.2,P03,Final consumption expenditure,,,,,National Accounts - SNA 2008 - SNE,2024,12
SNEQ.SG04SP030000S900,2025.03,86513,Experimental,Dollars,6,S,Consolidated accounts - table 1.2,P03,Final consumption expenditure,,,,,National Accounts - SNA 2008 - SNE,2025,3
SNEQ.SG04SP030000S900,2025.06,87019,Experimental,Dollars,6,S,Consolidated accounts - table 1.2,P03,Final consumption expenditure,,,,,National Accounts - SNA 2008 - SNE,2025,6
SNEQ.SG04SP051C00S900,2016.06,9258,Experimental,Dollars,6,S,Consolidated accounts - table 1.2,P051C,Consumption of fixed capital,AN1,Produced non-financial assets,,,National Accounts - SNA 2008 - SNE,2016,6
SNEQ.SG04SP051C00S900,2016.09,9404,Experimental,Dollars,6,S,Consolidated accounts - table 1.2,P051C,Consumption of fixed capital,AN1,Produced non-financial assets,,,National Accounts - SNA 2008 - SNE,2016,9
SNEQ.SG04SP051C00S900,2016.12,9546,Experimental,Dollars,6,S,Consolidated accounts - table 1.2,P051C,Consumption of fixed capital,AN1,Produced non-financial assets,,,National Accounts - SNA 2008 - SNE,2016,12
SNEQ.SG04SP051C00S900,2017.03,9695,Experimental,Dollars,6,S,Consolidated accounts - table 1.2,P051C,Consumption of fixed capital,AN1,Produced non-financial assets,,,National Accounts - SNA 2008 - SNE,2017,3
SNEQ.SG04SP051C00S900,2017.06,9695,Experimental,Dollars,6,S,Consolidated accounts - table 1.2,P051C,Consumption of fixed capital,AN1,Produced non-financial assets,,,National Accounts - SNA 2008 - SNE,2017,6
SNEQ.SG04SP051C00S900,2017.09,9841,Experimental,Dollars,6,S,Consolidated accounts - table 1.2,P051C,Consumption of fixed capital,AN1,Produced non-financial assets,,,National Accounts - SNA 2008 - SNE,2017,9
SNEQ.SG04SP051C00S900,2017.12,9998,Experimental,Dollars,6,S,Consolidated accounts - table 1.2,P051C,Consumption of fixed capital,AN1,Produced non-financial assets,,,National Accounts - SNA 2008 - SNE,2017,12
SNEQ.SG04SP051C00S900,2018.03,10239,Experimental,Dollars,6,S,Consolidated accounts - table 1.2,P051C,Consumption of fixed capital,AN1,Produced non-financial assets,,,National Accounts - SNA 2008 - SNE,2018,3
SNEQ.SG04SP051C00S900,2018.06,11050,Experimental,Dollars,6,S,Consolidated accounts - table 1.2,P051C,Consumption of fixed capital,AN1,Produced non-financial assets,,,National Accounts - SNA 2008 - SNE,2018,6
SNEQ.SG04SP051C00S900,2018.09,11223,Experimental,Dollars,6,S,Consolidated accounts - table 1.2,P051C,Consumption of fixed capital,AN1,Produced non-financial assets,,,National Accounts - SNA 2008 - SNE,2018,9
SNEQ.SG04SP051C00S900,2018.12,11418,Experimental,Dollars,6,S,Consolidated accounts - table 1.2,P051C,Consumption of fixed capital,AN1,Produced non-financial assets,,,National Accounts - SNA 2008 - SNE,2018,12
SNEQ.SG04SP051C00S900,2019.03,11510,Experimental,Dollars,6,S,Consolidated accounts - table 1.2,P051C,Consumption of fixed capital,AN1,Produced non-financial assets,,,National Accounts - SNA 2008 - SNE,2019,3
SNEQ.SG04SP051C00S900,2019.06,10945,Experimental,Dollars,6,S,Consolidated accounts - table 1.2,P051C,Consumption of fixed capital,AN1,Produced non-financial assets,,,National Accounts - SNA 2008 - SNE,2019,6
SNEQ.SG04SP051C00S900,2019.09,11101,Experimental,Dollars,6,S,Consolidated accounts - table 1.2,P051C,Consumption of fixed capital,AN1,Produced non-financial assets,,,National Accounts - SNA 2008 - SNE,2019,9
SNEQ.SG04SP051C00S900,2019.12,11297,Experimental,Dollars,6,S,Consolidated accounts - table 1.2,P051C,Consumption of fixed capital,AN1,Produced non-financial assets,,,National Accounts - SNA 2008 - SNE,2019,12
SNEQ.SG04SP051C00S900,2020.03,11510,Experimental,Dollars,6,S,Consolidated accounts - table 1.2,P051C,Consumption of fixed capital,AN1,Produced non-financial assets,,,National Accounts - SNA 2008 - SNE,2020,3
SNEQ.SG04SP051C00S900,2020.06,11577,Experimental,Dollars,6,S,Consolidated accounts - table 1.2,P051C,Consumption of fixed capital,AN1,Produced non-financial assets,,,National Accounts - SNA 2008 - SNE,2020,6
SNEQ.SG04SP051C00S900,2020.09,11684,Experimental,Dollars,6,S,Consolidated accounts - table 1.2,P051C,Consumption of fixed capital,AN1,Produced non-financial assets,,,National Accounts - SNA 2008 - SNE,2020,9
SNEQ.SG04SP051C00S900,2020.12,11804,Experimental,Dollars,6,S,Consolidated accounts - table 1.2,P051C,Consumption of fixed capital,AN1,Produced non-financial assets,,,National Accounts - SNA 2008 - SNE,2020,12
SNEQ.SG04SP051C00S900,2021.03,11877,Experimental,Dollars,6,S,Consolidated accounts - table 1.2,P051C,Consumption of fixed capital,AN1,Produced non-financial assets,,,National Accounts - SNA 2008 - SNE,2021,3
SNEQ.SG04SP051C00S900,2021.06,12223,Experimental,Dollars,6,S,Consolidated accounts - table 1.2,P051C,Consumption of fixed capital,AN1,Produced non-financial assets,,,National Accounts - SNA 2008 - SNE,2021,6
SNEQ.SG04SP051C00S900,2021.09,12469,Experimental,Dollars,6,S,Consolidated accounts - table 1.2,P051C,Consumption of fixed capital,AN1,Produced non-financial assets,,,National Accounts - SNA 2008 - SNE,2021,9
SNEQ.SG04SP051C00S900,2021.12,12745,Experimental,Dollars,6,S,Consolidated accounts - table 1.2,P051C,Consumption of fixed capital,AN1,Produced non-financial assets,,,National Accounts - SNA 2008 - SNE,2021,12
SNEQ.SG04SP051C00S900,2022.03,13169,Experimental,Dollars,6,S,Consolidated accounts - table 1.2,P051C,Consumption of fixed capital,AN1,Produced non-financial assets,,,National Accounts - SNA 2008 - SNE,2022,3
SNEQ.SG04SP051C00S900,2022.06,13612,Experimental,Dollars,6,S,Consolidated accounts - table 1.2,P051C,Consumption of fixed capital,AN1,Produced non-financial assets,,,National Accounts - SNA 2008 - SNE,2022,6
SNEQ.SG04SP051C00S900,2022.09,14170,Experimental,Dollars,6,S,Consolidated accounts - table 1.2,P051C,Consumption of fixed capital,AN1,Produced non-financial assets,,,National Accounts - SNA 2008 - SNE,2022,9
SNEQ.SG04SP051C00S900,2022.12,14655,Experimental,Dollars,6,S,Consolidated accounts - table 1.2,P051C,Consumption of fixed capital,AN1,Produced non-financial assets,,,National Accounts - SNA 2008 - SNE,2022,12
SNEQ.SG04SP051C00S900,2023.03,15310,Experimental,Dollars,6,S,Consolidated accounts - table 1.2,P051C,Consumption of fixed capital,AN1,Produced non-financial assets,,,National Accounts - SNA 2008 - SNE,2023,3
SNEQ.SG04SP051C00S900,2023.06,15181,Experimental,Dollars,6,S,Consolidated accounts - table 1.2,P051C,Consumption of fixed capital,AN1,Produced non-financial assets,,,National Accounts - SNA 2008 - SNE,2023,6
SNEQ.SG04SP051C00S900,2023.09,15601,Experimental,Dollars,6,S,Consolidated accounts - table 1.2,P051C,Consumption of fixed capital,AN1,Produced non-financial assets,,,National Accounts - SNA 2008 - SNE,2023,9
SNEQ.SG04SP051C00S900,2023.12,15910,Experimental,Dollars,6,S,Consolidated accounts - table 1.2,P051C,Consumption of fixed capital,AN1,Produced non-financial assets,,,National Accounts - SNA 2008 - SNE,2023,12
SNEQ.SG04SP051C00S900,2024.03,16201,Experimental,Dollars,6,S,Consolidated accounts - table 1.2,P051C,Consumption of fixed capital,AN1,Produced non-financial assets,,,National Accounts - SNA 2008 - SNE,2024,3
SNEQ.SG04SP051C00S900,2024.06,16171,Experimental,Dollars,6,S,Consolidated accounts - table 1.2,P051C,Consumption of fixed capital,AN1,Produced non-financial assets,,,National Accounts - SNA 2008 - SNE,2024,6
SNEQ.SG04SP051C00S900,2024.09,16398,Experimental,Dollars,6,S,Consolidated accounts - table 1.2,P051C,Consumption of fixed capital,AN1,Produced non-financial assets,,,National Accounts - SNA 2008 - SNE,2024,9
SNEQ.SG04SP051C00S900,2024.12,16538,Experimental,Dollars,6,S,Consolidated accounts - table 1.2,P051C,Consumption of fixed capital,AN1,Produced non-financial assets,,,National Accounts - SNA 2008 - SNE,2024,12
SNEQ.SG04SP051C00S900,2025.03,16740,Experimental,Dollars,6,S,Consolidated accounts - table 1.2,P051C,Consumption of fixed capital,AN1,Produced non-financial assets,,,National Accounts - SNA 2008 - SNE,2025,3
SNEQ.SG04SP051C00S900,2025.06,16941,Experimental,Dollars,6,S,Consolidated accounts - table 1.2,P051C,Consumption of fixed capital,AN1,Produced non-financial assets,,,National Accounts - SNA 2008 - SNE,2025,6
SNEQ.SG04SP030000S310,2016.06,10619,Experimental,Dollars,6,S,Consolidated accounts - table 1.2,P03,Final consumption expenditure,,,31,Central government institutions,National Accounts - SNA 2008 - SNE,2016,6
SNEQ.SG04SP030000S310,2016.09,10833,Experimental,Dollars,6,S,Consolidated accounts - table 1.2,P03,Final consumption expenditure,,,31,Central government institutions,National Accounts - SNA 2008 - SNE,2016,9
SNEQ.SG04SP030000S310,2016.12,10966,Experimental,Dollars,6,S,Consolidated accounts - table 1.2,P03,Final consumption expenditure,,,31,Central government institutions,National Accounts - SNA 2008 - SNE,2016,12
SNEQ.SG04SP030000S310,2017.03,11129,Experimental,Dollars,6,S,Consolidated accounts - table 1.2,P03,Final consumption expenditure,,,31,Central government institutions,National Accounts - SNA 2008 - SNE,2017,3
SNEQ.SG04SP030000S310,2017.06,11193,Experimental,Dollars,6,S,Consolidated accounts - table 1.2,P03,Final consumption expenditure,,,31,Central government institutions,National Accounts - SNA 2008 - SNE,2017,6
SNEQ.SG04SP030000S310,2017.09,11504,Experimental,Dollars,6,S,Consolidated accounts - table 1.2,P03,Final consumption expenditure,,,31,Central government institutions,National Accounts - SNA 2008 - SNE,2017,9
SNEQ.SG04SP030000S310,2017.12,11601,Experimental,Dollars,6,S,Consolidated accounts - table 1.2,P03,Final consumption expenditure,,,31,Central government institutions,National Accounts - SNA 2008 - SNE,2017,12
SNEQ.SG04SP030000S310,2018.03,11765,Experimental,Dollars,6,S,Consolidated accounts - table 1.2,P03,Final consumption expenditure,,,31,Central government institutions,National Accounts - SNA 2008 - SNE,2018,3
SNEQ.SG04SP030000S310,2018.06,11954,Experimental,Dollars,6,S,Consolidated accounts - table 1.2,P03,Final consumption expenditure,,,31,Central government institutions,National Accounts - SNA 2008 - SNE,2018,6
SNEQ.SG04SP030000S310,2018.09,12255,Experimental,Dollars,6,S,Consolidated accounts - table 1.2,P03,Final consumption expenditure,,,31,Central government institutions,National Accounts - SNA 2008 - SNE,2018,9
SNEQ.SG04SP030000S310,2018.12,12483,Experimental,Dollars,6,S,Consolidated accounts - table 1.2,P03,Final consumption expenditure,,,31,Central government institutions,National Accounts - SNA 2008 - SNE,2018,12
SNEQ.SG04SP030000S310,2019.03,12710,Experimental,Dollars,6,S,Consolidated accounts - table 1.2,P03,Final consumption expenditure,,,31,Central government institutions,National Accounts - SNA 2008 - SNE,2019,3
SNEQ.SG04SP030000S310,2019.06,13137,Experimental,Dollars,6,S,Consolidated accounts - table 1.2,P03,Final consumption expenditure,,,31,Central government institutions,National Accounts - SNA 2008 - SNE,2019,6
SNEQ.SG04SP030000S310,2019.09,13260,Experimental,Dollars,6,S,Consolidated accounts - table 1.2,P03,Final consumption expenditure,,,31,Central government institutions,National Accounts - SNA 2008 - SNE,2019,9
SNEQ.SG04SP030000S310,2019.12,13619,Experimental,Dollars,6,S,Consolidated accounts - table 1.2,P03,Final consumption expenditure,,,31,Central government institutions,National Accounts - SNA 2008 - SNE,2019,12
SNEQ.SG04SP030000S310,2020.03,13939,Experimental,Dollars,6,S,Consolidated accounts - table 1.2,P03,Final consumption expenditure,,,31,Central government institutions,National Accounts - SNA 2008 - SNE,2020,3
SNEQ.SG04SP030000S310,2020.06,14379,Experimental,Dollars,6,S,Consolidated accounts - table 1.2,P03,Final consumption expenditure,,,31,Central government institutions,National Accounts - SNA 2008 - SNE,2020,6
SNEQ.SG04SP030000S310,2020.09,14700,Experimental,Dollars,6,S,Consolidated accounts - table 1.2,P03,Final consumption expenditure,,,31,Central government institutions,National Accounts - SNA 2008 - SNE,2020,9
SNEQ.SG04SP030000S310,2020.12,15125,Experimental,Dollars,6,S,Consolidated accounts - table 1.2,P03,Final consumption expenditure,,,31,Central government institutions,National Accounts - SNA 2008 - SNE,2020,12
SNEQ.SG04SP030000S310,2021.03,15726,Experimental,Dollars,6,S,Consolidated accounts - table 1.2,P03,Final consumption expenditure,,,31,Central government institutions,National Accounts - SNA 2008 - SNE,2021,3
SNEQ.SG04SP030000S310,2021.06,15952,Experimental,Dollars,6,S,Consolidated accounts - table 1.2,P03,Final consumption expenditure,,,31,Central government institutions,National Accounts - SNA 2008 - SNE,2021,6
SNEQ.SG04SP030000S310,2021.09,16478,Experimental,Dollars,6,S,Consolidated accounts - table 1.2,P03,Final consumption expenditure,,,31,Central government institutions,National Accounts - SNA 2008 - SNE,2021,9
SNEQ.SG04SP030000S310,2021.12,17582,Experimental,Dollars,6,S,Consolidated accounts - table 1.2,P03,Final consumption expenditure,,,31,Central government institutions,National Accounts - SNA 2008 - SNE,2021,12
SNEQ.SG04SP030000S310,2022.03,17929,Experimental,Dollars,6,S,Consolidated accounts - table 1.2,P03,Final consumption expenditure,,,31,Central government institutions,National Accounts - SNA 2008 - SNE,2022,3
SNEQ.SG04SP030000S310,2022.06,18129,Experimental,Dollars,6,S,Consolidated accounts - table 1.2,P03,Final consumption expenditure,,,31,Central government institutions,National Accounts - SNA 2008 - SNE,2022,6
SNEQ.SG04SP030000S310,2022.09,18515,Experimental,Dollars,6,S,Consolidated accounts - table 1.2,P03,Final consumption expenditure,,,31,Central government institutions,National Accounts - SNA 2008 - SNE,2022,9
SNEQ.SG04SP030000S310,2022.12,18314,Experimental,Dollars,6,S,Consolidated accounts - table 1.2,P03,Final consumption expenditure,,,31,Central government institutions,National Accounts - SNA 2008 - SNE,2022,12
SNEQ.SG04SP030000S310,2023.03,18599,Experimental,Dollars,6,S,Consolidated accounts - table 1.2,P03,Final consumption expenditure,,,31,Central government institutions,National Accounts - SNA 2008 - SNE,2023,3
SNEQ.SG04SP030000S310,2023.06,18959,Experimental,Dollars,6,S,Consolidated accounts - table 1.2,P03,Final consumption expenditure,,,31,Central government institutions,National Accounts - SNA 2008 - SNE,2023,6
SNEQ.SG04SP030000S310,2023.09,19259,Experimental,Dollars,6,S,Consolidated accounts - table 1.2,P03,Final consumption expenditure,,,31,Central government institutions,National Accounts - SNA 2008 - SNE,2023,9
SNEQ.SG04SP030000S310,2023.12,19586,Experimental,Dollars,6,S,Consolidated accounts - table 1.2,P03,Final consumption expenditure,,,31,Central government institutions,National Accounts - SNA 2008 - SNE,2023,12
SNEQ.SG04SP030000S310,2024.03,19797,Experimental,Dollars,6,S,Consolidated accounts - table 1.2,P03,Final consumption expenditure,,,31,Central government institutions,National Accounts - SNA 2008 - SNE,2024,3
SNEQ.SG04SP030000S310,2024.06,20414,Experimental,Dollars,6,S,Consolidated accounts - table 1.2,P03,Final consumption expenditure,,,31,Central government institutions,National Accounts - SNA 2008 - SNE,2024,6
SNEQ.SG04SP030000S310,2024.09,20345,Experimental,Dollars,6,S,Consolidated accounts - table 1.2,P03,Final consumption expenditure,,,31,Central government institutions,National Accounts - SNA 2008 - SNE,2024,9
SNEQ.SG04SP030000S310,2024.12,20550,Experimental,Dollars,6,S,Consolidated accounts - table 1.2,P03,Final consumption expenditure,,,31,Central government institutions,National Accounts - SNA 2008 - SNE,2024,12
SNEQ.SG04SP030000S310,2025.03,20956,Experimental,Dollars,6,S,Consolidated accounts - table 1.2,P03,Final consumption expenditure,,,31,Central government institutions,National Accounts - SNA 2008 - SNE,2025,3
SNEQ.SG04SP030000S310,2025.06,20860,Experimental,Dollars,6,S,Consolidated accounts - table 1.2,P03,Final consumption expenditure,,,31,Central government institutions,National Accounts - SNA 2008 - SNE,2025,6
SNEQ.SG04SP030000S321,2016.06,1408,Experimental,Dollars,6,S,Consolidated accounts - table 1.2,P03,Final consumption expenditure,,,32,Local government institutions,National Accounts - SNA 2008 - SNE,2016,6
SNEQ.SG04SP030000S321,2016.09,1409,Experimental,Dollars,6,S,Consolidated accounts - table 1.2,P03,Final consumption expenditure,,,32,Local government institutions,National Accounts - SNA 2008 - SNE,2016,9
SNEQ.SG04SP030000S321,2016.12,1438,Experimental,Dollars,6,S,Consolidated accounts - table 1.2,P03,Final consumption expenditure,,,32,Local government institutions,National Accounts - SNA 2008 - SNE,2016,12
SNEQ.SG04SP030000S321,2017.03,1454,Experimental,Dollars,6,S,Consolidated accounts - table 1.2,P03,Final consumption expenditure,,,32,Local government institutions,National Accounts - SNA 2008 - SNE,2017,3
SNEQ.SG04SP030000S321,2017.06,1474,Experimental,Dollars,6,S,Consolidated accounts - table 1.2,P03,Final consumption expenditure,,,32,Local government institutions,National Accounts - SNA 2008 - SNE,2017,6
SNEQ.SG04SP030000S321,2017.09,1511,Experimental,Dollars,6,S,Consolidated accounts - table 1.2,P03,Final consumption expenditure,,,32,Local government institutions,National Accounts - SNA 2008 - SNE,2017,9
SNEQ.SG04SP030000S321,2017.12,1529,Experimental,Dollars,6,S,Consolidated accounts - table 1.2,P03,Final consumption expenditure,,,32,Local government institutions,National Accounts - SNA 2008 - SNE,2017,12
SNEQ.SG04SP030000S321,2018.03,1558,Experimental,Dollars,6,S,Consolidated accounts - table 1.2,P03,Final consumption expenditure,,,32,Local government institutions,National Accounts - SNA 2008 - SNE,2018,3
SNEQ.SG04SP030000S321,2018.06,1619,Experimental,Dollars,6,S,Consolidated accounts - table 1.2,P03,Final consumption expenditure,,,32,Local government institutions,National Accounts - SNA 2008 - SNE,2018,6
SNEQ.SG04SP030000S321,2018.09,1590,Experimental,Dollars,6,S,Consolidated accounts - table 1.2,P03,Final consumption expenditure,,,32,Local government institutions,National Accounts - SNA 2008 - SNE,2018,9
SNEQ.SG04SP030000S321,2018.12,1599,Experimental,Dollars,6,S,Consolidated accounts - table 1.2,P03,Final consumption expenditure,,,32,Local government institutions,National Accounts - SNA 2008 - SNE,2018,12
SNEQ.SG04SP030000S321,2019.03,1654,Experimental,Dollars,6,S,Consolidated accounts - table 1.2,P03,Final consumption expenditure,,,32,Local government institutions,National Accounts - SNA 2008 - SNE,2019,3
SNEQ.SG04SP030000S321,2019.06,1711,Experimental,Dollars,6,S,Consolidated accounts - table 1.2,P03,Final consumption expenditure,,,32,Local government institutions,National Accounts - SNA 2008 - SNE,2019,6
SNEQ.SG04SP030000S321,2019.09,1743,Experimental,Dollars,6,S,Consolidated accounts - table 1.2,P03,Final consumption expenditure,,,32,Local government institutions,National Accounts - SNA 2008 - SNE,2019,9
SNEQ.SG04SP030000S321,2019.12,1780,Experimental,Dollars,6,S,Consolidated accounts - table 1.2,P03,Final consumption expenditure,,,32,Local government institutions,National Accounts - SNA 2008 - SNE,2019,12
SNEQ.SG04SP030000S321,2020.03,1786,Experimental,Dollars,6,S,Consolidated accounts - table 1.2,P03,Final consumption expenditure,,,32,Local government institutions,National Accounts - SNA 2008 - SNE,2020,3
SNEQ.SG04SP030000S321,2020.06,1774,Experimental,Dollars,6,S,Consolidated accounts - table 1.2,P03,Final consumption expenditure,,,32,Local government institutions,National Accounts - SNA 2008 - SNE,2020,6
SNEQ.SG04SP030000S321,2020.09,1802,Experimental,Dollars,6,S,Consolidated accounts - table 1.2,P03,Final consumption expenditure,,,32,Local government institutions,National Accounts - SNA 2008 - SNE,2020,9
SNEQ.SG04SP030000S321,2020.12,1819,Experimental,Dollars,6,S,Consolidated accounts - table 1.2,P03,Final consumption expenditure,,,32,Local government institutions,National Accounts - SNA 2008 - SNE,2020,12
SNEQ.SG04SP030000S321,2021.03,1852,Experimental,Dollars,6,S,Consolidated accounts - table 1.2,P03,Final consumption expenditure,,,32,Local government institutions,National Accounts - SNA 2008 - SNE,2021,3
SNEQ.SG04SP030000S321,2021.06,1862,Experimental,Dollars,6,S,Consolidated accounts - table 1.2,P03,Final consumption expenditure,,,32,Local government institutions,National Accounts - SNA 2008 - SNE,2021,6
SNEQ.SG04SP030000S321,2021.09,1924,Experimental,Dollars,6,S,Consolidated accounts - table 1.2,P03,Final consumption expenditure,,,32,Local government institutions,National Accounts - SNA 2008 - SNE,2021,9
SNEQ.SG04SP030000S321,2021.12,2004,Experimental,Dollars,6,S,Consolidated accounts - table 1.2,P03,Final consumption expenditure,,,32,Local government institutions,National Accounts - SNA 2008 - SNE,2021,12
SNEQ.SG04SP030000S321,2022.03,2067,Experimental,Dollars,6,S,Consolidated accounts - table 1.2,P03,Final consumption expenditure,,,32,Local government institutions,National Accounts - SNA 2008 - SNE,2022,3
SNEQ.SG04SP030000S321,2022.06,2206,Experimental,Dollars,6,S,Consolidated accounts - table 1.2,P03,Final consumption expenditure,,,32,Local government institutions,National Accounts - SNA 2008 - SNE,2022,6
SNEQ.SG04SP030000S321,2022.09,2312,Experimental,Dollars,6,S,Consolidated accounts - table 1.2,P03,Final consumption expenditure,,,32,Local government institutions,National Accounts - SNA 2008 - SNE,2022,9
SNEQ.SG04SP030000S321,2022.12,2387,Experimental,Dollars,6,S,Consolidated accounts - table 1.2,P03,Final consumption expenditure,,,32,Local government institutions,National Accounts - SNA 2008 - SNE,2022,12
SNEQ.SG04SP030000S321,2023.03,2494,Experimental,Dollars,6,S,Consolidated accounts - table 1.2,P03,Final consumption expenditure,,,32,Local government institutions,National Accounts - SNA 2008 - SNE,2023,3
SNEQ.SG04SP030000S321,2023.06,2574,Experimental,Dollars,6,S,Consolidated accounts - table 1.2,P03,Final consumption expenditure,,,32,Local government institutions,National Accounts - SNA 2008 - SNE,2023,6
SNEQ.SG04SP030000S321,2023.09,2591,Experimental,Dollars,6,S,Consolidated accounts - table 1.2,P03,Final consumption expenditure,,,32,Local government institutions,National Accounts - SNA 2008 - SNE,2023,9
SNEQ.SG04SP030000S321,2023.12,2638,Experimental,Dollars,6,S,Consolidated accounts - table 1.2,P03,Final consumption expenditure,,,32,Local government institutions,National Accounts - SNA 2008 - SNE,2023,12
SNEQ.SG04SP030000S321,2024.03,2677,Experimental,Dollars,6,S,Consolidated accounts - table 1.2,P03,Final consumption expenditure,,,32,Local government institutions,National Accounts - SNA 2008 - SNE,2024,3
SNEQ.SG04SP030000S321,2024.06,2655,Experimental,Dollars,6,S,Consolidated accounts - table 1.2,P03,Final consumption expenditure,,,32,Local government institutions,National Accounts - SNA 2008 - SNE,2024,6
SNEQ.SG04SP030000S321,2024.09,2726,Experimental,Dollars,6,S,Consolidated accounts - table 1.2,P03,Final consumption expenditure,,,32,Local government institutions,National Accounts - SNA 2008 - SNE,2024,9
SNEQ.SG04SP030000S321,2024.12,2778,Experimental,Dollars,6,S,Consolidated accounts - table 1.2,P03,Final consumption expenditure,,,32,Local government institutions,National Accounts - SNA 2008 - SNE,2024,12
SNEQ.SG04SP030000S321,2025.03,2776,Experimental,Dollars,6,S,Consolidated accounts - table 1.2,P03,Final consumption expenditure,,,32,Local government institutions,National Accounts - SNA 2008 - SNE,2025,3
SNEQ.SG04SP030000S321,2025.06,2839,Experimental,Dollars,6,S,Consolidated accounts - table 1.2,P03,Final consumption expenditure,,,32,Local government institutions,National Accounts - SNA 2008 - SNE,2025,6
SNEQ.SG04SP030000S400,2016.06,719,Experimental,Dollars,6,S,Consolidated accounts - table 1.2,P03,Final consumption expenditure,,,4,Non-profit institutions serving households,National Accounts - SNA 2008 - SNE,2016,6
SNEQ.SG04SP030000S400,2016.09,729,Experimental,Dollars,6,S,Consolidated accounts - table 1.2,P03,Final consumption expenditure,,,4,Non-profit institutions serving households,National Accounts - SNA 2008 - SNE,2016,9
SNEQ.SG04SP030000S400,2016.12,742,Experimental,Dollars,6,S,Consolidated accounts - table 1.2,P03,Final consumption expenditure,,,4,Non-profit institutions serving households,National Accounts - SNA 2008 - SNE,2016,12
SNEQ.SG04SP030000S400,2017.03,757,Experimental,Dollars,6,S,Consolidated accounts - table 1.2,P03,Final consumption expenditure,,,4,Non-profit institutions serving households,National Accounts - SNA 2008 - SNE,2017,3
SNEQ.SG04SP030000S400,2017.06,774,Experimental,Dollars,6,S,Consolidated accounts - table 1.2,P03,Final consumption expenditure,,,4,Non-profit institutions serving households,National Accounts - SNA 2008 - SNE,2017,6
SNEQ.SG04SP030000S400,2017.09,787,Experimental,Dollars,6,S,Consolidated accounts - table 1.2,P03,Final consumption expenditure,,,4,Non-profit institutions serving households,National Accounts - SNA 2008 - SNE,2017,9
SNEQ.SG04SP030000S400,2017.12,796,Experimental,Dollars,6,S,Consolidated accounts - table 1.2,P03,Final consumption expenditure,,,4,Non-profit institutions serving households,National Accounts - SNA 2008 - SNE,2017,12
SNEQ.SG04SP030000S400,2018.03,802,Experimental,Dollars,6,S,Consolidated accounts - table 1.2,P03,Final consumption expenditure,,,4,Non-profit institutions serving households,National Accounts - SNA 2008 - SNE,2018,3
SNEQ.SG04SP030000S400,2018.06,803,Experimental,Dollars,6,S,Consolidated accounts - table 1.2,P03,Final consumption expenditure,,,4,Non-profit institutions serving households,National Accounts - SNA 2008 - SNE,2018,6
SNEQ.SG04SP030000S400,2018.09,807,Experimental,Dollars,6,S,Consolidated accounts - table 1.2,P03,Final consumption expenditure,,,4,Non-profit institutions serving households,National Accounts - SNA 2008 - SNE,2018,9
SNEQ.SG04SP030000S400,2018.12,814,Experimental,Dollars,6,S,Consolidated accounts - table 1.2,P03,Final consumption expenditure,,,4,Non-profit institutions serving households,National Accounts - SNA 2008 - SNE,2018,12
SNEQ.SG04SP030000S400,2019.03,824,Experimental,Dollars,6,S,Consolidated accounts - table 1.2,P03,Final consumption expenditure,,,4,Non-profit institutions serving households,National Accounts - SNA 2008 - SNE,2019,3
SNEQ.SG04SP030000S400,2019.06,836,Experimental,Dollars,6,S,Consolidated accounts - table 1.2,P03,Final consumption expenditure,,,4,Non-profit institutions serving households,National Accounts - SNA 2008 - SNE,2019,6
SNEQ.SG04SP030000S400,2019.09,846,Experimental,Dollars,6,S,Consolidated accounts - table 1.2,P03,Final consumption expenditure,,,4,Non-profit institutions serving households,National Accounts - SNA 2008 - SNE,2019,9
SNEQ.SG04SP030000S400,2019.12,854,Experimental,Dollars,6,S,Consolidated accounts - table 1.2,P03,Final consumption expenditure,,,4,Non-profit institutions serving households,National Accounts - SNA 2008 - SNE,2019,12
SNEQ.SG04SP030000S400,2020.03,834,Experimental,Dollars,6,S,Consolidated accounts - table 1.2,P03,Final consumption expenditure,,,4,Non-profit institutions serving households,National Accounts - SNA 2008 - SNE,2020,3
SNEQ.SG04SP030000S400,2020.06,662,Experimental,Dollars,6,S,Consolidated accounts - table 1.2,P03,Final consumption expenditure,,,4,Non-profit institutions serving households,National Accounts - SNA 2008 - SNE,2020,6
SNEQ.SG04SP030000S400,2020.09,831,Experimental,Dollars,6,S,Consolidated accounts - table 1.2,P03,Final consumption expenditure,,,4,Non-profit institutions serving households,National Accounts - SNA 2008 - SNE,2020,9
SNEQ.SG04SP030000S400,2020.12,878,Experimental,Dollars,6,S,Consolidated accounts - table 1.2,P03,Final consumption expenditure,,,4,Non-profit institutions serving households,National Accounts - SNA 2008 - SNE,2020,12
SNEQ.SG04SP030000S400,2021.03,890,Experimental,Dollars,6,S,Consolidated accounts - table 1.2,P03,Final consumption expenditure,,,4,Non-profit institutions serving households,National Accounts - SNA 2008 - SNE,2021,3
SNEQ.SG04SP030000S400,2021.06,907,Experimental,Dollars,6,S,Consolidated accounts - table 1.2,P03,Final consumption expenditure,,,4,Non-profit institutions serving households,National Accounts - SNA 2008 - SNE,2021,6
SNEQ.SG04SP030000S400,2021.09,872,Experimental,Dollars,6,S,Consolidated accounts - table 1.2,P03,Final consumption expenditure,,,4,Non-profit institutions serving households,National Accounts - SNA 2008 - SNE,2021,9
SNEQ.SG04SP030000S400,2021.12,890,Experimental,Dollars,6,S,Consolidated accounts - table 1.2,P03,Final consumption expenditure,,,4,Non-profit institutions serving households,National Accounts - SNA 2008 - SNE,2021,12
SNEQ.SG04SP030000S400,2022.03,985,Experimental,Dollars,6,S,Consolidated accounts - table 1.2,P03,Final consumption expenditure,,,4,Non-profit institutions serving households,National Accounts - SNA 2008 - SNE,2022,3
SNEQ.SG04SP030000S400,2022.06,1061,Experimental,Dollars,6,S,Consolidated accounts - table 1.2,P03,Final consumption expenditure,,,4,Non-profit institutions serving households,National Accounts - SNA 2008 - SNE,2022,6
SNEQ.SG04SP030000S400,2022.09,1107,Experimental,Dollars,6,S,Consolidated accounts - table 1.2,P03,Final consumption expenditure,,,4,Non-profit institutions serving households,National Accounts - SNA 2008 - SNE,2022,9
SNEQ.SG04SP030000S400,2022.12,1148,Experimental,Dollars,6,S,Consolidated accounts - table 1.2,P03,Final consumption expenditure,,,4,Non-profit institutions serving households,National Accounts - SNA 2008 - SNE,2022,12
SNEQ.SG04SP030000S400,2023.03,1185,Experimental,Dollars,6,S,Consolidated accounts - table 1.2,P03,Final consumption expenditure,,,4,Non-profit institutions serving households,National Accounts - SNA 2008 - SNE,2023,3
SNEQ.SG04SP030000S400,2023.06,1216,Experimental,Dollars,6,S,Consolidated accounts - table 1.2,P03,Final consumption expenditure,,,4,Non-profit institutions serving households,National Accounts - SNA 2008 - SNE,2023,6
SNEQ.SG04SP030000S400,2023.09,1242,Experimental,Dollars,6,S,Consolidated accounts - table 1.2,P03,Final consumption expenditure,,,4,Non-profit institutions serving households,National Accounts - SNA 2008 - SNE,2023,9
SNEQ.SG04SP030000S400,2023.12,1262,Experimental,Dollars,6,S,Consolidated accounts - table 1.2,P03,Final consumption expenditure,,,4,Non-profit institutions serving households,National Accounts - SNA 2008 - SNE,2023,12
SNEQ.SG04SP030000S400,2024.03,1278,Experimental,Dollars,6,S,Consolidated accounts - table 1.2,P03,Final consumption expenditure,,,4,Non-profit institutions serving households,National Accounts - SNA 2008 - SNE,2024,3
SNEQ.SG04SP030000S400,2024.06,1289,Experimental,Dollars,6,S,Consolidated accounts - table 1.2,P03,Final consumption expenditure,,,4,Non-profit institutions serving households,National Accounts - SNA 2008 - SNE,2024,6
SNEQ.SG04SP030000S400,2024.09,1303,Experimental,Dollars,6,S,Consolidated accounts - table 1.2,P03,Final consumption expenditure,,,4,Non-profit institutions serving households,National Accounts - SNA 2008 - SNE,2024,9
SNEQ.SG04SP030000S400,2024.12,1319,Experimental,Dollars,6,S,Consolidated accounts - table 1.2,P03,Final consumption expenditure,,,4,Non-profit institutions serving households,National Accounts - SNA 2008 - SNE,2024,12
SNEQ.SG04SP030000S400,2025.03,1337,Experimental,Dollars,6,S,Consolidated accounts - table 1.2,P03,Final consumption expenditure,,,4,Non-profit institutions serving households,National Accounts - SNA 2008 - SNE,2025,3
SNEQ.SG04SP030000S400,2025.06,1359,Experimental,Dollars,6,S,Consolidated accounts - table 1.2,P03,Final consumption expenditure,,,4,Non-profit institutions serving households,National Accounts - SNA 2008 - SNE,2025,6
SNEQ.SG04SP030000S500,2016.06,37603,Experimental,Dollars,6,S,Consolidated accounts - table 1.2,P03,Final consumption expenditure,,,5,Households,National Accounts - SNA 2008 - SNE,2016,6
SNEQ.SG04SP030000S500,2016.09,38165,Experimental,Dollars,6,S,Consolidated accounts - table 1.2,P03,Final consumption expenditure,,,5,Households,National Accounts - SNA 2008 - SNE,2016,9
SNEQ.SG04SP030000S500,2016.12,38771,Experimental,Dollars,6,S,Consolidated accounts - table 1.2,P03,Final consumption expenditure,,,5,Households,National Accounts - SNA 2008 - SNE,2016,12
SNEQ.SG04SP030000S500,2017.03,39802,Experimental,Dollars,6,S,Consolidated accounts - table 1.2,P03,Final consumption expenditure,,,5,Households,National Accounts - SNA 2008 - SNE,2017,3
SNEQ.SG04SP030000S500,2017.06,40125,Experimental,Dollars,6,S,Consolidated accounts - table 1.2,P03,Final consumption expenditure,,,5,Households,National Accounts - SNA 2008 - SNE,2017,6
SNEQ.SG04SP030000S500,2017.09,40617,Experimental,Dollars,6,S,Consolidated accounts - table 1.2,P03,Final consumption expenditure,,,5,Households,National Accounts - SNA 2008 - SNE,2017,9
SNEQ.SG04SP030000S500,2017.12,41352,Experimental,Dollars,6,S,Consolidated accounts - table 1.2,P03,Final consumption expenditure,,,5,Households,National Accounts - SNA 2008 - SNE,2017,12
SNEQ.SG04SP030000S500,2018.03,41758,Experimental,Dollars,6,S,Consolidated accounts - table 1.2,P03,Final consumption expenditure,,,5,Households,National Accounts - SNA 2008 - SNE,2018,3
SNEQ.SG04SP030000S500,2018.06,42555,Experimental,Dollars,6,S,Consolidated accounts - table 1.2,P03,Final consumption expenditure,,,5,Households,National Accounts - SNA 2008 - SNE,2018,6
SNEQ.SG04SP030000S500,2018.09,43320,Experimental,Dollars,6,S,Consolidated accounts - table 1.2,P03,Final consumption expenditure,,,5,Households,National Accounts - SNA 2008 - SNE,2018,9
SNEQ.SG04SP030000S500,2018.12,43948,Experimental,Dollars,6,S,Consolidated accounts - table 1.2,P03,Final consumption expenditure,,,5,Households,National Accounts - SNA 2008 - SNE,2018,12
SNEQ.SG04SP030000S500,2019.03,44027,Experimental,Dollars,6,S,Consolidated accounts - table 1.2,P03,Final consumption expenditure,,,5,Households,National Accounts - SNA 2008 - SNE,2019,3
SNEQ.SG04SP030000S500,2019.06,44723,Experimental,Dollars,6,S,Consolidated accounts - table 1.2,P03,Final consumption expenditure,,,5,Households,National Accounts - SNA 2008 - SNE,2019,6
SNEQ.SG04SP030000S500,2019.09,45334,Experimental,Dollars,6,S,Consolidated accounts - table 1.2,P03,Final consumption expenditure,,,5,Households,National Accounts - SNA 2008 - SNE,2019,9
SNEQ.SG04SP030000S500,2019.12,45740,Experimental,Dollars,6,S,Consolidated accounts - table 1.2,P03,Final consumption expenditure,,,5,Households,National Accounts - SNA 2008 - SNE,2019,12
SNEQ.SG04SP030000S500,2020.03,45541,Experimental,Dollars,6,S,Consolidated accounts - table 1.2,P03,Final consumption expenditure,,,5,Households,National Accounts - SNA 2008 - SNE,2020,3
SNEQ.SG04SP030000S500,2020.06,40410,Experimental,Dollars,6,S,Consolidated accounts - table 1.2,P03,Final consumption expenditure,,,5,Households,National Accounts - SNA 2008 - SNE,2020,6
SNEQ.SG04SP030000S500,2020.09,46238,Experimental,Dollars,6,S,Consolidated accounts - table 1.2,P03,Final consumption expenditure,,,5,Households,National Accounts - SNA 2008 - SNE,2020,9
SNEQ.SG04SP030000S500,2020.12,47265,Experimental,Dollars,6,S,Consolidated accounts - table 1.2,P03,Final consumption expenditure,,,5,Households,National Accounts - SNA 2008 - SNE,2020,12
SNEQ.SG04SP030000S500,2021.03,49870,Experimental,Dollars,6,S,Consolidated accounts - table 1.2,P03,Final consumption expenditure,,,5,Households,National Accounts - SNA 2008 - SNE,2021,3
SNEQ.SG04SP030000S500,2021.06,50543,Experimental,Dollars,6,S,Consolidated accounts - table 1.2,P03,Final consumption expenditure,,,5,Households,National Accounts - SNA 2008 - SNE,2021,6
SNEQ.SG04SP030000S500,2021.09,47661,Experimental,Dollars,6,S,Consolidated accounts - table 1.2,P03,Final consumption expenditure,,,5,Households,National Accounts - SNA 2008 - SNE,2021,9
SNEQ.SG04SP030000S500,2021.12,50860,Experimental,Dollars,6,S,Consolidated accounts - table 1.2,P03,Final consumption expenditure,,,5,Households,National Accounts - SNA 2008 - SNE,2021,12
SNEQ.SG04SP030000S500,2022.03,54097,Experimental,Dollars,6,S,Consolidated accounts - table 1.2,P03,Final consumption expenditure,,,5,Households,National Accounts - SNA 2008 - SNE,2022,3
SNEQ.SG04SP030000S500,2022.06,53808,Experimental,Dollars,6,S,Consolidated accounts - table 1.2,P03,Final consumption expenditure,,,5,Households,National Accounts - SNA 2008 - SNE,2022,6
SNEQ.SG04SP030000S500,2022.09,55223,Experimental,Dollars,6,S,Consolidated accounts - table 1.2,P03,Final consumption expenditure,,,5,Households,National Accounts - SNA 2008 - SNE,2022,9
SNEQ.SG04SP030000S500,2022.12,56519,Experimental,Dollars,6,S,Consolidated accounts - table 1.2,P03,Final consumption expenditure,,,5,Households,National Accounts - SNA 2008 - SNE,2022,12
SNEQ.SG04SP030000S500,2023.03,57579,Experimental,Dollars,6,S,Consolidated accounts - table 1.2,P03,Final consumption expenditure,,,5,Households,National Accounts - SNA 2008 - SNE,2023,3
SNEQ.SG04SP030000S500,2023.06,58474,Experimental,Dollars,6,S,Consolidated accounts - table 1.2,P03,Final consumption expenditure,,,5,Households,National Accounts - SNA 2008 - SNE,2023,6
SNEQ.SG04SP030000S500,2023.09,58482,Experimental,Dollars,6,S,Consolidated accounts - table 1.2,P03,Final consumption expenditure,,,5,Households,National Accounts - SNA 2008 - SNE,2023,9
SNEQ.SG04SP030000S500,2023.12,58983,Experimental,Dollars,6,S,Consolidated accounts - table 1.2,P03,Final consumption expenditure,,,5,Households,National Accounts - SNA 2008 - SNE,2023,12
SNEQ.SG04SP030000S500,2024.03,59206,Experimental,Dollars,6,S,Consolidated accounts - table 1.2,P03,Final consumption expenditure,,,5,Households,National Accounts - SNA 2008 - SNE,2024,3
SNEQ.SG04SP030000S500,2024.06,59482,Experimental,Dollars,6,S,Consolidated accounts - table 1.2,P03,Final consumption expenditure,,,5,Households,National Accounts - SNA 2008 - SNE,2024,6
SNEQ.SG04SP030000S500,2024.09,59770,Experimental,Dollars,6,S,Consolidated accounts - table 1.2,P03,Final consumption expenditure,,,5,Households,National Accounts - SNA 2008 - SNE,2024,9
SNEQ.SG04SP030000S500,2024.12,60211,Experimental,Dollars,6,S,Consolidated accounts - table 1.2,P03,Final consumption expenditure,,,5,Households,National Accounts - SNA 2008 - SNE,2024,12
SNEQ.SG04SP030000S500,2025.03,61444,Experimental,Dollars,6,S,Consolidated accounts - table 1.2,P03,Final consumption expenditure,,,5,Households,National Accounts - SNA 2008 - SNE,2025,3
SNEQ.SG04SP030000S500,2025.06,61962,Experimental,Dollars,6,S,Consolidated accounts - table 1.2,P03,Final consumption expenditure,,,5,Households,National Accounts - SNA 2008 - SNE,2025,6
SNEQ.SG04SD040000S600,2016.06,-1946,Experimental,Dollars,6,S,Consolidated accounts - table 1.2,D04,"Investment income from the rest of the world,",,,6,Rest of world,National Accounts - SNA 2008 - SNE,2016,6
SNEQ.SG04SD040000S600,2016.09,-2137,Experimental,Dollars,6,S,Consolidated accounts - table 1.2,D04,"Investment income from the rest of the world,",,,6,Rest of world,National Accounts - SNA 2008 - SNE,2016,9
SNEQ.SG04SD040000S600,2016.12,-1956,Experimental,Dollars,6,S,Consolidated accounts - table 1.2,D04,"Investment income from the rest of the world,",,,6,Rest of world,National Accounts - SNA 2008 - SNE,2016,12
SNEQ.SG04SD040000S600,2017.03,-2575,Experimental,Dollars,6,S,Consolidated accounts - table 1.2,D04,"Investment income from the rest of the world,",,,6,Rest of world,National Accounts - SNA 2008 - SNE,2017,3
SNEQ.SG04SD040000S600,2017.06,-2191,Experimental,Dollars,6,S,Consolidated accounts - table 1.2,D04,"Investment income from the rest of the world,",,,6,Rest of world,National Accounts - SNA 2008 - SNE,2017,6
SNEQ.SG04SD040000S600,2017.09,-2859,Experimental,Dollars,6,S,Consolidated accounts - table 1.2,D04,"Investment income from the rest of the world,",,,6,Rest of world,National Accounts - SNA 2008 - SNE,2017,9
SNEQ.SG04SD040000S600,2017.12,-3026,Experimental,Dollars,6,S,Consolidated accounts - table 1.2,D04,"Investment income from the rest of the world,",,,6,Rest of world,National Accounts - SNA 2008 - SNE,2017,12
SNEQ.SG04SD040000S600,2018.03,-2700,Experimental,Dollars,6,S,Consolidated accounts - table 1.2,D04,"Investment income from the rest of the world,",,,6,Rest of world,National Accounts - SNA 2008 - SNE,2018,3
SNEQ.SG04SD040000S600,2018.06,-2859,Experimental,Dollars,6,S,Consolidated accounts - table 1.2,D04,"Investment income from the rest of the world,",,,6,Rest of world,National Accounts - SNA 2008 - SNE,2018,6
SNEQ.SG04SD040000S600,2018.09,-2719,Experimental,Dollars,6,S,Consolidated accounts - table 1.2,D04,"Investment income from the rest of the world,",,,6,Rest of world,National Accounts - SNA 2008 - SNE,2018,9
SNEQ.SG04SD040000S600,2018.12,-2830,Experimental,Dollars,6,S,Consolidated accounts - table 1.2,D04,"Investment income from the rest of the world,",,,6,Rest of world,National Accounts - SNA 2008 - SNE,2018,12
SNEQ.SG04SD040000S600,2019.03,-2499,Experimental,Dollars,6,S,Consolidated accounts - table 1.2,D04,"Investment income from the rest of the world,",,,6,Rest of world,National Accounts - SNA 2008 - SNE,2019,3
SNEQ.SG04SD040000S600,2019.06,-2275,Experimental,Dollars,6,S,Consolidated accounts - table 1.2,D04,"Investment income from the rest of the world,",,,6,Rest of world,National Accounts - SNA 2008 - SNE,2019,6
SNEQ.SG04SD040000S600,2019.09,-2075,Experimental,Dollars,6,S,Consolidated accounts - table 1.2,D04,"Investment income from the rest of the world,",,,6,Rest of world,National Accounts - SNA 2008 - SNE,2019,9
SNEQ.SG04SD040000S600,2019.12,-1768,Experimental,Dollars,6,S,Consolidated accounts - table 1.2,D04,"Investment income from the rest of the world,",,,6,Rest of world,National Accounts - SNA 2008 - SNE,2019,12
SNEQ.SG04SD040000S600,2020.03,-1724,Experimental,Dollars,6,S,Consolidated accounts - table 1.2,D04,"Investment income from the rest of the world,",,,6,Rest of world,National Accounts - SNA 2008 - SNE,2020,3
SNEQ.SG04SD040000S600,2020.06,-1279,Experimental,Dollars,6,S,Consolidated accounts - table 1.2,D04,"Investment income from the rest of the world,",,,6,Rest of world,National Accounts - SNA 2008 - SNE,2020,6
SNEQ.SG04SD040000S600,2020.09,-1484,Experimental,Dollars,6,S,Consolidated accounts - table 1.2,D04,"Investment income from the rest of the world,",,,6,Rest of world,National Accounts - SNA 2008 - SNE,2020,9
SNEQ.SG04SD040000S600,2020.12,-1278,Experimental,Dollars,6,S,Consolidated accounts - table 1.2,D04,"Investment income from the rest of the world,",,,6,Rest of world,National Accounts - SNA 2008 - SNE,2020,12
SNEQ.SG04SD040000S600,2021.03,-2039,Experimental,Dollars,6,S,Consolidated accounts - table 1.2,D04,"Investment income from the rest of the world,",,,6,Rest of world,National Accounts - SNA 2008 - SNE,2021,3
SNEQ.SG04SD040000S600,2021.06,-2101,Experimental,Dollars,6,S,Consolidated accounts - table 1.2,D04,"Investment income from the rest of the world,",,,6,Rest of world,National Accounts - SNA 2008 - SNE,2021,6
SNEQ.SG04SD040000S600,2021.09,-2107,Experimental,Dollars,6,S,Consolidated accounts - table 1.2,D04,"Investment income from the rest of the world,",,,6,Rest of world,National Accounts - SNA 2008 - SNE,2021,9
SNEQ.SG04SD040000S600,2021.12,-2466,Experimental,Dollars,6,S,Consolidated accounts - table 1.2,D04,"Investment income from the rest of the world,",,,6,Rest of world,National Accounts - SNA 2008 - SNE,2021,12
SNEQ.SG04SD040000S600,2022.03,-2621,Experimental,Dollars,6,S,Consolidated accounts - table 1.2,D04,"Investment income from the rest of the world,",,,6,Rest of world,National Accounts - SNA 2008 - SNE,2022,3
SNEQ.SG04SD040000S600,2022.06,-3121,Experimental,Dollars,6,S,Consolidated accounts - table 1.2,D04,"Investment income from the rest of the world,",,,6,Rest of world,National Accounts - SNA 2008 - SNE,2022,6
SNEQ.SG04SD040000S600,2022.09,-3054,Experimental,Dollars,6,S,Consolidated accounts - table 1.2,D04,"Investment income from the rest of the world,",,,6,Rest of world,National Accounts - SNA 2008 - SNE,2022,9
SNEQ.SG04SD040000S600,2022.12,-3506,Experimental,Dollars,6,S,Consolidated accounts - table 1.2,D04,"Investment income from the rest of the world,",,,6,Rest of world,National Accounts - SNA 2008 - SNE,2022,12
SNEQ.SG04SD040000S600,2023.03,-2757,Experimental,Dollars,6,S,Consolidated accounts - table 1.2,D04,"Investment income from the rest of the world,",,,6,Rest of world,National Accounts - SNA 2008 - SNE,2023,3
SNEQ.SG04SD040000S600,2023.06,-2920,Experimental,Dollars,6,S,Consolidated accounts - table 1.2,D04,"Investment income from the rest of the world,",,,6,Rest of world,National Accounts - SNA 2008 - SNE,2023,6
SNEQ.SG04SD040000S600,2023.09,-3300,Experimental,Dollars,6,S,Consolidated accounts - table 1.2,D04,"Investment income from the rest of the world,",,,6,Rest of world,National Accounts - SNA 2008 - SNE,2023,9
SNEQ.SG04SD040000S600,2023.12,-2818,Experimental,Dollars,6,S,Consolidated accounts - table 1.2,D04,"Investment income from the rest of the world,",,,6,Rest of world,National Accounts - SNA 2008 - SNE,2023,12
SNEQ.SG04SD040000S600,2024.03,-2583,Experimental,Dollars,6,S,Consolidated accounts - table 1.2,D04,"Investment income from the rest of the world,",,,6,Rest of world,National Accounts - SNA 2008 - SNE,2024,3
SNEQ.SG04SD040000S600,2024.06,-2477,Experimental,Dollars,6,S,Consolidated accounts - table 1.2,D04,"Investment income from the rest of the world,",,,6,Rest of world,National Accounts - SNA 2008 - SNE,2024,6
SNEQ.SG04SD040000S600,2024.09,-2654,Experimental,Dollars,6,S,Consolidated accounts - table 1.2,D04,"Investment income from the rest of the world,",,,6,Rest of world,National Accounts - SNA 2008 - SNE,2024,9
SNEQ.SG04SD040000S600,2024.12,-2756,Experimental,Dollars,6,S,Consolidated accounts - table 1.2,D04,"Investment income from the rest of the world,",,,6,Rest of world,National Accounts - SNA 2008 - SNE,2024,12
SNEQ.SG04SD040000S600,2025.03,-3103,Experimental,Dollars,6,S,Consolidated accounts - table 1.2,D04,"Investment income from the rest of the world,",,,6,Rest of world,National Accounts - SNA 2008 - SNE,2025,3
SNEQ.SG04SD040000S600,2025.06,-2059,Experimental,Dollars,6,S,Consolidated accounts - table 1.2,D04,"Investment income from the rest of the world,",,,6,Rest of world,National Accounts - SNA 2008 - SNE,2025,6
SNEQ.SG04SD075000S600,2016.06,93,Experimental,Dollars,6,S,Consolidated accounts - table 1.2,D075,"Current transfers from the rest of the world,",,,6,Rest of world,National Accounts - SNA 2008 - SNE,2016,6
SNEQ.SG04SD075000S600,2016.09,-196,Experimental,Dollars,6,S,Consolidated accounts - table 1.2,D075,"Current transfers from the rest of the world,",,,6,Rest of world,National Accounts - SNA 2008 - SNE,2016,9
SNEQ.SG04SD075000S600,2016.12,23,Experimental,Dollars,6,S,Consolidated accounts - table 1.2,D075,"Current transfers from the rest of the world,",,,6,Rest of world,National Accounts - SNA 2008 - SNE,2016,12
SNEQ.SG04SD075000S600,2017.03,-140,Experimental,Dollars,6,S,Consolidated accounts - table 1.2,D075,"Current transfers from the rest of the world,",,,6,Rest of world,National Accounts - SNA 2008 - SNE,2017,3
SNEQ.SG04SD075000S600,2017.06,-152,Experimental,Dollars,6,S,Consolidated accounts - table 1.2,D075,"Current transfers from the rest of the world,",,,6,Rest of world,National Accounts - SNA 2008 - SNE,2017,6
SNEQ.SG04SD075000S600,2017.09,-166,Experimental,Dollars,6,S,Consolidated accounts - table 1.2,D075,"Current transfers from the rest of the world,",,,6,Rest of world,National Accounts - SNA 2008 - SNE,2017,9
SNEQ.SG04SD075000S600,2017.12,-77,Experimental,Dollars,6,S,Consolidated accounts - table 1.2,D075,"Current transfers from the rest of the world,",,,6,Rest of world,National Accounts - SNA 2008 - SNE,2017,12
SNEQ.SG04SD075000S600,2018.03,-324,Experimental,Dollars,6,S,Consolidated accounts - table 1.2,D075,"Current transfers from the rest of the world,",,,6,Rest of world,National Accounts - SNA 2008 - SNE,2018,3
SNEQ.SG04SD075000S600,2018.06,-215,Experimental,Dollars,6,S,Consolidated accounts - table 1.2,D075,"Current transfers from the rest of the world,",,,6,Rest of world,National Accounts - SNA 2008 - SNE,2018,6
SNEQ.SG04SD075000S600,2018.09,-280,Experimental,Dollars,6,S,Consolidated accounts - table 1.2,D075,"Current transfers from the rest of the world,",,,6,Rest of world,National Accounts - SNA 2008 - SNE,2018,9
SNEQ.SG04SD075000S600,2018.12,-63,Experimental,Dollars,6,S,Consolidated accounts - table 1.2,D075,"Current transfers from the rest of the world,",,,6,Rest of world,National Accounts - SNA 2008 - SNE,2018,12
SNEQ.SG04SD075000S600,2019.03,-21,Experimental,Dollars,6,S,Consolidated accounts - table 1.2,D075,"Current transfers from the rest of the world,",,,6,Rest of world,National Accounts - SNA 2008 - SNE,2019,3
SNEQ.SG04SD075000S600,2019.06,-27,Experimental,Dollars,6,S,Consolidated accounts - table 1.2,D075,"Current transfers from the rest of the world,",,,6,Rest of world,National Accounts - SNA 2008 - SNE,2019,6
SNEQ.SG04SD075000S600,2019.09,-161,Experimental,Dollars,6,S,Consolidated accounts - table 1.2,D075,"Current transfers from the rest of the world,",,,6,Rest of world,National Accounts - SNA 2008 - SNE,2019,9
SNEQ.SG04SD075000S600,2019.12,7,Experimental,Dollars,6,S,Consolidated accounts - table 1.2,D075,"Current transfers from the rest of the world,",,,6,Rest of world,National Accounts - SNA 2008 - SNE,2019,12
SNEQ.SG04SD075000S600,2020.03,-2,Experimental,Dollars,6,S,Consolidated accounts - table 1.2,D075,"Current transfers from the rest of the world,",,,6,Rest of world,National Accounts - SNA 2008 - SNE,2020,3
SNEQ.SG04SD075000S600,2020.06,-210,Experimental,Dollars,6,S,Consolidated accounts - table 1.2,D075,"Current transfers from the rest of the world,",,,6,Rest of world,National Accounts - SNA 2008 - SNE,2020,6
SNEQ.SG04SD075000S600,2020.09,-168,Experimental,Dollars,6,S,Consolidated accounts - table 1.2,D075,"Current transfers from the rest of the world,",,,6,Rest of world,National Accounts - SNA 2008 - SNE,2020,9
SNEQ.SG04SD075000S600,2020.12,-21,Experimental,Dollars,6,S,Consolidated accounts - table 1.2,D075,"Current transfers from the rest of the world,",,,6,Rest of world,National Accounts - SNA 2008 - SNE,2020,12
SNEQ.SG04SD075000S600,2021.03,-14,Experimental,Dollars,6,S,Consolidated accounts - table 1.2,D075,"Current transfers from the rest of the world,",,,6,Rest of world,National Accounts - SNA 2008 - SNE,2021,3
SNEQ.SG04SD075000S600,2021.06,148,Experimental,Dollars,6,S,Consolidated accounts - table 1.2,D075,"Current transfers from the rest of the world,",,,6,Rest of world,National Accounts - SNA 2008 - SNE,2021,6
SNEQ.SG04SD075000S600,2021.09,-165,Experimental,Dollars,6,S,Consolidated accounts - table 1.2,D075,"Current transfers from the rest of the world,",,,6,Rest of world,National Accounts - SNA 2008 - SNE,2021,9
SNEQ.SG04SD075000S600,2021.12,-180,Experimental,Dollars,6,S,Consolidated accounts - table 1.2,D075,"Current transfers from the rest of the world,",,,6,Rest of world,National Accounts - SNA 2008 - SNE,2021,12
SNEQ.SG04SD075000S600,2022.03,-165,Experimental,Dollars,6,S,Consolidated accounts - table 1.2,D075,"Current transfers from the rest of the world,",,,6,Rest of world,National Accounts - SNA 2008 - SNE,2022,3
SNEQ.SG04SD075000S600,2022.06,-8,Experimental,Dollars,6,S,Consolidated accounts - table 1.2,D075,"Current transfers from the rest of the world,",,,6,Rest of world,National Accounts - SNA 2008 - SNE,2022,6
SNEQ.SG04SD075000S600,2022.09,-14,Experimental,Dollars,6,S,Consolidated accounts - table 1.2,D075,"Current transfers from the rest of the world,",,,6,Rest of world,National Accounts - SNA 2008 - SNE,2022,9
SNEQ.SG04SD075000S600,2022.12,158,Experimental,Dollars,6,S,Consolidated accounts - table 1.2,D075,"Current transfers from the rest of the world,",,,6,Rest of world,National Accounts - SNA 2008 - SNE,2022,12
SNEQ.SG04SD075000S600,2023.03,361,Experimental,Dollars,6,S,Consolidated accounts - table 1.2,D075,"Current transfers from the rest of the world,",,,6,Rest of world,National Accounts - SNA 2008 - SNE,2023,3
SNEQ.SG04SD075000S600,2023.06,66,Experimental,Dollars,6,S,Consolidated accounts - table 1.2,D075,"Current transfers from the rest of the world,",,,6,Rest of world,National Accounts - SNA 2008 - SNE,2023,6
SNEQ.SG04SD075000S600,2023.09,-132,Experimental,Dollars,6,S,Consolidated accounts - table 1.2,D075,"Current transfers from the rest of the world,",,,6,Rest of world,National Accounts - SNA 2008 - SNE,2023,9
SNEQ.SG04SD075000S600,2023.12,-287,Experimental,Dollars,6,S,Consolidated accounts - table 1.2,D075,"Current transfers from the rest of the world,",,,6,Rest of world,National Accounts - SNA 2008 - SNE,2023,12
SNEQ.SG04SD075000S600,2024.03,-320,Experimental,Dollars,6,S,Consolidated accounts - table 1.2,D075,"Current transfers from the rest of the world,",,,6,Rest of world,National Accounts - SNA 2008 - SNE,2024,3
SNEQ.SG04SD075000S600,2024.06,-297,Experimental,Dollars,6,S,Consolidated accounts - table 1.2,D075,"Current transfers from the rest of the world,",,,6,Rest of world,National Accounts - SNA 2008 - SNE,2024,6
SNEQ.SG04SD075000S600,2024.09,-524,Experimental,Dollars,6,S,Consolidated accounts - table 1.2,D075,"Current transfers from the rest of the world,",,,6,Rest of world,National Accounts - SNA 2008 - SNE,2024,9
SNEQ.SG04SD075000S600,2024.12,-199,Experimental,Dollars,6,S,Consolidated accounts - table 1.2,D075,"Current transfers from the rest of the world,",,,6,Rest of world,National Accounts - SNA 2008 - SNE,2024,12
SNEQ.SG04SD075000S600,2025.03,-215,Experimental,Dollars,6,S,Consolidated accounts - table 1.2,D075,"Current transfers from the rest of the world,",,,6,Rest of world,National Accounts - SNA 2008 - SNE,2025,3
SNEQ.SG04SD075000S600,2025.06,-185,Experimental,Dollars,6,S,Consolidated accounts - table 1.2,D075,"Current transfers from the rest of the world,",,,6,Rest of world,National Accounts - SNA 2008 - SNE,2025,6
SNEQ.SG05SB08N000S800,2016.06,4718,Experimental,Dollars,6,S,Consolidated accounts - table 1.3,B08N,Saving,,,,,National Accounts - SNA 2008 - SNE,2016,6
SNEQ.SG05SB08N000S800,2016.09,4110,Experimental,Dollars,6,S,Consolidated accounts - table 1.3,B08N,Saving,,,,,National Accounts - SNA 2008 - SNE,2016,9
SNEQ.SG05SB08N000S800,2016.12,4885,Experimental,Dollars,6,S,Consolidated accounts - table 1.3,B08N,Saving,,,,,National Accounts - SNA 2008 - SNE,2016,12
SNEQ.SG05SB08N000S800,2017.03,4443,Experimental,Dollars,6,S,Consolidated accounts - table 1.3,B08N,Saving,,,,,National Accounts - SNA 2008 - SNE,2017,3
SNEQ.SG05SB08N000S800,2017.06,4861,Experimental,Dollars,6,S,Consolidated accounts - table 1.3,B08N,Saving,,,,,National Accounts - SNA 2008 - SNE,2017,6
SNEQ.SG05SB08N000S800,2017.09,4617,Experimental,Dollars,6,S,Consolidated accounts - table 1.3,B08N,Saving,,,,,National Accounts - SNA 2008 - SNE,2017,9
SNEQ.SG05SB08N000S800,2017.12,5516,Experimental,Dollars,6,S,Consolidated accounts - table 1.3,B08N,Saving,,,,,National Accounts - SNA 2008 - SNE,2017,12
SNEQ.SG05SB08N000S800,2018.03,5315,Experimental,Dollars,6,S,Consolidated accounts - table 1.3,B08N,Saving,,,,,National Accounts - SNA 2008 - SNE,2018,3
SNEQ.SG05SB08N000S800,2018.06,4387,Experimental,Dollars,6,S,Consolidated accounts - table 1.3,B08N,Saving,,,,,National Accounts - SNA 2008 - SNE,2018,6
SNEQ.SG05SB08N000S800,2018.09,3534,Experimental,Dollars,6,S,Consolidated accounts - table 1.3,B08N,Saving,,,,,National Accounts - SNA 2008 - SNE,2018,9
SNEQ.SG05SB08N000S800,2018.12,3707,Experimental,Dollars,6,S,Consolidated accounts - table 1.3,B08N,Saving,,,,,National Accounts - SNA 2008 - SNE,2018,12
SNEQ.SG05SB08N000S800,2019.03,4959,Experimental,Dollars,6,S,Consolidated accounts - table 1.3,B08N,Saving,,,,,National Accounts - SNA 2008 - SNE,2019,3
SNEQ.SG05SB08N000S800,2019.06,5786,Experimental,Dollars,6,S,Consolidated accounts - table 1.3,B08N,Saving,,,,,National Accounts - SNA 2008 - SNE,2019,6
SNEQ.SG05SB08N000S800,2019.09,5791,Experimental,Dollars,6,S,Consolidated accounts - table 1.3,B08N,Saving,,,,,National Accounts - SNA 2008 - SNE,2019,9
SNEQ.SG05SB08N000S800,2019.12,6539,Experimental,Dollars,6,S,Consolidated accounts - table 1.3,B08N,Saving,,,,,National Accounts - SNA 2008 - SNE,2019,12
SNEQ.SG05SB08N000S800,2020.03,6499,Experimental,Dollars,6,S,Consolidated accounts - table 1.3,B08N,Saving,,,,,National Accounts - SNA 2008 - SNE,2020,3
SNEQ.SG05SB08N000S800,2020.06,3547,Experimental,Dollars,6,S,Consolidated accounts - table 1.3,B08N,Saving,,,,,National Accounts - SNA 2008 - SNE,2020,6
SNEQ.SG05SB08N000S800,2020.09,6892,Experimental,Dollars,6,S,Consolidated accounts - table 1.3,B08N,Saving,,,,,National Accounts - SNA 2008 - SNE,2020,9
SNEQ.SG05SB08N000S800,2020.12,6081,Experimental,Dollars,6,S,Consolidated accounts - table 1.3,B08N,Saving,,,,,National Accounts - SNA 2008 - SNE,2020,12
SNEQ.SG05SB08N000S800,2021.03,4153,Experimental,Dollars,6,S,Consolidated accounts - table 1.3,B08N,Saving,,,,,National Accounts - SNA 2008 - SNE,2021,3
SNEQ.SG05SB08N000S800,2021.06,5187,Experimental,Dollars,6,S,Consolidated accounts - table 1.3,B08N,Saving,,,,,National Accounts - SNA 2008 - SNE,2021,6
SNEQ.SG05SB08N000S800,2021.09,4948,Experimental,Dollars,6,S,Consolidated accounts - table 1.3,B08N,Saving,,,,,National Accounts - SNA 2008 - SNE,2021,9
SNEQ.SG05SB08N000S800,2021.12,4188,Experimental,Dollars,6,S,Consolidated accounts - table 1.3,B08N,Saving,,,,,National Accounts - SNA 2008 - SNE,2021,12
SNEQ.SG05SB08N000S800,2022.03,1258,Experimental,Dollars,6,S,Consolidated accounts - table 1.3,B08N,Saving,,,,,National Accounts - SNA 2008 - SNE,2022,3
SNEQ.SG05SB08N000S800,2022.06,3282,Experimental,Dollars,6,S,Consolidated accounts - table 1.3,B08N,Saving,,,,,National Accounts - SNA 2008 - SNE,2022,6
SNEQ.SG05SB08N000S800,2022.09,3354,Experimental,Dollars,6,S,Consolidated accounts - table 1.3,B08N,Saving,,,,,National Accounts - SNA 2008 - SNE,2022,9
SNEQ.SG05SB08N000S800,2022.12,3417,Experimental,Dollars,6,S,Consolidated accounts - table 1.3,B08N,Saving,,,,,National Accounts - SNA 2008 - SNE,2022,12
SNEQ.SG05SB08N000S800,2023.03,2534,Experimental,Dollars,6,S,Consolidated accounts - table 1.3,B08N,Saving,,,,,National Accounts - SNA 2008 - SNE,2023,3
SNEQ.SG05SB08N000S800,2023.06,3669,Experimental,Dollars,6,S,Consolidated accounts - table 1.3,B08N,Saving,,,,,National Accounts - SNA 2008 - SNE,2023,6
SNEQ.SG05SB08N000S800,2023.09,3298,Experimental,Dollars,6,S,Consolidated accounts - table 1.3,B08N,Saving,,,,,National Accounts - SNA 2008 - SNE,2023,9
SNEQ.SG05SB08N000S800,2023.12,1936,Experimental,Dollars,6,S,Consolidated accounts - table 1.3,B08N,Saving,,,,,National Accounts - SNA 2008 - SNE,2023,12
SNEQ.SG05SB08N000S800,2024.03,2920,Experimental,Dollars,6,S,Consolidated accounts - table 1.3,B08N,Saving,,,,,National Accounts - SNA 2008 - SNE,2024,3
SNEQ.SG05SB08N000S800,2024.06,2704,Experimental,Dollars,6,S,Consolidated accounts - table 1.3,B08N,Saving,,,,,National Accounts - SNA 2008 - SNE,2024,6
SNEQ.SG05SB08N000S800,2024.09,1696,Experimental,Dollars,6,S,Consolidated accounts - table 1.3,B08N,Saving,,,,,National Accounts - SNA 2008 - SNE,2024,9
SNEQ.SG05SB08N000S800,2024.12,3105,Experimental,Dollars,6,S,Consolidated accounts - table 1.3,B08N,Saving,,,,,National Accounts - SNA 2008 - SNE,2024,12
SNEQ.SG05SB08N000S800,2025.03,2548,Experimental,Dollars,6,S,Consolidated accounts - table 1.3,B08N,Saving,,,,,National Accounts - SNA 2008 - SNE,2025,3
SNEQ.SG05SB08N000S800,2025.06,2663,Experimental,Dollars,6,S,Consolidated accounts - table 1.3,B08N,Saving,,,,,National Accounts - SNA 2008 - SNE,2025,6
SNEQ.SG05SB090000S800,2016.06,-1117,Experimental,Dollars,6,S,Consolidated accounts - table 1.3,B09,Net lending to the rest of the world,,,,,National Accounts - SNA 2008 - SNE,2016,6
SNEQ.SG05SB090000S800,2016.09,-1911,Experimental,Dollars,6,S,Consolidated accounts - table 1.3,B09,Net lending to the rest of the world,,,,,National Accounts - SNA 2008 - SNE,2016,9
SNEQ.SG05SB090000S800,2016.12,447,Experimental,Dollars,6,S,Consolidated accounts - table 1.3,B09,Net lending to the rest of the world,,,,,National Accounts - SNA 2008 - SNE,2016,12
SNEQ.SG05SB090000S800,2017.03,-2408,Experimental,Dollars,6,S,Consolidated accounts - table 1.3,B09,Net lending to the rest of the world,,,,,National Accounts - SNA 2008 - SNE,2017,3
SNEQ.SG05SB090000S800,2017.06,-1527,Experimental,Dollars,6,S,Consolidated accounts - table 1.3,B09,Net lending to the rest of the world,,,,,National Accounts - SNA 2008 - SNE,2017,6
SNEQ.SG05SB090000S800,2017.09,-1942,Experimental,Dollars,6,S,Consolidated accounts - table 1.3,B09,Net lending to the rest of the world,,,,,National Accounts - SNA 2008 - SNE,2017,9
SNEQ.SG05SB090000S800,2017.12,-2318,Experimental,Dollars,6,S,Consolidated accounts - table 1.3,B09,Net lending to the rest of the world,,,,,National Accounts - SNA 2008 - SNE,2017,12
SNEQ.SG05SB090000S800,2018.03,-3353,Experimental,Dollars,6,S,Consolidated accounts - table 1.3,B09,Net lending to the rest of the world,,,,,National Accounts - SNA 2008 - SNE,2018,3
SNEQ.SG05SB090000S800,2018.06,-3323,Experimental,Dollars,6,S,Consolidated accounts - table 1.3,B09,Net lending to the rest of the world,,,,,National Accounts - SNA 2008 - SNE,2018,6
SNEQ.SG05SB090000S800,2018.09,-3064,Experimental,Dollars,6,S,Consolidated accounts - table 1.3,B09,Net lending to the rest of the world,,,,,National Accounts - SNA 2008 - SNE,2018,9
SNEQ.SG05SB090000S800,2018.12,-3173,Experimental,Dollars,6,S,Consolidated accounts - table 1.3,B09,Net lending to the rest of the world,,,,,National Accounts - SNA 2008 - SNE,2018,12
SNEQ.SG05SB090000S800,2019.03,-2536,Experimental,Dollars,6,S,Consolidated accounts - table 1.3,B09,Net lending to the rest of the world,,,,,National Accounts - SNA 2008 - SNE,2019,3
SNEQ.SG05SB090000S800,2019.06,-2475,Experimental,Dollars,6,S,Consolidated accounts - table 1.3,B09,Net lending to the rest of the world,,,,,National Accounts - SNA 2008 - SNE,2019,6
SNEQ.SG05SB090000S800,2019.09,-2467,Experimental,Dollars,6,S,Consolidated accounts - table 1.3,B09,Net lending to the rest of the world,,,,,National Accounts - SNA 2008 - SNE,2019,9
SNEQ.SG05SB090000S800,2019.12,-1797,Experimental,Dollars,6,S,Consolidated accounts - table 1.3,B09,Net lending to the rest of the world,,,,,National Accounts - SNA 2008 - SNE,2019,12
SNEQ.SG05SB090000S800,2020.03,-1106,Experimental,Dollars,6,S,Consolidated accounts - table 1.3,B09,Net lending to the rest of the world,,,,,National Accounts - SNA 2008 - SNE,2020,3
SNEQ.SG05SB090000S800,2020.06,439,Experimental,Dollars,6,S,Consolidated accounts - table 1.3,B09,Net lending to the rest of the world,,,,,National Accounts - SNA 2008 - SNE,2020,6
SNEQ.SG05SB090000S800,2020.09,-997,Experimental,Dollars,6,S,Consolidated accounts - table 1.3,B09,Net lending to the rest of the world,,,,,National Accounts - SNA 2008 - SNE,2020,9
SNEQ.SG05SB090000S800,2020.12,-2073,Experimental,Dollars,6,S,Consolidated accounts - table 1.3,B09,Net lending to the rest of the world,,,,,National Accounts - SNA 2008 - SNE,2020,12
SNEQ.SG05SB090000S800,2021.03,-5873,Experimental,Dollars,6,S,Consolidated accounts - table 1.3,B09,Net lending to the rest of the world,,,,,National Accounts - SNA 2008 - SNE,2021,3
SNEQ.SG05SB090000S800,2021.06,-2273,Experimental,Dollars,6,S,Consolidated accounts - table 1.3,B09,Net lending to the rest of the world,,,,,National Accounts - SNA 2008 - SNE,2021,6
SNEQ.SG05SB090000S800,2021.09,-5075,Experimental,Dollars,6,S,Consolidated accounts - table 1.3,B09,Net lending to the rest of the world,,,,,National Accounts - SNA 2008 - SNE,2021,9
SNEQ.SG05SB090000S800,2021.12,-6756,Experimental,Dollars,6,S,Consolidated accounts - table 1.3,B09,Net lending to the rest of the world,,,,,National Accounts - SNA 2008 - SNE,2021,12
SNEQ.SG05SB090000S800,2022.03,-9646,Experimental,Dollars,6,S,Consolidated accounts - table 1.3,B09,Net lending to the rest of the world,,,,,National Accounts - SNA 2008 - SNE,2022,3
SNEQ.SG05SB090000S800,2022.06,-8303,Experimental,Dollars,6,S,Consolidated accounts - table 1.3,B09,Net lending to the rest of the world,,,,,National Accounts - SNA 2008 - SNE,2022,6
SNEQ.SG05SB090000S800,2022.09,-7261,Experimental,Dollars,6,S,Consolidated accounts - table 1.3,B09,Net lending to the rest of the world,,,,,National Accounts - SNA 2008 - SNE,2022,9
SNEQ.SG05SB090000S800,2022.12,-9156,Experimental,Dollars,6,S,Consolidated accounts - table 1.3,B09,Net lending to the rest of the world,,,,,National Accounts - SNA 2008 - SNE,2022,12
SNEQ.SG05SB090000S800,2023.03,-4164,Experimental,Dollars,6,S,Consolidated accounts - table 1.3,B09,Net lending to the rest of the world,,,,,National Accounts - SNA 2008 - SNE,2023,3
SNEQ.SG05SB090000S800,2023.06,-5576,Experimental,Dollars,6,S,Consolidated accounts - table 1.3,B09,Net lending to the rest of the world,,,,,National Accounts - SNA 2008 - SNE,2023,6
SNEQ.SG05SB090000S800,2023.09,-6685,Experimental,Dollars,6,S,Consolidated accounts - table 1.3,B09,Net lending to the rest of the world,,,,,National Accounts - SNA 2008 - SNE,2023,9
SNEQ.SG05SB090000S800,2023.12,-6194,Experimental,Dollars,6,S,Consolidated accounts - table 1.3,B09,Net lending to the rest of the world,,,,,National Accounts - SNA 2008 - SNE,2023,12
SNEQ.SG05SB090000S800,2024.03,-6005,Experimental,Dollars,6,S,Consolidated accounts - table 1.3,B09,Net lending to the rest of the world,,,,,National Accounts - SNA 2008 - SNE,2024,3
SNEQ.SG05SB090000S800,2024.06,-5193,Experimental,Dollars,6,S,Consolidated accounts - table 1.3,B09,Net lending to the rest of the world,,,,,National Accounts - SNA 2008 - SNE,2024,6
SNEQ.SG05SB090000S800,2024.09,-5306,Experimental,Dollars,6,S,Consolidated accounts - table 1.3,B09,Net lending to the rest of the world,,,,,National Accounts - SNA 2008 - SNE,2024,9
SNEQ.SG05SB090000S800,2024.12,-4058,Experimental,Dollars,6,S,Consolidated accounts - table 1.3,B09,Net lending to the rest of the world,,,,,National Accounts - SNA 2008 - SNE,2024,12
SNEQ.SG05SB090000S800,2025.03,-4640,Experimental,Dollars,6,S,Consolidated accounts - table 1.3,B09,Net lending to the rest of the world,,,,,National Accounts - SNA 2008 - SNE,2025,3
SNEQ.SG05SB090000S800,2025.06,-2978,Experimental,Dollars,6,S,Consolidated accounts - table 1.3,B09,Net lending to the rest of the world,,,,,National Accounts - SNA 2008 - SNE,2025,6
SNEQ.SG05SB091NR0S800,2016.06,13976,Experimental,Dollars,6,S,Consolidated accounts - table 1.3,B091NR,Finance of capital accumulation,,,,,National Accounts - SNA 2008 - SNE,2016,6
SNEQ.SG05SB091NR0S800,2016.09,13514,Experimental,Dollars,6,S,Consolidated accounts - table 1.3,B091NR,Finance of capital accumulation,,,,,National Accounts - SNA 2008 - SNE,2016,9
SNEQ.SG05SB091NR0S800,2016.12,16472,Experimental,Dollars,6,S,Consolidated accounts - table 1.3,B091NR,Finance of capital accumulation,,,,,National Accounts - SNA 2008 - SNE,2016,12
SNEQ.SG05SB091NR0S800,2017.03,14138,Experimental,Dollars,6,S,Consolidated accounts - table 1.3,B091NR,Finance of capital accumulation,,,,,National Accounts - SNA 2008 - SNE,2017,3
SNEQ.SG05SB091NR0S800,2017.06,14556,Experimental,Dollars,6,S,Consolidated accounts - table 1.3,B091NR,Finance of capital accumulation,,,,,National Accounts - SNA 2008 - SNE,2017,6
SNEQ.SG05SB091NR0S800,2017.09,14458,Experimental,Dollars,6,S,Consolidated accounts - table 1.3,B091NR,Finance of capital accumulation,,,,,National Accounts - SNA 2008 - SNE,2017,9
SNEQ.SG05SB091NR0S800,2017.12,15514,Experimental,Dollars,6,S,Consolidated accounts - table 1.3,B091NR,Finance of capital accumulation,,,,,National Accounts - SNA 2008 - SNE,2017,12
SNEQ.SG05SB091NR0S800,2018.03,15554,Experimental,Dollars,6,S,Consolidated accounts - table 1.3,B091NR,Finance of capital accumulation,,,,,National Accounts - SNA 2008 - SNE,2018,3
SNEQ.SG05SB091NR0S800,2018.06,15437,Experimental,Dollars,6,S,Consolidated accounts - table 1.3,B091NR,Finance of capital accumulation,,,,,National Accounts - SNA 2008 - SNE,2018,6
SNEQ.SG05SB091NR0S800,2018.09,14757,Experimental,Dollars,6,S,Consolidated accounts - table 1.3,B091NR,Finance of capital accumulation,,,,,National Accounts - SNA 2008 - SNE,2018,9
SNEQ.SG05SB091NR0S800,2018.12,15125,Experimental,Dollars,6,S,Consolidated accounts - table 1.3,B091NR,Finance of capital accumulation,,,,,National Accounts - SNA 2008 - SNE,2018,12
SNEQ.SG05SB091NR0S800,2019.03,16469,Experimental,Dollars,6,S,Consolidated accounts - table 1.3,B091NR,Finance of capital accumulation,,,,,National Accounts - SNA 2008 - SNE,2019,3
SNEQ.SG05SB091NR0S800,2019.06,16731,Experimental,Dollars,6,S,Consolidated accounts - table 1.3,B091NR,Finance of capital accumulation,,,,,National Accounts - SNA 2008 - SNE,2019,6
SNEQ.SG05SB091NR0S800,2019.09,16892,Experimental,Dollars,6,S,Consolidated accounts - table 1.3,B091NR,Finance of capital accumulation,,,,,National Accounts - SNA 2008 - SNE,2019,9
SNEQ.SG05SB091NR0S800,2019.12,17836,Experimental,Dollars,6,S,Consolidated accounts - table 1.3,B091NR,Finance of capital accumulation,,,,,National Accounts - SNA 2008 - SNE,2019,12
SNEQ.SG05SB091NR0S800,2020.03,18009,Experimental,Dollars,6,S,Consolidated accounts - table 1.3,B091NR,Finance of capital accumulation,,,,,National Accounts - SNA 2008 - SNE,2020,3
SNEQ.SG05SB091NR0S800,2020.06,15124,Experimental,Dollars,6,S,Consolidated accounts - table 1.3,B091NR,Finance of capital accumulation,,,,,National Accounts - SNA 2008 - SNE,2020,6
SNEQ.SG05SB091NR0S800,2020.09,18576,Experimental,Dollars,6,S,Consolidated accounts - table 1.3,B091NR,Finance of capital accumulation,,,,,National Accounts - SNA 2008 - SNE,2020,9
SNEQ.SG05SB091NR0S800,2020.12,17885,Experimental,Dollars,6,S,Consolidated accounts - table 1.3,B091NR,Finance of capital accumulation,,,,,National Accounts - SNA 2008 - SNE,2020,12
SNEQ.SG05SB091NR0S800,2021.03,16030,Experimental,Dollars,6,S,Consolidated accounts - table 1.3,B091NR,Finance of capital accumulation,,,,,National Accounts - SNA 2008 - SNE,2021,3
SNEQ.SG05SB091NR0S800,2021.06,17410,Experimental,Dollars,6,S,Consolidated accounts - table 1.3,B091NR,Finance of capital accumulation,,,,,National Accounts - SNA 2008 - SNE,2021,6
SNEQ.SG05SB091NR0S800,2021.09,17417,Experimental,Dollars,6,S,Consolidated accounts - table 1.3,B091NR,Finance of capital accumulation,,,,,National Accounts - SNA 2008 - SNE,2021,9
SNEQ.SG05SB091NR0S800,2021.12,16933,Experimental,Dollars,6,S,Consolidated accounts - table 1.3,B091NR,Finance of capital accumulation,,,,,National Accounts - SNA 2008 - SNE,2021,12
SNEQ.SG05SB091NR0S800,2022.03,14427,Experimental,Dollars,6,S,Consolidated accounts - table 1.3,B091NR,Finance of capital accumulation,,,,,National Accounts - SNA 2008 - SNE,2022,3
SNEQ.SG05SB091NR0S800,2022.06,16894,Experimental,Dollars,6,S,Consolidated accounts - table 1.3,B091NR,Finance of capital accumulation,,,,,National Accounts - SNA 2008 - SNE,2022,6
SNEQ.SG05SB091NR0S800,2022.09,17524,Experimental,Dollars,6,S,Consolidated accounts - table 1.3,B091NR,Finance of capital accumulation,,,,,National Accounts - SNA 2008 - SNE,2022,9
SNEQ.SG05SB091NR0S800,2022.12,18072,Experimental,Dollars,6,S,Consolidated accounts - table 1.3,B091NR,Finance of capital accumulation,,,,,National Accounts - SNA 2008 - SNE,2022,12
SNEQ.SG05SB091NR0S800,2023.03,21573,Experimental,Dollars,6,S,Consolidated accounts - table 1.3,B091NR,Finance of capital accumulation,,,,,National Accounts - SNA 2008 - SNE,2023,3
SNEQ.SG05SB091NR0S800,2023.06,18850,Experimental,Dollars,6,S,Consolidated accounts - table 1.3,B091NR,Finance of capital accumulation,,,,,National Accounts - SNA 2008 - SNE,2023,6
SNEQ.SG05SB091NR0S800,2023.09,18899,Experimental,Dollars,6,S,Consolidated accounts - table 1.3,B091NR,Finance of capital accumulation,,,,,National Accounts - SNA 2008 - SNE,2023,9
SNEQ.SG05SB091NR0S800,2023.12,17846,Experimental,Dollars,6,S,Consolidated accounts - table 1.3,B091NR,Finance of capital accumulation,,,,,National Accounts - SNA 2008 - SNE,2023,12
SNEQ.SG05SB091NR0S800,2024.03,19121,Experimental,Dollars,6,S,Consolidated accounts - table 1.3,B091NR,Finance of capital accumulation,,,,,National Accounts - SNA 2008 - SNE,2024,3
SNEQ.SG05SB091NR0S800,2024.06,18875,Experimental,Dollars,6,S,Consolidated accounts - table 1.3,B091NR,Finance of capital accumulation,,,,,National Accounts - SNA 2008 - SNE,2024,6
SNEQ.SG05SB091NR0S800,2024.09,18094,Experimental,Dollars,6,S,Consolidated accounts - table 1.3,B091NR,Finance of capital accumulation,,,,,National Accounts - SNA 2008 - SNE,2024,9
SNEQ.SG05SB091NR0S800,2024.12,19643,Experimental,Dollars,6,S,Consolidated accounts - table 1.3,B091NR,Finance of capital accumulation,,,,,National Accounts - SNA 2008 - SNE,2024,12
SNEQ.SG05SB091NR0S800,2025.03,19288,Experimental,Dollars,6,S,Consolidated accounts - table 1.3,B091NR,Finance of capital accumulation,,,,,National Accounts - SNA 2008 - SNE,2025,3
SNEQ.SG05SB091NR0S800,2025.06,19604,Experimental,Dollars,6,S,Consolidated accounts - table 1.3,B091NR,Finance of capital accumulation,,,,,National Accounts - SNA 2008 - SNE,2025,6
SNEQ.SG05SB091NU0S800,2016.06,14084,Experimental,Dollars,6,S,Consolidated accounts - table 1.3,B091NU,Capital accumulation,,,,,National Accounts - SNA 2008 - SNE,2016,6
SNEQ.SG05SB091NU0S800,2016.09,13652,Experimental,Dollars,6,S,Consolidated accounts - table 1.3,B091NU,Capital accumulation,,,,,National Accounts - SNA 2008 - SNE,2016,9
SNEQ.SG05SB091NU0S800,2016.12,16118,Experimental,Dollars,6,S,Consolidated accounts - table 1.3,B091NU,Capital accumulation,,,,,National Accounts - SNA 2008 - SNE,2016,12
SNEQ.SG05SB091NU0S800,2017.03,13976,Experimental,Dollars,6,S,Consolidated accounts - table 1.3,B091NU,Capital accumulation,,,,,National Accounts - SNA 2008 - SNE,2017,3
SNEQ.SG05SB091NU0S800,2017.06,14612,Experimental,Dollars,6,S,Consolidated accounts - table 1.3,B091NU,Capital accumulation,,,,,National Accounts - SNA 2008 - SNE,2017,6
SNEQ.SG05SB091NU0S800,2017.09,14665,Experimental,Dollars,6,S,Consolidated accounts - table 1.3,B091NU,Capital accumulation,,,,,National Accounts - SNA 2008 - SNE,2017,9
SNEQ.SG05SB091NU0S800,2017.12,15322,Experimental,Dollars,6,S,Consolidated accounts - table 1.3,B091NU,Capital accumulation,,,,,National Accounts - SNA 2008 - SNE,2017,12
SNEQ.SG05SB091NU0S800,2018.03,15010,Experimental,Dollars,6,S,Consolidated accounts - table 1.3,B091NU,Capital accumulation,,,,,National Accounts - SNA 2008 - SNE,2018,3
SNEQ.SG05SB091NU0S800,2018.06,15470,Experimental,Dollars,6,S,Consolidated accounts - table 1.3,B091NU,Capital accumulation,,,,,National Accounts - SNA 2008 - SNE,2018,6
SNEQ.SG05SB091NU0S800,2018.09,15061,Experimental,Dollars,6,S,Consolidated accounts - table 1.3,B091NU,Capital accumulation,,,,,National Accounts - SNA 2008 - SNE,2018,9
SNEQ.SG05SB091NU0S800,2018.12,14932,Experimental,Dollars,6,S,Consolidated accounts - table 1.3,B091NU,Capital accumulation,,,,,National Accounts - SNA 2008 - SNE,2018,12
SNEQ.SG05SB091NU0S800,2019.03,15924,Experimental,Dollars,6,S,Consolidated accounts - table 1.3,B091NU,Capital accumulation,,,,,National Accounts - SNA 2008 - SNE,2019,3
SNEQ.SG05SB091NU0S800,2019.06,16967,Experimental,Dollars,6,S,Consolidated accounts - table 1.3,B091NU,Capital accumulation,,,,,National Accounts - SNA 2008 - SNE,2019,6
SNEQ.SG05SB091NU0S800,2019.09,17083,Experimental,Dollars,6,S,Consolidated accounts - table 1.3,B091NU,Capital accumulation,,,,,National Accounts - SNA 2008 - SNE,2019,9
SNEQ.SG05SB091NU0S800,2019.12,17798,Experimental,Dollars,6,S,Consolidated accounts - table 1.3,B091NU,Capital accumulation,,,,,National Accounts - SNA 2008 - SNE,2019,12
SNEQ.SG05SB091NU0S800,2020.03,17111,Experimental,Dollars,6,S,Consolidated accounts - table 1.3,B091NU,Capital accumulation,,,,,National Accounts - SNA 2008 - SNE,2020,3
SNEQ.SG05SB091NU0S800,2020.06,15680,Experimental,Dollars,6,S,Consolidated accounts - table 1.3,B091NU,Capital accumulation,,,,,National Accounts - SNA 2008 - SNE,2020,6
SNEQ.SG05SB091NU0S800,2020.09,17951,Experimental,Dollars,6,S,Consolidated accounts - table 1.3,B091NU,Capital accumulation,,,,,National Accounts - SNA 2008 - SNE,2020,9
SNEQ.SG05SB091NU0S800,2020.12,17591,Experimental,Dollars,6,S,Consolidated accounts - table 1.3,B091NU,Capital accumulation,,,,,National Accounts - SNA 2008 - SNE,2020,12
SNEQ.SG05SB091NU0S800,2021.03,16205,Experimental,Dollars,6,S,Consolidated accounts - table 1.3,B091NU,Capital accumulation,,,,,National Accounts - SNA 2008 - SNE,2021,3
SNEQ.SG05SB091NU0S800,2021.06,18129,Experimental,Dollars,6,S,Consolidated accounts - table 1.3,B091NU,Capital accumulation,,,,,National Accounts - SNA 2008 - SNE,2021,6
SNEQ.SG05SB091NU0S800,2021.09,17113,Experimental,Dollars,6,S,Consolidated accounts - table 1.3,B091NU,Capital accumulation,,,,,National Accounts - SNA 2008 - SNE,2021,9
SNEQ.SG05SB091NU0S800,2021.12,16918,Experimental,Dollars,6,S,Consolidated accounts - table 1.3,B091NU,Capital accumulation,,,,,National Accounts - SNA 2008 - SNE,2021,12
SNEQ.SG05SB091NU0S800,2022.03,14386,Experimental,Dollars,6,S,Consolidated accounts - table 1.3,B091NU,Capital accumulation,,,,,National Accounts - SNA 2008 - SNE,2022,3
SNEQ.SG05SB091NU0S800,2022.06,17548,Experimental,Dollars,6,S,Consolidated accounts - table 1.3,B091NU,Capital accumulation,,,,,National Accounts - SNA 2008 - SNE,2022,6
SNEQ.SG05SB091NU0S800,2022.09,17722,Experimental,Dollars,6,S,Consolidated accounts - table 1.3,B091NU,Capital accumulation,,,,,National Accounts - SNA 2008 - SNE,2022,9
SNEQ.SG05SB091NU0S800,2022.12,18090,Experimental,Dollars,6,S,Consolidated accounts - table 1.3,B091NU,Capital accumulation,,,,,National Accounts - SNA 2008 - SNE,2022,12
SNEQ.SG05SB091NU0S800,2023.03,21478,Experimental,Dollars,6,S,Consolidated accounts - table 1.3,B091NU,Capital accumulation,,,,,National Accounts - SNA 2008 - SNE,2023,3
SNEQ.SG05SB091NU0S800,2023.06,19533,Experimental,Dollars,6,S,Consolidated accounts - table 1.3,B091NU,Capital accumulation,,,,,National Accounts - SNA 2008 - SNE,2023,6
SNEQ.SG05SB091NU0S800,2023.09,19114,Experimental,Dollars,6,S,Consolidated accounts - table 1.3,B091NU,Capital accumulation,,,,,National Accounts - SNA 2008 - SNE,2023,9
SNEQ.SG05SB091NU0S800,2023.12,18022,Experimental,Dollars,6,S,Consolidated accounts - table 1.3,B091NU,Capital accumulation,,,,,National Accounts - SNA 2008 - SNE,2023,12
SNEQ.SG05SB091NU0S800,2024.03,19492,Experimental,Dollars,6,S,Consolidated accounts - table 1.3,B091NU,Capital accumulation,,,,,National Accounts - SNA 2008 - SNE,2024,3
SNEQ.SG05SB091NU0S800,2024.06,19645,Experimental,Dollars,6,S,Consolidated accounts - table 1.3,B091NU,Capital accumulation,,,,,National Accounts - SNA 2008 - SNE,2024,6
SNEQ.SG05SB091NU0S800,2024.09,18729,Experimental,Dollars,6,S,Consolidated accounts - table 1.3,B091NU,Capital accumulation,,,,,National Accounts - SNA 2008 - SNE,2024,9
SNEQ.SG05SB091NU0S800,2024.12,20712,Experimental,Dollars,6,S,Consolidated accounts - table 1.3,B091NU,Capital accumulation,,,,,National Accounts - SNA 2008 - SNE,2024,12
SNEQ.SG05SB091NU0S800,2025.03,20131,Experimental,Dollars,6,S,Consolidated accounts - table 1.3,B091NU,Capital accumulation,,,,,National Accounts - SNA 2008 - SNE,2025,3
SNEQ.SG05SB091NU0S800,2025.06,21237,Experimental,Dollars,6,S,Consolidated accounts - table 1.3,B091NU,Capital accumulation,,,,,National Accounts - SNA 2008 - SNE,2025,6
SNEQ.SG05SD099000S800,2016.06,0,Experimental,Dollars,6,S,Consolidated accounts - table 1.3,D099,"Capital transfers from the rest of the world,",,,,,National Accounts - SNA 2008 - SNE,2016,6
SNEQ.SG05SD099000S800,2016.09,1,Experimental,Dollars,6,S,Consolidated accounts - table 1.3,D099,"Capital transfers from the rest of the world,",,,,,National Accounts - SNA 2008 - SNE,2016,9
SNEQ.SG05SD099000S800,2016.12,2041,Experimental,Dollars,6,S,Consolidated accounts - table 1.3,D099,"Capital transfers from the rest of the world,",,,,,National Accounts - SNA 2008 - SNE,2016,12
SNEQ.SG05SD099000S800,2017.03,0,Experimental,Dollars,6,S,Consolidated accounts - table 1.3,D099,"Capital transfers from the rest of the world,",,,,,National Accounts - SNA 2008 - SNE,2017,3
SNEQ.SG05SD099000S800,2017.06,0,Experimental,Dollars,6,S,Consolidated accounts - table 1.3,D099,"Capital transfers from the rest of the world,",,,,,National Accounts - SNA 2008 - SNE,2017,6
SNEQ.SG05SD099000S800,2017.09,0,Experimental,Dollars,6,S,Consolidated accounts - table 1.3,D099,"Capital transfers from the rest of the world,",,,,,National Accounts - SNA 2008 - SNE,2017,9
SNEQ.SG05SD099000S800,2017.12,0,Experimental,Dollars,6,S,Consolidated accounts - table 1.3,D099,"Capital transfers from the rest of the world,",,,,,National Accounts - SNA 2008 - SNE,2017,12
SNEQ.SG05SD099000S800,2018.03,0,Experimental,Dollars,6,S,Consolidated accounts - table 1.3,D099,"Capital transfers from the rest of the world,",,,,,National Accounts - SNA 2008 - SNE,2018,3
SNEQ.SG05SD099000S800,2018.06,1,Experimental,Dollars,6,S,Consolidated accounts - table 1.3,D099,"Capital transfers from the rest of the world,",,,,,National Accounts - SNA 2008 - SNE,2018,6
SNEQ.SG05SD099000S800,2018.09,1,Experimental,Dollars,6,S,Consolidated accounts - table 1.3,D099,"Capital transfers from the rest of the world,",,,,,National Accounts - SNA 2008 - SNE,2018,9
SNEQ.SG05SD099000S800,2018.12,0,Experimental,Dollars,6,S,Consolidated accounts - table 1.3,D099,"Capital transfers from the rest of the world,",,,,,National Accounts - SNA 2008 - SNE,2018,12
SNEQ.SG05SD099000S800,2019.03,0,Experimental,Dollars,6,S,Consolidated accounts - table 1.3,D099,"Capital transfers from the rest of the world,",,,,,National Accounts - SNA 2008 - SNE,2019,3
SNEQ.SG05SD099000S800,2019.06,0,Experimental,Dollars,6,S,Consolidated accounts - table 1.3,D099,"Capital transfers from the rest of the world,",,,,,National Accounts - SNA 2008 - SNE,2019,6
SNEQ.SG05SD099000S800,2019.09,0,Experimental,Dollars,6,S,Consolidated accounts - table 1.3,D099,"Capital transfers from the rest of the world,",,,,,National Accounts - SNA 2008 - SNE,2019,9
SNEQ.SG05SD099000S800,2019.12,-1,Experimental,Dollars,6,S,Consolidated accounts - table 1.3,D099,"Capital transfers from the rest of the world,",,,,,National Accounts - SNA 2008 - SNE,2019,12
SNEQ.SG05SD099000S800,2020.03,0,Experimental,Dollars,6,S,Consolidated accounts - table 1.3,D099,"Capital transfers from the rest of the world,",,,,,National Accounts - SNA 2008 - SNE,2020,3
SNEQ.SG05SD099000S800,2020.06,1,Experimental,Dollars,6,S,Consolidated accounts - table 1.3,D099,"Capital transfers from the rest of the world,",,,,,National Accounts - SNA 2008 - SNE,2020,6
SNEQ.SG05SD099000S800,2020.09,0,Experimental,Dollars,6,S,Consolidated accounts - table 1.3,D099,"Capital transfers from the rest of the world,",,,,,National Accounts - SNA 2008 - SNE,2020,9
SNEQ.SG05SD099000S800,2020.12,1,Experimental,Dollars,6,S,Consolidated accounts - table 1.3,D099,"Capital transfers from the rest of the world,",,,,,National Accounts - SNA 2008 - SNE,2020,12
SNEQ.SG05SD099000S800,2021.03,-1,Experimental,Dollars,6,S,Consolidated accounts - table 1.3,D099,"Capital transfers from the rest of the world,",,,,,National Accounts - SNA 2008 - SNE,2021,3
SNEQ.SG05SD099000S800,2021.06,-1,Experimental,Dollars,6,S,Consolidated accounts - table 1.3,D099,"Capital transfers from the rest of the world,",,,,,National Accounts - SNA 2008 - SNE,2021,6
SNEQ.SG05SD099000S800,2021.09,0,Experimental,Dollars,6,S,Consolidated accounts - table 1.3,D099,"Capital transfers from the rest of the world,",,,,,National Accounts - SNA 2008 - SNE,2021,9
SNEQ.SG05SD099000S800,2021.12,0,Experimental,Dollars,6,S,Consolidated accounts - table 1.3,D099,"Capital transfers from the rest of the world,",,,,,National Accounts - SNA 2008 - SNE,2021,12
SNEQ.SG05SD099000S800,2022.03,0,Experimental,Dollars,6,S,Consolidated accounts - table 1.3,D099,"Capital transfers from the rest of the world,",,,,,National Accounts - SNA 2008 - SNE,2022,3
SNEQ.SG05SD099000S800,2022.06,0,Experimental,Dollars,6,S,Consolidated accounts - table 1.3,D099,"Capital transfers from the rest of the world,",,,,,National Accounts - SNA 2008 - SNE,2022,6
SNEQ.SG05SD099000S800,2022.09,-1,Experimental,Dollars,6,S,Consolidated accounts - table 1.3,D099,"Capital transfers from the rest of the world,",,,,,National Accounts - SNA 2008 - SNE,2022,9
SNEQ.SG05SD099000S800,2022.12,0,Experimental,Dollars,6,S,Consolidated accounts - table 1.3,D099,"Capital transfers from the rest of the world,",,,,,National Accounts - SNA 2008 - SNE,2022,12
SNEQ.SG05SD099000S800,2023.03,3729,Experimental,Dollars,6,S,Consolidated accounts - table 1.3,D099,"Capital transfers from the rest of the world,",,,,,National Accounts - SNA 2008 - SNE,2023,3
SNEQ.SG05SD099000S800,2023.06,0,Experimental,Dollars,6,S,Consolidated accounts - table 1.3,D099,"Capital transfers from the rest of the world,",,,,,National Accounts - SNA 2008 - SNE,2023,6
SNEQ.SG05SD099000S800,2023.09,0,Experimental,Dollars,6,S,Consolidated accounts - table 1.3,D099,"Capital transfers from the rest of the world,",,,,,National Accounts - SNA 2008 - SNE,2023,9
SNEQ.SG05SD099000S800,2023.12,0,Experimental,Dollars,6,S,Consolidated accounts - table 1.3,D099,"Capital transfers from the rest of the world,",,,,,National Accounts - SNA 2008 - SNE,2023,12
SNEQ.SG05SD099000S800,2024.03,-1,Experimental,Dollars,6,S,Consolidated accounts - table 1.3,D099,"Capital transfers from the rest of the world,",,,,,National Accounts - SNA 2008 - SNE,2024,3
SNEQ.SG05SD099000S800,2024.06,-1,Experimental,Dollars,6,S,Consolidated accounts - table 1.3,D099,"Capital transfers from the rest of the world,",,,,,National Accounts - SNA 2008 - SNE,2024,6
SNEQ.SG05SD099000S800,2024.09,0,Experimental,Dollars,6,S,Consolidated accounts - table 1.3,D099,"Capital transfers from the rest of the world,",,,,,National Accounts - SNA 2008 - SNE,2024,9
SNEQ.SG05SD099000S800,2024.12,-1,Experimental,Dollars,6,S,Consolidated accounts - table 1.3,D099,"Capital transfers from the rest of the world,",,,,,National Accounts - SNA 2008 - SNE,2024,12
SNEQ.SG05SD099000S800,2025.03,0,Experimental,Dollars,6,S,Consolidated accounts - table 1.3,D099,"Capital transfers from the rest of the world,",,,,,National Accounts - SNA 2008 - SNE,2025,3
SNEQ.SG05SD099000S800,2025.06,0,Experimental,Dollars,6,S,Consolidated accounts - table 1.3,D099,"Capital transfers from the rest of the world,",,,,,National Accounts - SNA 2008 - SNE,2025,6
SNEQ.SG05SNP02000S800,2016.06,-73,Experimental,Dollars,6,S,Consolidated accounts - table 1.3,NP02,Purchase of non-produced non-financial assets,,,,,National Accounts - SNA 2008 - SNE,2016,6
SNEQ.SG05SNP02000S800,2016.09,11,Experimental,Dollars,6,S,Consolidated accounts - table 1.3,NP02,Purchase of non-produced non-financial assets,,,,,National Accounts - SNA 2008 - SNE,2016,9
SNEQ.SG05SNP02000S800,2016.12,13,Experimental,Dollars,6,S,Consolidated accounts - table 1.3,NP02,Purchase of non-produced non-financial assets,,,,,National Accounts - SNA 2008 - SNE,2016,12
SNEQ.SG05SNP02000S800,2017.03,-4,Experimental,Dollars,6,S,Consolidated accounts - table 1.3,NP02,Purchase of non-produced non-financial assets,,,,,National Accounts - SNA 2008 - SNE,2017,3
SNEQ.SG05SNP02000S800,2017.06,14,Experimental,Dollars,6,S,Consolidated accounts - table 1.3,NP02,Purchase of non-produced non-financial assets,,,,,National Accounts - SNA 2008 - SNE,2017,6
SNEQ.SG05SNP02000S800,2017.09,14,Experimental,Dollars,6,S,Consolidated accounts - table 1.3,NP02,Purchase of non-produced non-financial assets,,,,,National Accounts - SNA 2008 - SNE,2017,9
SNEQ.SG05SNP02000S800,2017.12,-171,Experimental,Dollars,6,S,Consolidated accounts - table 1.3,NP02,Purchase of non-produced non-financial assets,,,,,National Accounts - SNA 2008 - SNE,2017,12
SNEQ.SG05SNP02000S800,2018.03,21,Experimental,Dollars,6,S,Consolidated accounts - table 1.3,NP02,Purchase of non-produced non-financial assets,,,,,National Accounts - SNA 2008 - SNE,2018,3
SNEQ.SG05SNP02000S800,2018.06,22,Experimental,Dollars,6,S,Consolidated accounts - table 1.3,NP02,Purchase of non-produced non-financial assets,,,,,National Accounts - SNA 2008 - SNE,2018,6
SNEQ.SG05SNP02000S800,2018.09,15,Experimental,Dollars,6,S,Consolidated accounts - table 1.3,NP02,Purchase of non-produced non-financial assets,,,,,National Accounts - SNA 2008 - SNE,2018,9
SNEQ.SG05SNP02000S800,2018.12,0,Experimental,Dollars,6,S,Consolidated accounts - table 1.3,NP02,Purchase of non-produced non-financial assets,,,,,National Accounts - SNA 2008 - SNE,2018,12
SNEQ.SG05SNP02000S800,2019.03,0,Experimental,Dollars,6,S,Consolidated accounts - table 1.3,NP02,Purchase of non-produced non-financial assets,,,,,National Accounts - SNA 2008 - SNE,2019,3
SNEQ.SG05SNP02000S800,2019.06,12,Experimental,Dollars,6,S,Consolidated accounts - table 1.3,NP02,Purchase of non-produced non-financial assets,,,,,National Accounts - SNA 2008 - SNE,2019,6
SNEQ.SG05SNP02000S800,2019.09,20,Experimental,Dollars,6,S,Consolidated accounts - table 1.3,NP02,Purchase of non-produced non-financial assets,,,,,National Accounts - SNA 2008 - SNE,2019,9
SNEQ.SG05SNP02000S800,2019.12,3,Experimental,Dollars,6,S,Consolidated accounts - table 1.3,NP02,Purchase of non-produced non-financial assets,,,,,National Accounts - SNA 2008 - SNE,2019,12
SNEQ.SG05SNP02000S800,2020.03,23,Experimental,Dollars,6,S,Consolidated accounts - table 1.3,NP02,Purchase of non-produced non-financial assets,,,,,National Accounts - SNA 2008 - SNE,2020,3
SNEQ.SG05SNP02000S800,2020.06,19,Experimental,Dollars,6,S,Consolidated accounts - table 1.3,NP02,Purchase of non-produced non-financial assets,,,,,National Accounts - SNA 2008 - SNE,2020,6
SNEQ.SG05SNP02000S800,2020.09,19,Experimental,Dollars,6,S,Consolidated accounts - table 1.3,NP02,Purchase of non-produced non-financial assets,,,,,National Accounts - SNA 2008 - SNE,2020,9
SNEQ.SG05SNP02000S800,2020.12,-12,Experimental,Dollars,6,S,Consolidated accounts - table 1.3,NP02,Purchase of non-produced non-financial assets,,,,,National Accounts - SNA 2008 - SNE,2020,12
SNEQ.SG05SNP02000S800,2021.03,5,Experimental,Dollars,6,S,Consolidated accounts - table 1.3,NP02,Purchase of non-produced non-financial assets,,,,,National Accounts - SNA 2008 - SNE,2021,3
SNEQ.SG05SNP02000S800,2021.06,-6,Experimental,Dollars,6,S,Consolidated accounts - table 1.3,NP02,Purchase of non-produced non-financial assets,,,,,National Accounts - SNA 2008 - SNE,2021,6
SNEQ.SG05SNP02000S800,2021.09,-59,Experimental,Dollars,6,S,Consolidated accounts - table 1.3,NP02,Purchase of non-produced non-financial assets,,,,,National Accounts - SNA 2008 - SNE,2021,9
SNEQ.SG05SNP02000S800,2021.12,149,Experimental,Dollars,6,S,Consolidated accounts - table 1.3,NP02,Purchase of non-produced non-financial assets,,,,,National Accounts - SNA 2008 - SNE,2021,12
SNEQ.SG05SNP02000S800,2022.03,92,Experimental,Dollars,6,S,Consolidated accounts - table 1.3,NP02,Purchase of non-produced non-financial assets,,,,,National Accounts - SNA 2008 - SNE,2022,3
SNEQ.SG05SNP02000S800,2022.06,267,Experimental,Dollars,6,S,Consolidated accounts - table 1.3,NP02,Purchase of non-produced non-financial assets,,,,,National Accounts - SNA 2008 - SNE,2022,6
SNEQ.SG05SNP02000S800,2022.09,51,Experimental,Dollars,6,S,Consolidated accounts - table 1.3,NP02,Purchase of non-produced non-financial assets,,,,,National Accounts - SNA 2008 - SNE,2022,9
SNEQ.SG05SNP02000S800,2022.12,46,Experimental,Dollars,6,S,Consolidated accounts - table 1.3,NP02,Purchase of non-produced non-financial assets,,,,,National Accounts - SNA 2008 - SNE,2022,12
SNEQ.SG05SNP02000S800,2023.03,24,Experimental,Dollars,6,S,Consolidated accounts - table 1.3,NP02,Purchase of non-produced non-financial assets,,,,,National Accounts - SNA 2008 - SNE,2023,3
SNEQ.SG05SNP02000S800,2023.06,17,Experimental,Dollars,6,S,Consolidated accounts - table 1.3,NP02,Purchase of non-produced non-financial assets,,,,,National Accounts - SNA 2008 - SNE,2023,6
SNEQ.SG05SNP02000S800,2023.09,158,Experimental,Dollars,6,S,Consolidated accounts - table 1.3,NP02,Purchase of non-produced non-financial assets,,,,,National Accounts - SNA 2008 - SNE,2023,9
SNEQ.SG05SNP02000S800,2023.12,295,Experimental,Dollars,6,S,Consolidated accounts - table 1.3,NP02,Purchase of non-produced non-financial assets,,,,,National Accounts - SNA 2008 - SNE,2023,12
SNEQ.SG05SNP02000S800,2024.03,149,Experimental,Dollars,6,S,Consolidated accounts - table 1.3,NP02,Purchase of non-produced non-financial assets,,,,,National Accounts - SNA 2008 - SNE,2024,3
SNEQ.SG05SNP02000S800,2024.06,140,Experimental,Dollars,6,S,Consolidated accounts - table 1.3,NP02,Purchase of non-produced non-financial assets,,,,,National Accounts - SNA 2008 - SNE,2024,6
SNEQ.SG05SNP02000S800,2024.09,142,Experimental,Dollars,6,S,Consolidated accounts - table 1.3,NP02,Purchase of non-produced non-financial assets,,,,,National Accounts - SNA 2008 - SNE,2024,9
SNEQ.SG05SNP02000S800,2024.12,174,Experimental,Dollars,6,S,Consolidated accounts - table 1.3,NP02,Purchase of non-produced non-financial assets,,,,,National Accounts - SNA 2008 - SNE,2024,12
SNEQ.SG05SNP02000S800,2025.03,129,Experimental,Dollars,6,S,Consolidated accounts - table 1.3,NP02,Purchase of non-produced non-financial assets,,,,,National Accounts - SNA 2008 - SNE,2025,3
SNEQ.SG05SNP02000S800,2025.06,95,Experimental,Dollars,6,S,Consolidated accounts - table 1.3,NP02,Purchase of non-produced non-financial assets,,,,,National Accounts - SNA 2008 - SNE,2025,6
SNEQ.SG05SP051C00S900,2016.06,9258,Experimental,Dollars,6,S,Consolidated accounts - table 1.3,P051C,Consumption of fixed catpital,AN1,Produced non-financial assets,,,National Accounts - SNA 2008 - SNE,2016,6
SNEQ.SG05SP051C00S900,2016.09,9404,Experimental,Dollars,6,S,Consolidated accounts - table 1.3,P051C,Consumption of fixed catpital,AN1,Produced non-financial assets,,,National Accounts - SNA 2008 - SNE,2016,9
SNEQ.SG05SP051C00S900,2016.12,9546,Experimental,Dollars,6,S,Consolidated accounts - table 1.3,P051C,Consumption of fixed catpital,AN1,Produced non-financial assets,,,National Accounts - SNA 2008 - SNE,2016,12
SNEQ.SG05SP051C00S900,2017.03,9695,Experimental,Dollars,6,S,Consolidated accounts - table 1.3,P051C,Consumption of fixed catpital,AN1,Produced non-financial assets,,,National Accounts - SNA 2008 - SNE,2017,3
SNEQ.SG05SP051C00S900,2017.06,9695,Experimental,Dollars,6,S,Consolidated accounts - table 1.3,P051C,Consumption of fixed catpital,AN1,Produced non-financial assets,,,National Accounts - SNA 2008 - SNE,2017,6
SNEQ.SG05SP051C00S900,2017.09,9841,Experimental,Dollars,6,S,Consolidated accounts - table 1.3,P051C,Consumption of fixed catpital,AN1,Produced non-financial assets,,,National Accounts - SNA 2008 - SNE,2017,9
SNEQ.SG05SP051C00S900,2017.12,9998,Experimental,Dollars,6,S,Consolidated accounts - table 1.3,P051C,Consumption of fixed catpital,AN1,Produced non-financial assets,,,National Accounts - SNA 2008 - SNE,2017,12
SNEQ.SG05SP051C00S900,2018.03,10239,Experimental,Dollars,6,S,Consolidated accounts - table 1.3,P051C,Consumption of fixed catpital,AN1,Produced non-financial assets,,,National Accounts - SNA 2008 - SNE,2018,3
SNEQ.SG05SP051C00S900,2018.06,11050,Experimental,Dollars,6,S,Consolidated accounts - table 1.3,P051C,Consumption of fixed catpital,AN1,Produced non-financial assets,,,National Accounts - SNA 2008 - SNE,2018,6
SNEQ.SG05SP051C00S900,2018.09,11223,Experimental,Dollars,6,S,Consolidated accounts - table 1.3,P051C,Consumption of fixed catpital,AN1,Produced non-financial assets,,,National Accounts - SNA 2008 - SNE,2018,9
SNEQ.SG05SP051C00S900,2018.12,11418,Experimental,Dollars,6,S,Consolidated accounts - table 1.3,P051C,Consumption of fixed catpital,AN1,Produced non-financial assets,,,National Accounts - SNA 2008 - SNE,2018,12
SNEQ.SG05SP051C00S900,2019.03,11510,Experimental,Dollars,6,S,Consolidated accounts - table 1.3,P051C,Consumption of fixed catpital,AN1,Produced non-financial assets,,,National Accounts - SNA 2008 - SNE,2019,3
SNEQ.SG05SP051C00S900,2019.06,10945,Experimental,Dollars,6,S,Consolidated accounts - table 1.3,P051C,Consumption of fixed catpital,AN1,Produced non-financial assets,,,National Accounts - SNA 2008 - SNE,2019,6
SNEQ.SG05SP051C00S900,2019.09,11101,Experimental,Dollars,6,S,Consolidated accounts - table 1.3,P051C,Consumption of fixed catpital,AN1,Produced non-financial assets,,,National Accounts - SNA 2008 - SNE,2019,9
SNEQ.SG05SP051C00S900,2019.12,11297,Experimental,Dollars,6,S,Consolidated accounts - table 1.3,P051C,Consumption of fixed catpital,AN1,Produced non-financial assets,,,National Accounts - SNA 2008 - SNE,2019,12
SNEQ.SG05SP051C00S900,2020.03,11510,Experimental,Dollars,6,S,Consolidated accounts - table 1.3,P051C,Consumption of fixed catpital,AN1,Produced non-financial assets,,,National Accounts - SNA 2008 - SNE,2020,3
SNEQ.SG05SP051C00S900,2020.06,11577,Experimental,Dollars,6,S,Consolidated accounts - table 1.3,P051C,Consumption of fixed catpital,AN1,Produced non-financial assets,,,National Accounts - SNA 2008 - SNE,2020,6
SNEQ.SG05SP051C00S900,2020.09,11684,Experimental,Dollars,6,S,Consolidated accounts - table 1.3,P051C,Consumption of fixed catpital,AN1,Produced non-financial assets,,,National Accounts - SNA 2008 - SNE,2020,9
SNEQ.SG05SP051C00S900,2020.12,11804,Experimental,Dollars,6,S,Consolidated accounts - table 1.3,P051C,Consumption of fixed catpital,AN1,Produced non-financial assets,,,National Accounts - SNA 2008 - SNE,2020,12
SNEQ.SG05SP051C00S900,2021.03,11877,Experimental,Dollars,6,S,Consolidated accounts - table 1.3,P051C,Consumption of fixed catpital,AN1,Produced non-financial assets,,,National Accounts - SNA 2008 - SNE,2021,3
SNEQ.SG05SP051C00S900,2021.06,12223,Experimental,Dollars,6,S,Consolidated accounts - table 1.3,P051C,Consumption of fixed catpital,AN1,Produced non-financial assets,,,National Accounts - SNA 2008 - SNE,2021,6
SNEQ.SG05SP051C00S900,2021.09,12469,Experimental,Dollars,6,S,Consolidated accounts - table 1.3,P051C,Consumption of fixed catpital,AN1,Produced non-financial assets,,,National Accounts - SNA 2008 - SNE,2021,9
SNEQ.SG05SP051C00S900,2021.12,12745,Experimental,Dollars,6,S,Consolidated accounts - table 1.3,P051C,Consumption of fixed catpital,AN1,Produced non-financial assets,,,National Accounts - SNA 2008 - SNE,2021,12
SNEQ.SG05SP051C00S900,2022.03,13169,Experimental,Dollars,6,S,Consolidated accounts - table 1.3,P051C,Consumption of fixed catpital,AN1,Produced non-financial assets,,,National Accounts - SNA 2008 - SNE,2022,3
SNEQ.SG05SP051C00S900,2022.06,13612,Experimental,Dollars,6,S,Consolidated accounts - table 1.3,P051C,Consumption of fixed catpital,AN1,Produced non-financial assets,,,National Accounts - SNA 2008 - SNE,2022,6
SNEQ.SG05SP051C00S900,2022.09,14170,Experimental,Dollars,6,S,Consolidated accounts - table 1.3,P051C,Consumption of fixed catpital,AN1,Produced non-financial assets,,,National Accounts - SNA 2008 - SNE,2022,9
SNEQ.SG05SP051C00S900,2022.12,14655,Experimental,Dollars,6,S,Consolidated accounts - table 1.3,P051C,Consumption of fixed catpital,AN1,Produced non-financial assets,,,National Accounts - SNA 2008 - SNE,2022,12
SNEQ.SG05SP051C00S900,2023.03,15310,Experimental,Dollars,6,S,Consolidated accounts - table 1.3,P051C,Consumption of fixed catpital,AN1,Produced non-financial assets,,,National Accounts - SNA 2008 - SNE,2023,3
SNEQ.SG05SP051C00S900,2023.06,15181,Experimental,Dollars,6,S,Consolidated accounts - table 1.3,P051C,Consumption of fixed catpital,AN1,Produced non-financial assets,,,National Accounts - SNA 2008 - SNE,2023,6
SNEQ.SG05SP051C00S900,2023.09,15601,Experimental,Dollars,6,S,Consolidated accounts - table 1.3,P051C,Consumption of fixed catpital,AN1,Produced non-financial assets,,,National Accounts - SNA 2008 - SNE,2023,9
SNEQ.SG05SP051C00S900,2023.12,15910,Experimental,Dollars,6,S,Consolidated accounts - table 1.3,P051C,Consumption of fixed catpital,AN1,Produced non-financial assets,,,National Accounts - SNA 2008 - SNE,2023,12
SNEQ.SG05SP051C00S900,2024.03,16201,Experimental,Dollars,6,S,Consolidated accounts - table 1.3,P051C,Consumption of fixed catpital,AN1,Produced non-financial assets,,,National Accounts - SNA 2008 - SNE,2024,3
SNEQ.SG05SP051C00S900,2024.06,16171,Experimental,Dollars,6,S,Consolidated accounts - table 1.3,P051C,Consumption of fixed catpital,AN1,Produced non-financial assets,,,National Accounts - SNA 2008 - SNE,2024,6
SNEQ.SG05SP051C00S900,2024.09,16398,Experimental,Dollars,6,S,Consolidated accounts - table 1.3,P051C,Consumption of fixed catpital,AN1,Produced non-financial assets,,,National Accounts - SNA 2008 - SNE,2024,9
SNEQ.SG05SP051C00S900,2024.12,16538,Experimental,Dollars,6,S,Consolidated accounts - table 1.3,P051C,Consumption of fixed catpital,AN1,Produced non-financial assets,,,National Accounts - SNA 2008 - SNE,2024,12
SNEQ.SG05SP051C00S900,2025.03,16740,Experimental,Dollars,6,S,Consolidated accounts - table 1.3,P051C,Consumption of fixed catpital,AN1,Produced non-financial assets,,,National Accounts - SNA 2008 - SNE,2025,3
SNEQ.SG05SP051C00S900,2025.06,16941,Experimental,Dollars,6,S,Consolidated accounts - table 1.3,P051C,Consumption of fixed catpital,AN1,Produced non-financial assets,,,National Accounts - SNA 2008 - SNE,2025,6
SNEQ.SG05SP051G00S900,2016.06,15185,Experimental,Dollars,6,S,Consolidated accounts - table 1.3,P051G,Gross fixed capital formation,,,,,National Accounts - SNA 2008 - SNE,2016,6
SNEQ.SG05SP051G00S900,2016.09,15441,Experimental,Dollars,6,S,Consolidated accounts - table 1.3,P051G,Gross fixed capital formation,,,,,National Accounts - SNA 2008 - SNE,2016,9
SNEQ.SG05SP051G00S900,2016.12,15288,Experimental,Dollars,6,S,Consolidated accounts - table 1.3,P051G,Gross fixed capital formation,,,,,National Accounts - SNA 2008 - SNE,2016,12
SNEQ.SG05SP051G00S900,2017.03,15541,Experimental,Dollars,6,S,Consolidated accounts - table 1.3,P051G,Gross fixed capital formation,,,,,National Accounts - SNA 2008 - SNE,2017,3
SNEQ.SG05SP051G00S900,2017.06,15979,Experimental,Dollars,6,S,Consolidated accounts - table 1.3,P051G,Gross fixed capital formation,,,,,National Accounts - SNA 2008 - SNE,2017,6
SNEQ.SG05SP051G00S900,2017.09,16423,Experimental,Dollars,6,S,Consolidated accounts - table 1.3,P051G,Gross fixed capital formation,,,,,National Accounts - SNA 2008 - SNE,2017,9
SNEQ.SG05SP051G00S900,2017.12,17138,Experimental,Dollars,6,S,Consolidated accounts - table 1.3,P051G,Gross fixed capital formation,,,,,National Accounts - SNA 2008 - SNE,2017,12
SNEQ.SG05SP051G00S900,2018.03,17296,Experimental,Dollars,6,S,Consolidated accounts - table 1.3,P051G,Gross fixed capital formation,,,,,National Accounts - SNA 2008 - SNE,2018,3
SNEQ.SG05SP051G00S900,2018.06,17742,Experimental,Dollars,6,S,Consolidated accounts - table 1.3,P051G,Gross fixed capital formation,,,,,National Accounts - SNA 2008 - SNE,2018,6
SNEQ.SG05SP051G00S900,2018.09,17642,Experimental,Dollars,6,S,Consolidated accounts - table 1.3,P051G,Gross fixed capital formation,,,,,National Accounts - SNA 2008 - SNE,2018,9
SNEQ.SG05SP051G00S900,2018.12,18074,Experimental,Dollars,6,S,Consolidated accounts - table 1.3,P051G,Gross fixed capital formation,,,,,National Accounts - SNA 2008 - SNE,2018,12
SNEQ.SG05SP051G00S900,2019.03,18588,Experimental,Dollars,6,S,Consolidated accounts - table 1.3,P051G,Gross fixed capital formation,,,,,National Accounts - SNA 2008 - SNE,2019,3
SNEQ.SG05SP051G00S900,2019.06,18890,Experimental,Dollars,6,S,Consolidated accounts - table 1.3,P051G,Gross fixed capital formation,,,,,National Accounts - SNA 2008 - SNE,2019,6
SNEQ.SG05SP051G00S900,2019.09,18992,Experimental,Dollars,6,S,Consolidated accounts - table 1.3,P051G,Gross fixed capital formation,,,,,National Accounts - SNA 2008 - SNE,2019,9
SNEQ.SG05SP051G00S900,2019.12,19350,Experimental,Dollars,6,S,Consolidated accounts - table 1.3,P051G,Gross fixed capital formation,,,,,National Accounts - SNA 2008 - SNE,2019,12
SNEQ.SG05SP051G00S900,2020.03,18778,Experimental,Dollars,6,S,Consolidated accounts - table 1.3,P051G,Gross fixed capital formation,,,,,National Accounts - SNA 2008 - SNE,2020,3
SNEQ.SG05SP051G00S900,2020.06,15580,Experimental,Dollars,6,S,Consolidated accounts - table 1.3,P051G,Gross fixed capital formation,,,,,National Accounts - SNA 2008 - SNE,2020,6
SNEQ.SG05SP051G00S900,2020.09,19740,Experimental,Dollars,6,S,Consolidated accounts - table 1.3,P051G,Gross fixed capital formation,,,,,National Accounts - SNA 2008 - SNE,2020,9
SNEQ.SG05SP051G00S900,2020.12,20003,Experimental,Dollars,6,S,Consolidated accounts - table 1.3,P051G,Gross fixed capital formation,,,,,National Accounts - SNA 2008 - SNE,2020,12
SNEQ.SG05SP051G00S900,2021.03,21011,Experimental,Dollars,6,S,Consolidated accounts - table 1.3,P051G,Gross fixed capital formation,,,,,National Accounts - SNA 2008 - SNE,2021,3
SNEQ.SG05SP051G00S900,2021.06,21036,Experimental,Dollars,6,S,Consolidated accounts - table 1.3,P051G,Gross fixed capital formation,,,,,National Accounts - SNA 2008 - SNE,2021,6
SNEQ.SG05SP051G00S900,2021.09,20457,Experimental,Dollars,6,S,Consolidated accounts - table 1.3,P051G,Gross fixed capital formation,,,,,National Accounts - SNA 2008 - SNE,2021,9
SNEQ.SG05SP051G00S900,2021.12,23151,Experimental,Dollars,6,S,Consolidated accounts - table 1.3,P051G,Gross fixed capital formation,,,,,National Accounts - SNA 2008 - SNE,2021,12
SNEQ.SG05SP051G00S900,2022.03,23755,Experimental,Dollars,6,S,Consolidated accounts - table 1.3,P051G,Gross fixed capital formation,,,,,National Accounts - SNA 2008 - SNE,2022,3
SNEQ.SG05SP051G00S900,2022.06,23530,Experimental,Dollars,6,S,Consolidated accounts - table 1.3,P051G,Gross fixed capital formation,,,,,National Accounts - SNA 2008 - SNE,2022,6
SNEQ.SG05SP051G00S900,2022.09,25362,Experimental,Dollars,6,S,Consolidated accounts - table 1.3,P051G,Gross fixed capital formation,,,,,National Accounts - SNA 2008 - SNE,2022,9
SNEQ.SG05SP051G00S900,2022.12,25304,Experimental,Dollars,6,S,Consolidated accounts - table 1.3,P051G,Gross fixed capital formation,,,,,National Accounts - SNA 2008 - SNE,2022,12
SNEQ.SG05SP051G00S900,2023.03,25633,Experimental,Dollars,6,S,Consolidated accounts - table 1.3,P051G,Gross fixed capital formation,,,,,National Accounts - SNA 2008 - SNE,2023,3
SNEQ.SG05SP051G00S900,2023.06,26030,Experimental,Dollars,6,S,Consolidated accounts - table 1.3,P051G,Gross fixed capital formation,,,,,National Accounts - SNA 2008 - SNE,2023,6
SNEQ.SG05SP051G00S900,2023.09,25653,Experimental,Dollars,6,S,Consolidated accounts - table 1.3,P051G,Gross fixed capital formation,,,,,National Accounts - SNA 2008 - SNE,2023,9
SNEQ.SG05SP051G00S900,2023.12,25753,Experimental,Dollars,6,S,Consolidated accounts - table 1.3,P051G,Gross fixed capital formation,,,,,National Accounts - SNA 2008 - SNE,2023,12
SNEQ.SG05SP051G00S900,2024.03,25631,Experimental,Dollars,6,S,Consolidated accounts - table 1.3,P051G,Gross fixed capital formation,,,,,National Accounts - SNA 2008 - SNE,2024,3
SNEQ.SG05SP051G00S900,2024.06,25504,Experimental,Dollars,6,S,Consolidated accounts - table 1.3,P051G,Gross fixed capital formation,,,,,National Accounts - SNA 2008 - SNE,2024,6
SNEQ.SG05SP051G00S900,2024.09,24679,Experimental,Dollars,6,S,Consolidated accounts - table 1.3,P051G,Gross fixed capital formation,,,,,National Accounts - SNA 2008 - SNE,2024,9
SNEQ.SG05SP051G00S900,2024.12,24709,Experimental,Dollars,6,S,Consolidated accounts - table 1.3,P051G,Gross fixed capital formation,,,,,National Accounts - SNA 2008 - SNE,2024,12
SNEQ.SG05SP051G00S900,2025.03,25302,Experimental,Dollars,6,S,Consolidated accounts - table 1.3,P051G,Gross fixed capital formation,,,,,National Accounts - SNA 2008 - SNE,2025,3
SNEQ.SG05SP051G00S900,2025.06,24750,Experimental,Dollars,6,S,Consolidated accounts - table 1.3,P051G,Gross fixed capital formation,,,,,National Accounts - SNA 2008 - SNE,2025,6
SNEQ.SG05SP052000S900,2016.06,90,Experimental,Dollars,6,S,Consolidated accounts - table 1.3,P052,Change in inventories,,,,,National Accounts - SNA 2008 - SNE,2016,6
SNEQ.SG05SP052000S900,2016.09,112,Experimental,Dollars,6,S,Consolidated accounts - table 1.3,P052,Change in inventories,,,,,National Accounts - SNA 2008 - SNE,2016,9
SNEQ.SG05SP052000S900,2016.12,372,Experimental,Dollars,6,S,Consolidated accounts - table 1.3,P052,Change in inventories,,,,,National Accounts - SNA 2008 - SNE,2016,12
SNEQ.SG05SP052000S900,2017.03,845,Experimental,Dollars,6,S,Consolidated accounts - table 1.3,P052,Change in inventories,,,,,National Accounts - SNA 2008 - SNE,2017,3
SNEQ.SG05SP052000S900,2017.06,146,Experimental,Dollars,6,S,Consolidated accounts - table 1.3,P052,Change in inventories,,,,,National Accounts - SNA 2008 - SNE,2017,6
SNEQ.SG05SP052000S900,2017.09,169,Experimental,Dollars,6,S,Consolidated accounts - table 1.3,P052,Change in inventories,,,,,National Accounts - SNA 2008 - SNE,2017,9
SNEQ.SG05SP052000S900,2017.12,673,Experimental,Dollars,6,S,Consolidated accounts - table 1.3,P052,Change in inventories,,,,,National Accounts - SNA 2008 - SNE,2017,12
SNEQ.SG05SP052000S900,2018.03,1046,Experimental,Dollars,6,S,Consolidated accounts - table 1.3,P052,Change in inventories,,,,,National Accounts - SNA 2008 - SNE,2018,3
SNEQ.SG05SP052000S900,2018.06,1028,Experimental,Dollars,6,S,Consolidated accounts - table 1.3,P052,Change in inventories,,,,,National Accounts - SNA 2008 - SNE,2018,6
SNEQ.SG05SP052000S900,2018.09,468,Experimental,Dollars,6,S,Consolidated accounts - table 1.3,P052,Change in inventories,,,,,National Accounts - SNA 2008 - SNE,2018,9
SNEQ.SG05SP052000S900,2018.12,32,Experimental,Dollars,6,S,Consolidated accounts - table 1.3,P052,Change in inventories,,,,,National Accounts - SNA 2008 - SNE,2018,12
SNEQ.SG05SP052000S900,2019.03,-130,Experimental,Dollars,6,S,Consolidated accounts - table 1.3,P052,Change in inventories,,,,,National Accounts - SNA 2008 - SNE,2019,3
SNEQ.SG05SP052000S900,2019.06,541,Experimental,Dollars,6,S,Consolidated accounts - table 1.3,P052,Change in inventories,,,,,National Accounts - SNA 2008 - SNE,2019,6
SNEQ.SG05SP052000S900,2019.09,536,Experimental,Dollars,6,S,Consolidated accounts - table 1.3,P052,Change in inventories,,,,,National Accounts - SNA 2008 - SNE,2019,9
SNEQ.SG05SP052000S900,2019.12,242,Experimental,Dollars,6,S,Consolidated accounts - table 1.3,P052,Change in inventories,,,,,National Accounts - SNA 2008 - SNE,2019,12
SNEQ.SG05SP052000S900,2020.03,-584,Experimental,Dollars,6,S,Consolidated accounts - table 1.3,P052,Change in inventories,,,,,National Accounts - SNA 2008 - SNE,2020,3
SNEQ.SG05SP052000S900,2020.06,-357,Experimental,Dollars,6,S,Consolidated accounts - table 1.3,P052,Change in inventories,,,,,National Accounts - SNA 2008 - SNE,2020,6
SNEQ.SG05SP052000S900,2020.09,-810,Experimental,Dollars,6,S,Consolidated accounts - table 1.3,P052,Change in inventories,,,,,National Accounts - SNA 2008 - SNE,2020,9
SNEQ.SG05SP052000S900,2020.12,-326,Experimental,Dollars,6,S,Consolidated accounts - table 1.3,P052,Change in inventories,,,,,National Accounts - SNA 2008 - SNE,2020,12
SNEQ.SG05SP052000S900,2021.03,1063,Experimental,Dollars,6,S,Consolidated accounts - table 1.3,P052,Change in inventories,,,,,National Accounts - SNA 2008 - SNE,2021,3
SNEQ.SG05SP052000S900,2021.06,-629,Experimental,Dollars,6,S,Consolidated accounts - table 1.3,P052,Change in inventories,,,,,National Accounts - SNA 2008 - SNE,2021,6
SNEQ.SG05SP052000S900,2021.09,1790,Experimental,Dollars,6,S,Consolidated accounts - table 1.3,P052,Change in inventories,,,,,National Accounts - SNA 2008 - SNE,2021,9
SNEQ.SG05SP052000S900,2021.12,374,Experimental,Dollars,6,S,Consolidated accounts - table 1.3,P052,Change in inventories,,,,,National Accounts - SNA 2008 - SNE,2021,12
SNEQ.SG05SP052000S900,2022.03,184,Experimental,Dollars,6,S,Consolidated accounts - table 1.3,P052,Change in inventories,,,,,National Accounts - SNA 2008 - SNE,2022,3
SNEQ.SG05SP052000S900,2022.06,2053,Experimental,Dollars,6,S,Consolidated accounts - table 1.3,P052,Change in inventories,,,,,National Accounts - SNA 2008 - SNE,2022,6
SNEQ.SG05SP052000S900,2022.09,-429,Experimental,Dollars,6,S,Consolidated accounts - table 1.3,P052,Change in inventories,,,,,National Accounts - SNA 2008 - SNE,2022,9
SNEQ.SG05SP052000S900,2022.12,1897,Experimental,Dollars,6,S,Consolidated accounts - table 1.3,P052,Change in inventories,,,,,National Accounts - SNA 2008 - SNE,2022,12
SNEQ.SG05SP052000S900,2023.03,-15,Experimental,Dollars,6,S,Consolidated accounts - table 1.3,P052,Change in inventories,,,,,National Accounts - SNA 2008 - SNE,2023,3
SNEQ.SG05SP052000S900,2023.06,-938,Experimental,Dollars,6,S,Consolidated accounts - table 1.3,P052,Change in inventories,,,,,National Accounts - SNA 2008 - SNE,2023,6
SNEQ.SG05SP052000S900,2023.09,-13,Experimental,Dollars,6,S,Consolidated accounts - table 1.3,P052,Change in inventories,,,,,National Accounts - SNA 2008 - SNE,2023,9
SNEQ.SG05SP052000S900,2023.12,-1832,Experimental,Dollars,6,S,Consolidated accounts - table 1.3,P052,Change in inventories,,,,,National Accounts - SNA 2008 - SNE,2023,12
SNEQ.SG05SP052000S900,2024.03,-282,Experimental,Dollars,6,S,Consolidated accounts - table 1.3,P052,Change in inventories,,,,,National Accounts - SNA 2008 - SNE,2024,3
SNEQ.SG05SP052000S900,2024.06,-806,Experimental,Dollars,6,S,Consolidated accounts - table 1.3,P052,Change in inventories,,,,,National Accounts - SNA 2008 - SNE,2024,6
SNEQ.SG05SP052000S900,2024.09,-786,Experimental,Dollars,6,S,Consolidated accounts - table 1.3,P052,Change in inventories,,,,,National Accounts - SNA 2008 - SNE,2024,9
SNEQ.SG05SP052000S900,2024.12,-113,Experimental,Dollars,6,S,Consolidated accounts - table 1.3,P052,Change in inventories,,,,,National Accounts - SNA 2008 - SNE,2024,12
SNEQ.SG05SP052000S900,2025.03,-660,Experimental,Dollars,6,S,Consolidated accounts - table 1.3,P052,Change in inventories,,,,,National Accounts - SNA 2008 - SNE,2025,3
SNEQ.SG05SP052000S900,2025.06,-631,Experimental,Dollars,6,S,Consolidated accounts - table 1.3,P052,Change in inventories,,,,,National Accounts - SNA 2008 - SNE,2025,6
