Series_reference,period,value,Status,Units,Magnitude,seasonality,SNA_Account,Transaction,Transaction_Label,Asset_type,Asset_type_label,Sector,Sector_name,Subject,year,month
SNEQ.SG03AB01GE00S900,2011.06,51784,FINAL,Dollars,6,A,Consolidated accounts - table 1.1,B01GE,Gross domestic product - expenditure measure,,,,,National Accounts - SNA 2008 - SNE,2011,6
SNEQ.SG03AB01GE00S900,2011.09,51106,FINAL,Dollars,6,A,Consolidated accounts - table 1.1,B01GE,Gross domestic product - expenditure measure,,,,,National Accounts - SNA 2008 - SNE,2011,9
SNEQ.SG03AB01GE00S900,2011.12,56357,FINAL,Dollars,6,A,Consolidated accounts - table 1.1,B01GE,Gross domestic product - expenditure measure,,,,,National Accounts - SNA 2008 - SNE,2011,12
SNEQ.SG03AB01GE00S900,2012.03,54022,FINAL,Dollars,6,A,Consolidated accounts - table 1.1,B01GE,Gross domestic product - expenditure measure,,,,,National Accounts - SNA 2008 - SNE,2012,3
SNEQ.SG03AB01GE00S900,2012.06,53708,FINAL,Dollars,6,A,Consolidated accounts - table 1.1,B01GE,Gross domestic product - expenditure measure,,,,,National Accounts - SNA 2008 - SNE,2012,6
SNEQ.SG03AB01GE00S900,2012.09,51768,FINAL,Dollars,6,A,Consolidated accounts - table 1.1,B01GE,Gross domestic product - expenditure measure,,,,,National Accounts - SNA 2008 - SNE,2012,9
SNEQ.SG03AB01GE00S900,2012.12,56843,FINAL,Dollars,6,A,Consolidated accounts - table 1.1,B01GE,Gross domestic product - expenditure measure,,,,,National Accounts - SNA 2008 - SNE,2012,12
SNEQ.SG03AB01GE00S900,2013.03,55607,FINAL,Dollars,6,A,Consolidated accounts - table 1.1,B01GE,Gross domestic product - expenditure measure,,,,,National Accounts - SNA 2008 - SNE,2013,3
SNEQ.SG03AB01GE00S900,2013.06,54965,FINAL,Dollars,6,A,Consolidated accounts - table 1.1,B01GE,Gross domestic product - expenditure measure,,,,,National Accounts - SNA 2008 - SNE,2013,6
SNEQ.SG03AB01GE00S900,2013.09,55206,FINAL,Dollars,6,A,Consolidated accounts - table 1.1,B01GE,Gross domestic product - expenditure measure,,,,,National Accounts - SNA 2008 - SNE,2013,9
SNEQ.SG03AB01GE00S900,2013.12,62479,FINAL,Dollars,6,A,Consolidated accounts - table 1.1,B01GE,Gross domestic product - expenditure measure,,,,,National Accounts - SNA 2008 - SNE,2013,12
SNEQ.SG03AB01GE00S900,2014.03,60271,FINAL,Dollars,6,A,Consolidated accounts - table 1.1,B01GE,Gross domestic product - expenditure measure,,,,,National Accounts - SNA 2008 - SNE,2014,3
SNEQ.SG03AB01GE00S900,2014.06,59172,FINAL,Dollars,6,A,Consolidated accounts - table 1.1,B01GE,Gross domestic product - expenditure measure,,,,,National Accounts - SNA 2008 - SNE,2014,6
SNEQ.SG03AB01GE00S900,2014.09,57922,FINAL,Dollars,6,A,Consolidated accounts - table 1.1,B01GE,Gross domestic product - expenditure measure,,,,,National Accounts - SNA 2008 - SNE,2014,9
SNEQ.SG03AB01GE00S900,2014.12,63722,FINAL,Dollars,6,A,Consolidated accounts - table 1.1,B01GE,Gross domestic product - expenditure measure,,,,,National Accounts - SNA 2008 - SNE,2014,12
SNEQ.SG03AB01GE00S900,2015.03,62101,FINAL,Dollars,6,A,Consolidated accounts - table 1.1,B01GE,Gross domestic product - expenditure measure,,,,,National Accounts - SNA 2008 - SNE,2015,3
SNEQ.SG03AB01GE00S900,2015.06,62128,FINAL,Dollars,6,A,Consolidated accounts - table 1.1,B01GE,Gross domestic product - expenditure measure,,,,,National Accounts - SNA 2008 - SNE,2015,6
SNEQ.SG03AB01GE00S900,2015.09,61057,FINAL,Dollars,6,A,Consolidated accounts - table 1.1,B01GE,Gross domestic product - expenditure measure,,,,,National Accounts - SNA 2008 - SNE,2015,9
SNEQ.SG03AB01GE00S900,2015.12,66694,FINAL,Dollars,6,A,Consolidated accounts - table 1.1,B01GE,Gross domestic product - expenditure measure,,,,,National Accounts - SNA 2008 - SNE,2015,12
SNEQ.SG03AB01GE00S900,2016.03,65691,FINAL,Dollars,6,A,Consolidated accounts - table 1.1,B01GE,Gross domestic product - expenditure measure,,,,,National Accounts - SNA 2008 - SNE,2016,3
SNEQ.SG03AB01GE00S900,2016.06,65469,FINAL,Dollars,6,A,Consolidated accounts - table 1.1,B01GE,Gross domestic product - expenditure measure,,,,,National Accounts - SNA 2008 - SNE,2016,6
SNEQ.SG03AB01GE00S900,2016.09,64586,FINAL,Dollars,6,A,Consolidated accounts - table 1.1,B01GE,Gross domestic product - expenditure measure,,,,,National Accounts - SNA 2008 - SNE,2016,9
SNEQ.SG03AB01GE00S900,2016.12,71242,FINAL,Dollars,6,A,Consolidated accounts - table 1.1,B01GE,Gross domestic product - expenditure measure,,,,,National Accounts - SNA 2008 - SNE,2016,12
SNEQ.SG03AB01GE00S900,2017.03,70349,FINAL,Dollars,6,A,Consolidated accounts - table 1.1,B01GE,Gross domestic product - expenditure measure,,,,,National Accounts - SNA 2008 - SNE,2017,3
SNEQ.SG03AB01GE00S900,2017.06,69712,FINAL,Dollars,6,A,Consolidated accounts - table 1.1,B01GE,Gross domestic product - expenditure measure,,,,,National Accounts - SNA 2008 - SNE,2017,6
SNEQ.SG03AB01GE00S900,2017.09,69419,FINAL,Dollars,6,A,Consolidated accounts - table 1.1,B01GE,Gross domestic product - expenditure measure,,,,,National Accounts - SNA 2008 - SNE,2017,9
SNEQ.SG03AB01GE00S900,2017.12,77246,FINAL,Dollars,6,A,Consolidated accounts - table 1.1,B01GE,Gross domestic product - expenditure measure,,,,,National Accounts - SNA 2008 - SNE,2017,12
SNEQ.SG03AB01GE00S900,2018.03,74599,FINAL,Dollars,6,A,Consolidated accounts - table 1.1,B01GE,Gross domestic product - expenditure measure,,,,,National Accounts - SNA 2008 - SNE,2018,3
SNEQ.SG03AB01GE00S900,2018.06,74585,FINAL,Dollars,6,A,Consolidated accounts - table 1.1,B01GE,Gross domestic product - expenditure measure,,,,,National Accounts - SNA 2008 - SNE,2018,6
SNEQ.SG03AB01GE00S900,2018.09,73110,FINAL,Dollars,6,A,Consolidated accounts - table 1.1,B01GE,Gross domestic product - expenditure measure,,,,,National Accounts - SNA 2008 - SNE,2018,9
SNEQ.SG03AB01GE00S900,2018.12,80393,FINAL,Dollars,6,A,Consolidated accounts - table 1.1,B01GE,Gross domestic product - expenditure measure,,,,,National Accounts - SNA 2008 - SNE,2018,12
SNEQ.SG03AB01GE00S900,2019.03,78285,FINAL,Dollars,6,A,Consolidated accounts - table 1.1,B01GE,Gross domestic product - expenditure measure,,,,,National Accounts - SNA 2008 - SNE,2019,3
SNEQ.SG03AB01GE00S900,2019.06,78705,FINAL,Dollars,6,A,Consolidated accounts - table 1.1,B01GE,Gross domestic product - expenditure measure,,,,,National Accounts - SNA 2008 - SNE,2019,6
SNEQ.SG03AB01GE00S900,2019.09,77583,FINAL,Dollars,6,A,Consolidated accounts - table 1.1,B01GE,Gross domestic product - expenditure measure,,,,,National Accounts - SNA 2008 - SNE,2019,9
SNEQ.SG03AB01GE00S900,2019.12,85464,FINAL,Dollars,6,A,Consolidated accounts - table 1.1,B01GE,Gross domestic product - expenditure measure,,,,,National Accounts - SNA 2008 - SNE,2019,12
SNEQ.SG03AB01GE00S900,2020.03,81565,FINAL,Dollars,6,A,Consolidated accounts - table 1.1,B01GE,Gross domestic product - expenditure measure,,,,,National Accounts - SNA 2008 - SNE,2020,3
SNEQ.SG03AB01GE00S900,2020.06,73092,FINAL,Dollars,6,A,Consolidated accounts - table 1.1,B01GE,Gross domestic product - expenditure measure,,,,,National Accounts - SNA 2008 - SNE,2020,6
SNEQ.SG03AB01GE00S900,2020.09,81096,FINAL,Dollars,6,A,Consolidated accounts - table 1.1,B01GE,Gross domestic product - expenditure measure,,,,,National Accounts - SNA 2008 - SNE,2020,9
SNEQ.SG03AB01GE00S900,2020.12,88144,FINAL,Dollars,6,A,Consolidated accounts - table 1.1,B01GE,Gross domestic product - expenditure measure,,,,,National Accounts - SNA 2008 - SNE,2020,12
SNEQ.SG03AB01GE00S900,2021.03,86172,FINAL,Dollars,6,A,Consolidated accounts - table 1.1,B01GE,Gross domestic product - expenditure measure,,,,,National Accounts - SNA 2008 - SNE,2021,3
SNEQ.SG03AB01GE00S900,2021.06,87937,FINAL,Dollars,6,A,Consolidated accounts - table 1.1,B01GE,Gross domestic product - expenditure measure,,,,,National Accounts - SNA 2008 - SNE,2021,6
SNEQ.SG03AB01GE00S900,2021.09,83840,FINAL,Dollars,6,A,Consolidated accounts - table 1.1,B01GE,Gross domestic product - expenditure measure,,,,,National Accounts - SNA 2008 - SNE,2021,9
SNEQ.SG03AB01GE00S900,2021.12,95102,FINAL,Dollars,6,A,Consolidated accounts - table 1.1,B01GE,Gross domestic product - expenditure measure,,,,,National Accounts - SNA 2008 - SNE,2021,12
SNEQ.SG03AB01GE00S900,2022.03,92194,FINAL,Dollars,6,A,Consolidated accounts - table 1.1,B01GE,Gross domestic product - expenditure measure,,,,,National Accounts - SNA 2008 - SNE,2022,3
SNEQ.SG03AB01GE00S900,2022.06,94670,FINAL,Dollars,6,A,Consolidated accounts - table 1.1,B01GE,Gross domestic product - expenditure measure,,,,,National Accounts - SNA 2008 - SNE,2022,6
SNEQ.SG03AB01GE00S900,2022.09,94719,FINAL,Dollars,6,A,Consolidated accounts - table 1.1,B01GE,Gross domestic product - expenditure measure,,,,,National Accounts - SNA 2008 - SNE,2022,9
SNEQ.SG03AB01GE00S900,2022.12,103944,FINAL,Dollars,6,A,Consolidated accounts - table 1.1,B01GE,Gross domestic product - expenditure measure,,,,,National Accounts - SNA 2008 - SNE,2022,12
SNEQ.SG03AB01GE00S900,2023.03,100191,FINAL,Dollars,6,A,Consolidated accounts - table 1.1,B01GE,Gross domestic product - expenditure measure,,,,,National Accounts - SNA 2008 - SNE,2023,3
SNEQ.SG03AB01GE00S900,2023.06,102744,FINAL,Dollars,6,A,Consolidated accounts - table 1.1,B01GE,Gross domestic product - expenditure measure,,,,,National Accounts - SNA 2008 - SNE,2023,6
SNEQ.SG03AB01GE00S900,2023.09,101489,FINAL,Dollars,6,A,Consolidated accounts - table 1.1,B01GE,Gross domestic product - expenditure measure,,,,,National Accounts - SNA 2008 - SNE,2023,9
SNEQ.SG03AB01GE00S900,2023.12,108372,FINAL,Dollars,6,A,Consolidated accounts - table 1.1,B01GE,Gross domestic product - expenditure measure,,,,,National Accounts - SNA 2008 - SNE,2023,12
SNEQ.SG03AB01GE00S900,2024.03,105610,FINAL,Dollars,6,A,Consolidated accounts - table 1.1,B01GE,Gross domestic product - expenditure measure,,,,,National Accounts - SNA 2008 - SNE,2024,3
SNEQ.SG03AB01GE00S900,2024.06,105384,FINAL,Dollars,6,A,Consolidated accounts - table 1.1,B01GE,Gross domestic product - expenditure measure,,,,,National Accounts - SNA 2008 - SNE,2024,6
SNEQ.SG03AB01GE00S900,2024.09,102994,FINAL,Dollars,6,A,Consolidated accounts - table 1.1,B01GE,Gross domestic product - expenditure measure,,,,,National Accounts - SNA 2008 - SNE,2024,9
SNEQ.SG03AB01GE00S900,2024.12,112583,FINAL,Dollars,6,A,Consolidated accounts - table 1.1,B01GE,Gross domestic product - expenditure measure,,,,,National Accounts - SNA 2008 - SNE,2024,12
SNEQ.SG03AB01GE00S900,2025.03,110077,FINAL,Dollars,6,A,Consolidated accounts - table 1.1,B01GE,Gross domestic product - expenditure measure,,,,,National Accounts - SNA 2008 - SNE,2025,3
SNEQ.SG03AB01GI00S900,2011.06,51510,FINAL,Dollars,6,A,Consolidated accounts - table 1.1,B01GI,Gross domestic product - income measure,,,,,National Accounts - SNA 2008 - SNE,2011,6
SNEQ.SG03AB01GI00S900,2011.09,52896,FINAL,Dollars,6,A,Consolidated accounts - table 1.1,B01GI,Gross domestic product - income measure,,,,,National Accounts - SNA 2008 - SNE,2011,9
SNEQ.SG03AB01GI00S900,2011.12,56394,FINAL,Dollars,6,A,Consolidated accounts - table 1.1,B01GI,Gross domestic product - income measure,,,,,National Accounts - SNA 2008 - SNE,2011,12
SNEQ.SG03AB01GI00S900,2012.03,52470,FINAL,Dollars,6,A,Consolidated accounts - table 1.1,B01GI,Gross domestic product - income measure,,,,,National Accounts - SNA 2008 - SNE,2012,3
SNEQ.SG03AB01GI00S900,2012.06,53515,FINAL,Dollars,6,A,Consolidated accounts - table 1.1,B01GI,Gross domestic product - income measure,,,,,National Accounts - SNA 2008 - SNE,2012,6
SNEQ.SG03AB01GI00S900,2012.09,53454,FINAL,Dollars,6,A,Consolidated accounts - table 1.1,B01GI,Gross domestic product - income measure,,,,,National Accounts - SNA 2008 - SNE,2012,9
SNEQ.SG03AB01GI00S900,2012.12,56902,FINAL,Dollars,6,A,Consolidated accounts - table 1.1,B01GI,Gross domestic product - income measure,,,,,National Accounts - SNA 2008 - SNE,2012,12
SNEQ.SG03AB01GI00S900,2013.03,54054,FINAL,Dollars,6,A,Consolidated accounts - table 1.1,B01GI,Gross domestic product - income measure,,,,,National Accounts - SNA 2008 - SNE,2013,3
SNEQ.SG03AB01GI00S900,2013.06,54801,FINAL,Dollars,6,A,Consolidated accounts - table 1.1,B01GI,Gross domestic product - income measure,,,,,National Accounts - SNA 2008 - SNE,2013,6
SNEQ.SG03AB01GI00S900,2013.09,57104,FINAL,Dollars,6,A,Consolidated accounts - table 1.1,B01GI,Gross domestic product - income measure,,,,,National Accounts - SNA 2008 - SNE,2013,9
SNEQ.SG03AB01GI00S900,2013.12,62559,FINAL,Dollars,6,A,Consolidated accounts - table 1.1,B01GI,Gross domestic product - income measure,,,,,National Accounts - SNA 2008 - SNE,2013,12
SNEQ.SG03AB01GI00S900,2014.03,58458,FINAL,Dollars,6,A,Consolidated accounts - table 1.1,B01GI,Gross domestic product - income measure,,,,,National Accounts - SNA 2008 - SNE,2014,3
SNEQ.SG03AB01GI00S900,2014.06,58941,FINAL,Dollars,6,A,Consolidated accounts - table 1.1,B01GI,Gross domestic product - income measure,,,,,National Accounts - SNA 2008 - SNE,2014,6
SNEQ.SG03AB01GI00S900,2014.09,59623,FINAL,Dollars,6,A,Consolidated accounts - table 1.1,B01GI,Gross domestic product - income measure,,,,,National Accounts - SNA 2008 - SNE,2014,9
SNEQ.SG03AB01GI00S900,2014.12,63932,FINAL,Dollars,6,A,Consolidated accounts - table 1.1,B01GI,Gross domestic product - income measure,,,,,National Accounts - SNA 2008 - SNE,2014,12
SNEQ.SG03AB01GI00S900,2015.03,60420,FINAL,Dollars,6,A,Consolidated accounts - table 1.1,B01GI,Gross domestic product - income measure,,,,,National Accounts - SNA 2008 - SNE,2015,3
SNEQ.SG03AB01GI00S900,2015.06,61906,FINAL,Dollars,6,A,Consolidated accounts - table 1.1,B01GI,Gross domestic product - income measure,,,,,National Accounts - SNA 2008 - SNE,2015,6
SNEQ.SG03AB01GI00S900,2015.09,62821,FINAL,Dollars,6,A,Consolidated accounts - table 1.1,B01GI,Gross domestic product - income measure,,,,,National Accounts - SNA 2008 - SNE,2015,9
SNEQ.SG03AB01GI00S900,2015.12,66964,FINAL,Dollars,6,A,Consolidated accounts - table 1.1,B01GI,Gross domestic product - income measure,,,,,National Accounts - SNA 2008 - SNE,2015,12
SNEQ.SG03AB01GI00S900,2016.03,63877,FINAL,Dollars,6,A,Consolidated accounts - table 1.1,B01GI,Gross domestic product - income measure,,,,,National Accounts - SNA 2008 - SNE,2016,3
SNEQ.SG03AB01GI00S900,2016.06,65273,FINAL,Dollars,6,A,Consolidated accounts - table 1.1,B01GI,Gross domestic product - income measure,,,,,National Accounts - SNA 2008 - SNE,2016,6
SNEQ.SG03AB01GI00S900,2016.09,66284,FINAL,Dollars,6,A,Consolidated accounts - table 1.1,B01GI,Gross domestic product - income measure,,,,,National Accounts - SNA 2008 - SNE,2016,9
SNEQ.SG03AB01GI00S900,2016.12,71597,FINAL,Dollars,6,A,Consolidated accounts - table 1.1,B01GI,Gross domestic product - income measure,,,,,National Accounts - SNA 2008 - SNE,2016,12
SNEQ.SG03AB01GI00S900,2017.03,68493,FINAL,Dollars,6,A,Consolidated accounts - table 1.1,B01GI,Gross domestic product - income measure,,,,,National Accounts - SNA 2008 - SNE,2017,3
SNEQ.SG03AB01GI00S900,2017.06,69589,FINAL,Dollars,6,A,Consolidated accounts - table 1.1,B01GI,Gross domestic product - income measure,,,,,National Accounts - SNA 2008 - SNE,2017,6
SNEQ.SG03AB01GI00S900,2017.09,71238,FINAL,Dollars,6,A,Consolidated accounts - table 1.1,B01GI,Gross domestic product - income measure,,,,,National Accounts - SNA 2008 - SNE,2017,9
SNEQ.SG03AB01GI00S900,2017.12,77422,FINAL,Dollars,6,A,Consolidated accounts - table 1.1,B01GI,Gross domestic product - income measure,,,,,National Accounts - SNA 2008 - SNE,2017,12
SNEQ.SG03AB01GI00S900,2018.03,72726,FINAL,Dollars,6,A,Consolidated accounts - table 1.1,B01GI,Gross domestic product - income measure,,,,,National Accounts - SNA 2008 - SNE,2018,3
SNEQ.SG03AB01GI00S900,2018.06,74558,FINAL,Dollars,6,A,Consolidated accounts - table 1.1,B01GI,Gross domestic product - income measure,,,,,National Accounts - SNA 2008 - SNE,2018,6
SNEQ.SG03AB01GI00S900,2018.09,75229,FINAL,Dollars,6,A,Consolidated accounts - table 1.1,B01GI,Gross domestic product - income measure,,,,,National Accounts - SNA 2008 - SNE,2018,9
SNEQ.SG03AB01GI00S900,2018.12,80451,FINAL,Dollars,6,A,Consolidated accounts - table 1.1,B01GI,Gross domestic product - income measure,,,,,National Accounts - SNA 2008 - SNE,2018,12
SNEQ.SG03AB01GI00S900,2019.03,76136,FINAL,Dollars,6,A,Consolidated accounts - table 1.1,B01GI,Gross domestic product - income measure,,,,,National Accounts - SNA 2008 - SNE,2019,3
SNEQ.SG03AB01GI00S900,2019.06,78629,FINAL,Dollars,6,A,Consolidated accounts - table 1.1,B01GI,Gross domestic product - income measure,,,,,National Accounts - SNA 2008 - SNE,2019,6
SNEQ.SG03AB01GI00S900,2019.09,80034,FINAL,Dollars,6,A,Consolidated accounts - table 1.1,B01GI,Gross domestic product - income measure,,,,,National Accounts - SNA 2008 - SNE,2019,9
SNEQ.SG03AB01GI00S900,2019.12,85329,FINAL,Dollars,6,A,Consolidated accounts - table 1.1,B01GI,Gross domestic product - income measure,,,,,National Accounts - SNA 2008 - SNE,2019,12
SNEQ.SG03AB01GI00S900,2020.03,79325,FINAL,Dollars,6,A,Consolidated accounts - table 1.1,B01GI,Gross domestic product - income measure,,,,,National Accounts - SNA 2008 - SNE,2020,3
SNEQ.SG03AB01GI00S900,2020.06,72972,FINAL,Dollars,6,A,Consolidated accounts - table 1.1,B01GI,Gross domestic product - income measure,,,,,National Accounts - SNA 2008 - SNE,2020,6
SNEQ.SG03AB01GI00S900,2020.09,83870,FINAL,Dollars,6,A,Consolidated accounts - table 1.1,B01GI,Gross domestic product - income measure,,,,,National Accounts - SNA 2008 - SNE,2020,9
SNEQ.SG03AB01GI00S900,2020.12,87917,FINAL,Dollars,6,A,Consolidated accounts - table 1.1,B01GI,Gross domestic product - income measure,,,,,National Accounts - SNA 2008 - SNE,2020,12
SNEQ.SG03AB01GI00S900,2021.03,83747,FINAL,Dollars,6,A,Consolidated accounts - table 1.1,B01GI,Gross domestic product - income measure,,,,,National Accounts - SNA 2008 - SNE,2021,3
SNEQ.SG03AB01GI00S900,2021.06,87831,FINAL,Dollars,6,A,Consolidated accounts - table 1.1,B01GI,Gross domestic product - income measure,,,,,National Accounts - SNA 2008 - SNE,2021,6
SNEQ.SG03AB01GI00S900,2021.09,86906,FINAL,Dollars,6,A,Consolidated accounts - table 1.1,B01GI,Gross domestic product - income measure,,,,,National Accounts - SNA 2008 - SNE,2021,9
SNEQ.SG03AB01GI00S900,2021.12,94856,FINAL,Dollars,6,A,Consolidated accounts - table 1.1,B01GI,Gross domestic product - income measure,,,,,National Accounts - SNA 2008 - SNE,2021,12
SNEQ.SG03AB01GI00S900,2022.03,89480,FINAL,Dollars,6,A,Consolidated accounts - table 1.1,B01GI,Gross domestic product - income measure,,,,,National Accounts - SNA 2008 - SNE,2022,3
SNEQ.SG03AB01GI00S900,2022.06,94354,FINAL,Dollars,6,A,Consolidated accounts - table 1.1,B01GI,Gross domestic product - income measure,,,,,National Accounts - SNA 2008 - SNE,2022,6
SNEQ.SG03AB01GI00S900,2022.09,98181,FINAL,Dollars,6,A,Consolidated accounts - table 1.1,B01GI,Gross domestic product - income measure,,,,,National Accounts - SNA 2008 - SNE,2022,9
SNEQ.SG03AB01GI00S900,2022.12,103750,FINAL,Dollars,6,A,Consolidated accounts - table 1.1,B01GI,Gross domestic product - income measure,,,,,National Accounts - SNA 2008 - SNE,2022,12
SNEQ.SG03AB01GI00S900,2023.03,97239,FINAL,Dollars,6,A,Consolidated accounts - table 1.1,B01GI,Gross domestic product - income measure,,,,,National Accounts - SNA 2008 - SNE,2023,3
SNEQ.SG03AB01GI00S900,2023.06,102163,FINAL,Dollars,6,A,Consolidated accounts - table 1.1,B01GI,Gross domestic product - income measure,,,,,National Accounts - SNA 2008 - SNE,2023,6
SNEQ.SG03AB01GI00S900,2023.09,104373,FINAL,Dollars,6,A,Consolidated accounts - table 1.1,B01GI,Gross domestic product - income measure,,,,,National Accounts - SNA 2008 - SNE,2023,9
SNEQ.SG03AB01GI00S900,2023.12,107435,FINAL,Dollars,6,A,Consolidated accounts - table 1.1,B01GI,Gross domestic product - income measure,,,,,National Accounts - SNA 2008 - SNE,2023,12
SNEQ.SG03AB01GI00S900,2024.03,102104,FINAL,Dollars,6,A,Consolidated accounts - table 1.1,B01GI,Gross domestic product - income measure,,,,,National Accounts - SNA 2008 - SNE,2024,3
SNEQ.SG03AB01GI00S900,2024.06,104806,FINAL,Dollars,6,A,Consolidated accounts - table 1.1,B01GI,Gross domestic product - income measure,,,,,National Accounts - SNA 2008 - SNE,2024,6
SNEQ.SG03AB01GI00S900,2024.09,105881,FINAL,Dollars,6,A,Consolidated accounts - table 1.1,B01GI,Gross domestic product - income measure,,,,,National Accounts - SNA 2008 - SNE,2024,9
SNEQ.SG03AB01GI00S900,2024.12,111577,FINAL,Dollars,6,A,Consolidated accounts - table 1.1,B01GI,Gross domestic product - income measure,,,,,National Accounts - SNA 2008 - SNE,2024,12
SNEQ.SG03AB01GI00S900,2025.03,106635,FINAL,Dollars,6,A,Consolidated accounts - table 1.1,B01GI,Gross domestic product - income measure,,,,,National Accounts - SNA 2008 - SNE,2025,3
SNEQ.SG03AB02G000S900,2011.06,22314,FINAL,Dollars,6,A,Consolidated accounts - table 1.1,B02G,Gross operating surplus and gross mixed income,,,,,National Accounts - SNA 2008 - SNE,2011,6
SNEQ.SG03AB02G000S900,2011.09,23366,FINAL,Dollars,6,A,Consolidated accounts - table 1.1,B02G,Gross operating surplus and gross mixed income,,,,,National Accounts - SNA 2008 - SNE,2011,9
SNEQ.SG03AB02G000S900,2011.12,25244,FINAL,Dollars,6,A,Consolidated accounts - table 1.1,B02G,Gross operating surplus and gross mixed income,,,,,National Accounts - SNA 2008 - SNE,2011,12
SNEQ.SG03AB02G000S900,2012.03,22820,FINAL,Dollars,6,A,Consolidated accounts - table 1.1,B02G,Gross operating surplus and gross mixed income,,,,,National Accounts - SNA 2008 - SNE,2012,3
SNEQ.SG03AB02G000S900,2012.06,23113,FINAL,Dollars,6,A,Consolidated accounts - table 1.1,B02G,Gross operating surplus and gross mixed income,,,,,National Accounts - SNA 2008 - SNE,2012,6
SNEQ.SG03AB02G000S900,2012.09,22968,FINAL,Dollars,6,A,Consolidated accounts - table 1.1,B02G,Gross operating surplus and gross mixed income,,,,,National Accounts - SNA 2008 - SNE,2012,9
SNEQ.SG03AB02G000S900,2012.12,24753,FINAL,Dollars,6,A,Consolidated accounts - table 1.1,B02G,Gross operating surplus and gross mixed income,,,,,National Accounts - SNA 2008 - SNE,2012,12
SNEQ.SG03AB02G000S900,2013.03,23599,FINAL,Dollars,6,A,Consolidated accounts - table 1.1,B02G,Gross operating surplus and gross mixed income,,,,,National Accounts - SNA 2008 - SNE,2013,3
SNEQ.SG03AB02G000S900,2013.06,23417,FINAL,Dollars,6,A,Consolidated accounts - table 1.1,B02G,Gross operating surplus and gross mixed income,,,,,National Accounts - SNA 2008 - SNE,2013,6
SNEQ.SG03AB02G000S900,2013.09,25470,FINAL,Dollars,6,A,Consolidated accounts - table 1.1,B02G,Gross operating surplus and gross mixed income,,,,,National Accounts - SNA 2008 - SNE,2013,9
SNEQ.SG03AB02G000S900,2013.12,28750,FINAL,Dollars,6,A,Consolidated accounts - table 1.1,B02G,Gross operating surplus and gross mixed income,,,,,National Accounts - SNA 2008 - SNE,2013,12
SNEQ.SG03AB02G000S900,2014.03,26554,FINAL,Dollars,6,A,Consolidated accounts - table 1.1,B02G,Gross operating surplus and gross mixed income,,,,,National Accounts - SNA 2008 - SNE,2014,3
SNEQ.SG03AB02G000S900,2014.06,25879,FINAL,Dollars,6,A,Consolidated accounts - table 1.1,B02G,Gross operating surplus and gross mixed income,,,,,National Accounts - SNA 2008 - SNE,2014,6
SNEQ.SG03AB02G000S900,2014.09,26026,FINAL,Dollars,6,A,Consolidated accounts - table 1.1,B02G,Gross operating surplus and gross mixed income,,,,,National Accounts - SNA 2008 - SNE,2014,9
SNEQ.SG03AB02G000S900,2014.12,28276,FINAL,Dollars,6,A,Consolidated accounts - table 1.1,B02G,Gross operating surplus and gross mixed income,,,,,National Accounts - SNA 2008 - SNE,2014,12
SNEQ.SG03AB02G000S900,2015.03,26782,FINAL,Dollars,6,A,Consolidated accounts - table 1.1,B02G,Gross operating surplus and gross mixed income,,,,,National Accounts - SNA 2008 - SNE,2015,3
SNEQ.SG03AB02G000S900,2015.06,27024,FINAL,Dollars,6,A,Consolidated accounts - table 1.1,B02G,Gross operating surplus and gross mixed income,,,,,National Accounts - SNA 2008 - SNE,2015,6
SNEQ.SG03AB02G000S900,2015.09,27323,FINAL,Dollars,6,A,Consolidated accounts - table 1.1,B02G,Gross operating surplus and gross mixed income,,,,,National Accounts - SNA 2008 - SNE,2015,9
SNEQ.SG03AB02G000S900,2015.12,29680,FINAL,Dollars,6,A,Consolidated accounts - table 1.1,B02G,Gross operating surplus and gross mixed income,,,,,National Accounts - SNA 2008 - SNE,2015,12
SNEQ.SG03AB02G000S900,2016.03,27930,FINAL,Dollars,6,A,Consolidated accounts - table 1.1,B02G,Gross operating surplus and gross mixed income,,,,,National Accounts - SNA 2008 - SNE,2016,3
SNEQ.SG03AB02G000S900,2016.06,28040,FINAL,Dollars,6,A,Consolidated accounts - table 1.1,B02G,Gross operating surplus and gross mixed income,,,,,National Accounts - SNA 2008 - SNE,2016,6
SNEQ.SG03AB02G000S900,2016.09,28848,FINAL,Dollars,6,A,Consolidated accounts - table 1.1,B02G,Gross operating surplus and gross mixed income,,,,,National Accounts - SNA 2008 - SNE,2016,9
SNEQ.SG03AB02G000S900,2016.12,32434,FINAL,Dollars,6,A,Consolidated accounts - table 1.1,B02G,Gross operating surplus and gross mixed income,,,,,National Accounts - SNA 2008 - SNE,2016,12
SNEQ.SG03AB02G000S900,2017.03,30561,FINAL,Dollars,6,A,Consolidated accounts - table 1.1,B02G,Gross operating surplus and gross mixed income,,,,,National Accounts - SNA 2008 - SNE,2017,3
SNEQ.SG03AB02G000S900,2017.06,30490,FINAL,Dollars,6,A,Consolidated accounts - table 1.1,B02G,Gross operating surplus and gross mixed income,,,,,National Accounts - SNA 2008 - SNE,2017,6
SNEQ.SG03AB02G000S900,2017.09,31857,FINAL,Dollars,6,A,Consolidated accounts - table 1.1,B02G,Gross operating surplus and gross mixed income,,,,,National Accounts - SNA 2008 - SNE,2017,9
SNEQ.SG03AB02G000S900,2017.12,35333,FINAL,Dollars,6,A,Consolidated accounts - table 1.1,B02G,Gross operating surplus and gross mixed income,,,,,National Accounts - SNA 2008 - SNE,2017,12
SNEQ.SG03AB02G000S900,2018.03,32554,FINAL,Dollars,6,A,Consolidated accounts - table 1.1,B02G,Gross operating surplus and gross mixed income,,,,,National Accounts - SNA 2008 - SNE,2018,3
SNEQ.SG03AB02G000S900,2018.06,33032,FINAL,Dollars,6,A,Consolidated accounts - table 1.1,B02G,Gross operating surplus and gross mixed income,,,,,National Accounts - SNA 2008 - SNE,2018,6
SNEQ.SG03AB02G000S900,2018.09,33424,FINAL,Dollars,6,A,Consolidated accounts - table 1.1,B02G,Gross operating surplus and gross mixed income,,,,,National Accounts - SNA 2008 - SNE,2018,9
SNEQ.SG03AB02G000S900,2018.12,35526,FINAL,Dollars,6,A,Consolidated accounts - table 1.1,B02G,Gross operating surplus and gross mixed income,,,,,National Accounts - SNA 2008 - SNE,2018,12
SNEQ.SG03AB02G000S900,2019.03,33782,FINAL,Dollars,6,A,Consolidated accounts - table 1.1,B02G,Gross operating surplus and gross mixed income,,,,,National Accounts - SNA 2008 - SNE,2019,3
SNEQ.SG03AB02G000S900,2019.06,33875,FINAL,Dollars,6,A,Consolidated accounts - table 1.1,B02G,Gross operating surplus and gross mixed income,,,,,National Accounts - SNA 2008 - SNE,2019,6
SNEQ.SG03AB02G000S900,2019.09,35425,FINAL,Dollars,6,A,Consolidated accounts - table 1.1,B02G,Gross operating surplus and gross mixed income,,,,,National Accounts - SNA 2008 - SNE,2019,9
SNEQ.SG03AB02G000S900,2019.12,37910,FINAL,Dollars,6,A,Consolidated accounts - table 1.1,B02G,Gross operating surplus and gross mixed income,,,,,National Accounts - SNA 2008 - SNE,2019,12
SNEQ.SG03AB02G000S900,2020.03,37912,FINAL,Dollars,6,A,Consolidated accounts - table 1.1,B02G,Gross operating surplus and gross mixed income,,,,,National Accounts - SNA 2008 - SNE,2020,3
SNEQ.SG03AB02G000S900,2020.06,37383,FINAL,Dollars,6,A,Consolidated accounts - table 1.1,B02G,Gross operating surplus and gross mixed income,,,,,National Accounts - SNA 2008 - SNE,2020,6
SNEQ.SG03AB02G000S900,2020.09,39923,FINAL,Dollars,6,A,Consolidated accounts - table 1.1,B02G,Gross operating surplus and gross mixed income,,,,,National Accounts - SNA 2008 - SNE,2020,9
SNEQ.SG03AB02G000S900,2020.12,39715,FINAL,Dollars,6,A,Consolidated accounts - table 1.1,B02G,Gross operating surplus and gross mixed income,,,,,National Accounts - SNA 2008 - SNE,2020,12
SNEQ.SG03AB02G000S900,2021.03,36902,FINAL,Dollars,6,A,Consolidated accounts - table 1.1,B02G,Gross operating surplus and gross mixed income,,,,,National Accounts - SNA 2008 - SNE,2021,3
SNEQ.SG03AB02G000S900,2021.06,37269,FINAL,Dollars,6,A,Consolidated accounts - table 1.1,B02G,Gross operating surplus and gross mixed income,,,,,National Accounts - SNA 2008 - SNE,2021,6
SNEQ.SG03AB02G000S900,2021.09,41290,FINAL,Dollars,6,A,Consolidated accounts - table 1.1,B02G,Gross operating surplus and gross mixed income,,,,,National Accounts - SNA 2008 - SNE,2021,9
SNEQ.SG03AB02G000S900,2021.12,45647,FINAL,Dollars,6,A,Consolidated accounts - table 1.1,B02G,Gross operating surplus and gross mixed income,,,,,National Accounts - SNA 2008 - SNE,2021,12
SNEQ.SG03AB02G000S900,2022.03,39888,FINAL,Dollars,6,A,Consolidated accounts - table 1.1,B02G,Gross operating surplus and gross mixed income,,,,,National Accounts - SNA 2008 - SNE,2022,3
SNEQ.SG03AB02G000S900,2022.06,41227,FINAL,Dollars,6,A,Consolidated accounts - table 1.1,B02G,Gross operating surplus and gross mixed income,,,,,National Accounts - SNA 2008 - SNE,2022,6
SNEQ.SG03AB02G000S900,2022.09,44005,FINAL,Dollars,6,A,Consolidated accounts - table 1.1,B02G,Gross operating surplus and gross mixed income,,,,,National Accounts - SNA 2008 - SNE,2022,9
SNEQ.SG03AB02G000S900,2022.12,47277,FINAL,Dollars,6,A,Consolidated accounts - table 1.1,B02G,Gross operating surplus and gross mixed income,,,,,National Accounts - SNA 2008 - SNE,2022,12
SNEQ.SG03AB02G000S900,2023.03,42242,FINAL,Dollars,6,A,Consolidated accounts - table 1.1,B02G,Gross operating surplus and gross mixed income,,,,,National Accounts - SNA 2008 - SNE,2023,3
SNEQ.SG03AB02G000S900,2023.06,44337,FINAL,Dollars,6,A,Consolidated accounts - table 1.1,B02G,Gross operating surplus and gross mixed income,,,,,National Accounts - SNA 2008 - SNE,2023,6
SNEQ.SG03AB02G000S900,2023.09,45797,FINAL,Dollars,6,A,Consolidated accounts - table 1.1,B02G,Gross operating surplus and gross mixed income,,,,,National Accounts - SNA 2008 - SNE,2023,9
SNEQ.SG03AB02G000S900,2023.12,46221,FINAL,Dollars,6,A,Consolidated accounts - table 1.1,B02G,Gross operating surplus and gross mixed income,,,,,National Accounts - SNA 2008 - SNE,2023,12
SNEQ.SG03AB02G000S900,2024.03,42705,FINAL,Dollars,6,A,Consolidated accounts - table 1.1,B02G,Gross operating surplus and gross mixed income,,,,,National Accounts - SNA 2008 - SNE,2024,3
SNEQ.SG03AB02G000S900,2024.06,43048,FINAL,Dollars,6,A,Consolidated accounts - table 1.1,B02G,Gross operating surplus and gross mixed income,,,,,National Accounts - SNA 2008 - SNE,2024,6
SNEQ.SG03AB02G000S900,2024.09,45028,FINAL,Dollars,6,A,Consolidated accounts - table 1.1,B02G,Gross operating surplus and gross mixed income,,,,,National Accounts - SNA 2008 - SNE,2024,9
SNEQ.SG03AB02G000S900,2024.12,49251,FINAL,Dollars,6,A,Consolidated accounts - table 1.1,B02G,Gross operating surplus and gross mixed income,,,,,National Accounts - SNA 2008 - SNE,2024,12
SNEQ.SG03AB02G000S900,2025.03,45648,FINAL,Dollars,6,A,Consolidated accounts - table 1.1,B02G,Gross operating surplus and gross mixed income,,,,,National Accounts - SNA 2008 - SNE,2025,3
SNEQ.SG03AB05GNE0S900,2011.06,49700,FINAL,Dollars,6,A,Consolidated accounts - table 1.1,B05GNE,Gross national expenditure,,,,,National Accounts - SNA 2008 - SNE,2011,6
SNEQ.SG03AB05GNE0S900,2011.09,52534,FINAL,Dollars,6,A,Consolidated accounts - table 1.1,B05GNE,Gross national expenditure,,,,,National Accounts - SNA 2008 - SNE,2011,9
SNEQ.SG03AB05GNE0S900,2011.12,55672,FINAL,Dollars,6,A,Consolidated accounts - table 1.1,B05GNE,Gross national expenditure,,,,,National Accounts - SNA 2008 - SNE,2011,12
SNEQ.SG03AB05GNE0S900,2012.03,52064,FINAL,Dollars,6,A,Consolidated accounts - table 1.1,B05GNE,Gross national expenditure,,,,,National Accounts - SNA 2008 - SNE,2012,3
SNEQ.SG03AB05GNE0S900,2012.06,52373,FINAL,Dollars,6,A,Consolidated accounts - table 1.1,B05GNE,Gross national expenditure,,,,,National Accounts - SNA 2008 - SNE,2012,6
SNEQ.SG03AB05GNE0S900,2012.09,53657,FINAL,Dollars,6,A,Consolidated accounts - table 1.1,B05GNE,Gross national expenditure,,,,,National Accounts - SNA 2008 - SNE,2012,9
SNEQ.SG03AB05GNE0S900,2012.12,57262,FINAL,Dollars,6,A,Consolidated accounts - table 1.1,B05GNE,Gross national expenditure,,,,,National Accounts - SNA 2008 - SNE,2012,12
SNEQ.SG03AB05GNE0S900,2013.03,53121,FINAL,Dollars,6,A,Consolidated accounts - table 1.1,B05GNE,Gross national expenditure,,,,,National Accounts - SNA 2008 - SNE,2013,3
SNEQ.SG03AB05GNE0S900,2013.06,53921,FINAL,Dollars,6,A,Consolidated accounts - table 1.1,B05GNE,Gross national expenditure,,,,,National Accounts - SNA 2008 - SNE,2013,6
SNEQ.SG03AB05GNE0S900,2013.09,57667,FINAL,Dollars,6,A,Consolidated accounts - table 1.1,B05GNE,Gross national expenditure,,,,,National Accounts - SNA 2008 - SNE,2013,9
SNEQ.SG03AB05GNE0S900,2013.12,61347,FINAL,Dollars,6,A,Consolidated accounts - table 1.1,B05GNE,Gross national expenditure,,,,,National Accounts - SNA 2008 - SNE,2013,12
SNEQ.SG03AB05GNE0S900,2014.03,56239,FINAL,Dollars,6,A,Consolidated accounts - table 1.1,B05GNE,Gross national expenditure,,,,,National Accounts - SNA 2008 - SNE,2014,3
SNEQ.SG03AB05GNE0S900,2014.06,57630,FINAL,Dollars,6,A,Consolidated accounts - table 1.1,B05GNE,Gross national expenditure,,,,,National Accounts - SNA 2008 - SNE,2014,6
SNEQ.SG03AB05GNE0S900,2014.09,60549,FINAL,Dollars,6,A,Consolidated accounts - table 1.1,B05GNE,Gross national expenditure,,,,,National Accounts - SNA 2008 - SNE,2014,9
SNEQ.SG03AB05GNE0S900,2014.12,63972,FINAL,Dollars,6,A,Consolidated accounts - table 1.1,B05GNE,Gross national expenditure,,,,,National Accounts - SNA 2008 - SNE,2014,12
SNEQ.SG03AB05GNE0S900,2015.03,58798,FINAL,Dollars,6,A,Consolidated accounts - table 1.1,B05GNE,Gross national expenditure,,,,,National Accounts - SNA 2008 - SNE,2015,3
SNEQ.SG03AB05GNE0S900,2015.06,60810,FINAL,Dollars,6,A,Consolidated accounts - table 1.1,B05GNE,Gross national expenditure,,,,,National Accounts - SNA 2008 - SNE,2015,6
SNEQ.SG03AB05GNE0S900,2015.09,63351,FINAL,Dollars,6,A,Consolidated accounts - table 1.1,B05GNE,Gross national expenditure,,,,,National Accounts - SNA 2008 - SNE,2015,9
SNEQ.SG03AB05GNE0S900,2015.12,66872,FINAL,Dollars,6,A,Consolidated accounts - table 1.1,B05GNE,Gross national expenditure,,,,,National Accounts - SNA 2008 - SNE,2015,12
SNEQ.SG03AB05GNE0S900,2016.03,61940,FINAL,Dollars,6,A,Consolidated accounts - table 1.1,B05GNE,Gross national expenditure,,,,,National Accounts - SNA 2008 - SNE,2016,3
SNEQ.SG03AB05GNE0S900,2016.06,63783,FINAL,Dollars,6,A,Consolidated accounts - table 1.1,B05GNE,Gross national expenditure,,,,,National Accounts - SNA 2008 - SNE,2016,6
SNEQ.SG03AB05GNE0S900,2016.09,67079,FINAL,Dollars,6,A,Consolidated accounts - table 1.1,B05GNE,Gross national expenditure,,,,,National Accounts - SNA 2008 - SNE,2016,9
SNEQ.SG03AB05GNE0S900,2016.12,71389,FINAL,Dollars,6,A,Consolidated accounts - table 1.1,B05GNE,Gross national expenditure,,,,,National Accounts - SNA 2008 - SNE,2016,12
SNEQ.SG03AB05GNE0S900,2017.03,67177,FINAL,Dollars,6,A,Consolidated accounts - table 1.1,B05GNE,Gross national expenditure,,,,,National Accounts - SNA 2008 - SNE,2017,3
SNEQ.SG03AB05GNE0S900,2017.06,67673,FINAL,Dollars,6,A,Consolidated accounts - table 1.1,B05GNE,Gross national expenditure,,,,,National Accounts - SNA 2008 - SNE,2017,6
SNEQ.SG03AB05GNE0S900,2017.09,71476,FINAL,Dollars,6,A,Consolidated accounts - table 1.1,B05GNE,Gross national expenditure,,,,,National Accounts - SNA 2008 - SNE,2017,9
SNEQ.SG03AB05GNE0S900,2017.12,77159,FINAL,Dollars,6,A,Consolidated accounts - table 1.1,B05GNE,Gross national expenditure,,,,,National Accounts - SNA 2008 - SNE,2017,12
SNEQ.SG03AB05GNE0S900,2018.03,71805,FINAL,Dollars,6,A,Consolidated accounts - table 1.1,B05GNE,Gross national expenditure,,,,,National Accounts - SNA 2008 - SNE,2018,3
SNEQ.SG03AB05GNE0S900,2018.06,73393,FINAL,Dollars,6,A,Consolidated accounts - table 1.1,B05GNE,Gross national expenditure,,,,,National Accounts - SNA 2008 - SNE,2018,6
SNEQ.SG03AB05GNE0S900,2018.09,76732,FINAL,Dollars,6,A,Consolidated accounts - table 1.1,B05GNE,Gross national expenditure,,,,,National Accounts - SNA 2008 - SNE,2018,9
SNEQ.SG03AB05GNE0S900,2018.12,81248,FINAL,Dollars,6,A,Consolidated accounts - table 1.1,B05GNE,Gross national expenditure,,,,,National Accounts - SNA 2008 - SNE,2018,12
SNEQ.SG03AB05GNE0S900,2019.03,75108,FINAL,Dollars,6,A,Consolidated accounts - table 1.1,B05GNE,Gross national expenditure,,,,,National Accounts - SNA 2008 - SNE,2019,3
SNEQ.SG03AB05GNE0S900,2019.06,77329,FINAL,Dollars,6,A,Consolidated accounts - table 1.1,B05GNE,Gross national expenditure,,,,,National Accounts - SNA 2008 - SNE,2019,6
SNEQ.SG03AB05GNE0S900,2019.09,81387,FINAL,Dollars,6,A,Consolidated accounts - table 1.1,B05GNE,Gross national expenditure,,,,,National Accounts - SNA 2008 - SNE,2019,9
SNEQ.SG03AB05GNE0S900,2019.12,86161,FINAL,Dollars,6,A,Consolidated accounts - table 1.1,B05GNE,Gross national expenditure,,,,,National Accounts - SNA 2008 - SNE,2019,12
SNEQ.SG03AB05GNE0S900,2020.03,77775,FINAL,Dollars,6,A,Consolidated accounts - table 1.1,B05GNE,Gross national expenditure,,,,,National Accounts - SNA 2008 - SNE,2020,3
SNEQ.SG03AB05GNE0S900,2020.06,69932,FINAL,Dollars,6,A,Consolidated accounts - table 1.1,B05GNE,Gross national expenditure,,,,,National Accounts - SNA 2008 - SNE,2020,6
SNEQ.SG03AB05GNE0S900,2020.09,83399,FINAL,Dollars,6,A,Consolidated accounts - table 1.1,B05GNE,Gross national expenditure,,,,,National Accounts - SNA 2008 - SNE,2020,9
SNEQ.SG03AB05GNE0S900,2020.12,89603,FINAL,Dollars,6,A,Consolidated accounts - table 1.1,B05GNE,Gross national expenditure,,,,,National Accounts - SNA 2008 - SNE,2020,12
SNEQ.SG03AB05GNE0S900,2021.03,87484,FINAL,Dollars,6,A,Consolidated accounts - table 1.1,B05GNE,Gross national expenditure,,,,,National Accounts - SNA 2008 - SNE,2021,3
SNEQ.SG03AB05GNE0S900,2021.06,86895,FINAL,Dollars,6,A,Consolidated accounts - table 1.1,B05GNE,Gross national expenditure,,,,,National Accounts - SNA 2008 - SNE,2021,6
SNEQ.SG03AB05GNE0S900,2021.09,90218,FINAL,Dollars,6,A,Consolidated accounts - table 1.1,B05GNE,Gross national expenditure,,,,,National Accounts - SNA 2008 - SNE,2021,9
SNEQ.SG03AB05GNE0S900,2021.12,100110,FINAL,Dollars,6,A,Consolidated accounts - table 1.1,B05GNE,Gross national expenditure,,,,,National Accounts - SNA 2008 - SNE,2021,12
SNEQ.SG03AB05GNE0S900,2022.03,95932,FINAL,Dollars,6,A,Consolidated accounts - table 1.1,B05GNE,Gross national expenditure,,,,,National Accounts - SNA 2008 - SNE,2022,3
SNEQ.SG03AB05GNE0S900,2022.06,97827,FINAL,Dollars,6,A,Consolidated accounts - table 1.1,B05GNE,Gross national expenditure,,,,,National Accounts - SNA 2008 - SNE,2022,6
SNEQ.SG03AB05GNE0S900,2022.09,103311,FINAL,Dollars,6,A,Consolidated accounts - table 1.1,B05GNE,Gross national expenditure,,,,,National Accounts - SNA 2008 - SNE,2022,9
SNEQ.SG03AB05GNE0S900,2022.12,111093,FINAL,Dollars,6,A,Consolidated accounts - table 1.1,B05GNE,Gross national expenditure,,,,,National Accounts - SNA 2008 - SNE,2022,12
SNEQ.SG03AB05GNE0S900,2023.03,102471,FINAL,Dollars,6,A,Consolidated accounts - table 1.1,B05GNE,Gross national expenditure,,,,,National Accounts - SNA 2008 - SNE,2023,3
SNEQ.SG03AB05GNE0S900,2023.06,103608,FINAL,Dollars,6,A,Consolidated accounts - table 1.1,B05GNE,Gross national expenditure,,,,,National Accounts - SNA 2008 - SNE,2023,6
SNEQ.SG03AB05GNE0S900,2023.09,108786,FINAL,Dollars,6,A,Consolidated accounts - table 1.1,B05GNE,Gross national expenditure,,,,,National Accounts - SNA 2008 - SNE,2023,9
SNEQ.SG03AB05GNE0S900,2023.12,112621,FINAL,Dollars,6,A,Consolidated accounts - table 1.1,B05GNE,Gross national expenditure,,,,,National Accounts - SNA 2008 - SNE,2023,12
SNEQ.SG03AB05GNE0S900,2024.03,105570,FINAL,Dollars,6,A,Consolidated accounts - table 1.1,B05GNE,Gross national expenditure,,,,,National Accounts - SNA 2008 - SNE,2024,3
SNEQ.SG03AB05GNE0S900,2024.06,106122,FINAL,Dollars,6,A,Consolidated accounts - table 1.1,B05GNE,Gross national expenditure,,,,,National Accounts - SNA 2008 - SNE,2024,6
SNEQ.SG03AB05GNE0S900,2024.09,109707,FINAL,Dollars,6,A,Consolidated accounts - table 1.1,B05GNE,Gross national expenditure,,,,,National Accounts - SNA 2008 - SNE,2024,9
SNEQ.SG03AB05GNE0S900,2024.12,115415,FINAL,Dollars,6,A,Consolidated accounts - table 1.1,B05GNE,Gross national expenditure,,,,,National Accounts - SNA 2008 - SNE,2024,12
SNEQ.SG03AB05GNE0S900,2025.03,108071,FINAL,Dollars,6,A,Consolidated accounts - table 1.1,B05GNE,Gross national expenditure,,,,,National Accounts - SNA 2008 - SNE,2025,3
SNEQ.SG03AB980000S900,2011.06,-274,FINAL,Dollars,6,A,Consolidated accounts - table 1.1,B98,Statistical discrepancy,,,,,National Accounts - SNA 2008 - SNE,2011,6
SNEQ.SG03AB980000S900,2011.09,1790,FINAL,Dollars,6,A,Consolidated accounts - table 1.1,B98,Statistical discrepancy,,,,,National Accounts - SNA 2008 - SNE,2011,9
SNEQ.SG03AB980000S900,2011.12,37,FINAL,Dollars,6,A,Consolidated accounts - table 1.1,B98,Statistical discrepancy,,,,,National Accounts - SNA 2008 - SNE,2011,12
SNEQ.SG03AB980000S900,2012.03,-1552,FINAL,Dollars,6,A,Consolidated accounts - table 1.1,B98,Statistical discrepancy,,,,,National Accounts - SNA 2008 - SNE,2012,3
SNEQ.SG03AB980000S900,2012.06,-193,FINAL,Dollars,6,A,Consolidated accounts - table 1.1,B98,Statistical discrepancy,,,,,National Accounts - SNA 2008 - SNE,2012,6
SNEQ.SG03AB980000S900,2012.09,1686,FINAL,Dollars,6,A,Consolidated accounts - table 1.1,B98,Statistical discrepancy,,,,,National Accounts - SNA 2008 - SNE,2012,9
SNEQ.SG03AB980000S900,2012.12,59,FINAL,Dollars,6,A,Consolidated accounts - table 1.1,B98,Statistical discrepancy,,,,,National Accounts - SNA 2008 - SNE,2012,12
SNEQ.SG03AB980000S900,2013.03,-1553,FINAL,Dollars,6,A,Consolidated accounts - table 1.1,B98,Statistical discrepancy,,,,,National Accounts - SNA 2008 - SNE,2013,3
SNEQ.SG03AB980000S900,2013.06,-164,FINAL,Dollars,6,A,Consolidated accounts - table 1.1,B98,Statistical discrepancy,,,,,National Accounts - SNA 2008 - SNE,2013,6
SNEQ.SG03AB980000S900,2013.09,1898,FINAL,Dollars,6,A,Consolidated accounts - table 1.1,B98,Statistical discrepancy,,,,,National Accounts - SNA 2008 - SNE,2013,9
SNEQ.SG03AB980000S900,2013.12,80,FINAL,Dollars,6,A,Consolidated accounts - table 1.1,B98,Statistical discrepancy,,,,,National Accounts - SNA 2008 - SNE,2013,12
SNEQ.SG03AB980000S900,2014.03,-1813,FINAL,Dollars,6,A,Consolidated accounts - table 1.1,B98,Statistical discrepancy,,,,,National Accounts - SNA 2008 - SNE,2014,3
SNEQ.SG03AB980000S900,2014.06,-231,FINAL,Dollars,6,A,Consolidated accounts - table 1.1,B98,Statistical discrepancy,,,,,National Accounts - SNA 2008 - SNE,2014,6
SNEQ.SG03AB980000S900,2014.09,1701,FINAL,Dollars,6,A,Consolidated accounts - table 1.1,B98,Statistical discrepancy,,,,,National Accounts - SNA 2008 - SNE,2014,9
SNEQ.SG03AB980000S900,2014.12,210,FINAL,Dollars,6,A,Consolidated accounts - table 1.1,B98,Statistical discrepancy,,,,,National Accounts - SNA 2008 - SNE,2014,12
SNEQ.SG03AB980000S900,2015.03,-1681,FINAL,Dollars,6,A,Consolidated accounts - table 1.1,B98,Statistical discrepancy,,,,,National Accounts - SNA 2008 - SNE,2015,3
SNEQ.SG03AB980000S900,2015.06,-222,FINAL,Dollars,6,A,Consolidated accounts - table 1.1,B98,Statistical discrepancy,,,,,National Accounts - SNA 2008 - SNE,2015,6
SNEQ.SG03AB980000S900,2015.09,1764,FINAL,Dollars,6,A,Consolidated accounts - table 1.1,B98,Statistical discrepancy,,,,,National Accounts - SNA 2008 - SNE,2015,9
SNEQ.SG03AB980000S900,2015.12,270,FINAL,Dollars,6,A,Consolidated accounts - table 1.1,B98,Statistical discrepancy,,,,,National Accounts - SNA 2008 - SNE,2015,12
SNEQ.SG03AB980000S900,2016.03,-1814,FINAL,Dollars,6,A,Consolidated accounts - table 1.1,B98,Statistical discrepancy,,,,,National Accounts - SNA 2008 - SNE,2016,3
SNEQ.SG03AB980000S900,2016.06,-196,FINAL,Dollars,6,A,Consolidated accounts - table 1.1,B98,Statistical discrepancy,,,,,National Accounts - SNA 2008 - SNE,2016,6
SNEQ.SG03AB980000S900,2016.09,1698,FINAL,Dollars,6,A,Consolidated accounts - table 1.1,B98,Statistical discrepancy,,,,,National Accounts - SNA 2008 - SNE,2016,9
SNEQ.SG03AB980000S900,2016.12,355,FINAL,Dollars,6,A,Consolidated accounts - table 1.1,B98,Statistical discrepancy,,,,,National Accounts - SNA 2008 - SNE,2016,12
SNEQ.SG03AB980000S900,2017.03,-1856,FINAL,Dollars,6,A,Consolidated accounts - table 1.1,B98,Statistical discrepancy,,,,,National Accounts - SNA 2008 - SNE,2017,3
SNEQ.SG03AB980000S900,2017.06,-123,FINAL,Dollars,6,A,Consolidated accounts - table 1.1,B98,Statistical discrepancy,,,,,National Accounts - SNA 2008 - SNE,2017,6
SNEQ.SG03AB980000S900,2017.09,1819,FINAL,Dollars,6,A,Consolidated accounts - table 1.1,B98,Statistical discrepancy,,,,,National Accounts - SNA 2008 - SNE,2017,9
SNEQ.SG03AB980000S900,2017.12,176,FINAL,Dollars,6,A,Consolidated accounts - table 1.1,B98,Statistical discrepancy,,,,,National Accounts - SNA 2008 - SNE,2017,12
SNEQ.SG03AB980000S900,2018.03,-1873,FINAL,Dollars,6,A,Consolidated accounts - table 1.1,B98,Statistical discrepancy,,,,,National Accounts - SNA 2008 - SNE,2018,3
SNEQ.SG03AB980000S900,2018.06,-27,FINAL,Dollars,6,A,Consolidated accounts - table 1.1,B98,Statistical discrepancy,,,,,National Accounts - SNA 2008 - SNE,2018,6
SNEQ.SG03AB980000S900,2018.09,2119,FINAL,Dollars,6,A,Consolidated accounts - table 1.1,B98,Statistical discrepancy,,,,,National Accounts - SNA 2008 - SNE,2018,9
SNEQ.SG03AB980000S900,2018.12,58,FINAL,Dollars,6,A,Consolidated accounts - table 1.1,B98,Statistical discrepancy,,,,,National Accounts - SNA 2008 - SNE,2018,12
SNEQ.SG03AB980000S900,2019.03,-2149,FINAL,Dollars,6,A,Consolidated accounts - table 1.1,B98,Statistical discrepancy,,,,,National Accounts - SNA 2008 - SNE,2019,3
SNEQ.SG03AB980000S900,2019.06,-76,FINAL,Dollars,6,A,Consolidated accounts - table 1.1,B98,Statistical discrepancy,,,,,National Accounts - SNA 2008 - SNE,2019,6
SNEQ.SG03AB980000S900,2019.09,2451,FINAL,Dollars,6,A,Consolidated accounts - table 1.1,B98,Statistical discrepancy,,,,,National Accounts - SNA 2008 - SNE,2019,9
SNEQ.SG03AB980000S900,2019.12,-135,FINAL,Dollars,6,A,Consolidated accounts - table 1.1,B98,Statistical discrepancy,,,,,National Accounts - SNA 2008 - SNE,2019,12
SNEQ.SG03AB980000S900,2020.03,-2240,FINAL,Dollars,6,A,Consolidated accounts - table 1.1,B98,Statistical discrepancy,,,,,National Accounts - SNA 2008 - SNE,2020,3
SNEQ.SG03AB980000S900,2020.06,-120,FINAL,Dollars,6,A,Consolidated accounts - table 1.1,B98,Statistical discrepancy,,,,,National Accounts - SNA 2008 - SNE,2020,6
SNEQ.SG03AB980000S900,2020.09,2774,FINAL,Dollars,6,A,Consolidated accounts - table 1.1,B98,Statistical discrepancy,,,,,National Accounts - SNA 2008 - SNE,2020,9
SNEQ.SG03AB980000S900,2020.12,-227,FINAL,Dollars,6,A,Consolidated accounts - table 1.1,B98,Statistical discrepancy,,,,,National Accounts - SNA 2008 - SNE,2020,12
SNEQ.SG03AB980000S900,2021.03,-2425,FINAL,Dollars,6,A,Consolidated accounts - table 1.1,B98,Statistical discrepancy,,,,,National Accounts - SNA 2008 - SNE,2021,3
SNEQ.SG03AB980000S900,2021.06,-106,FINAL,Dollars,6,A,Consolidated accounts - table 1.1,B98,Statistical discrepancy,,,,,National Accounts - SNA 2008 - SNE,2021,6
SNEQ.SG03AB980000S900,2021.09,3066,FINAL,Dollars,6,A,Consolidated accounts - table 1.1,B98,Statistical discrepancy,,,,,National Accounts - SNA 2008 - SNE,2021,9
SNEQ.SG03AB980000S900,2021.12,-246,FINAL,Dollars,6,A,Consolidated accounts - table 1.1,B98,Statistical discrepancy,,,,,National Accounts - SNA 2008 - SNE,2021,12
SNEQ.SG03AB980000S900,2022.03,-2714,FINAL,Dollars,6,A,Consolidated accounts - table 1.1,B98,Statistical discrepancy,,,,,National Accounts - SNA 2008 - SNE,2022,3
SNEQ.SG03AB980000S900,2022.06,-316,FINAL,Dollars,6,A,Consolidated accounts - table 1.1,B98,Statistical discrepancy,,,,,National Accounts - SNA 2008 - SNE,2022,6
SNEQ.SG03AB980000S900,2022.09,3462,FINAL,Dollars,6,A,Consolidated accounts - table 1.1,B98,Statistical discrepancy,,,,,National Accounts - SNA 2008 - SNE,2022,9
SNEQ.SG03AB980000S900,2022.12,-194,FINAL,Dollars,6,A,Consolidated accounts - table 1.1,B98,Statistical discrepancy,,,,,National Accounts - SNA 2008 - SNE,2022,12
SNEQ.SG03AB980000S900,2023.03,-2952,FINAL,Dollars,6,A,Consolidated accounts - table 1.1,B98,Statistical discrepancy,,,,,National Accounts - SNA 2008 - SNE,2023,3
SNEQ.SG03AB980000S900,2023.06,-581,FINAL,Dollars,6,A,Consolidated accounts - table 1.1,B98,Statistical discrepancy,,,,,National Accounts - SNA 2008 - SNE,2023,6
SNEQ.SG03AB980000S900,2023.09,2884,FINAL,Dollars,6,A,Consolidated accounts - table 1.1,B98,Statistical discrepancy,,,,,National Accounts - SNA 2008 - SNE,2023,9
SNEQ.SG03AB980000S900,2023.12,-937,FINAL,Dollars,6,A,Consolidated accounts - table 1.1,B98,Statistical discrepancy,,,,,National Accounts - SNA 2008 - SNE,2023,12
SNEQ.SG03AB980000S900,2024.03,-3506,FINAL,Dollars,6,A,Consolidated accounts - table 1.1,B98,Statistical discrepancy,,,,,National Accounts - SNA 2008 - SNE,2024,3
SNEQ.SG03AB980000S900,2024.06,-578,FINAL,Dollars,6,A,Consolidated accounts - table 1.1,B98,Statistical discrepancy,,,,,National Accounts - SNA 2008 - SNE,2024,6
SNEQ.SG03AB980000S900,2024.09,2887,FINAL,Dollars,6,A,Consolidated accounts - table 1.1,B98,Statistical discrepancy,,,,,National Accounts - SNA 2008 - SNE,2024,9
SNEQ.SG03AB980000S900,2024.12,-1006,FINAL,Dollars,6,A,Consolidated accounts - table 1.1,B98,Statistical discrepancy,,,,,National Accounts - SNA 2008 - SNE,2024,12
SNEQ.SG03AB980000S900,2025.03,-3442,FINAL,Dollars,6,A,Consolidated accounts - table 1.1,B98,Statistical discrepancy,,,,,National Accounts - SNA 2008 - SNE,2025,3
SNEQ.SG03AD01R000S900,2011.06,22683,FINAL,Dollars,6,A,Consolidated accounts - table 1.1,D01P,Compensation of employees,,,,,National Accounts - SNA 2008 - SNE,2011,6
SNEQ.SG03AD01R000S900,2011.09,22887,FINAL,Dollars,6,A,Consolidated accounts - table 1.1,D01P,Compensation of employees,,,,,National Accounts - SNA 2008 - SNE,2011,9
SNEQ.SG03AD01R000S900,2011.12,23651,FINAL,Dollars,6,A,Consolidated accounts - table 1.1,D01P,Compensation of employees,,,,,National Accounts - SNA 2008 - SNE,2011,12
SNEQ.SG03AD01R000S900,2012.03,23085,FINAL,Dollars,6,A,Consolidated accounts - table 1.1,D01P,Compensation of employees,,,,,National Accounts - SNA 2008 - SNE,2012,3
SNEQ.SG03AD01R000S900,2012.06,23570,FINAL,Dollars,6,A,Consolidated accounts - table 1.1,D01P,Compensation of employees,,,,,National Accounts - SNA 2008 - SNE,2012,6
SNEQ.SG03AD01R000S900,2012.09,23566,FINAL,Dollars,6,A,Consolidated accounts - table 1.1,D01P,Compensation of employees,,,,,National Accounts - SNA 2008 - SNE,2012,9
SNEQ.SG03AD01R000S900,2012.12,24453,FINAL,Dollars,6,A,Consolidated accounts - table 1.1,D01P,Compensation of employees,,,,,National Accounts - SNA 2008 - SNE,2012,12
SNEQ.SG03AD01R000S900,2013.03,23464,FINAL,Dollars,6,A,Consolidated accounts - table 1.1,D01P,Compensation of employees,,,,,National Accounts - SNA 2008 - SNE,2013,3
SNEQ.SG03AD01R000S900,2013.06,24313,FINAL,Dollars,6,A,Consolidated accounts - table 1.1,D01P,Compensation of employees,,,,,National Accounts - SNA 2008 - SNE,2013,6
SNEQ.SG03AD01R000S900,2013.09,24331,FINAL,Dollars,6,A,Consolidated accounts - table 1.1,D01P,Compensation of employees,,,,,National Accounts - SNA 2008 - SNE,2013,9
SNEQ.SG03AD01R000S900,2013.12,25558,FINAL,Dollars,6,A,Consolidated accounts - table 1.1,D01P,Compensation of employees,,,,,National Accounts - SNA 2008 - SNE,2013,12
SNEQ.SG03AD01R000S900,2014.03,24552,FINAL,Dollars,6,A,Consolidated accounts - table 1.1,D01P,Compensation of employees,,,,,National Accounts - SNA 2008 - SNE,2014,3
SNEQ.SG03AD01R000S900,2014.06,25667,FINAL,Dollars,6,A,Consolidated accounts - table 1.1,D01P,Compensation of employees,,,,,National Accounts - SNA 2008 - SNE,2014,6
SNEQ.SG03AD01R000S900,2014.09,25832,FINAL,Dollars,6,A,Consolidated accounts - table 1.1,D01P,Compensation of employees,,,,,National Accounts - SNA 2008 - SNE,2014,9
SNEQ.SG03AD01R000S900,2014.12,26992,FINAL,Dollars,6,A,Consolidated accounts - table 1.1,D01P,Compensation of employees,,,,,National Accounts - SNA 2008 - SNE,2014,12
SNEQ.SG03AD01R000S900,2015.03,25886,FINAL,Dollars,6,A,Consolidated accounts - table 1.1,D01P,Compensation of employees,,,,,National Accounts - SNA 2008 - SNE,2015,3
SNEQ.SG03AD01R000S900,2015.06,26920,FINAL,Dollars,6,A,Consolidated accounts - table 1.1,D01P,Compensation of employees,,,,,National Accounts - SNA 2008 - SNE,2015,6
SNEQ.SG03AD01R000S900,2015.09,27348,FINAL,Dollars,6,A,Consolidated accounts - table 1.1,D01P,Compensation of employees,,,,,National Accounts - SNA 2008 - SNE,2015,9
SNEQ.SG03AD01R000S900,2015.12,28059,FINAL,Dollars,6,A,Consolidated accounts - table 1.1,D01P,Compensation of employees,,,,,National Accounts - SNA 2008 - SNE,2015,12
SNEQ.SG03AD01R000S900,2016.03,27612,FINAL,Dollars,6,A,Consolidated accounts - table 1.1,D01P,Compensation of employees,,,,,National Accounts - SNA 2008 - SNE,2016,3
SNEQ.SG03AD01R000S900,2016.06,28638,FINAL,Dollars,6,A,Consolidated accounts - table 1.1,D01P,Compensation of employees,,,,,National Accounts - SNA 2008 - SNE,2016,6
SNEQ.SG03AD01R000S900,2016.09,28653,FINAL,Dollars,6,A,Consolidated accounts - table 1.1,D01P,Compensation of employees,,,,,National Accounts - SNA 2008 - SNE,2016,9
SNEQ.SG03AD01R000S900,2016.12,29244,FINAL,Dollars,6,A,Consolidated accounts - table 1.1,D01P,Compensation of employees,,,,,National Accounts - SNA 2008 - SNE,2016,12
SNEQ.SG03AD01R000S900,2017.03,29169,FINAL,Dollars,6,A,Consolidated accounts - table 1.1,D01P,Compensation of employees,,,,,National Accounts - SNA 2008 - SNE,2017,3
SNEQ.SG03AD01R000S900,2017.06,30105,FINAL,Dollars,6,A,Consolidated accounts - table 1.1,D01P,Compensation of employees,,,,,National Accounts - SNA 2008 - SNE,2017,6
SNEQ.SG03AD01R000S900,2017.09,30220,FINAL,Dollars,6,A,Consolidated accounts - table 1.1,D01P,Compensation of employees,,,,,National Accounts - SNA 2008 - SNE,2017,9
SNEQ.SG03AD01R000S900,2017.12,31538,FINAL,Dollars,6,A,Consolidated accounts - table 1.1,D01P,Compensation of employees,,,,,National Accounts - SNA 2008 - SNE,2017,12
SNEQ.SG03AD01R000S900,2018.03,30943,FINAL,Dollars,6,A,Consolidated accounts - table 1.1,D01P,Compensation of employees,,,,,National Accounts - SNA 2008 - SNE,2018,3
SNEQ.SG03AD01R000S900,2018.06,32145,FINAL,Dollars,6,A,Consolidated accounts - table 1.1,D01P,Compensation of employees,,,,,National Accounts - SNA 2008 - SNE,2018,6
SNEQ.SG03AD01R000S900,2018.09,32051,FINAL,Dollars,6,A,Consolidated accounts - table 1.1,D01P,Compensation of employees,,,,,National Accounts - SNA 2008 - SNE,2018,9
SNEQ.SG03AD01R000S900,2018.12,33733,FINAL,Dollars,6,A,Consolidated accounts - table 1.1,D01P,Compensation of employees,,,,,National Accounts - SNA 2008 - SNE,2018,12
SNEQ.SG03AD01R000S900,2019.03,32635,FINAL,Dollars,6,A,Consolidated accounts - table 1.1,D01P,Compensation of employees,,,,,National Accounts - SNA 2008 - SNE,2019,3
SNEQ.SG03AD01R000S900,2019.06,34310,FINAL,Dollars,6,A,Consolidated accounts - table 1.1,D01P,Compensation of employees,,,,,National Accounts - SNA 2008 - SNE,2019,6
SNEQ.SG03AD01R000S900,2019.09,34309,FINAL,Dollars,6,A,Consolidated accounts - table 1.1,D01P,Compensation of employees,,,,,National Accounts - SNA 2008 - SNE,2019,9
SNEQ.SG03AD01R000S900,2019.12,35665,FINAL,Dollars,6,A,Consolidated accounts - table 1.1,D01P,Compensation of employees,,,,,National Accounts - SNA 2008 - SNE,2019,12
SNEQ.SG03AD01R000S900,2020.03,35143,FINAL,Dollars,6,A,Consolidated accounts - table 1.1,D01P,Compensation of employees,,,,,National Accounts - SNA 2008 - SNE,2020,3
SNEQ.SG03AD01R000S900,2020.06,34792,FINAL,Dollars,6,A,Consolidated accounts - table 1.1,D01P,Compensation of employees,,,,,National Accounts - SNA 2008 - SNE,2020,6
SNEQ.SG03AD01R000S900,2020.09,35646,FINAL,Dollars,6,A,Consolidated accounts - table 1.1,D01P,Compensation of employees,,,,,National Accounts - SNA 2008 - SNE,2020,9
SNEQ.SG03AD01R000S900,2020.12,37110,FINAL,Dollars,6,A,Consolidated accounts - table 1.1,D01P,Compensation of employees,,,,,National Accounts - SNA 2008 - SNE,2020,12
SNEQ.SG03AD01R000S900,2021.03,36907,FINAL,Dollars,6,A,Consolidated accounts - table 1.1,D01P,Compensation of employees,,,,,National Accounts - SNA 2008 - SNE,2021,3
SNEQ.SG03AD01R000S900,2021.06,38815,FINAL,Dollars,6,A,Consolidated accounts - table 1.1,D01P,Compensation of employees,,,,,National Accounts - SNA 2008 - SNE,2021,6
SNEQ.SG03AD01R000S900,2021.09,38789,FINAL,Dollars,6,A,Consolidated accounts - table 1.1,D01P,Compensation of employees,,,,,National Accounts - SNA 2008 - SNE,2021,9
SNEQ.SG03AD01R000S900,2021.12,40918,FINAL,Dollars,6,A,Consolidated accounts - table 1.1,D01P,Compensation of employees,,,,,National Accounts - SNA 2008 - SNE,2021,12
SNEQ.SG03AD01R000S900,2022.03,40138,FINAL,Dollars,6,A,Consolidated accounts - table 1.1,D01P,Compensation of employees,,,,,National Accounts - SNA 2008 - SNE,2022,3
SNEQ.SG03AD01R000S900,2022.06,42081,FINAL,Dollars,6,A,Consolidated accounts - table 1.1,D01P,Compensation of employees,,,,,National Accounts - SNA 2008 - SNE,2022,6
SNEQ.SG03AD01R000S900,2022.09,42635,FINAL,Dollars,6,A,Consolidated accounts - table 1.1,D01P,Compensation of employees,,,,,National Accounts - SNA 2008 - SNE,2022,9
SNEQ.SG03AD01R000S900,2022.12,43746,FINAL,Dollars,6,A,Consolidated accounts - table 1.1,D01P,Compensation of employees,,,,,National Accounts - SNA 2008 - SNE,2022,12
SNEQ.SG03AD01R000S900,2023.03,43506,FINAL,Dollars,6,A,Consolidated accounts - table 1.1,D01P,Compensation of employees,,,,,National Accounts - SNA 2008 - SNE,2023,3
SNEQ.SG03AD01R000S900,2023.06,45586,FINAL,Dollars,6,A,Consolidated accounts - table 1.1,D01P,Compensation of employees,,,,,National Accounts - SNA 2008 - SNE,2023,6
SNEQ.SG03AD01R000S900,2023.09,46001,FINAL,Dollars,6,A,Consolidated accounts - table 1.1,D01P,Compensation of employees,,,,,National Accounts - SNA 2008 - SNE,2023,9
SNEQ.SG03AD01R000S900,2023.12,47234,FINAL,Dollars,6,A,Consolidated accounts - table 1.1,D01P,Compensation of employees,,,,,National Accounts - SNA 2008 - SNE,2023,12
SNEQ.SG03AD01R000S900,2024.03,46809,FINAL,Dollars,6,A,Consolidated accounts - table 1.1,D01P,Compensation of employees,,,,,National Accounts - SNA 2008 - SNE,2024,3
SNEQ.SG03AD01R000S900,2024.06,48268,FINAL,Dollars,6,A,Consolidated accounts - table 1.1,D01P,Compensation of employees,,,,,National Accounts - SNA 2008 - SNE,2024,6
SNEQ.SG03AD01R000S900,2024.09,47634,FINAL,Dollars,6,A,Consolidated accounts - table 1.1,D01P,Compensation of employees,,,,,National Accounts - SNA 2008 - SNE,2024,9
SNEQ.SG03AD01R000S900,2024.12,47939,FINAL,Dollars,6,A,Consolidated accounts - table 1.1,D01P,Compensation of employees,,,,,National Accounts - SNA 2008 - SNE,2024,12
SNEQ.SG03AD01R000S900,2025.03,47661,FINAL,Dollars,6,A,Consolidated accounts - table 1.1,D01P,Compensation of employees,,,,,National Accounts - SNA 2008 - SNE,2025,3
SNEQ.SG03AD02R000S900,2011.06,6788,FINAL,Dollars,6,A,Consolidated accounts - table 1.1,D02P,Taxes on production and imports,,,,,National Accounts - SNA 2008 - SNE,2011,6
SNEQ.SG03AD02R000S900,2011.09,6964,FINAL,Dollars,6,A,Consolidated accounts - table 1.1,D02P,Taxes on production and imports,,,,,National Accounts - SNA 2008 - SNE,2011,9
SNEQ.SG03AD02R000S900,2011.12,7729,FINAL,Dollars,6,A,Consolidated accounts - table 1.1,D02P,Taxes on production and imports,,,,,National Accounts - SNA 2008 - SNE,2011,12
SNEQ.SG03AD02R000S900,2012.03,6814,FINAL,Dollars,6,A,Consolidated accounts - table 1.1,D02P,Taxes on production and imports,,,,,National Accounts - SNA 2008 - SNE,2012,3
SNEQ.SG03AD02R000S900,2012.06,7084,FINAL,Dollars,6,A,Consolidated accounts - table 1.1,D02P,Taxes on production and imports,,,,,National Accounts - SNA 2008 - SNE,2012,6
SNEQ.SG03AD02R000S900,2012.09,7176,FINAL,Dollars,6,A,Consolidated accounts - table 1.1,D02P,Taxes on production and imports,,,,,National Accounts - SNA 2008 - SNE,2012,9
SNEQ.SG03AD02R000S900,2012.12,7909,FINAL,Dollars,6,A,Consolidated accounts - table 1.1,D02P,Taxes on production and imports,,,,,National Accounts - SNA 2008 - SNE,2012,12
SNEQ.SG03AD02R000S900,2013.03,7223,FINAL,Dollars,6,A,Consolidated accounts - table 1.1,D02P,Taxes on production and imports,,,,,National Accounts - SNA 2008 - SNE,2013,3
SNEQ.SG03AD02R000S900,2013.06,7341,FINAL,Dollars,6,A,Consolidated accounts - table 1.1,D02P,Taxes on production and imports,,,,,National Accounts - SNA 2008 - SNE,2013,6
SNEQ.SG03AD02R000S900,2013.09,7558,FINAL,Dollars,6,A,Consolidated accounts - table 1.1,D02P,Taxes on production and imports,,,,,National Accounts - SNA 2008 - SNE,2013,9
SNEQ.SG03AD02R000S900,2013.12,8456,FINAL,Dollars,6,A,Consolidated accounts - table 1.1,D02P,Taxes on production and imports,,,,,National Accounts - SNA 2008 - SNE,2013,12
SNEQ.SG03AD02R000S900,2014.03,7535,FINAL,Dollars,6,A,Consolidated accounts - table 1.1,D02P,Taxes on production and imports,,,,,National Accounts - SNA 2008 - SNE,2014,3
SNEQ.SG03AD02R000S900,2014.06,7638,FINAL,Dollars,6,A,Consolidated accounts - table 1.1,D02P,Taxes on production and imports,,,,,National Accounts - SNA 2008 - SNE,2014,6
SNEQ.SG03AD02R000S900,2014.09,7997,FINAL,Dollars,6,A,Consolidated accounts - table 1.1,D02P,Taxes on production and imports,,,,,National Accounts - SNA 2008 - SNE,2014,9
SNEQ.SG03AD02R000S900,2014.12,8859,FINAL,Dollars,6,A,Consolidated accounts - table 1.1,D02P,Taxes on production and imports,,,,,National Accounts - SNA 2008 - SNE,2014,12
SNEQ.SG03AD02R000S900,2015.03,7933,FINAL,Dollars,6,A,Consolidated accounts - table 1.1,D02P,Taxes on production and imports,,,,,National Accounts - SNA 2008 - SNE,2015,3
SNEQ.SG03AD02R000S900,2015.06,8153,FINAL,Dollars,6,A,Consolidated accounts - table 1.1,D02P,Taxes on production and imports,,,,,National Accounts - SNA 2008 - SNE,2015,6
SNEQ.SG03AD02R000S900,2015.09,8361,FINAL,Dollars,6,A,Consolidated accounts - table 1.1,D02P,Taxes on production and imports,,,,,National Accounts - SNA 2008 - SNE,2015,9
SNEQ.SG03AD02R000S900,2015.12,9411,FINAL,Dollars,6,A,Consolidated accounts - table 1.1,D02P,Taxes on production and imports,,,,,National Accounts - SNA 2008 - SNE,2015,12
SNEQ.SG03AD02R000S900,2016.03,8515,FINAL,Dollars,6,A,Consolidated accounts - table 1.1,D02P,Taxes on production and imports,,,,,National Accounts - SNA 2008 - SNE,2016,3
SNEQ.SG03AD02R000S900,2016.06,8787,FINAL,Dollars,6,A,Consolidated accounts - table 1.1,D02P,Taxes on production and imports,,,,,National Accounts - SNA 2008 - SNE,2016,6
SNEQ.SG03AD02R000S900,2016.09,9001,FINAL,Dollars,6,A,Consolidated accounts - table 1.1,D02P,Taxes on production and imports,,,,,National Accounts - SNA 2008 - SNE,2016,9
SNEQ.SG03AD02R000S900,2016.12,10150,FINAL,Dollars,6,A,Consolidated accounts - table 1.1,D02P,Taxes on production and imports,,,,,National Accounts - SNA 2008 - SNE,2016,12
SNEQ.SG03AD02R000S900,2017.03,9014,FINAL,Dollars,6,A,Consolidated accounts - table 1.1,D02P,Taxes on production and imports,,,,,National Accounts - SNA 2008 - SNE,2017,3
SNEQ.SG03AD02R000S900,2017.06,9246,FINAL,Dollars,6,A,Consolidated accounts - table 1.1,D02P,Taxes on production and imports,,,,,National Accounts - SNA 2008 - SNE,2017,6
SNEQ.SG03AD02R000S900,2017.09,9403,FINAL,Dollars,6,A,Consolidated accounts - table 1.1,D02P,Taxes on production and imports,,,,,National Accounts - SNA 2008 - SNE,2017,9
SNEQ.SG03AD02R000S900,2017.12,10815,FINAL,Dollars,6,A,Consolidated accounts - table 1.1,D02P,Taxes on production and imports,,,,,National Accounts - SNA 2008 - SNE,2017,12
SNEQ.SG03AD02R000S900,2018.03,9485,FINAL,Dollars,6,A,Consolidated accounts - table 1.1,D02P,Taxes on production and imports,,,,,National Accounts - SNA 2008 - SNE,2018,3
SNEQ.SG03AD02R000S900,2018.06,9642,FINAL,Dollars,6,A,Consolidated accounts - table 1.1,D02P,Taxes on production and imports,,,,,National Accounts - SNA 2008 - SNE,2018,6
SNEQ.SG03AD02R000S900,2018.09,10016,FINAL,Dollars,6,A,Consolidated accounts - table 1.1,D02P,Taxes on production and imports,,,,,National Accounts - SNA 2008 - SNE,2018,9
SNEQ.SG03AD02R000S900,2018.12,11449,FINAL,Dollars,6,A,Consolidated accounts - table 1.1,D02P,Taxes on production and imports,,,,,National Accounts - SNA 2008 - SNE,2018,12
SNEQ.SG03AD02R000S900,2019.03,9976,FINAL,Dollars,6,A,Consolidated accounts - table 1.1,D02P,Taxes on production and imports,,,,,National Accounts - SNA 2008 - SNE,2019,3
SNEQ.SG03AD02R000S900,2019.06,10702,FINAL,Dollars,6,A,Consolidated accounts - table 1.1,D02P,Taxes on production and imports,,,,,National Accounts - SNA 2008 - SNE,2019,6
SNEQ.SG03AD02R000S900,2019.09,10627,FINAL,Dollars,6,A,Consolidated accounts - table 1.1,D02P,Taxes on production and imports,,,,,National Accounts - SNA 2008 - SNE,2019,9
SNEQ.SG03AD02R000S900,2019.12,12049,FINAL,Dollars,6,A,Consolidated accounts - table 1.1,D02P,Taxes on production and imports,,,,,National Accounts - SNA 2008 - SNE,2019,12
SNEQ.SG03AD02R000S900,2020.03,10351,FINAL,Dollars,6,A,Consolidated accounts - table 1.1,D02P,Taxes on production and imports,,,,,National Accounts - SNA 2008 - SNE,2020,3
SNEQ.SG03AD02R000S900,2020.06,9345,FINAL,Dollars,6,A,Consolidated accounts - table 1.1,D02P,Taxes on production and imports,,,,,National Accounts - SNA 2008 - SNE,2020,6
SNEQ.SG03AD02R000S900,2020.09,10600,FINAL,Dollars,6,A,Consolidated accounts - table 1.1,D02P,Taxes on production and imports,,,,,National Accounts - SNA 2008 - SNE,2020,9
SNEQ.SG03AD02R000S900,2020.12,11623,FINAL,Dollars,6,A,Consolidated accounts - table 1.1,D02P,Taxes on production and imports,,,,,National Accounts - SNA 2008 - SNE,2020,12
SNEQ.SG03AD02R000S900,2021.03,10834,FINAL,Dollars,6,A,Consolidated accounts - table 1.1,D02P,Taxes on production and imports,,,,,National Accounts - SNA 2008 - SNE,2021,3
SNEQ.SG03AD02R000S900,2021.06,12332,FINAL,Dollars,6,A,Consolidated accounts - table 1.1,D02P,Taxes on production and imports,,,,,National Accounts - SNA 2008 - SNE,2021,6
SNEQ.SG03AD02R000S900,2021.09,11230,FINAL,Dollars,6,A,Consolidated accounts - table 1.1,D02P,Taxes on production and imports,,,,,National Accounts - SNA 2008 - SNE,2021,9
SNEQ.SG03AD02R000S900,2021.12,12666,FINAL,Dollars,6,A,Consolidated accounts - table 1.1,D02P,Taxes on production and imports,,,,,National Accounts - SNA 2008 - SNE,2021,12
SNEQ.SG03AD02R000S900,2022.03,11426,FINAL,Dollars,6,A,Consolidated accounts - table 1.1,D02P,Taxes on production and imports,,,,,National Accounts - SNA 2008 - SNE,2022,3
SNEQ.SG03AD02R000S900,2022.06,12178,FINAL,Dollars,6,A,Consolidated accounts - table 1.1,D02P,Taxes on production and imports,,,,,National Accounts - SNA 2008 - SNE,2022,6
SNEQ.SG03AD02R000S900,2022.09,12394,FINAL,Dollars,6,A,Consolidated accounts - table 1.1,D02P,Taxes on production and imports,,,,,National Accounts - SNA 2008 - SNE,2022,9
SNEQ.SG03AD02R000S900,2022.12,13382,FINAL,Dollars,6,A,Consolidated accounts - table 1.1,D02P,Taxes on production and imports,,,,,National Accounts - SNA 2008 - SNE,2022,12
SNEQ.SG03AD02R000S900,2023.03,12145,FINAL,Dollars,6,A,Consolidated accounts - table 1.1,D02P,Taxes on production and imports,,,,,National Accounts - SNA 2008 - SNE,2023,3
SNEQ.SG03AD02R000S900,2023.06,12799,FINAL,Dollars,6,A,Consolidated accounts - table 1.1,D02P,Taxes on production and imports,,,,,National Accounts - SNA 2008 - SNE,2023,6
SNEQ.SG03AD02R000S900,2023.09,13189,FINAL,Dollars,6,A,Consolidated accounts - table 1.1,D02P,Taxes on production and imports,,,,,National Accounts - SNA 2008 - SNE,2023,9
SNEQ.SG03AD02R000S900,2023.12,14555,FINAL,Dollars,6,A,Consolidated accounts - table 1.1,D02P,Taxes on production and imports,,,,,National Accounts - SNA 2008 - SNE,2023,12
SNEQ.SG03AD02R000S900,2024.03,13223,FINAL,Dollars,6,A,Consolidated accounts - table 1.1,D02P,Taxes on production and imports,,,,,National Accounts - SNA 2008 - SNE,2024,3
SNEQ.SG03AD02R000S900,2024.06,14031,FINAL,Dollars,6,A,Consolidated accounts - table 1.1,D02P,Taxes on production and imports,,,,,National Accounts - SNA 2008 - SNE,2024,6
SNEQ.SG03AD02R000S900,2024.09,13851,FINAL,Dollars,6,A,Consolidated accounts - table 1.1,D02P,Taxes on production and imports,,,,,National Accounts - SNA 2008 - SNE,2024,9
SNEQ.SG03AD02R000S900,2024.12,14960,FINAL,Dollars,6,A,Consolidated accounts - table 1.1,D02P,Taxes on production and imports,,,,,National Accounts - SNA 2008 - SNE,2024,12
SNEQ.SG03AD02R000S900,2025.03,13892,FINAL,Dollars,6,A,Consolidated accounts - table 1.1,D02P,Taxes on production and imports,,,,,National Accounts - SNA 2008 - SNE,2025,3
SNEQ.SG03AD03R000S900,2011.06,275,FINAL,Dollars,6,A,Consolidated accounts - table 1.1,D03R,Subsidies,,,,,National Accounts - SNA 2008 - SNE,2011,6
SNEQ.SG03AD03R000S900,2011.09,320,FINAL,Dollars,6,A,Consolidated accounts - table 1.1,D03R,Subsidies,,,,,National Accounts - SNA 2008 - SNE,2011,9
SNEQ.SG03AD03R000S900,2011.12,230,FINAL,Dollars,6,A,Consolidated accounts - table 1.1,D03R,Subsidies,,,,,National Accounts - SNA 2008 - SNE,2011,12
SNEQ.SG03AD03R000S900,2012.03,249,FINAL,Dollars,6,A,Consolidated accounts - table 1.1,D03R,Subsidies,,,,,National Accounts - SNA 2008 - SNE,2012,3
SNEQ.SG03AD03R000S900,2012.06,252,FINAL,Dollars,6,A,Consolidated accounts - table 1.1,D03R,Subsidies,,,,,National Accounts - SNA 2008 - SNE,2012,6
SNEQ.SG03AD03R000S900,2012.09,256,FINAL,Dollars,6,A,Consolidated accounts - table 1.1,D03R,Subsidies,,,,,National Accounts - SNA 2008 - SNE,2012,9
SNEQ.SG03AD03R000S900,2012.12,212,FINAL,Dollars,6,A,Consolidated accounts - table 1.1,D03R,Subsidies,,,,,National Accounts - SNA 2008 - SNE,2012,12
SNEQ.SG03AD03R000S900,2013.03,231,FINAL,Dollars,6,A,Consolidated accounts - table 1.1,D03R,Subsidies,,,,,National Accounts - SNA 2008 - SNE,2013,3
SNEQ.SG03AD03R000S900,2013.06,270,FINAL,Dollars,6,A,Consolidated accounts - table 1.1,D03R,Subsidies,,,,,National Accounts - SNA 2008 - SNE,2013,6
SNEQ.SG03AD03R000S900,2013.09,255,FINAL,Dollars,6,A,Consolidated accounts - table 1.1,D03R,Subsidies,,,,,National Accounts - SNA 2008 - SNE,2013,9
SNEQ.SG03AD03R000S900,2013.12,204,FINAL,Dollars,6,A,Consolidated accounts - table 1.1,D03R,Subsidies,,,,,National Accounts - SNA 2008 - SNE,2013,12
SNEQ.SG03AD03R000S900,2014.03,183,FINAL,Dollars,6,A,Consolidated accounts - table 1.1,D03R,Subsidies,,,,,National Accounts - SNA 2008 - SNE,2014,3
SNEQ.SG03AD03R000S900,2014.06,242,FINAL,Dollars,6,A,Consolidated accounts - table 1.1,D03R,Subsidies,,,,,National Accounts - SNA 2008 - SNE,2014,6
SNEQ.SG03AD03R000S900,2014.09,232,FINAL,Dollars,6,A,Consolidated accounts - table 1.1,D03R,Subsidies,,,,,National Accounts - SNA 2008 - SNE,2014,9
SNEQ.SG03AD03R000S900,2014.12,196,FINAL,Dollars,6,A,Consolidated accounts - table 1.1,D03R,Subsidies,,,,,National Accounts - SNA 2008 - SNE,2014,12
SNEQ.SG03AD03R000S900,2015.03,181,FINAL,Dollars,6,A,Consolidated accounts - table 1.1,D03R,Subsidies,,,,,National Accounts - SNA 2008 - SNE,2015,3
SNEQ.SG03AD03R000S900,2015.06,191,FINAL,Dollars,6,A,Consolidated accounts - table 1.1,D03R,Subsidies,,,,,National Accounts - SNA 2008 - SNE,2015,6
SNEQ.SG03AD03R000S900,2015.09,211,FINAL,Dollars,6,A,Consolidated accounts - table 1.1,D03R,Subsidies,,,,,National Accounts - SNA 2008 - SNE,2015,9
SNEQ.SG03AD03R000S900,2015.12,186,FINAL,Dollars,6,A,Consolidated accounts - table 1.1,D03R,Subsidies,,,,,National Accounts - SNA 2008 - SNE,2015,12
SNEQ.SG03AD03R000S900,2016.03,180,FINAL,Dollars,6,A,Consolidated accounts - table 1.1,D03R,Subsidies,,,,,National Accounts - SNA 2008 - SNE,2016,3
SNEQ.SG03AD03R000S900,2016.06,191,FINAL,Dollars,6,A,Consolidated accounts - table 1.1,D03R,Subsidies,,,,,National Accounts - SNA 2008 - SNE,2016,6
SNEQ.SG03AD03R000S900,2016.09,218,FINAL,Dollars,6,A,Consolidated accounts - table 1.1,D03R,Subsidies,,,,,National Accounts - SNA 2008 - SNE,2016,9
SNEQ.SG03AD03R000S900,2016.12,231,FINAL,Dollars,6,A,Consolidated accounts - table 1.1,D03R,Subsidies,,,,,National Accounts - SNA 2008 - SNE,2016,12
SNEQ.SG03AD03R000S900,2017.03,251,FINAL,Dollars,6,A,Consolidated accounts - table 1.1,D03R,Subsidies,,,,,National Accounts - SNA 2008 - SNE,2017,3
SNEQ.SG03AD03R000S900,2017.06,252,FINAL,Dollars,6,A,Consolidated accounts - table 1.1,D03R,Subsidies,,,,,National Accounts - SNA 2008 - SNE,2017,6
SNEQ.SG03AD03R000S900,2017.09,241,FINAL,Dollars,6,A,Consolidated accounts - table 1.1,D03R,Subsidies,,,,,National Accounts - SNA 2008 - SNE,2017,9
SNEQ.SG03AD03R000S900,2017.12,264,FINAL,Dollars,6,A,Consolidated accounts - table 1.1,D03R,Subsidies,,,,,National Accounts - SNA 2008 - SNE,2017,12
SNEQ.SG03AD03R000S900,2018.03,255,FINAL,Dollars,6,A,Consolidated accounts - table 1.1,D03R,Subsidies,,,,,National Accounts - SNA 2008 - SNE,2018,3
SNEQ.SG03AD03R000S900,2018.06,262,FINAL,Dollars,6,A,Consolidated accounts - table 1.1,D03R,Subsidies,,,,,National Accounts - SNA 2008 - SNE,2018,6
SNEQ.SG03AD03R000S900,2018.09,263,FINAL,Dollars,6,A,Consolidated accounts - table 1.1,D03R,Subsidies,,,,,National Accounts - SNA 2008 - SNE,2018,9
SNEQ.SG03AD03R000S900,2018.12,257,FINAL,Dollars,6,A,Consolidated accounts - table 1.1,D03R,Subsidies,,,,,National Accounts - SNA 2008 - SNE,2018,12
SNEQ.SG03AD03R000S900,2019.03,258,FINAL,Dollars,6,A,Consolidated accounts - table 1.1,D03R,Subsidies,,,,,National Accounts - SNA 2008 - SNE,2019,3
SNEQ.SG03AD03R000S900,2019.06,258,FINAL,Dollars,6,A,Consolidated accounts - table 1.1,D03R,Subsidies,,,,,National Accounts - SNA 2008 - SNE,2019,6
SNEQ.SG03AD03R000S900,2019.09,327,FINAL,Dollars,6,A,Consolidated accounts - table 1.1,D03R,Subsidies,,,,,National Accounts - SNA 2008 - SNE,2019,9
SNEQ.SG03AD03R000S900,2019.12,295,FINAL,Dollars,6,A,Consolidated accounts - table 1.1,D03R,Subsidies,,,,,National Accounts - SNA 2008 - SNE,2019,12
SNEQ.SG03AD03R000S900,2020.03,4080,FINAL,Dollars,6,A,Consolidated accounts - table 1.1,D03R,Subsidies,,,,,National Accounts - SNA 2008 - SNE,2020,3
SNEQ.SG03AD03R000S900,2020.06,8548,FINAL,Dollars,6,A,Consolidated accounts - table 1.1,D03R,Subsidies,,,,,National Accounts - SNA 2008 - SNE,2020,6
SNEQ.SG03AD03R000S900,2020.09,2299,FINAL,Dollars,6,A,Consolidated accounts - table 1.1,D03R,Subsidies,,,,,National Accounts - SNA 2008 - SNE,2020,9
SNEQ.SG03AD03R000S900,2020.12,531,FINAL,Dollars,6,A,Consolidated accounts - table 1.1,D03R,Subsidies,,,,,National Accounts - SNA 2008 - SNE,2020,12
SNEQ.SG03AD03R000S900,2021.03,896,FINAL,Dollars,6,A,Consolidated accounts - table 1.1,D03R,Subsidies,,,,,National Accounts - SNA 2008 - SNE,2021,3
SNEQ.SG03AD03R000S900,2021.06,584,FINAL,Dollars,6,A,Consolidated accounts - table 1.1,D03R,Subsidies,,,,,National Accounts - SNA 2008 - SNE,2021,6
SNEQ.SG03AD03R000S900,2021.09,4402,FINAL,Dollars,6,A,Consolidated accounts - table 1.1,D03R,Subsidies,,,,,National Accounts - SNA 2008 - SNE,2021,9
SNEQ.SG03AD03R000S900,2021.12,4375,FINAL,Dollars,6,A,Consolidated accounts - table 1.1,D03R,Subsidies,,,,,National Accounts - SNA 2008 - SNE,2021,12
SNEQ.SG03AD03R000S900,2022.03,1971,FINAL,Dollars,6,A,Consolidated accounts - table 1.1,D03R,Subsidies,,,,,National Accounts - SNA 2008 - SNE,2022,3
SNEQ.SG03AD03R000S900,2022.06,1133,FINAL,Dollars,6,A,Consolidated accounts - table 1.1,D03R,Subsidies,,,,,National Accounts - SNA 2008 - SNE,2022,6
SNEQ.SG03AD03R000S900,2022.09,853,FINAL,Dollars,6,A,Consolidated accounts - table 1.1,D03R,Subsidies,,,,,National Accounts - SNA 2008 - SNE,2022,9
SNEQ.SG03AD03R000S900,2022.12,656,FINAL,Dollars,6,A,Consolidated accounts - table 1.1,D03R,Subsidies,,,,,National Accounts - SNA 2008 - SNE,2022,12
SNEQ.SG03AD03R000S900,2023.03,654,FINAL,Dollars,6,A,Consolidated accounts - table 1.1,D03R,Subsidies,,,,,National Accounts - SNA 2008 - SNE,2023,3
SNEQ.SG03AD03R000S900,2023.06,559,FINAL,Dollars,6,A,Consolidated accounts - table 1.1,D03R,Subsidies,,,,,National Accounts - SNA 2008 - SNE,2023,6
SNEQ.SG03AD03R000S900,2023.09,614,FINAL,Dollars,6,A,Consolidated accounts - table 1.1,D03R,Subsidies,,,,,National Accounts - SNA 2008 - SNE,2023,9
SNEQ.SG03AD03R000S900,2023.12,575,FINAL,Dollars,6,A,Consolidated accounts - table 1.1,D03R,Subsidies,,,,,National Accounts - SNA 2008 - SNE,2023,12
SNEQ.SG03AD03R000S900,2024.03,633,FINAL,Dollars,6,A,Consolidated accounts - table 1.1,D03R,Subsidies,,,,,National Accounts - SNA 2008 - SNE,2024,3
SNEQ.SG03AD03R000S900,2024.06,541,FINAL,Dollars,6,A,Consolidated accounts - table 1.1,D03R,Subsidies,,,,,National Accounts - SNA 2008 - SNE,2024,6
SNEQ.SG03AD03R000S900,2024.09,632,FINAL,Dollars,6,A,Consolidated accounts - table 1.1,D03R,Subsidies,,,,,National Accounts - SNA 2008 - SNE,2024,9
SNEQ.SG03AD03R000S900,2024.12,573,FINAL,Dollars,6,A,Consolidated accounts - table 1.1,D03R,Subsidies,,,,,National Accounts - SNA 2008 - SNE,2024,12
SNEQ.SG03AD03R000S900,2025.03,566,FINAL,Dollars,6,A,Consolidated accounts - table 1.1,D03R,Subsidies,,,,,National Accounts - SNA 2008 - SNE,2025,3
SNEQ.SG03AP030000S900,2011.06,40957,FINAL,Dollars,6,A,Consolidated accounts - table 1.1,P03,Final consumption expenditure,,,,,National Accounts - SNA 2008 - SNE,2011,6
SNEQ.SG03AP030000S900,2011.09,41287,FINAL,Dollars,6,A,Consolidated accounts - table 1.1,P03,Final consumption expenditure,,,,,National Accounts - SNA 2008 - SNE,2011,9
SNEQ.SG03AP030000S900,2011.12,43163,FINAL,Dollars,6,A,Consolidated accounts - table 1.1,P03,Final consumption expenditure,,,,,National Accounts - SNA 2008 - SNE,2011,12
SNEQ.SG03AP030000S900,2012.03,40525,FINAL,Dollars,6,A,Consolidated accounts - table 1.1,P03,Final consumption expenditure,,,,,National Accounts - SNA 2008 - SNE,2012,3
SNEQ.SG03AP030000S900,2012.06,42156,FINAL,Dollars,6,A,Consolidated accounts - table 1.1,P03,Final consumption expenditure,,,,,National Accounts - SNA 2008 - SNE,2012,6
SNEQ.SG03AP030000S900,2012.09,42071,FINAL,Dollars,6,A,Consolidated accounts - table 1.1,P03,Final consumption expenditure,,,,,National Accounts - SNA 2008 - SNE,2012,9
SNEQ.SG03AP030000S900,2012.12,44195,FINAL,Dollars,6,A,Consolidated accounts - table 1.1,P03,Final consumption expenditure,,,,,National Accounts - SNA 2008 - SNE,2012,12
SNEQ.SG03AP030000S900,2013.03,41625,FINAL,Dollars,6,A,Consolidated accounts - table 1.1,P03,Final consumption expenditure,,,,,National Accounts - SNA 2008 - SNE,2013,3
SNEQ.SG03AP030000S900,2013.06,43526,FINAL,Dollars,6,A,Consolidated accounts - table 1.1,P03,Final consumption expenditure,,,,,National Accounts - SNA 2008 - SNE,2013,6
SNEQ.SG03AP030000S900,2013.09,44078,FINAL,Dollars,6,A,Consolidated accounts - table 1.1,P03,Final consumption expenditure,,,,,National Accounts - SNA 2008 - SNE,2013,9
SNEQ.SG03AP030000S900,2013.12,46363,FINAL,Dollars,6,A,Consolidated accounts - table 1.1,P03,Final consumption expenditure,,,,,National Accounts - SNA 2008 - SNE,2013,12
SNEQ.SG03AP030000S900,2014.03,43551,FINAL,Dollars,6,A,Consolidated accounts - table 1.1,P03,Final consumption expenditure,,,,,National Accounts - SNA 2008 - SNE,2014,3
SNEQ.SG03AP030000S900,2014.06,45411,FINAL,Dollars,6,A,Consolidated accounts - table 1.1,P03,Final consumption expenditure,,,,,National Accounts - SNA 2008 - SNE,2014,6
SNEQ.SG03AP030000S900,2014.09,46081,FINAL,Dollars,6,A,Consolidated accounts - table 1.1,P03,Final consumption expenditure,,,,,National Accounts - SNA 2008 - SNE,2014,9
SNEQ.SG03AP030000S900,2014.12,48146,FINAL,Dollars,6,A,Consolidated accounts - table 1.1,P03,Final consumption expenditure,,,,,National Accounts - SNA 2008 - SNE,2014,12
SNEQ.SG03AP030000S900,2015.03,45295,FINAL,Dollars,6,A,Consolidated accounts - table 1.1,P03,Final consumption expenditure,,,,,National Accounts - SNA 2008 - SNE,2015,3
SNEQ.SG03AP030000S900,2015.06,47560,FINAL,Dollars,6,A,Consolidated accounts - table 1.1,P03,Final consumption expenditure,,,,,National Accounts - SNA 2008 - SNE,2015,6
SNEQ.SG03AP030000S900,2015.09,48207,FINAL,Dollars,6,A,Consolidated accounts - table 1.1,P03,Final consumption expenditure,,,,,National Accounts - SNA 2008 - SNE,2015,9
SNEQ.SG03AP030000S900,2015.12,50546,FINAL,Dollars,6,A,Consolidated accounts - table 1.1,P03,Final consumption expenditure,,,,,National Accounts - SNA 2008 - SNE,2015,12
SNEQ.SG03AP030000S900,2016.03,47380,FINAL,Dollars,6,A,Consolidated accounts - table 1.1,P03,Final consumption expenditure,,,,,National Accounts - SNA 2008 - SNE,2016,3
SNEQ.SG03AP030000S900,2016.06,50207,FINAL,Dollars,6,A,Consolidated accounts - table 1.1,P03,Final consumption expenditure,,,,,National Accounts - SNA 2008 - SNE,2016,6
SNEQ.SG03AP030000S900,2016.09,51208,FINAL,Dollars,6,A,Consolidated accounts - table 1.1,P03,Final consumption expenditure,,,,,National Accounts - SNA 2008 - SNE,2016,9
SNEQ.SG03AP030000S900,2016.12,53927,FINAL,Dollars,6,A,Consolidated accounts - table 1.1,P03,Final consumption expenditure,,,,,National Accounts - SNA 2008 - SNE,2016,12
SNEQ.SG03AP030000S900,2017.03,51157,FINAL,Dollars,6,A,Consolidated accounts - table 1.1,P03,Final consumption expenditure,,,,,National Accounts - SNA 2008 - SNE,2017,3
SNEQ.SG03AP030000S900,2017.06,53384,FINAL,Dollars,6,A,Consolidated accounts - table 1.1,P03,Final consumption expenditure,,,,,National Accounts - SNA 2008 - SNE,2017,6
SNEQ.SG03AP030000S900,2017.09,54488,FINAL,Dollars,6,A,Consolidated accounts - table 1.1,P03,Final consumption expenditure,,,,,National Accounts - SNA 2008 - SNE,2017,9
SNEQ.SG03AP030000S900,2017.12,57462,FINAL,Dollars,6,A,Consolidated accounts - table 1.1,P03,Final consumption expenditure,,,,,National Accounts - SNA 2008 - SNE,2017,12
SNEQ.SG03AP030000S900,2018.03,53807,FINAL,Dollars,6,A,Consolidated accounts - table 1.1,P03,Final consumption expenditure,,,,,National Accounts - SNA 2008 - SNE,2018,3
SNEQ.SG03AP030000S900,2018.06,56755,FINAL,Dollars,6,A,Consolidated accounts - table 1.1,P03,Final consumption expenditure,,,,,National Accounts - SNA 2008 - SNE,2018,6
SNEQ.SG03AP030000S900,2018.09,58005,FINAL,Dollars,6,A,Consolidated accounts - table 1.1,P03,Final consumption expenditure,,,,,National Accounts - SNA 2008 - SNE,2018,9
SNEQ.SG03AP030000S900,2018.12,61200,FINAL,Dollars,6,A,Consolidated accounts - table 1.1,P03,Final consumption expenditure,,,,,National Accounts - SNA 2008 - SNE,2018,12
SNEQ.SG03AP030000S900,2019.03,57036,FINAL,Dollars,6,A,Consolidated accounts - table 1.1,P03,Final consumption expenditure,,,,,National Accounts - SNA 2008 - SNE,2019,3
SNEQ.SG03AP030000S900,2019.06,60248,FINAL,Dollars,6,A,Consolidated accounts - table 1.1,P03,Final consumption expenditure,,,,,National Accounts - SNA 2008 - SNE,2019,6
SNEQ.SG03AP030000S900,2019.09,61079,FINAL,Dollars,6,A,Consolidated accounts - table 1.1,P03,Final consumption expenditure,,,,,National Accounts - SNA 2008 - SNE,2019,9
SNEQ.SG03AP030000S900,2019.12,64498,FINAL,Dollars,6,A,Consolidated accounts - table 1.1,P03,Final consumption expenditure,,,,,National Accounts - SNA 2008 - SNE,2019,12
SNEQ.SG03AP030000S900,2020.03,59983,FINAL,Dollars,6,A,Consolidated accounts - table 1.1,P03,Final consumption expenditure,,,,,National Accounts - SNA 2008 - SNE,2020,3
SNEQ.SG03AP030000S900,2020.06,57309,FINAL,Dollars,6,A,Consolidated accounts - table 1.1,P03,Final consumption expenditure,,,,,National Accounts - SNA 2008 - SNE,2020,6
SNEQ.SG03AP030000S900,2020.09,63481,FINAL,Dollars,6,A,Consolidated accounts - table 1.1,P03,Final consumption expenditure,,,,,National Accounts - SNA 2008 - SNE,2020,9
SNEQ.SG03AP030000S900,2020.12,67794,FINAL,Dollars,6,A,Consolidated accounts - table 1.1,P03,Final consumption expenditure,,,,,National Accounts - SNA 2008 - SNE,2020,12
SNEQ.SG03AP030000S900,2021.03,65912,FINAL,Dollars,6,A,Consolidated accounts - table 1.1,P03,Final consumption expenditure,,,,,National Accounts - SNA 2008 - SNE,2021,3
SNEQ.SG03AP030000S900,2021.06,69246,FINAL,Dollars,6,A,Consolidated accounts - table 1.1,P03,Final consumption expenditure,,,,,National Accounts - SNA 2008 - SNE,2021,6
SNEQ.SG03AP030000S900,2021.09,66891,FINAL,Dollars,6,A,Consolidated accounts - table 1.1,P03,Final consumption expenditure,,,,,National Accounts - SNA 2008 - SNE,2021,9
SNEQ.SG03AP030000S900,2021.12,74277,FINAL,Dollars,6,A,Consolidated accounts - table 1.1,P03,Final consumption expenditure,,,,,National Accounts - SNA 2008 - SNE,2021,12
SNEQ.SG03AP030000S900,2022.03,72569,FINAL,Dollars,6,A,Consolidated accounts - table 1.1,P03,Final consumption expenditure,,,,,National Accounts - SNA 2008 - SNE,2022,3
SNEQ.SG03AP030000S900,2022.06,75290,FINAL,Dollars,6,A,Consolidated accounts - table 1.1,P03,Final consumption expenditure,,,,,National Accounts - SNA 2008 - SNE,2022,6
SNEQ.SG03AP030000S900,2022.09,77148,FINAL,Dollars,6,A,Consolidated accounts - table 1.1,P03,Final consumption expenditure,,,,,National Accounts - SNA 2008 - SNE,2022,9
SNEQ.SG03AP030000S900,2022.12,81561,FINAL,Dollars,6,A,Consolidated accounts - table 1.1,P03,Final consumption expenditure,,,,,National Accounts - SNA 2008 - SNE,2022,12
SNEQ.SG03AP030000S900,2023.03,77351,FINAL,Dollars,6,A,Consolidated accounts - table 1.1,P03,Final consumption expenditure,,,,,National Accounts - SNA 2008 - SNE,2023,3
SNEQ.SG03AP030000S900,2023.06,81582,FINAL,Dollars,6,A,Consolidated accounts - table 1.1,P03,Final consumption expenditure,,,,,National Accounts - SNA 2008 - SNE,2023,6
SNEQ.SG03AP030000S900,2023.09,82050,FINAL,Dollars,6,A,Consolidated accounts - table 1.1,P03,Final consumption expenditure,,,,,National Accounts - SNA 2008 - SNE,2023,9
SNEQ.SG03AP030000S900,2023.12,86247,FINAL,Dollars,6,A,Consolidated accounts - table 1.1,P03,Final consumption expenditure,,,,,National Accounts - SNA 2008 - SNE,2023,12
SNEQ.SG03AP030000S900,2024.03,80868,FINAL,Dollars,6,A,Consolidated accounts - table 1.1,P03,Final consumption expenditure,,,,,National Accounts - SNA 2008 - SNE,2024,3
SNEQ.SG03AP030000S900,2024.06,84645,FINAL,Dollars,6,A,Consolidated accounts - table 1.1,P03,Final consumption expenditure,,,,,National Accounts - SNA 2008 - SNE,2024,6
SNEQ.SG03AP030000S900,2024.09,84518,FINAL,Dollars,6,A,Consolidated accounts - table 1.1,P03,Final consumption expenditure,,,,,National Accounts - SNA 2008 - SNE,2024,9
SNEQ.SG03AP030000S900,2024.12,88363,FINAL,Dollars,6,A,Consolidated accounts - table 1.1,P03,Final consumption expenditure,,,,,National Accounts - SNA 2008 - SNE,2024,12
SNEQ.SG03AP030000S900,2025.03,84074,FINAL,Dollars,6,A,Consolidated accounts - table 1.1,P03,Final consumption expenditure,,,,,National Accounts - SNA 2008 - SNE,2025,3
SNEQ.SG03AP051G00S900,2011.06,10396,FINAL,Dollars,6,A,Consolidated accounts - table 1.1,P051G,Gross fixed capital formation,,,,,National Accounts - SNA 2008 - SNE,2011,6
SNEQ.SG03AP051G00S900,2011.09,10486,FINAL,Dollars,6,A,Consolidated accounts - table 1.1,P051G,Gross fixed capital formation,,,,,National Accounts - SNA 2008 - SNE,2011,9
SNEQ.SG03AP051G00S900,2011.12,11176,FINAL,Dollars,6,A,Consolidated accounts - table 1.1,P051G,Gross fixed capital formation,,,,,National Accounts - SNA 2008 - SNE,2011,12
SNEQ.SG03AP051G00S900,2012.03,10712,FINAL,Dollars,6,A,Consolidated accounts - table 1.1,P051G,Gross fixed capital formation,,,,,National Accounts - SNA 2008 - SNE,2012,3
SNEQ.SG03AP051G00S900,2012.06,11371,FINAL,Dollars,6,A,Consolidated accounts - table 1.1,P051G,Gross fixed capital formation,,,,,National Accounts - SNA 2008 - SNE,2012,6
SNEQ.SG03AP051G00S900,2012.09,11256,FINAL,Dollars,6,A,Consolidated accounts - table 1.1,P051G,Gross fixed capital formation,,,,,National Accounts - SNA 2008 - SNE,2012,9
SNEQ.SG03AP051G00S900,2012.12,11840,FINAL,Dollars,6,A,Consolidated accounts - table 1.1,P051G,Gross fixed capital formation,,,,,National Accounts - SNA 2008 - SNE,2012,12
SNEQ.SG03AP051G00S900,2013.03,11109,FINAL,Dollars,6,A,Consolidated accounts - table 1.1,P051G,Gross fixed capital formation,,,,,National Accounts - SNA 2008 - SNE,2013,3
SNEQ.SG03AP051G00S900,2013.06,12073,FINAL,Dollars,6,A,Consolidated accounts - table 1.1,P051G,Gross fixed capital formation,,,,,National Accounts - SNA 2008 - SNE,2013,6
SNEQ.SG03AP051G00S900,2013.09,12478,FINAL,Dollars,6,A,Consolidated accounts - table 1.1,P051G,Gross fixed capital formation,,,,,National Accounts - SNA 2008 - SNE,2013,9
SNEQ.SG03AP051G00S900,2013.12,12971,FINAL,Dollars,6,A,Consolidated accounts - table 1.1,P051G,Gross fixed capital formation,,,,,National Accounts - SNA 2008 - SNE,2013,12
SNEQ.SG03AP051G00S900,2014.03,12290,FINAL,Dollars,6,A,Consolidated accounts - table 1.1,P051G,Gross fixed capital formation,,,,,National Accounts - SNA 2008 - SNE,2014,3
SNEQ.SG03AP051G00S900,2014.06,13270,FINAL,Dollars,6,A,Consolidated accounts - table 1.1,P051G,Gross fixed capital formation,,,,,National Accounts - SNA 2008 - SNE,2014,6
SNEQ.SG03AP051G00S900,2014.09,13890,FINAL,Dollars,6,A,Consolidated accounts - table 1.1,P051G,Gross fixed capital formation,,,,,National Accounts - SNA 2008 - SNE,2014,9
SNEQ.SG03AP051G00S900,2014.12,14382,FINAL,Dollars,6,A,Consolidated accounts - table 1.1,P051G,Gross fixed capital formation,,,,,National Accounts - SNA 2008 - SNE,2014,12
SNEQ.SG03AP051G00S900,2015.03,13214,FINAL,Dollars,6,A,Consolidated accounts - table 1.1,P051G,Gross fixed capital formation,,,,,National Accounts - SNA 2008 - SNE,2015,3
SNEQ.SG03AP051G00S900,2015.06,14224,FINAL,Dollars,6,A,Consolidated accounts - table 1.1,P051G,Gross fixed capital formation,,,,,National Accounts - SNA 2008 - SNE,2015,6
SNEQ.SG03AP051G00S900,2015.09,15133,FINAL,Dollars,6,A,Consolidated accounts - table 1.1,P051G,Gross fixed capital formation,,,,,National Accounts - SNA 2008 - SNE,2015,9
SNEQ.SG03AP051G00S900,2015.12,15088,FINAL,Dollars,6,A,Consolidated accounts - table 1.1,P051G,Gross fixed capital formation,,,,,National Accounts - SNA 2008 - SNE,2015,12
SNEQ.SG03AP051G00S900,2016.03,14107,FINAL,Dollars,6,A,Consolidated accounts - table 1.1,P051G,Gross fixed capital formation,,,,,National Accounts - SNA 2008 - SNE,2016,3
SNEQ.SG03AP051G00S900,2016.06,15215,FINAL,Dollars,6,A,Consolidated accounts - table 1.1,P051G,Gross fixed capital formation,,,,,National Accounts - SNA 2008 - SNE,2016,6
SNEQ.SG03AP051G00S900,2016.09,15643,FINAL,Dollars,6,A,Consolidated accounts - table 1.1,P051G,Gross fixed capital formation,,,,,National Accounts - SNA 2008 - SNE,2016,9
SNEQ.SG03AP051G00S900,2016.12,15810,FINAL,Dollars,6,A,Consolidated accounts - table 1.1,P051G,Gross fixed capital formation,,,,,National Accounts - SNA 2008 - SNE,2016,12
SNEQ.SG03AP051G00S900,2017.03,14785,FINAL,Dollars,6,A,Consolidated accounts - table 1.1,P051G,Gross fixed capital formation,,,,,National Accounts - SNA 2008 - SNE,2017,3
SNEQ.SG03AP051G00S900,2017.06,15982,FINAL,Dollars,6,A,Consolidated accounts - table 1.1,P051G,Gross fixed capital formation,,,,,National Accounts - SNA 2008 - SNE,2017,6
SNEQ.SG03AP051G00S900,2017.09,16665,FINAL,Dollars,6,A,Consolidated accounts - table 1.1,P051G,Gross fixed capital formation,,,,,National Accounts - SNA 2008 - SNE,2017,9
SNEQ.SG03AP051G00S900,2017.12,17713,FINAL,Dollars,6,A,Consolidated accounts - table 1.1,P051G,Gross fixed capital formation,,,,,National Accounts - SNA 2008 - SNE,2017,12
SNEQ.SG03AP051G00S900,2018.03,16474,FINAL,Dollars,6,A,Consolidated accounts - table 1.1,P051G,Gross fixed capital formation,,,,,National Accounts - SNA 2008 - SNE,2018,3
SNEQ.SG03AP051G00S900,2018.06,17720,FINAL,Dollars,6,A,Consolidated accounts - table 1.1,P051G,Gross fixed capital formation,,,,,National Accounts - SNA 2008 - SNE,2018,6
SNEQ.SG03AP051G00S900,2018.09,17908,FINAL,Dollars,6,A,Consolidated accounts - table 1.1,P051G,Gross fixed capital formation,,,,,National Accounts - SNA 2008 - SNE,2018,9
SNEQ.SG03AP051G00S900,2018.12,18672,FINAL,Dollars,6,A,Consolidated accounts - table 1.1,P051G,Gross fixed capital formation,,,,,National Accounts - SNA 2008 - SNE,2018,12
SNEQ.SG03AP051G00S900,2019.03,17731,FINAL,Dollars,6,A,Consolidated accounts - table 1.1,P051G,Gross fixed capital formation,,,,,National Accounts - SNA 2008 - SNE,2019,3
SNEQ.SG03AP051G00S900,2019.06,18859,FINAL,Dollars,6,A,Consolidated accounts - table 1.1,P051G,Gross fixed capital formation,,,,,National Accounts - SNA 2008 - SNE,2019,6
SNEQ.SG03AP051G00S900,2019.09,19260,FINAL,Dollars,6,A,Consolidated accounts - table 1.1,P051G,Gross fixed capital formation,,,,,National Accounts - SNA 2008 - SNE,2019,9
SNEQ.SG03AP051G00S900,2019.12,19980,FINAL,Dollars,6,A,Consolidated accounts - table 1.1,P051G,Gross fixed capital formation,,,,,National Accounts - SNA 2008 - SNE,2019,12
SNEQ.SG03AP051G00S900,2020.03,17957,FINAL,Dollars,6,A,Consolidated accounts - table 1.1,P051G,Gross fixed capital formation,,,,,National Accounts - SNA 2008 - SNE,2020,3
SNEQ.SG03AP051G00S900,2020.06,15545,FINAL,Dollars,6,A,Consolidated accounts - table 1.1,P051G,Gross fixed capital formation,,,,,National Accounts - SNA 2008 - SNE,2020,6
SNEQ.SG03AP051G00S900,2020.09,19980,FINAL,Dollars,6,A,Consolidated accounts - table 1.1,P051G,Gross fixed capital formation,,,,,National Accounts - SNA 2008 - SNE,2020,9
SNEQ.SG03AP051G00S900,2020.12,20650,FINAL,Dollars,6,A,Consolidated accounts - table 1.1,P051G,Gross fixed capital formation,,,,,National Accounts - SNA 2008 - SNE,2020,12
SNEQ.SG03AP051G00S900,2021.03,20148,FINAL,Dollars,6,A,Consolidated accounts - table 1.1,P051G,Gross fixed capital formation,,,,,National Accounts - SNA 2008 - SNE,2021,3
SNEQ.SG03AP051G00S900,2021.06,20989,FINAL,Dollars,6,A,Consolidated accounts - table 1.1,P051G,Gross fixed capital formation,,,,,National Accounts - SNA 2008 - SNE,2021,6
SNEQ.SG03AP051G00S900,2021.09,20686,FINAL,Dollars,6,A,Consolidated accounts - table 1.1,P051G,Gross fixed capital formation,,,,,National Accounts - SNA 2008 - SNE,2021,9
SNEQ.SG03AP051G00S900,2021.12,23889,FINAL,Dollars,6,A,Consolidated accounts - table 1.1,P051G,Gross fixed capital formation,,,,,National Accounts - SNA 2008 - SNE,2021,12
SNEQ.SG03AP051G00S900,2022.03,22819,FINAL,Dollars,6,A,Consolidated accounts - table 1.1,P051G,Gross fixed capital formation,,,,,National Accounts - SNA 2008 - SNE,2022,3
SNEQ.SG03AP051G00S900,2022.06,23404,FINAL,Dollars,6,A,Consolidated accounts - table 1.1,P051G,Gross fixed capital formation,,,,,National Accounts - SNA 2008 - SNE,2022,6
SNEQ.SG03AP051G00S900,2022.09,25576,FINAL,Dollars,6,A,Consolidated accounts - table 1.1,P051G,Gross fixed capital formation,,,,,National Accounts - SNA 2008 - SNE,2022,9
SNEQ.SG03AP051G00S900,2022.12,26055,FINAL,Dollars,6,A,Consolidated accounts - table 1.1,P051G,Gross fixed capital formation,,,,,National Accounts - SNA 2008 - SNE,2022,12
SNEQ.SG03AP051G00S900,2023.03,24808,FINAL,Dollars,6,A,Consolidated accounts - table 1.1,P051G,Gross fixed capital formation,,,,,National Accounts - SNA 2008 - SNE,2023,3
SNEQ.SG03AP051G00S900,2023.06,25901,FINAL,Dollars,6,A,Consolidated accounts - table 1.1,P051G,Gross fixed capital formation,,,,,National Accounts - SNA 2008 - SNE,2023,6
SNEQ.SG03AP051G00S900,2023.09,25910,FINAL,Dollars,6,A,Consolidated accounts - table 1.1,P051G,Gross fixed capital formation,,,,,National Accounts - SNA 2008 - SNE,2023,9
SNEQ.SG03AP051G00S900,2023.12,26546,FINAL,Dollars,6,A,Consolidated accounts - table 1.1,P051G,Gross fixed capital formation,,,,,National Accounts - SNA 2008 - SNE,2023,12
SNEQ.SG03AP051G00S900,2024.03,24735,FINAL,Dollars,6,A,Consolidated accounts - table 1.1,P051G,Gross fixed capital formation,,,,,National Accounts - SNA 2008 - SNE,2024,3
SNEQ.SG03AP051G00S900,2024.06,25391,FINAL,Dollars,6,A,Consolidated accounts - table 1.1,P051G,Gross fixed capital formation,,,,,National Accounts - SNA 2008 - SNE,2024,6
SNEQ.SG03AP051G00S900,2024.09,24933,FINAL,Dollars,6,A,Consolidated accounts - table 1.1,P051G,Gross fixed capital formation,,,,,National Accounts - SNA 2008 - SNE,2024,9
SNEQ.SG03AP051G00S900,2024.12,25489,FINAL,Dollars,6,A,Consolidated accounts - table 1.1,P051G,Gross fixed capital formation,,,,,National Accounts - SNA 2008 - SNE,2024,12
SNEQ.SG03AP051G00S900,2025.03,24261,FINAL,Dollars,6,A,Consolidated accounts - table 1.1,P051G,Gross fixed capital formation,,,,,National Accounts - SNA 2008 - SNE,2025,3
SNEQ.SG03AP052000S900,2011.06,-1653,FINAL,Dollars,6,A,Consolidated accounts - table 1.1,P052,Change in inventories,,,,,National Accounts - SNA 2008 - SNE,2011,6
SNEQ.SG03AP052000S900,2011.09,762,FINAL,Dollars,6,A,Consolidated accounts - table 1.1,P052,Change in inventories,,,,,National Accounts - SNA 2008 - SNE,2011,9
SNEQ.SG03AP052000S900,2011.12,1333,FINAL,Dollars,6,A,Consolidated accounts - table 1.1,P052,Change in inventories,,,,,National Accounts - SNA 2008 - SNE,2011,12
SNEQ.SG03AP052000S900,2012.03,827,FINAL,Dollars,6,A,Consolidated accounts - table 1.1,P052,Change in inventories,,,,,National Accounts - SNA 2008 - SNE,2012,3
SNEQ.SG03AP052000S900,2012.06,-1154,FINAL,Dollars,6,A,Consolidated accounts - table 1.1,P052,Change in inventories,,,,,National Accounts - SNA 2008 - SNE,2012,6
SNEQ.SG03AP052000S900,2012.09,330,FINAL,Dollars,6,A,Consolidated accounts - table 1.1,P052,Change in inventories,,,,,National Accounts - SNA 2008 - SNE,2012,9
SNEQ.SG03AP052000S900,2012.12,1226,FINAL,Dollars,6,A,Consolidated accounts - table 1.1,P052,Change in inventories,,,,,National Accounts - SNA 2008 - SNE,2012,12
SNEQ.SG03AP052000S900,2013.03,387,FINAL,Dollars,6,A,Consolidated accounts - table 1.1,P052,Change in inventories,,,,,National Accounts - SNA 2008 - SNE,2013,3
SNEQ.SG03AP052000S900,2013.06,-1678,FINAL,Dollars,6,A,Consolidated accounts - table 1.1,P052,Change in inventories,,,,,National Accounts - SNA 2008 - SNE,2013,6
SNEQ.SG03AP052000S900,2013.09,1111,FINAL,Dollars,6,A,Consolidated accounts - table 1.1,P052,Change in inventories,,,,,National Accounts - SNA 2008 - SNE,2013,9
SNEQ.SG03AP052000S900,2013.12,2013,FINAL,Dollars,6,A,Consolidated accounts - table 1.1,P052,Change in inventories,,,,,National Accounts - SNA 2008 - SNE,2013,12
SNEQ.SG03AP052000S900,2014.03,399,FINAL,Dollars,6,A,Consolidated accounts - table 1.1,P052,Change in inventories,,,,,National Accounts - SNA 2008 - SNE,2014,3
SNEQ.SG03AP052000S900,2014.06,-1051,FINAL,Dollars,6,A,Consolidated accounts - table 1.1,P052,Change in inventories,,,,,National Accounts - SNA 2008 - SNE,2014,6
SNEQ.SG03AP052000S900,2014.09,577,FINAL,Dollars,6,A,Consolidated accounts - table 1.1,P052,Change in inventories,,,,,National Accounts - SNA 2008 - SNE,2014,9
SNEQ.SG03AP052000S900,2014.12,1445,FINAL,Dollars,6,A,Consolidated accounts - table 1.1,P052,Change in inventories,,,,,National Accounts - SNA 2008 - SNE,2014,12
SNEQ.SG03AP052000S900,2015.03,289,FINAL,Dollars,6,A,Consolidated accounts - table 1.1,P052,Change in inventories,,,,,National Accounts - SNA 2008 - SNE,2015,3
SNEQ.SG03AP052000S900,2015.06,-974,FINAL,Dollars,6,A,Consolidated accounts - table 1.1,P052,Change in inventories,,,,,National Accounts - SNA 2008 - SNE,2015,6
SNEQ.SG03AP052000S900,2015.09,11,FINAL,Dollars,6,A,Consolidated accounts - table 1.1,P052,Change in inventories,,,,,National Accounts - SNA 2008 - SNE,2015,9
SNEQ.SG03AP052000S900,2015.12,1237,FINAL,Dollars,6,A,Consolidated accounts - table 1.1,P052,Change in inventories,,,,,National Accounts - SNA 2008 - SNE,2015,12
SNEQ.SG03AP052000S900,2016.03,453,FINAL,Dollars,6,A,Consolidated accounts - table 1.1,P052,Change in inventories,,,,,National Accounts - SNA 2008 - SNE,2016,3
SNEQ.SG03AP052000S900,2016.06,-1639,FINAL,Dollars,6,A,Consolidated accounts - table 1.1,P052,Change in inventories,,,,,National Accounts - SNA 2008 - SNE,2016,6
SNEQ.SG03AP052000S900,2016.09,228,FINAL,Dollars,6,A,Consolidated accounts - table 1.1,P052,Change in inventories,,,,,National Accounts - SNA 2008 - SNE,2016,9
SNEQ.SG03AP052000S900,2016.12,1651,FINAL,Dollars,6,A,Consolidated accounts - table 1.1,P052,Change in inventories,,,,,National Accounts - SNA 2008 - SNE,2016,12
SNEQ.SG03AP052000S900,2017.03,1235,FINAL,Dollars,6,A,Consolidated accounts - table 1.1,P052,Change in inventories,,,,,National Accounts - SNA 2008 - SNE,2017,3
SNEQ.SG03AP052000S900,2017.06,-1693,FINAL,Dollars,6,A,Consolidated accounts - table 1.1,P052,Change in inventories,,,,,National Accounts - SNA 2008 - SNE,2017,6
SNEQ.SG03AP052000S900,2017.09,324,FINAL,Dollars,6,A,Consolidated accounts - table 1.1,P052,Change in inventories,,,,,National Accounts - SNA 2008 - SNE,2017,9
SNEQ.SG03AP052000S900,2017.12,1984,FINAL,Dollars,6,A,Consolidated accounts - table 1.1,P052,Change in inventories,,,,,National Accounts - SNA 2008 - SNE,2017,12
SNEQ.SG03AP052000S900,2018.03,1525,FINAL,Dollars,6,A,Consolidated accounts - table 1.1,P052,Change in inventories,,,,,National Accounts - SNA 2008 - SNE,2018,3
SNEQ.SG03AP052000S900,2018.06,-1082,FINAL,Dollars,6,A,Consolidated accounts - table 1.1,P052,Change in inventories,,,,,National Accounts - SNA 2008 - SNE,2018,6
SNEQ.SG03AP052000S900,2018.09,819,FINAL,Dollars,6,A,Consolidated accounts - table 1.1,P052,Change in inventories,,,,,National Accounts - SNA 2008 - SNE,2018,9
SNEQ.SG03AP052000S900,2018.12,1376,FINAL,Dollars,6,A,Consolidated accounts - table 1.1,P052,Change in inventories,,,,,National Accounts - SNA 2008 - SNE,2018,12
SNEQ.SG03AP052000S900,2019.03,341,FINAL,Dollars,6,A,Consolidated accounts - table 1.1,P052,Change in inventories,,,,,National Accounts - SNA 2008 - SNE,2019,3
SNEQ.SG03AP052000S900,2019.06,-1778,FINAL,Dollars,6,A,Consolidated accounts - table 1.1,P052,Change in inventories,,,,,National Accounts - SNA 2008 - SNE,2019,6
SNEQ.SG03AP052000S900,2019.09,1048,FINAL,Dollars,6,A,Consolidated accounts - table 1.1,P052,Change in inventories,,,,,National Accounts - SNA 2008 - SNE,2019,9
SNEQ.SG03AP052000S900,2019.12,1684,FINAL,Dollars,6,A,Consolidated accounts - table 1.1,P052,Change in inventories,,,,,National Accounts - SNA 2008 - SNE,2019,12
SNEQ.SG03AP052000S900,2020.03,-165,FINAL,Dollars,6,A,Consolidated accounts - table 1.1,P052,Change in inventories,,,,,National Accounts - SNA 2008 - SNE,2020,3
SNEQ.SG03AP052000S900,2020.06,-2921,FINAL,Dollars,6,A,Consolidated accounts - table 1.1,P052,Change in inventories,,,,,National Accounts - SNA 2008 - SNE,2020,6
SNEQ.SG03AP052000S900,2020.09,-62,FINAL,Dollars,6,A,Consolidated accounts - table 1.1,P052,Change in inventories,,,,,National Accounts - SNA 2008 - SNE,2020,9
SNEQ.SG03AP052000S900,2020.12,1160,FINAL,Dollars,6,A,Consolidated accounts - table 1.1,P052,Change in inventories,,,,,National Accounts - SNA 2008 - SNE,2020,12
SNEQ.SG03AP052000S900,2021.03,1424,FINAL,Dollars,6,A,Consolidated accounts - table 1.1,P052,Change in inventories,,,,,National Accounts - SNA 2008 - SNE,2021,3
SNEQ.SG03AP052000S900,2021.06,-3340,FINAL,Dollars,6,A,Consolidated accounts - table 1.1,P052,Change in inventories,,,,,National Accounts - SNA 2008 - SNE,2021,6
SNEQ.SG03AP052000S900,2021.09,2641,FINAL,Dollars,6,A,Consolidated accounts - table 1.1,P052,Change in inventories,,,,,National Accounts - SNA 2008 - SNE,2021,9
SNEQ.SG03AP052000S900,2021.12,1944,FINAL,Dollars,6,A,Consolidated accounts - table 1.1,P052,Change in inventories,,,,,National Accounts - SNA 2008 - SNE,2021,12
SNEQ.SG03AP052000S900,2022.03,545,FINAL,Dollars,6,A,Consolidated accounts - table 1.1,P052,Change in inventories,,,,,National Accounts - SNA 2008 - SNE,2022,3
SNEQ.SG03AP052000S900,2022.06,-866,FINAL,Dollars,6,A,Consolidated accounts - table 1.1,P052,Change in inventories,,,,,National Accounts - SNA 2008 - SNE,2022,6
SNEQ.SG03AP052000S900,2022.09,586,FINAL,Dollars,6,A,Consolidated accounts - table 1.1,P052,Change in inventories,,,,,National Accounts - SNA 2008 - SNE,2022,9
SNEQ.SG03AP052000S900,2022.12,3477,FINAL,Dollars,6,A,Consolidated accounts - table 1.1,P052,Change in inventories,,,,,National Accounts - SNA 2008 - SNE,2022,12
SNEQ.SG03AP052000S900,2023.03,312,FINAL,Dollars,6,A,Consolidated accounts - table 1.1,P052,Change in inventories,,,,,National Accounts - SNA 2008 - SNE,2023,3
SNEQ.SG03AP052000S900,2023.06,-3875,FINAL,Dollars,6,A,Consolidated accounts - table 1.1,P052,Change in inventories,,,,,National Accounts - SNA 2008 - SNE,2023,6
SNEQ.SG03AP052000S900,2023.09,825,FINAL,Dollars,6,A,Consolidated accounts - table 1.1,P052,Change in inventories,,,,,National Accounts - SNA 2008 - SNE,2023,9
SNEQ.SG03AP052000S900,2023.12,-171,FINAL,Dollars,6,A,Consolidated accounts - table 1.1,P052,Change in inventories,,,,,National Accounts - SNA 2008 - SNE,2023,12
SNEQ.SG03AP052000S900,2024.03,-33,FINAL,Dollars,6,A,Consolidated accounts - table 1.1,P052,Change in inventories,,,,,National Accounts - SNA 2008 - SNE,2024,3
SNEQ.SG03AP052000S900,2024.06,-3915,FINAL,Dollars,6,A,Consolidated accounts - table 1.1,P052,Change in inventories,,,,,National Accounts - SNA 2008 - SNE,2024,6
SNEQ.SG03AP052000S900,2024.09,256,FINAL,Dollars,6,A,Consolidated accounts - table 1.1,P052,Change in inventories,,,,,National Accounts - SNA 2008 - SNE,2024,9
SNEQ.SG03AP052000S900,2024.12,1563,FINAL,Dollars,6,A,Consolidated accounts - table 1.1,P052,Change in inventories,,,,,National Accounts - SNA 2008 - SNE,2024,12
SNEQ.SG03AP052000S900,2025.03,-264,FINAL,Dollars,6,A,Consolidated accounts - table 1.1,P052,Change in inventories,,,,,National Accounts - SNA 2008 - SNE,2025,3
SNEQ.SG03AP030000S310,2011.06,9547,FINAL,Dollars,6,A,Consolidated accounts - table 1.1,P03,Final consumption expenditure,,,31,Central government institutions,National Accounts - SNA 2008 - SNE,2011,6
SNEQ.SG03AP030000S310,2011.09,8933,FINAL,Dollars,6,A,Consolidated accounts - table 1.1,P03,Final consumption expenditure,,,31,Central government institutions,National Accounts - SNA 2008 - SNE,2011,9
SNEQ.SG03AP030000S310,2011.12,9169,FINAL,Dollars,6,A,Consolidated accounts - table 1.1,P03,Final consumption expenditure,,,31,Central government institutions,National Accounts - SNA 2008 - SNE,2011,12
SNEQ.SG03AP030000S310,2012.03,9028,FINAL,Dollars,6,A,Consolidated accounts - table 1.1,P03,Final consumption expenditure,,,31,Central government institutions,National Accounts - SNA 2008 - SNE,2012,3
SNEQ.SG03AP030000S310,2012.06,9590,FINAL,Dollars,6,A,Consolidated accounts - table 1.1,P03,Final consumption expenditure,,,31,Central government institutions,National Accounts - SNA 2008 - SNE,2012,6
SNEQ.SG03AP030000S310,2012.09,9151,FINAL,Dollars,6,A,Consolidated accounts - table 1.1,P03,Final consumption expenditure,,,31,Central government institutions,National Accounts - SNA 2008 - SNE,2012,9
SNEQ.SG03AP030000S310,2012.12,9293,FINAL,Dollars,6,A,Consolidated accounts - table 1.1,P03,Final consumption expenditure,,,31,Central government institutions,National Accounts - SNA 2008 - SNE,2012,12
SNEQ.SG03AP030000S310,2013.03,9256,FINAL,Dollars,6,A,Consolidated accounts - table 1.1,P03,Final consumption expenditure,,,31,Central government institutions,National Accounts - SNA 2008 - SNE,2013,3
SNEQ.SG03AP030000S310,2013.06,9791,FINAL,Dollars,6,A,Consolidated accounts - table 1.1,P03,Final consumption expenditure,,,31,Central government institutions,National Accounts - SNA 2008 - SNE,2013,6
SNEQ.SG03AP030000S310,2013.09,9521,FINAL,Dollars,6,A,Consolidated accounts - table 1.1,P03,Final consumption expenditure,,,31,Central government institutions,National Accounts - SNA 2008 - SNE,2013,9
SNEQ.SG03AP030000S310,2013.12,9701,FINAL,Dollars,6,A,Consolidated accounts - table 1.1,P03,Final consumption expenditure,,,31,Central government institutions,National Accounts - SNA 2008 - SNE,2013,12
SNEQ.SG03AP030000S310,2014.03,9658,FINAL,Dollars,6,A,Consolidated accounts - table 1.1,P03,Final consumption expenditure,,,31,Central government institutions,National Accounts - SNA 2008 - SNE,2014,3
SNEQ.SG03AP030000S310,2014.06,10320,FINAL,Dollars,6,A,Consolidated accounts - table 1.1,P03,Final consumption expenditure,,,31,Central government institutions,National Accounts - SNA 2008 - SNE,2014,6
SNEQ.SG03AP030000S310,2014.09,9958,FINAL,Dollars,6,A,Consolidated accounts - table 1.1,P03,Final consumption expenditure,,,31,Central government institutions,National Accounts - SNA 2008 - SNE,2014,9
SNEQ.SG03AP030000S310,2014.12,10062,FINAL,Dollars,6,A,Consolidated accounts - table 1.1,P03,Final consumption expenditure,,,31,Central government institutions,National Accounts - SNA 2008 - SNE,2014,12
SNEQ.SG03AP030000S310,2015.03,10046,FINAL,Dollars,6,A,Consolidated accounts - table 1.1,P03,Final consumption expenditure,,,31,Central government institutions,National Accounts - SNA 2008 - SNE,2015,3
SNEQ.SG03AP030000S310,2015.06,10787,FINAL,Dollars,6,A,Consolidated accounts - table 1.1,P03,Final consumption expenditure,,,31,Central government institutions,National Accounts - SNA 2008 - SNE,2015,6
SNEQ.SG03AP030000S310,2015.09,10334,FINAL,Dollars,6,A,Consolidated accounts - table 1.1,P03,Final consumption expenditure,,,31,Central government institutions,National Accounts - SNA 2008 - SNE,2015,9
SNEQ.SG03AP030000S310,2015.12,10277,FINAL,Dollars,6,A,Consolidated accounts - table 1.1,P03,Final consumption expenditure,,,31,Central government institutions,National Accounts - SNA 2008 - SNE,2015,12
SNEQ.SG03AP030000S310,2016.03,10354,FINAL,Dollars,6,A,Consolidated accounts - table 1.1,P03,Final consumption expenditure,,,31,Central government institutions,National Accounts - SNA 2008 - SNE,2016,3
SNEQ.SG03AP030000S310,2016.06,10967,FINAL,Dollars,6,A,Consolidated accounts - table 1.1,P03,Final consumption expenditure,,,31,Central government institutions,National Accounts - SNA 2008 - SNE,2016,6
SNEQ.SG03AP030000S310,2016.09,10818,FINAL,Dollars,6,A,Consolidated accounts - table 1.1,P03,Final consumption expenditure,,,31,Central government institutions,National Accounts - SNA 2008 - SNE,2016,9
SNEQ.SG03AP030000S310,2016.12,10829,FINAL,Dollars,6,A,Consolidated accounts - table 1.1,P03,Final consumption expenditure,,,31,Central government institutions,National Accounts - SNA 2008 - SNE,2016,12
SNEQ.SG03AP030000S310,2017.03,10910,FINAL,Dollars,6,A,Consolidated accounts - table 1.1,P03,Final consumption expenditure,,,31,Central government institutions,National Accounts - SNA 2008 - SNE,2017,3
SNEQ.SG03AP030000S310,2017.06,11572,FINAL,Dollars,6,A,Consolidated accounts - table 1.1,P03,Final consumption expenditure,,,31,Central government institutions,National Accounts - SNA 2008 - SNE,2017,6
SNEQ.SG03AP030000S310,2017.09,11482,FINAL,Dollars,6,A,Consolidated accounts - table 1.1,P03,Final consumption expenditure,,,31,Central government institutions,National Accounts - SNA 2008 - SNE,2017,9
SNEQ.SG03AP030000S310,2017.12,11467,FINAL,Dollars,6,A,Consolidated accounts - table 1.1,P03,Final consumption expenditure,,,31,Central government institutions,National Accounts - SNA 2008 - SNE,2017,12
SNEQ.SG03AP030000S310,2018.03,11505,FINAL,Dollars,6,A,Consolidated accounts - table 1.1,P03,Final consumption expenditure,,,31,Central government institutions,National Accounts - SNA 2008 - SNE,2018,3
SNEQ.SG03AP030000S310,2018.06,12408,FINAL,Dollars,6,A,Consolidated accounts - table 1.1,P03,Final consumption expenditure,,,31,Central government institutions,National Accounts - SNA 2008 - SNE,2018,6
SNEQ.SG03AP030000S310,2018.09,12181,FINAL,Dollars,6,A,Consolidated accounts - table 1.1,P03,Final consumption expenditure,,,31,Central government institutions,National Accounts - SNA 2008 - SNE,2018,9
SNEQ.SG03AP030000S310,2018.12,12366,FINAL,Dollars,6,A,Consolidated accounts - table 1.1,P03,Final consumption expenditure,,,31,Central government institutions,National Accounts - SNA 2008 - SNE,2018,12
SNEQ.SG03AP030000S310,2019.03,12405,FINAL,Dollars,6,A,Consolidated accounts - table 1.1,P03,Final consumption expenditure,,,31,Central government institutions,National Accounts - SNA 2008 - SNE,2019,3
SNEQ.SG03AP030000S310,2019.06,13704,FINAL,Dollars,6,A,Consolidated accounts - table 1.1,P03,Final consumption expenditure,,,31,Central government institutions,National Accounts - SNA 2008 - SNE,2019,6
SNEQ.SG03AP030000S310,2019.09,13092,FINAL,Dollars,6,A,Consolidated accounts - table 1.1,P03,Final consumption expenditure,,,31,Central government institutions,National Accounts - SNA 2008 - SNE,2019,9
SNEQ.SG03AP030000S310,2019.12,13535,FINAL,Dollars,6,A,Consolidated accounts - table 1.1,P03,Final consumption expenditure,,,31,Central government institutions,National Accounts - SNA 2008 - SNE,2019,12
SNEQ.SG03AP030000S310,2020.03,13599,FINAL,Dollars,6,A,Consolidated accounts - table 1.1,P03,Final consumption expenditure,,,31,Central government institutions,National Accounts - SNA 2008 - SNE,2020,3
SNEQ.SG03AP030000S310,2020.06,15024,FINAL,Dollars,6,A,Consolidated accounts - table 1.1,P03,Final consumption expenditure,,,31,Central government institutions,National Accounts - SNA 2008 - SNE,2020,6
SNEQ.SG03AP030000S310,2020.09,14467,FINAL,Dollars,6,A,Consolidated accounts - table 1.1,P03,Final consumption expenditure,,,31,Central government institutions,National Accounts - SNA 2008 - SNE,2020,9
SNEQ.SG03AP030000S310,2020.12,15048,FINAL,Dollars,6,A,Consolidated accounts - table 1.1,P03,Final consumption expenditure,,,31,Central government institutions,National Accounts - SNA 2008 - SNE,2020,12
SNEQ.SG03AP030000S310,2021.03,15351,FINAL,Dollars,6,A,Consolidated accounts - table 1.1,P03,Final consumption expenditure,,,31,Central government institutions,National Accounts - SNA 2008 - SNE,2021,3
SNEQ.SG03AP030000S310,2021.06,16680,FINAL,Dollars,6,A,Consolidated accounts - table 1.1,P03,Final consumption expenditure,,,31,Central government institutions,National Accounts - SNA 2008 - SNE,2021,6
SNEQ.SG03AP030000S310,2021.09,16222,FINAL,Dollars,6,A,Consolidated accounts - table 1.1,P03,Final consumption expenditure,,,31,Central government institutions,National Accounts - SNA 2008 - SNE,2021,9
SNEQ.SG03AP030000S310,2021.12,17499,FINAL,Dollars,6,A,Consolidated accounts - table 1.1,P03,Final consumption expenditure,,,31,Central government institutions,National Accounts - SNA 2008 - SNE,2021,12
SNEQ.SG03AP030000S310,2022.03,17437,FINAL,Dollars,6,A,Consolidated accounts - table 1.1,P03,Final consumption expenditure,,,31,Central government institutions,National Accounts - SNA 2008 - SNE,2022,3
SNEQ.SG03AP030000S310,2022.06,18952,FINAL,Dollars,6,A,Consolidated accounts - table 1.1,P03,Final consumption expenditure,,,31,Central government institutions,National Accounts - SNA 2008 - SNE,2022,6
SNEQ.SG03AP030000S310,2022.09,18251,FINAL,Dollars,6,A,Consolidated accounts - table 1.1,P03,Final consumption expenditure,,,31,Central government institutions,National Accounts - SNA 2008 - SNE,2022,9
SNEQ.SG03AP030000S310,2022.12,18167,FINAL,Dollars,6,A,Consolidated accounts - table 1.1,P03,Final consumption expenditure,,,31,Central government institutions,National Accounts - SNA 2008 - SNE,2022,12
SNEQ.SG03AP030000S310,2023.03,18110,FINAL,Dollars,6,A,Consolidated accounts - table 1.1,P03,Final consumption expenditure,,,31,Central government institutions,National Accounts - SNA 2008 - SNE,2023,3
SNEQ.SG03AP030000S310,2023.06,20080,FINAL,Dollars,6,A,Consolidated accounts - table 1.1,P03,Final consumption expenditure,,,31,Central government institutions,National Accounts - SNA 2008 - SNE,2023,6
SNEQ.SG03AP030000S310,2023.09,19385,FINAL,Dollars,6,A,Consolidated accounts - table 1.1,P03,Final consumption expenditure,,,31,Central government institutions,National Accounts - SNA 2008 - SNE,2023,9
SNEQ.SG03AP030000S310,2023.12,19784,FINAL,Dollars,6,A,Consolidated accounts - table 1.1,P03,Final consumption expenditure,,,31,Central government institutions,National Accounts - SNA 2008 - SNE,2023,12
SNEQ.SG03AP030000S310,2024.03,19287,FINAL,Dollars,6,A,Consolidated accounts - table 1.1,P03,Final consumption expenditure,,,31,Central government institutions,National Accounts - SNA 2008 - SNE,2024,3
SNEQ.SG03AP030000S310,2024.06,21564,FINAL,Dollars,6,A,Consolidated accounts - table 1.1,P03,Final consumption expenditure,,,31,Central government institutions,National Accounts - SNA 2008 - SNE,2024,6
SNEQ.SG03AP030000S310,2024.09,20020,FINAL,Dollars,6,A,Consolidated accounts - table 1.1,P03,Final consumption expenditure,,,31,Central government institutions,National Accounts - SNA 2008 - SNE,2024,9
SNEQ.SG03AP030000S310,2024.12,20107,FINAL,Dollars,6,A,Consolidated accounts - table 1.1,P03,Final consumption expenditure,,,31,Central government institutions,National Accounts - SNA 2008 - SNE,2024,12
SNEQ.SG03AP030000S310,2025.03,20015,FINAL,Dollars,6,A,Consolidated accounts - table 1.1,P03,Final consumption expenditure,,,31,Central government institutions,National Accounts - SNA 2008 - SNE,2025,3
SNEQ.SG03AP030000S321,2011.06,1291,FINAL,Dollars,6,A,Consolidated accounts - table 1.1,P03,Final consumption expenditure,,,32,Local government institutions,National Accounts - SNA 2008 - SNE,2011,6
SNEQ.SG03AP030000S321,2011.09,1267,FINAL,Dollars,6,A,Consolidated accounts - table 1.1,P03,Final consumption expenditure,,,32,Local government institutions,National Accounts - SNA 2008 - SNE,2011,9
SNEQ.SG03AP030000S321,2011.12,1310,FINAL,Dollars,6,A,Consolidated accounts - table 1.1,P03,Final consumption expenditure,,,32,Local government institutions,National Accounts - SNA 2008 - SNE,2011,12
SNEQ.SG03AP030000S321,2012.03,1174,FINAL,Dollars,6,A,Consolidated accounts - table 1.1,P03,Final consumption expenditure,,,32,Local government institutions,National Accounts - SNA 2008 - SNE,2012,3
SNEQ.SG03AP030000S321,2012.06,1351,FINAL,Dollars,6,A,Consolidated accounts - table 1.1,P03,Final consumption expenditure,,,32,Local government institutions,National Accounts - SNA 2008 - SNE,2012,6
SNEQ.SG03AP030000S321,2012.09,1166,FINAL,Dollars,6,A,Consolidated accounts - table 1.1,P03,Final consumption expenditure,,,32,Local government institutions,National Accounts - SNA 2008 - SNE,2012,9
SNEQ.SG03AP030000S321,2012.12,1217,FINAL,Dollars,6,A,Consolidated accounts - table 1.1,P03,Final consumption expenditure,,,32,Local government institutions,National Accounts - SNA 2008 - SNE,2012,12
SNEQ.SG03AP030000S321,2013.03,1134,FINAL,Dollars,6,A,Consolidated accounts - table 1.1,P03,Final consumption expenditure,,,32,Local government institutions,National Accounts - SNA 2008 - SNE,2013,3
SNEQ.SG03AP030000S321,2013.06,1280,FINAL,Dollars,6,A,Consolidated accounts - table 1.1,P03,Final consumption expenditure,,,32,Local government institutions,National Accounts - SNA 2008 - SNE,2013,6
SNEQ.SG03AP030000S321,2013.09,1213,FINAL,Dollars,6,A,Consolidated accounts - table 1.1,P03,Final consumption expenditure,,,32,Local government institutions,National Accounts - SNA 2008 - SNE,2013,9
SNEQ.SG03AP030000S321,2013.12,1255,FINAL,Dollars,6,A,Consolidated accounts - table 1.1,P03,Final consumption expenditure,,,32,Local government institutions,National Accounts - SNA 2008 - SNE,2013,12
SNEQ.SG03AP030000S321,2014.03,1216,FINAL,Dollars,6,A,Consolidated accounts - table 1.1,P03,Final consumption expenditure,,,32,Local government institutions,National Accounts - SNA 2008 - SNE,2014,3
SNEQ.SG03AP030000S321,2014.06,1323,FINAL,Dollars,6,A,Consolidated accounts - table 1.1,P03,Final consumption expenditure,,,32,Local government institutions,National Accounts - SNA 2008 - SNE,2014,6
SNEQ.SG03AP030000S321,2014.09,1304,FINAL,Dollars,6,A,Consolidated accounts - table 1.1,P03,Final consumption expenditure,,,32,Local government institutions,National Accounts - SNA 2008 - SNE,2014,9
SNEQ.SG03AP030000S321,2014.12,1319,FINAL,Dollars,6,A,Consolidated accounts - table 1.1,P03,Final consumption expenditure,,,32,Local government institutions,National Accounts - SNA 2008 - SNE,2014,12
SNEQ.SG03AP030000S321,2015.03,1230,FINAL,Dollars,6,A,Consolidated accounts - table 1.1,P03,Final consumption expenditure,,,32,Local government institutions,National Accounts - SNA 2008 - SNE,2015,3
SNEQ.SG03AP030000S321,2015.06,1448,FINAL,Dollars,6,A,Consolidated accounts - table 1.1,P03,Final consumption expenditure,,,32,Local government institutions,National Accounts - SNA 2008 - SNE,2015,6
SNEQ.SG03AP030000S321,2015.09,1340,FINAL,Dollars,6,A,Consolidated accounts - table 1.1,P03,Final consumption expenditure,,,32,Local government institutions,National Accounts - SNA 2008 - SNE,2015,9
SNEQ.SG03AP030000S321,2015.12,1379,FINAL,Dollars,6,A,Consolidated accounts - table 1.1,P03,Final consumption expenditure,,,32,Local government institutions,National Accounts - SNA 2008 - SNE,2015,12
SNEQ.SG03AP030000S321,2016.03,1315,FINAL,Dollars,6,A,Consolidated accounts - table 1.1,P03,Final consumption expenditure,,,32,Local government institutions,National Accounts - SNA 2008 - SNE,2016,3
SNEQ.SG03AP030000S321,2016.06,1510,FINAL,Dollars,6,A,Consolidated accounts - table 1.1,P03,Final consumption expenditure,,,32,Local government institutions,National Accounts - SNA 2008 - SNE,2016,6
SNEQ.SG03AP030000S321,2016.09,1390,FINAL,Dollars,6,A,Consolidated accounts - table 1.1,P03,Final consumption expenditure,,,32,Local government institutions,National Accounts - SNA 2008 - SNE,2016,9
SNEQ.SG03AP030000S321,2016.12,1434,FINAL,Dollars,6,A,Consolidated accounts - table 1.1,P03,Final consumption expenditure,,,32,Local government institutions,National Accounts - SNA 2008 - SNE,2016,12
SNEQ.SG03AP030000S321,2017.03,1373,FINAL,Dollars,6,A,Consolidated accounts - table 1.1,P03,Final consumption expenditure,,,32,Local government institutions,National Accounts - SNA 2008 - SNE,2017,3
SNEQ.SG03AP030000S321,2017.06,1583,FINAL,Dollars,6,A,Consolidated accounts - table 1.1,P03,Final consumption expenditure,,,32,Local government institutions,National Accounts - SNA 2008 - SNE,2017,6
SNEQ.SG03AP030000S321,2017.09,1489,FINAL,Dollars,6,A,Consolidated accounts - table 1.1,P03,Final consumption expenditure,,,32,Local government institutions,National Accounts - SNA 2008 - SNE,2017,9
SNEQ.SG03AP030000S321,2017.12,1520,FINAL,Dollars,6,A,Consolidated accounts - table 1.1,P03,Final consumption expenditure,,,32,Local government institutions,National Accounts - SNA 2008 - SNE,2017,12
SNEQ.SG03AP030000S321,2018.03,1479,FINAL,Dollars,6,A,Consolidated accounts - table 1.1,P03,Final consumption expenditure,,,32,Local government institutions,National Accounts - SNA 2008 - SNE,2018,3
SNEQ.SG03AP030000S321,2018.06,1734,FINAL,Dollars,6,A,Consolidated accounts - table 1.1,P03,Final consumption expenditure,,,32,Local government institutions,National Accounts - SNA 2008 - SNE,2018,6
SNEQ.SG03AP030000S321,2018.09,1566,FINAL,Dollars,6,A,Consolidated accounts - table 1.1,P03,Final consumption expenditure,,,32,Local government institutions,National Accounts - SNA 2008 - SNE,2018,9
SNEQ.SG03AP030000S321,2018.12,1587,FINAL,Dollars,6,A,Consolidated accounts - table 1.1,P03,Final consumption expenditure,,,32,Local government institutions,National Accounts - SNA 2008 - SNE,2018,12
SNEQ.SG03AP030000S321,2019.03,1579,FINAL,Dollars,6,A,Consolidated accounts - table 1.1,P03,Final consumption expenditure,,,32,Local government institutions,National Accounts - SNA 2008 - SNE,2019,3
SNEQ.SG03AP030000S321,2019.06,1824,FINAL,Dollars,6,A,Consolidated accounts - table 1.1,P03,Final consumption expenditure,,,32,Local government institutions,National Accounts - SNA 2008 - SNE,2019,6
SNEQ.SG03AP030000S321,2019.09,1717,FINAL,Dollars,6,A,Consolidated accounts - table 1.1,P03,Final consumption expenditure,,,32,Local government institutions,National Accounts - SNA 2008 - SNE,2019,9
SNEQ.SG03AP030000S321,2019.12,1770,FINAL,Dollars,6,A,Consolidated accounts - table 1.1,P03,Final consumption expenditure,,,32,Local government institutions,National Accounts - SNA 2008 - SNE,2019,12
SNEQ.SG03AP030000S321,2020.03,1711,FINAL,Dollars,6,A,Consolidated accounts - table 1.1,P03,Final consumption expenditure,,,32,Local government institutions,National Accounts - SNA 2008 - SNE,2020,3
SNEQ.SG03AP030000S321,2020.06,1883,FINAL,Dollars,6,A,Consolidated accounts - table 1.1,P03,Final consumption expenditure,,,32,Local government institutions,National Accounts - SNA 2008 - SNE,2020,6
SNEQ.SG03AP030000S321,2020.09,1777,FINAL,Dollars,6,A,Consolidated accounts - table 1.1,P03,Final consumption expenditure,,,32,Local government institutions,National Accounts - SNA 2008 - SNE,2020,9
SNEQ.SG03AP030000S321,2020.12,1812,FINAL,Dollars,6,A,Consolidated accounts - table 1.1,P03,Final consumption expenditure,,,32,Local government institutions,National Accounts - SNA 2008 - SNE,2020,12
SNEQ.SG03AP030000S321,2021.03,1776,FINAL,Dollars,6,A,Consolidated accounts - table 1.1,P03,Final consumption expenditure,,,32,Local government institutions,National Accounts - SNA 2008 - SNE,2021,3
SNEQ.SG03AP030000S321,2021.06,1969,FINAL,Dollars,6,A,Consolidated accounts - table 1.1,P03,Final consumption expenditure,,,32,Local government institutions,National Accounts - SNA 2008 - SNE,2021,6
SNEQ.SG03AP030000S321,2021.09,1894,FINAL,Dollars,6,A,Consolidated accounts - table 1.1,P03,Final consumption expenditure,,,32,Local government institutions,National Accounts - SNA 2008 - SNE,2021,9
SNEQ.SG03AP030000S321,2021.12,2002,FINAL,Dollars,6,A,Consolidated accounts - table 1.1,P03,Final consumption expenditure,,,32,Local government institutions,National Accounts - SNA 2008 - SNE,2021,12
SNEQ.SG03AP030000S321,2022.03,1983,FINAL,Dollars,6,A,Consolidated accounts - table 1.1,P03,Final consumption expenditure,,,32,Local government institutions,National Accounts - SNA 2008 - SNE,2022,3
SNEQ.SG03AP030000S321,2022.06,2333,FINAL,Dollars,6,A,Consolidated accounts - table 1.1,P03,Final consumption expenditure,,,32,Local government institutions,National Accounts - SNA 2008 - SNE,2022,6
SNEQ.SG03AP030000S321,2022.09,2275,FINAL,Dollars,6,A,Consolidated accounts - table 1.1,P03,Final consumption expenditure,,,32,Local government institutions,National Accounts - SNA 2008 - SNE,2022,9
SNEQ.SG03AP030000S321,2022.12,2386,FINAL,Dollars,6,A,Consolidated accounts - table 1.1,P03,Final consumption expenditure,,,32,Local government institutions,National Accounts - SNA 2008 - SNE,2022,12
SNEQ.SG03AP030000S321,2023.03,2394,FINAL,Dollars,6,A,Consolidated accounts - table 1.1,P03,Final consumption expenditure,,,32,Local government institutions,National Accounts - SNA 2008 - SNE,2023,3
SNEQ.SG03AP030000S321,2023.06,2730,FINAL,Dollars,6,A,Consolidated accounts - table 1.1,P03,Final consumption expenditure,,,32,Local government institutions,National Accounts - SNA 2008 - SNE,2023,6
SNEQ.SG03AP030000S321,2023.09,2566,FINAL,Dollars,6,A,Consolidated accounts - table 1.1,P03,Final consumption expenditure,,,32,Local government institutions,National Accounts - SNA 2008 - SNE,2023,9
SNEQ.SG03AP030000S321,2023.12,2672,FINAL,Dollars,6,A,Consolidated accounts - table 1.1,P03,Final consumption expenditure,,,32,Local government institutions,National Accounts - SNA 2008 - SNE,2023,12
SNEQ.SG03AP030000S321,2024.03,2605,FINAL,Dollars,6,A,Consolidated accounts - table 1.1,P03,Final consumption expenditure,,,32,Local government institutions,National Accounts - SNA 2008 - SNE,2024,3
SNEQ.SG03AP030000S321,2024.06,2845,FINAL,Dollars,6,A,Consolidated accounts - table 1.1,P03,Final consumption expenditure,,,32,Local government institutions,National Accounts - SNA 2008 - SNE,2024,6
SNEQ.SG03AP030000S321,2024.09,2713,FINAL,Dollars,6,A,Consolidated accounts - table 1.1,P03,Final consumption expenditure,,,32,Local government institutions,National Accounts - SNA 2008 - SNE,2024,9
SNEQ.SG03AP030000S321,2024.12,2827,FINAL,Dollars,6,A,Consolidated accounts - table 1.1,P03,Final consumption expenditure,,,32,Local government institutions,National Accounts - SNA 2008 - SNE,2024,12
SNEQ.SG03AP030000S321,2025.03,2706,FINAL,Dollars,6,A,Consolidated accounts - table 1.1,P03,Final consumption expenditure,,,32,Local government institutions,National Accounts - SNA 2008 - SNE,2025,3
SNEQ.SG03AP030000S400,2011.06,687,FINAL,Dollars,6,A,Consolidated accounts - table 1.1,P03,Final consumption expenditure,,,4,Non-profit institutions serving households,National Accounts - SNA 2008 - SNE,2011,6
SNEQ.SG03AP030000S400,2011.09,695,FINAL,Dollars,6,A,Consolidated accounts - table 1.1,P03,Final consumption expenditure,,,4,Non-profit institutions serving households,National Accounts - SNA 2008 - SNE,2011,9
SNEQ.SG03AP030000S400,2011.12,691,FINAL,Dollars,6,A,Consolidated accounts - table 1.1,P03,Final consumption expenditure,,,4,Non-profit institutions serving households,National Accounts - SNA 2008 - SNE,2011,12
SNEQ.SG03AP030000S400,2012.03,675,FINAL,Dollars,6,A,Consolidated accounts - table 1.1,P03,Final consumption expenditure,,,4,Non-profit institutions serving households,National Accounts - SNA 2008 - SNE,2012,3
SNEQ.SG03AP030000S400,2012.06,647,FINAL,Dollars,6,A,Consolidated accounts - table 1.1,P03,Final consumption expenditure,,,4,Non-profit institutions serving households,National Accounts - SNA 2008 - SNE,2012,6
SNEQ.SG03AP030000S400,2012.09,631,FINAL,Dollars,6,A,Consolidated accounts - table 1.1,P03,Final consumption expenditure,,,4,Non-profit institutions serving households,National Accounts - SNA 2008 - SNE,2012,9
SNEQ.SG03AP030000S400,2012.12,627,FINAL,Dollars,6,A,Consolidated accounts - table 1.1,P03,Final consumption expenditure,,,4,Non-profit institutions serving households,National Accounts - SNA 2008 - SNE,2012,12
SNEQ.SG03AP030000S400,2013.03,636,FINAL,Dollars,6,A,Consolidated accounts - table 1.1,P03,Final consumption expenditure,,,4,Non-profit institutions serving households,National Accounts - SNA 2008 - SNE,2013,3
SNEQ.SG03AP030000S400,2013.06,657,FINAL,Dollars,6,A,Consolidated accounts - table 1.1,P03,Final consumption expenditure,,,4,Non-profit institutions serving households,National Accounts - SNA 2008 - SNE,2013,6
SNEQ.SG03AP030000S400,2013.09,674,FINAL,Dollars,6,A,Consolidated accounts - table 1.1,P03,Final consumption expenditure,,,4,Non-profit institutions serving households,National Accounts - SNA 2008 - SNE,2013,9
SNEQ.SG03AP030000S400,2013.12,687,FINAL,Dollars,6,A,Consolidated accounts - table 1.1,P03,Final consumption expenditure,,,4,Non-profit institutions serving households,National Accounts - SNA 2008 - SNE,2013,12
SNEQ.SG03AP030000S400,2014.03,695,FINAL,Dollars,6,A,Consolidated accounts - table 1.1,P03,Final consumption expenditure,,,4,Non-profit institutions serving households,National Accounts - SNA 2008 - SNE,2014,3
SNEQ.SG03AP030000S400,2014.06,699,FINAL,Dollars,6,A,Consolidated accounts - table 1.1,P03,Final consumption expenditure,,,4,Non-profit institutions serving households,National Accounts - SNA 2008 - SNE,2014,6
SNEQ.SG03AP030000S400,2014.09,702,FINAL,Dollars,6,A,Consolidated accounts - table 1.1,P03,Final consumption expenditure,,,4,Non-profit institutions serving households,National Accounts - SNA 2008 - SNE,2014,9
SNEQ.SG03AP030000S400,2014.12,703,FINAL,Dollars,6,A,Consolidated accounts - table 1.1,P03,Final consumption expenditure,,,4,Non-profit institutions serving households,National Accounts - SNA 2008 - SNE,2014,12
SNEQ.SG03AP030000S400,2015.03,703,FINAL,Dollars,6,A,Consolidated accounts - table 1.1,P03,Final consumption expenditure,,,4,Non-profit institutions serving households,National Accounts - SNA 2008 - SNE,2015,3
SNEQ.SG03AP030000S400,2015.06,702,FINAL,Dollars,6,A,Consolidated accounts - table 1.1,P03,Final consumption expenditure,,,4,Non-profit institutions serving households,National Accounts - SNA 2008 - SNE,2015,6
SNEQ.SG03AP030000S400,2015.09,703,FINAL,Dollars,6,A,Consolidated accounts - table 1.1,P03,Final consumption expenditure,,,4,Non-profit institutions serving households,National Accounts - SNA 2008 - SNE,2015,9
SNEQ.SG03AP030000S400,2015.12,706,FINAL,Dollars,6,A,Consolidated accounts - table 1.1,P03,Final consumption expenditure,,,4,Non-profit institutions serving households,National Accounts - SNA 2008 - SNE,2015,12
SNEQ.SG03AP030000S400,2016.03,712,FINAL,Dollars,6,A,Consolidated accounts - table 1.1,P03,Final consumption expenditure,,,4,Non-profit institutions serving households,National Accounts - SNA 2008 - SNE,2016,3
SNEQ.SG03AP030000S400,2016.06,719,FINAL,Dollars,6,A,Consolidated accounts - table 1.1,P03,Final consumption expenditure,,,4,Non-profit institutions serving households,National Accounts - SNA 2008 - SNE,2016,6
SNEQ.SG03AP030000S400,2016.09,729,FINAL,Dollars,6,A,Consolidated accounts - table 1.1,P03,Final consumption expenditure,,,4,Non-profit institutions serving households,National Accounts - SNA 2008 - SNE,2016,9
SNEQ.SG03AP030000S400,2016.12,742,FINAL,Dollars,6,A,Consolidated accounts - table 1.1,P03,Final consumption expenditure,,,4,Non-profit institutions serving households,National Accounts - SNA 2008 - SNE,2016,12
SNEQ.SG03AP030000S400,2017.03,757,FINAL,Dollars,6,A,Consolidated accounts - table 1.1,P03,Final consumption expenditure,,,4,Non-profit institutions serving households,National Accounts - SNA 2008 - SNE,2017,3
SNEQ.SG03AP030000S400,2017.06,774,FINAL,Dollars,6,A,Consolidated accounts - table 1.1,P03,Final consumption expenditure,,,4,Non-profit institutions serving households,National Accounts - SNA 2008 - SNE,2017,6
SNEQ.SG03AP030000S400,2017.09,787,FINAL,Dollars,6,A,Consolidated accounts - table 1.1,P03,Final consumption expenditure,,,4,Non-profit institutions serving households,National Accounts - SNA 2008 - SNE,2017,9
SNEQ.SG03AP030000S400,2017.12,796,FINAL,Dollars,6,A,Consolidated accounts - table 1.1,P03,Final consumption expenditure,,,4,Non-profit institutions serving households,National Accounts - SNA 2008 - SNE,2017,12
SNEQ.SG03AP030000S400,2018.03,802,FINAL,Dollars,6,A,Consolidated accounts - table 1.1,P03,Final consumption expenditure,,,4,Non-profit institutions serving households,National Accounts - SNA 2008 - SNE,2018,3
SNEQ.SG03AP030000S400,2018.06,803,FINAL,Dollars,6,A,Consolidated accounts - table 1.1,P03,Final consumption expenditure,,,4,Non-profit institutions serving households,National Accounts - SNA 2008 - SNE,2018,6
SNEQ.SG03AP030000S400,2018.09,807,FINAL,Dollars,6,A,Consolidated accounts - table 1.1,P03,Final consumption expenditure,,,4,Non-profit institutions serving households,National Accounts - SNA 2008 - SNE,2018,9
SNEQ.SG03AP030000S400,2018.12,814,FINAL,Dollars,6,A,Consolidated accounts - table 1.1,P03,Final consumption expenditure,,,4,Non-profit institutions serving households,National Accounts - SNA 2008 - SNE,2018,12
SNEQ.SG03AP030000S400,2019.03,824,FINAL,Dollars,6,A,Consolidated accounts - table 1.1,P03,Final consumption expenditure,,,4,Non-profit institutions serving households,National Accounts - SNA 2008 - SNE,2019,3
SNEQ.SG03AP030000S400,2019.06,836,FINAL,Dollars,6,A,Consolidated accounts - table 1.1,P03,Final consumption expenditure,,,4,Non-profit institutions serving households,National Accounts - SNA 2008 - SNE,2019,6
SNEQ.SG03AP030000S400,2019.09,846,FINAL,Dollars,6,A,Consolidated accounts - table 1.1,P03,Final consumption expenditure,,,4,Non-profit institutions serving households,National Accounts - SNA 2008 - SNE,2019,9
SNEQ.SG03AP030000S400,2019.12,854,FINAL,Dollars,6,A,Consolidated accounts - table 1.1,P03,Final consumption expenditure,,,4,Non-profit institutions serving households,National Accounts - SNA 2008 - SNE,2019,12
SNEQ.SG03AP030000S400,2020.03,834,FINAL,Dollars,6,A,Consolidated accounts - table 1.1,P03,Final consumption expenditure,,,4,Non-profit institutions serving households,National Accounts - SNA 2008 - SNE,2020,3
SNEQ.SG03AP030000S400,2020.06,662,FINAL,Dollars,6,A,Consolidated accounts - table 1.1,P03,Final consumption expenditure,,,4,Non-profit institutions serving households,National Accounts - SNA 2008 - SNE,2020,6
SNEQ.SG03AP030000S400,2020.09,831,FINAL,Dollars,6,A,Consolidated accounts - table 1.1,P03,Final consumption expenditure,,,4,Non-profit institutions serving households,National Accounts - SNA 2008 - SNE,2020,9
SNEQ.SG03AP030000S400,2020.12,878,FINAL,Dollars,6,A,Consolidated accounts - table 1.1,P03,Final consumption expenditure,,,4,Non-profit institutions serving households,National Accounts - SNA 2008 - SNE,2020,12
SNEQ.SG03AP030000S400,2021.03,890,FINAL,Dollars,6,A,Consolidated accounts - table 1.1,P03,Final consumption expenditure,,,4,Non-profit institutions serving households,National Accounts - SNA 2008 - SNE,2021,3
SNEQ.SG03AP030000S400,2021.06,907,FINAL,Dollars,6,A,Consolidated accounts - table 1.1,P03,Final consumption expenditure,,,4,Non-profit institutions serving households,National Accounts - SNA 2008 - SNE,2021,6
SNEQ.SG03AP030000S400,2021.09,872,FINAL,Dollars,6,A,Consolidated accounts - table 1.1,P03,Final consumption expenditure,,,4,Non-profit institutions serving households,National Accounts - SNA 2008 - SNE,2021,9
SNEQ.SG03AP030000S400,2021.12,890,FINAL,Dollars,6,A,Consolidated accounts - table 1.1,P03,Final consumption expenditure,,,4,Non-profit institutions serving households,National Accounts - SNA 2008 - SNE,2021,12
SNEQ.SG03AP030000S400,2022.03,985,FINAL,Dollars,6,A,Consolidated accounts - table 1.1,P03,Final consumption expenditure,,,4,Non-profit institutions serving households,National Accounts - SNA 2008 - SNE,2022,3
SNEQ.SG03AP030000S400,2022.06,1061,FINAL,Dollars,6,A,Consolidated accounts - table 1.1,P03,Final consumption expenditure,,,4,Non-profit institutions serving households,National Accounts - SNA 2008 - SNE,2022,6
SNEQ.SG03AP030000S400,2022.09,1107,FINAL,Dollars,6,A,Consolidated accounts - table 1.1,P03,Final consumption expenditure,,,4,Non-profit institutions serving households,National Accounts - SNA 2008 - SNE,2022,9
SNEQ.SG03AP030000S400,2022.12,1148,FINAL,Dollars,6,A,Consolidated accounts - table 1.1,P03,Final consumption expenditure,,,4,Non-profit institutions serving households,National Accounts - SNA 2008 - SNE,2022,12
SNEQ.SG03AP030000S400,2023.03,1185,FINAL,Dollars,6,A,Consolidated accounts - table 1.1,P03,Final consumption expenditure,,,4,Non-profit institutions serving households,National Accounts - SNA 2008 - SNE,2023,3
SNEQ.SG03AP030000S400,2023.06,1216,FINAL,Dollars,6,A,Consolidated accounts - table 1.1,P03,Final consumption expenditure,,,4,Non-profit institutions serving households,National Accounts - SNA 2008 - SNE,2023,6
SNEQ.SG03AP030000S400,2023.09,1242,FINAL,Dollars,6,A,Consolidated accounts - table 1.1,P03,Final consumption expenditure,,,4,Non-profit institutions serving households,National Accounts - SNA 2008 - SNE,2023,9
SNEQ.SG03AP030000S400,2023.12,1262,FINAL,Dollars,6,A,Consolidated accounts - table 1.1,P03,Final consumption expenditure,,,4,Non-profit institutions serving households,National Accounts - SNA 2008 - SNE,2023,12
SNEQ.SG03AP030000S400,2024.03,1278,FINAL,Dollars,6,A,Consolidated accounts - table 1.1,P03,Final consumption expenditure,,,4,Non-profit institutions serving households,National Accounts - SNA 2008 - SNE,2024,3
SNEQ.SG03AP030000S400,2024.06,1289,FINAL,Dollars,6,A,Consolidated accounts - table 1.1,P03,Final consumption expenditure,,,4,Non-profit institutions serving households,National Accounts - SNA 2008 - SNE,2024,6
SNEQ.SG03AP030000S400,2024.09,1303,FINAL,Dollars,6,A,Consolidated accounts - table 1.1,P03,Final consumption expenditure,,,4,Non-profit institutions serving households,National Accounts - SNA 2008 - SNE,2024,9
SNEQ.SG03AP030000S400,2024.12,1319,FINAL,Dollars,6,A,Consolidated accounts - table 1.1,P03,Final consumption expenditure,,,4,Non-profit institutions serving households,National Accounts - SNA 2008 - SNE,2024,12
SNEQ.SG03AP030000S400,2025.03,1337,FINAL,Dollars,6,A,Consolidated accounts - table 1.1,P03,Final consumption expenditure,,,4,Non-profit institutions serving households,National Accounts - SNA 2008 - SNE,2025,3
SNEQ.SG03AP030000S500,2011.06,29432,FINAL,Dollars,6,A,Consolidated accounts - table 1.1,P03,Final consumption expenditure,,,5,Households,National Accounts - SNA 2008 - SNE,2011,6
SNEQ.SG03AP030000S500,2011.09,30392,FINAL,Dollars,6,A,Consolidated accounts - table 1.1,P03,Final consumption expenditure,,,5,Households,National Accounts - SNA 2008 - SNE,2011,9
SNEQ.SG03AP030000S500,2011.12,31994,FINAL,Dollars,6,A,Consolidated accounts - table 1.1,P03,Final consumption expenditure,,,5,Households,National Accounts - SNA 2008 - SNE,2011,12
SNEQ.SG03AP030000S500,2012.03,29648,FINAL,Dollars,6,A,Consolidated accounts - table 1.1,P03,Final consumption expenditure,,,5,Households,National Accounts - SNA 2008 - SNE,2012,3
SNEQ.SG03AP030000S500,2012.06,30569,FINAL,Dollars,6,A,Consolidated accounts - table 1.1,P03,Final consumption expenditure,,,5,Households,National Accounts - SNA 2008 - SNE,2012,6
SNEQ.SG03AP030000S500,2012.09,31124,FINAL,Dollars,6,A,Consolidated accounts - table 1.1,P03,Final consumption expenditure,,,5,Households,National Accounts - SNA 2008 - SNE,2012,9
SNEQ.SG03AP030000S500,2012.12,33058,FINAL,Dollars,6,A,Consolidated accounts - table 1.1,P03,Final consumption expenditure,,,5,Households,National Accounts - SNA 2008 - SNE,2012,12
SNEQ.SG03AP030000S500,2013.03,30599,FINAL,Dollars,6,A,Consolidated accounts - table 1.1,P03,Final consumption expenditure,,,5,Households,National Accounts - SNA 2008 - SNE,2013,3
SNEQ.SG03AP030000S500,2013.06,31798,FINAL,Dollars,6,A,Consolidated accounts - table 1.1,P03,Final consumption expenditure,,,5,Households,National Accounts - SNA 2008 - SNE,2013,6
SNEQ.SG03AP030000S500,2013.09,32670,FINAL,Dollars,6,A,Consolidated accounts - table 1.1,P03,Final consumption expenditure,,,5,Households,National Accounts - SNA 2008 - SNE,2013,9
SNEQ.SG03AP030000S500,2013.12,34720,FINAL,Dollars,6,A,Consolidated accounts - table 1.1,P03,Final consumption expenditure,,,5,Households,National Accounts - SNA 2008 - SNE,2013,12
SNEQ.SG03AP030000S500,2014.03,31982,FINAL,Dollars,6,A,Consolidated accounts - table 1.1,P03,Final consumption expenditure,,,5,Households,National Accounts - SNA 2008 - SNE,2014,3
SNEQ.SG03AP030000S500,2014.06,33069,FINAL,Dollars,6,A,Consolidated accounts - table 1.1,P03,Final consumption expenditure,,,5,Households,National Accounts - SNA 2008 - SNE,2014,6
SNEQ.SG03AP030000S500,2014.09,34118,FINAL,Dollars,6,A,Consolidated accounts - table 1.1,P03,Final consumption expenditure,,,5,Households,National Accounts - SNA 2008 - SNE,2014,9
SNEQ.SG03AP030000S500,2014.12,36061,FINAL,Dollars,6,A,Consolidated accounts - table 1.1,P03,Final consumption expenditure,,,5,Households,National Accounts - SNA 2008 - SNE,2014,12
SNEQ.SG03AP030000S500,2015.03,33315,FINAL,Dollars,6,A,Consolidated accounts - table 1.1,P03,Final consumption expenditure,,,5,Households,National Accounts - SNA 2008 - SNE,2015,3
SNEQ.SG03AP030000S500,2015.06,34623,FINAL,Dollars,6,A,Consolidated accounts - table 1.1,P03,Final consumption expenditure,,,5,Households,National Accounts - SNA 2008 - SNE,2015,6
SNEQ.SG03AP030000S500,2015.09,35829,FINAL,Dollars,6,A,Consolidated accounts - table 1.1,P03,Final consumption expenditure,,,5,Households,National Accounts - SNA 2008 - SNE,2015,9
SNEQ.SG03AP030000S500,2015.12,38184,FINAL,Dollars,6,A,Consolidated accounts - table 1.1,P03,Final consumption expenditure,,,5,Households,National Accounts - SNA 2008 - SNE,2015,12
SNEQ.SG03AP030000S500,2016.03,34999,FINAL,Dollars,6,A,Consolidated accounts - table 1.1,P03,Final consumption expenditure,,,5,Households,National Accounts - SNA 2008 - SNE,2016,3
SNEQ.SG03AP030000S500,2016.06,37010,FINAL,Dollars,6,A,Consolidated accounts - table 1.1,P03,Final consumption expenditure,,,5,Households,National Accounts - SNA 2008 - SNE,2016,6
SNEQ.SG03AP030000S500,2016.09,38271,FINAL,Dollars,6,A,Consolidated accounts - table 1.1,P03,Final consumption expenditure,,,5,Households,National Accounts - SNA 2008 - SNE,2016,9
SNEQ.SG03AP030000S500,2016.12,40922,FINAL,Dollars,6,A,Consolidated accounts - table 1.1,P03,Final consumption expenditure,,,5,Households,National Accounts - SNA 2008 - SNE,2016,12
SNEQ.SG03AP030000S500,2017.03,38118,FINAL,Dollars,6,A,Consolidated accounts - table 1.1,P03,Final consumption expenditure,,,5,Households,National Accounts - SNA 2008 - SNE,2017,3
SNEQ.SG03AP030000S500,2017.06,39455,FINAL,Dollars,6,A,Consolidated accounts - table 1.1,P03,Final consumption expenditure,,,5,Households,National Accounts - SNA 2008 - SNE,2017,6
SNEQ.SG03AP030000S500,2017.09,40730,FINAL,Dollars,6,A,Consolidated accounts - table 1.1,P03,Final consumption expenditure,,,5,Households,National Accounts - SNA 2008 - SNE,2017,9
SNEQ.SG03AP030000S500,2017.12,43680,FINAL,Dollars,6,A,Consolidated accounts - table 1.1,P03,Final consumption expenditure,,,5,Households,National Accounts - SNA 2008 - SNE,2017,12
SNEQ.SG03AP030000S500,2018.03,40021,FINAL,Dollars,6,A,Consolidated accounts - table 1.1,P03,Final consumption expenditure,,,5,Households,National Accounts - SNA 2008 - SNE,2018,3
SNEQ.SG03AP030000S500,2018.06,41809,FINAL,Dollars,6,A,Consolidated accounts - table 1.1,P03,Final consumption expenditure,,,5,Households,National Accounts - SNA 2008 - SNE,2018,6
SNEQ.SG03AP030000S500,2018.09,43451,FINAL,Dollars,6,A,Consolidated accounts - table 1.1,P03,Final consumption expenditure,,,5,Households,National Accounts - SNA 2008 - SNE,2018,9
SNEQ.SG03AP030000S500,2018.12,46433,FINAL,Dollars,6,A,Consolidated accounts - table 1.1,P03,Final consumption expenditure,,,5,Households,National Accounts - SNA 2008 - SNE,2018,12
SNEQ.SG03AP030000S500,2019.03,42228,FINAL,Dollars,6,A,Consolidated accounts - table 1.1,P03,Final consumption expenditure,,,5,Households,National Accounts - SNA 2008 - SNE,2019,3
SNEQ.SG03AP030000S500,2019.06,43884,FINAL,Dollars,6,A,Consolidated accounts - table 1.1,P03,Final consumption expenditure,,,5,Households,National Accounts - SNA 2008 - SNE,2019,6
SNEQ.SG03AP030000S500,2019.09,45425,FINAL,Dollars,6,A,Consolidated accounts - table 1.1,P03,Final consumption expenditure,,,5,Households,National Accounts - SNA 2008 - SNE,2019,9
SNEQ.SG03AP030000S500,2019.12,48339,FINAL,Dollars,6,A,Consolidated accounts - table 1.1,P03,Final consumption expenditure,,,5,Households,National Accounts - SNA 2008 - SNE,2019,12
SNEQ.SG03AP030000S500,2020.03,43838,FINAL,Dollars,6,A,Consolidated accounts - table 1.1,P03,Final consumption expenditure,,,5,Households,National Accounts - SNA 2008 - SNE,2020,3
SNEQ.SG03AP030000S500,2020.06,39740,FINAL,Dollars,6,A,Consolidated accounts - table 1.1,P03,Final consumption expenditure,,,5,Households,National Accounts - SNA 2008 - SNE,2020,6
SNEQ.SG03AP030000S500,2020.09,46407,FINAL,Dollars,6,A,Consolidated accounts - table 1.1,P03,Final consumption expenditure,,,5,Households,National Accounts - SNA 2008 - SNE,2020,9
SNEQ.SG03AP030000S500,2020.12,50056,FINAL,Dollars,6,A,Consolidated accounts - table 1.1,P03,Final consumption expenditure,,,5,Households,National Accounts - SNA 2008 - SNE,2020,12
SNEQ.SG03AP030000S500,2021.03,47894,FINAL,Dollars,6,A,Consolidated accounts - table 1.1,P03,Final consumption expenditure,,,5,Households,National Accounts - SNA 2008 - SNE,2021,3
SNEQ.SG03AP030000S500,2021.06,49691,FINAL,Dollars,6,A,Consolidated accounts - table 1.1,P03,Final consumption expenditure,,,5,Households,National Accounts - SNA 2008 - SNE,2021,6
SNEQ.SG03AP030000S500,2021.09,47901,FINAL,Dollars,6,A,Consolidated accounts - table 1.1,P03,Final consumption expenditure,,,5,Households,National Accounts - SNA 2008 - SNE,2021,9
SNEQ.SG03AP030000S500,2021.12,53887,FINAL,Dollars,6,A,Consolidated accounts - table 1.1,P03,Final consumption expenditure,,,5,Households,National Accounts - SNA 2008 - SNE,2021,12
SNEQ.SG03AP030000S500,2022.03,52163,FINAL,Dollars,6,A,Consolidated accounts - table 1.1,P03,Final consumption expenditure,,,5,Households,National Accounts - SNA 2008 - SNE,2022,3
SNEQ.SG03AP030000S500,2022.06,52943,FINAL,Dollars,6,A,Consolidated accounts - table 1.1,P03,Final consumption expenditure,,,5,Households,National Accounts - SNA 2008 - SNE,2022,6
SNEQ.SG03AP030000S500,2022.09,55515,FINAL,Dollars,6,A,Consolidated accounts - table 1.1,P03,Final consumption expenditure,,,5,Households,National Accounts - SNA 2008 - SNE,2022,9
SNEQ.SG03AP030000S500,2022.12,59860,FINAL,Dollars,6,A,Consolidated accounts - table 1.1,P03,Final consumption expenditure,,,5,Households,National Accounts - SNA 2008 - SNE,2022,12
SNEQ.SG03AP030000S500,2023.03,55663,FINAL,Dollars,6,A,Consolidated accounts - table 1.1,P03,Final consumption expenditure,,,5,Households,National Accounts - SNA 2008 - SNE,2023,3
SNEQ.SG03AP030000S500,2023.06,57557,FINAL,Dollars,6,A,Consolidated accounts - table 1.1,P03,Final consumption expenditure,,,5,Households,National Accounts - SNA 2008 - SNE,2023,6
SNEQ.SG03AP030000S500,2023.09,58858,FINAL,Dollars,6,A,Consolidated accounts - table 1.1,P03,Final consumption expenditure,,,5,Households,National Accounts - SNA 2008 - SNE,2023,9
SNEQ.SG03AP030000S500,2023.12,62528,FINAL,Dollars,6,A,Consolidated accounts - table 1.1,P03,Final consumption expenditure,,,5,Households,National Accounts - SNA 2008 - SNE,2023,12
SNEQ.SG03AP030000S500,2024.03,57697,FINAL,Dollars,6,A,Consolidated accounts - table 1.1,P03,Final consumption expenditure,,,5,Households,National Accounts - SNA 2008 - SNE,2024,3
SNEQ.SG03AP030000S500,2024.06,58947,FINAL,Dollars,6,A,Consolidated accounts - table 1.1,P03,Final consumption expenditure,,,5,Households,National Accounts - SNA 2008 - SNE,2024,6
SNEQ.SG03AP030000S500,2024.09,60482,FINAL,Dollars,6,A,Consolidated accounts - table 1.1,P03,Final consumption expenditure,,,5,Households,National Accounts - SNA 2008 - SNE,2024,9
SNEQ.SG03AP030000S500,2024.12,64110,FINAL,Dollars,6,A,Consolidated accounts - table 1.1,P03,Final consumption expenditure,,,5,Households,National Accounts - SNA 2008 - SNE,2024,12
SNEQ.SG03AP030000S500,2025.03,60015,FINAL,Dollars,6,A,Consolidated accounts - table 1.1,P03,Final consumption expenditure,,,5,Households,National Accounts - SNA 2008 - SNE,2025,3
SNEQ.SG03AB110000S600,2011.06,2085,FINAL,Dollars,6,A,Consolidated accounts - table 1.1,B11,Balance on external goods and services,,,6,Rest of world,National Accounts - SNA 2008 - SNE,2011,6
SNEQ.SG03AB110000S600,2011.09,-1428,FINAL,Dollars,6,A,Consolidated accounts - table 1.1,B11,Balance on external goods and services,,,6,Rest of world,National Accounts - SNA 2008 - SNE,2011,9
SNEQ.SG03AB110000S600,2011.12,686,FINAL,Dollars,6,A,Consolidated accounts - table 1.1,B11,Balance on external goods and services,,,6,Rest of world,National Accounts - SNA 2008 - SNE,2011,12
SNEQ.SG03AB110000S600,2012.03,1958,FINAL,Dollars,6,A,Consolidated accounts - table 1.1,B11,Balance on external goods and services,,,6,Rest of world,National Accounts - SNA 2008 - SNE,2012,3
SNEQ.SG03AB110000S600,2012.06,1335,FINAL,Dollars,6,A,Consolidated accounts - table 1.1,B11,Balance on external goods and services,,,6,Rest of world,National Accounts - SNA 2008 - SNE,2012,6
SNEQ.SG03AB110000S600,2012.09,-1889,FINAL,Dollars,6,A,Consolidated accounts - table 1.1,B11,Balance on external goods and services,,,6,Rest of world,National Accounts - SNA 2008 - SNE,2012,9
SNEQ.SG03AB110000S600,2012.12,-418,FINAL,Dollars,6,A,Consolidated accounts - table 1.1,B11,Balance on external goods and services,,,6,Rest of world,National Accounts - SNA 2008 - SNE,2012,12
SNEQ.SG03AB110000S600,2013.03,2486,FINAL,Dollars,6,A,Consolidated accounts - table 1.1,B11,Balance on external goods and services,,,6,Rest of world,National Accounts - SNA 2008 - SNE,2013,3
SNEQ.SG03AB110000S600,2013.06,1045,FINAL,Dollars,6,A,Consolidated accounts - table 1.1,B11,Balance on external goods and services,,,6,Rest of world,National Accounts - SNA 2008 - SNE,2013,6
SNEQ.SG03AB110000S600,2013.09,-2460,FINAL,Dollars,6,A,Consolidated accounts - table 1.1,B11,Balance on external goods and services,,,6,Rest of world,National Accounts - SNA 2008 - SNE,2013,9
SNEQ.SG03AB110000S600,2013.12,1132,FINAL,Dollars,6,A,Consolidated accounts - table 1.1,B11,Balance on external goods and services,,,6,Rest of world,National Accounts - SNA 2008 - SNE,2013,12
SNEQ.SG03AB110000S600,2014.03,4032,FINAL,Dollars,6,A,Consolidated accounts - table 1.1,B11,Balance on external goods and services,,,6,Rest of world,National Accounts - SNA 2008 - SNE,2014,3
SNEQ.SG03AB110000S600,2014.06,1542,FINAL,Dollars,6,A,Consolidated accounts - table 1.1,B11,Balance on external goods and services,,,6,Rest of world,National Accounts - SNA 2008 - SNE,2014,6
SNEQ.SG03AB110000S600,2014.09,-2627,FINAL,Dollars,6,A,Consolidated accounts - table 1.1,B11,Balance on external goods and services,,,6,Rest of world,National Accounts - SNA 2008 - SNE,2014,9
SNEQ.SG03AB110000S600,2014.12,-250,FINAL,Dollars,6,A,Consolidated accounts - table 1.1,B11,Balance on external goods and services,,,6,Rest of world,National Accounts - SNA 2008 - SNE,2014,12
SNEQ.SG03AB110000S600,2015.03,3303,FINAL,Dollars,6,A,Consolidated accounts - table 1.1,B11,Balance on external goods and services,,,6,Rest of world,National Accounts - SNA 2008 - SNE,2015,3
SNEQ.SG03AB110000S600,2015.06,1318,FINAL,Dollars,6,A,Consolidated accounts - table 1.1,B11,Balance on external goods and services,,,6,Rest of world,National Accounts - SNA 2008 - SNE,2015,6
SNEQ.SG03AB110000S600,2015.09,-2294,FINAL,Dollars,6,A,Consolidated accounts - table 1.1,B11,Balance on external goods and services,,,6,Rest of world,National Accounts - SNA 2008 - SNE,2015,9
SNEQ.SG03AB110000S600,2015.12,-178,FINAL,Dollars,6,A,Consolidated accounts - table 1.1,B11,Balance on external goods and services,,,6,Rest of world,National Accounts - SNA 2008 - SNE,2015,12
SNEQ.SG03AB110000S600,2016.03,3750,FINAL,Dollars,6,A,Consolidated accounts - table 1.1,B11,Balance on external goods and services,,,6,Rest of world,National Accounts - SNA 2008 - SNE,2016,3
SNEQ.SG03AB110000S600,2016.06,1685,FINAL,Dollars,6,A,Consolidated accounts - table 1.1,B11,Balance on external goods and services,,,6,Rest of world,National Accounts - SNA 2008 - SNE,2016,6
SNEQ.SG03AB110000S600,2016.09,-2493,FINAL,Dollars,6,A,Consolidated accounts - table 1.1,B11,Balance on external goods and services,,,6,Rest of world,National Accounts - SNA 2008 - SNE,2016,9
SNEQ.SG03AB110000S600,2016.12,-146,FINAL,Dollars,6,A,Consolidated accounts - table 1.1,B11,Balance on external goods and services,,,6,Rest of world,National Accounts - SNA 2008 - SNE,2016,12
SNEQ.SG03AB110000S600,2017.03,3172,FINAL,Dollars,6,A,Consolidated accounts - table 1.1,B11,Balance on external goods and services,,,6,Rest of world,National Accounts - SNA 2008 - SNE,2017,3
SNEQ.SG03AB110000S600,2017.06,2039,FINAL,Dollars,6,A,Consolidated accounts - table 1.1,B11,Balance on external goods and services,,,6,Rest of world,National Accounts - SNA 2008 - SNE,2017,6
SNEQ.SG03AB110000S600,2017.09,-2057,FINAL,Dollars,6,A,Consolidated accounts - table 1.1,B11,Balance on external goods and services,,,6,Rest of world,National Accounts - SNA 2008 - SNE,2017,9
SNEQ.SG03AB110000S600,2017.12,87,FINAL,Dollars,6,A,Consolidated accounts - table 1.1,B11,Balance on external goods and services,,,6,Rest of world,National Accounts - SNA 2008 - SNE,2017,12
SNEQ.SG03AB110000S600,2018.03,2794,FINAL,Dollars,6,A,Consolidated accounts - table 1.1,B11,Balance on external goods and services,,,6,Rest of world,National Accounts - SNA 2008 - SNE,2018,3
SNEQ.SG03AB110000S600,2018.06,1192,FINAL,Dollars,6,A,Consolidated accounts - table 1.1,B11,Balance on external goods and services,,,6,Rest of world,National Accounts - SNA 2008 - SNE,2018,6
SNEQ.SG03AB110000S600,2018.09,-3622,FINAL,Dollars,6,A,Consolidated accounts - table 1.1,B11,Balance on external goods and services,,,6,Rest of world,National Accounts - SNA 2008 - SNE,2018,9
SNEQ.SG03AB110000S600,2018.12,-855,FINAL,Dollars,6,A,Consolidated accounts - table 1.1,B11,Balance on external goods and services,,,6,Rest of world,National Accounts - SNA 2008 - SNE,2018,12
SNEQ.SG03AB110000S600,2019.03,3177,FINAL,Dollars,6,A,Consolidated accounts - table 1.1,B11,Balance on external goods and services,,,6,Rest of world,National Accounts - SNA 2008 - SNE,2019,3
SNEQ.SG03AB110000S600,2019.06,1376,FINAL,Dollars,6,A,Consolidated accounts - table 1.1,B11,Balance on external goods and services,,,6,Rest of world,National Accounts - SNA 2008 - SNE,2019,6
SNEQ.SG03AB110000S600,2019.09,-3804,FINAL,Dollars,6,A,Consolidated accounts - table 1.1,B11,Balance on external goods and services,,,6,Rest of world,National Accounts - SNA 2008 - SNE,2019,9
SNEQ.SG03AB110000S600,2019.12,-698,FINAL,Dollars,6,A,Consolidated accounts - table 1.1,B11,Balance on external goods and services,,,6,Rest of world,National Accounts - SNA 2008 - SNE,2019,12
SNEQ.SG03AB110000S600,2020.03,3789,FINAL,Dollars,6,A,Consolidated accounts - table 1.1,B11,Balance on external goods and services,,,6,Rest of world,National Accounts - SNA 2008 - SNE,2020,3
SNEQ.SG03AB110000S600,2020.06,3160,FINAL,Dollars,6,A,Consolidated accounts - table 1.1,B11,Balance on external goods and services,,,6,Rest of world,National Accounts - SNA 2008 - SNE,2020,6
SNEQ.SG03AB110000S600,2020.09,-2303,FINAL,Dollars,6,A,Consolidated accounts - table 1.1,B11,Balance on external goods and services,,,6,Rest of world,National Accounts - SNA 2008 - SNE,2020,9
SNEQ.SG03AB110000S600,2020.12,-1460,FINAL,Dollars,6,A,Consolidated accounts - table 1.1,B11,Balance on external goods and services,,,6,Rest of world,National Accounts - SNA 2008 - SNE,2020,12
SNEQ.SG03AB110000S600,2021.03,-1312,FINAL,Dollars,6,A,Consolidated accounts - table 1.1,B11,Balance on external goods and services,,,6,Rest of world,National Accounts - SNA 2008 - SNE,2021,3
SNEQ.SG03AB110000S600,2021.06,1042,FINAL,Dollars,6,A,Consolidated accounts - table 1.1,B11,Balance on external goods and services,,,6,Rest of world,National Accounts - SNA 2008 - SNE,2021,6
SNEQ.SG03AB110000S600,2021.09,-6377,FINAL,Dollars,6,A,Consolidated accounts - table 1.1,B11,Balance on external goods and services,,,6,Rest of world,National Accounts - SNA 2008 - SNE,2021,9
SNEQ.SG03AB110000S600,2021.12,-5007,FINAL,Dollars,6,A,Consolidated accounts - table 1.1,B11,Balance on external goods and services,,,6,Rest of world,National Accounts - SNA 2008 - SNE,2021,12
SNEQ.SG03AB110000S600,2022.03,-3738,FINAL,Dollars,6,A,Consolidated accounts - table 1.1,B11,Balance on external goods and services,,,6,Rest of world,National Accounts - SNA 2008 - SNE,2022,3
SNEQ.SG03AB110000S600,2022.06,-3157,FINAL,Dollars,6,A,Consolidated accounts - table 1.1,B11,Balance on external goods and services,,,6,Rest of world,National Accounts - SNA 2008 - SNE,2022,6
SNEQ.SG03AB110000S600,2022.09,-8592,FINAL,Dollars,6,A,Consolidated accounts - table 1.1,B11,Balance on external goods and services,,,6,Rest of world,National Accounts - SNA 2008 - SNE,2022,9
SNEQ.SG03AB110000S600,2022.12,-7149,FINAL,Dollars,6,A,Consolidated accounts - table 1.1,B11,Balance on external goods and services,,,6,Rest of world,National Accounts - SNA 2008 - SNE,2022,12
SNEQ.SG03AB110000S600,2023.03,-2279,FINAL,Dollars,6,A,Consolidated accounts - table 1.1,B11,Balance on external goods and services,,,6,Rest of world,National Accounts - SNA 2008 - SNE,2023,3
SNEQ.SG03AB110000S600,2023.06,-864,FINAL,Dollars,6,A,Consolidated accounts - table 1.1,B11,Balance on external goods and services,,,6,Rest of world,National Accounts - SNA 2008 - SNE,2023,6
SNEQ.SG03AB110000S600,2023.09,-7297,FINAL,Dollars,6,A,Consolidated accounts - table 1.1,B11,Balance on external goods and services,,,6,Rest of world,National Accounts - SNA 2008 - SNE,2023,9
SNEQ.SG03AB110000S600,2023.12,-4249,FINAL,Dollars,6,A,Consolidated accounts - table 1.1,B11,Balance on external goods and services,,,6,Rest of world,National Accounts - SNA 2008 - SNE,2023,12
SNEQ.SG03AB110000S600,2024.03,40,FINAL,Dollars,6,A,Consolidated accounts - table 1.1,B11,Balance on external goods and services,,,6,Rest of world,National Accounts - SNA 2008 - SNE,2024,3
SNEQ.SG03AB110000S600,2024.06,-738,FINAL,Dollars,6,A,Consolidated accounts - table 1.1,B11,Balance on external goods and services,,,6,Rest of world,National Accounts - SNA 2008 - SNE,2024,6
SNEQ.SG03AB110000S600,2024.09,-6713,FINAL,Dollars,6,A,Consolidated accounts - table 1.1,B11,Balance on external goods and services,,,6,Rest of world,National Accounts - SNA 2008 - SNE,2024,9
SNEQ.SG03AB110000S600,2024.12,-2832,FINAL,Dollars,6,A,Consolidated accounts - table 1.1,B11,Balance on external goods and services,,,6,Rest of world,National Accounts - SNA 2008 - SNE,2024,12
SNEQ.SG03AB110000S600,2025.03,2006,FINAL,Dollars,6,A,Consolidated accounts - table 1.1,B11,Balance on external goods and services,,,6,Rest of world,National Accounts - SNA 2008 - SNE,2025,3
SNEQ.SG03AP060000S600,2011.06,16914,FINAL,Dollars,6,A,Consolidated accounts - table 1.1,P06,Exports of goods and services,,,6,Rest of world,National Accounts - SNA 2008 - SNE,2011,6
SNEQ.SG03AP060000S600,2011.09,14370,FINAL,Dollars,6,A,Consolidated accounts - table 1.1,P06,Exports of goods and services,,,6,Rest of world,National Accounts - SNA 2008 - SNE,2011,9
SNEQ.SG03AP060000S600,2011.12,16803,FINAL,Dollars,6,A,Consolidated accounts - table 1.1,P06,Exports of goods and services,,,6,Rest of world,National Accounts - SNA 2008 - SNE,2011,12
SNEQ.SG03AP060000S600,2012.03,16662,FINAL,Dollars,6,A,Consolidated accounts - table 1.1,P06,Exports of goods and services,,,6,Rest of world,National Accounts - SNA 2008 - SNE,2012,3
SNEQ.SG03AP060000S600,2012.06,16225,FINAL,Dollars,6,A,Consolidated accounts - table 1.1,P06,Exports of goods and services,,,6,Rest of world,National Accounts - SNA 2008 - SNE,2012,6
SNEQ.SG03AP060000S600,2012.09,14250,FINAL,Dollars,6,A,Consolidated accounts - table 1.1,P06,Exports of goods and services,,,6,Rest of world,National Accounts - SNA 2008 - SNE,2012,9
SNEQ.SG03AP060000S600,2012.12,15540,FINAL,Dollars,6,A,Consolidated accounts - table 1.1,P06,Exports of goods and services,,,6,Rest of world,National Accounts - SNA 2008 - SNE,2012,12
SNEQ.SG03AP060000S600,2013.03,16751,FINAL,Dollars,6,A,Consolidated accounts - table 1.1,P06,Exports of goods and services,,,6,Rest of world,National Accounts - SNA 2008 - SNE,2013,3
SNEQ.SG03AP060000S600,2013.06,15802,FINAL,Dollars,6,A,Consolidated accounts - table 1.1,P06,Exports of goods and services,,,6,Rest of world,National Accounts - SNA 2008 - SNE,2013,6
SNEQ.SG03AP060000S600,2013.09,14652,FINAL,Dollars,6,A,Consolidated accounts - table 1.1,P06,Exports of goods and services,,,6,Rest of world,National Accounts - SNA 2008 - SNE,2013,9
SNEQ.SG03AP060000S600,2013.12,17622,FINAL,Dollars,6,A,Consolidated accounts - table 1.1,P06,Exports of goods and services,,,6,Rest of world,National Accounts - SNA 2008 - SNE,2013,12
SNEQ.SG03AP060000S600,2014.03,19000,FINAL,Dollars,6,A,Consolidated accounts - table 1.1,P06,Exports of goods and services,,,6,Rest of world,National Accounts - SNA 2008 - SNE,2014,3
SNEQ.SG03AP060000S600,2014.06,17068,FINAL,Dollars,6,A,Consolidated accounts - table 1.1,P06,Exports of goods and services,,,6,Rest of world,National Accounts - SNA 2008 - SNE,2014,6
SNEQ.SG03AP060000S600,2014.09,14610,FINAL,Dollars,6,A,Consolidated accounts - table 1.1,P06,Exports of goods and services,,,6,Rest of world,National Accounts - SNA 2008 - SNE,2014,9
SNEQ.SG03AP060000S600,2014.12,17477,FINAL,Dollars,6,A,Consolidated accounts - table 1.1,P06,Exports of goods and services,,,6,Rest of world,National Accounts - SNA 2008 - SNE,2014,12
SNEQ.SG03AP060000S600,2015.03,18751,FINAL,Dollars,6,A,Consolidated accounts - table 1.1,P06,Exports of goods and services,,,6,Rest of world,National Accounts - SNA 2008 - SNE,2015,3
SNEQ.SG03AP060000S600,2015.06,17533,FINAL,Dollars,6,A,Consolidated accounts - table 1.1,P06,Exports of goods and services,,,6,Rest of world,National Accounts - SNA 2008 - SNE,2015,6
SNEQ.SG03AP060000S600,2015.09,16410,FINAL,Dollars,6,A,Consolidated accounts - table 1.1,P06,Exports of goods and services,,,6,Rest of world,National Accounts - SNA 2008 - SNE,2015,9
SNEQ.SG03AP060000S600,2015.12,18046,FINAL,Dollars,6,A,Consolidated accounts - table 1.1,P06,Exports of goods and services,,,6,Rest of world,National Accounts - SNA 2008 - SNE,2015,12
SNEQ.SG03AP060000S600,2016.03,19401,FINAL,Dollars,6,A,Consolidated accounts - table 1.1,P06,Exports of goods and services,,,6,Rest of world,National Accounts - SNA 2008 - SNE,2016,3
SNEQ.SG03AP060000S600,2016.06,18363,FINAL,Dollars,6,A,Consolidated accounts - table 1.1,P06,Exports of goods and services,,,6,Rest of world,National Accounts - SNA 2008 - SNE,2016,6
SNEQ.SG03AP060000S600,2016.09,15725,FINAL,Dollars,6,A,Consolidated accounts - table 1.1,P06,Exports of goods and services,,,6,Rest of world,National Accounts - SNA 2008 - SNE,2016,9
SNEQ.SG03AP060000S600,2016.12,18105,FINAL,Dollars,6,A,Consolidated accounts - table 1.1,P06,Exports of goods and services,,,6,Rest of world,National Accounts - SNA 2008 - SNE,2016,12
SNEQ.SG03AP060000S600,2017.03,20095,FINAL,Dollars,6,A,Consolidated accounts - table 1.1,P06,Exports of goods and services,,,6,Rest of world,National Accounts - SNA 2008 - SNE,2017,3
SNEQ.SG03AP060000S600,2017.06,20116,FINAL,Dollars,6,A,Consolidated accounts - table 1.1,P06,Exports of goods and services,,,6,Rest of world,National Accounts - SNA 2008 - SNE,2017,6
SNEQ.SG03AP060000S600,2017.09,17361,FINAL,Dollars,6,A,Consolidated accounts - table 1.1,P06,Exports of goods and services,,,6,Rest of world,National Accounts - SNA 2008 - SNE,2017,9
SNEQ.SG03AP060000S600,2017.12,21044,FINAL,Dollars,6,A,Consolidated accounts - table 1.1,P06,Exports of goods and services,,,6,Rest of world,National Accounts - SNA 2008 - SNE,2017,12
SNEQ.SG03AP060000S600,2018.03,21682,FINAL,Dollars,6,A,Consolidated accounts - table 1.1,P06,Exports of goods and services,,,6,Rest of world,National Accounts - SNA 2008 - SNE,2018,3
SNEQ.SG03AP060000S600,2018.06,21391,FINAL,Dollars,6,A,Consolidated accounts - table 1.1,P06,Exports of goods and services,,,6,Rest of world,National Accounts - SNA 2008 - SNE,2018,6
SNEQ.SG03AP060000S600,2018.09,19076,FINAL,Dollars,6,A,Consolidated accounts - table 1.1,P06,Exports of goods and services,,,6,Rest of world,National Accounts - SNA 2008 - SNE,2018,9
SNEQ.SG03AP060000S600,2018.12,21788,FINAL,Dollars,6,A,Consolidated accounts - table 1.1,P06,Exports of goods and services,,,6,Rest of world,National Accounts - SNA 2008 - SNE,2018,12
SNEQ.SG03AP060000S600,2019.03,23118,FINAL,Dollars,6,A,Consolidated accounts - table 1.1,P06,Exports of goods and services,,,6,Rest of world,National Accounts - SNA 2008 - SNE,2019,3
SNEQ.SG03AP060000S600,2019.06,22460,FINAL,Dollars,6,A,Consolidated accounts - table 1.1,P06,Exports of goods and services,,,6,Rest of world,National Accounts - SNA 2008 - SNE,2019,6
SNEQ.SG03AP060000S600,2019.09,19394,FINAL,Dollars,6,A,Consolidated accounts - table 1.1,P06,Exports of goods and services,,,6,Rest of world,National Accounts - SNA 2008 - SNE,2019,9
SNEQ.SG03AP060000S600,2019.12,22766,FINAL,Dollars,6,A,Consolidated accounts - table 1.1,P06,Exports of goods and services,,,6,Rest of world,National Accounts - SNA 2008 - SNE,2019,12
SNEQ.SG03AP060000S600,2020.03,23743,FINAL,Dollars,6,A,Consolidated accounts - table 1.1,P06,Exports of goods and services,,,6,Rest of world,National Accounts - SNA 2008 - SNE,2020,3
SNEQ.SG03AP060000S600,2020.06,19154,FINAL,Dollars,6,A,Consolidated accounts - table 1.1,P06,Exports of goods and services,,,6,Rest of world,National Accounts - SNA 2008 - SNE,2020,6
SNEQ.SG03AP060000S600,2020.09,16176,FINAL,Dollars,6,A,Consolidated accounts - table 1.1,P06,Exports of goods and services,,,6,Rest of world,National Accounts - SNA 2008 - SNE,2020,9
SNEQ.SG03AP060000S600,2020.12,18385,FINAL,Dollars,6,A,Consolidated accounts - table 1.1,P06,Exports of goods and services,,,6,Rest of world,National Accounts - SNA 2008 - SNE,2020,12
SNEQ.SG03AP060000S600,2021.03,17561,FINAL,Dollars,6,A,Consolidated accounts - table 1.1,P06,Exports of goods and services,,,6,Rest of world,National Accounts - SNA 2008 - SNE,2021,3
SNEQ.SG03AP060000S600,2021.06,21500,FINAL,Dollars,6,A,Consolidated accounts - table 1.1,P06,Exports of goods and services,,,6,Rest of world,National Accounts - SNA 2008 - SNE,2021,6
SNEQ.SG03AP060000S600,2021.09,17879,FINAL,Dollars,6,A,Consolidated accounts - table 1.1,P06,Exports of goods and services,,,6,Rest of world,National Accounts - SNA 2008 - SNE,2021,9
SNEQ.SG03AP060000S600,2021.12,20771,FINAL,Dollars,6,A,Consolidated accounts - table 1.1,P06,Exports of goods and services,,,6,Rest of world,National Accounts - SNA 2008 - SNE,2021,12
SNEQ.SG03AP060000S600,2022.03,19960,FINAL,Dollars,6,A,Consolidated accounts - table 1.1,P06,Exports of goods and services,,,6,Rest of world,National Accounts - SNA 2008 - SNE,2022,3
SNEQ.SG03AP060000S600,2022.06,23259,FINAL,Dollars,6,A,Consolidated accounts - table 1.1,P06,Exports of goods and services,,,6,Rest of world,National Accounts - SNA 2008 - SNE,2022,6
SNEQ.SG03AP060000S600,2022.09,22359,FINAL,Dollars,6,A,Consolidated accounts - table 1.1,P06,Exports of goods and services,,,6,Rest of world,National Accounts - SNA 2008 - SNE,2022,9
SNEQ.SG03AP060000S600,2022.12,24497,FINAL,Dollars,6,A,Consolidated accounts - table 1.1,P06,Exports of goods and services,,,6,Rest of world,National Accounts - SNA 2008 - SNE,2022,12
SNEQ.SG03AP060000S600,2023.03,24518,FINAL,Dollars,6,A,Consolidated accounts - table 1.1,P06,Exports of goods and services,,,6,Rest of world,National Accounts - SNA 2008 - SNE,2023,3
SNEQ.SG03AP060000S600,2023.06,26021,FINAL,Dollars,6,A,Consolidated accounts - table 1.1,P06,Exports of goods and services,,,6,Rest of world,National Accounts - SNA 2008 - SNE,2023,6
SNEQ.SG03AP060000S600,2023.09,21797,FINAL,Dollars,6,A,Consolidated accounts - table 1.1,P06,Exports of goods and services,,,6,Rest of world,National Accounts - SNA 2008 - SNE,2023,9
SNEQ.SG03AP060000S600,2023.12,24562,FINAL,Dollars,6,A,Consolidated accounts - table 1.1,P06,Exports of goods and services,,,6,Rest of world,National Accounts - SNA 2008 - SNE,2023,12
SNEQ.SG03AP060000S600,2024.03,26172,FINAL,Dollars,6,A,Consolidated accounts - table 1.1,P06,Exports of goods and services,,,6,Rest of world,National Accounts - SNA 2008 - SNE,2024,3
SNEQ.SG03AP060000S600,2024.06,26480,FINAL,Dollars,6,A,Consolidated accounts - table 1.1,P06,Exports of goods and services,,,6,Rest of world,National Accounts - SNA 2008 - SNE,2024,6
SNEQ.SG03AP060000S600,2024.09,22411,FINAL,Dollars,6,A,Consolidated accounts - table 1.1,P06,Exports of goods and services,,,6,Rest of world,National Accounts - SNA 2008 - SNE,2024,9
SNEQ.SG03AP060000S600,2024.12,27105,FINAL,Dollars,6,A,Consolidated accounts - table 1.1,P06,Exports of goods and services,,,6,Rest of world,National Accounts - SNA 2008 - SNE,2024,12
SNEQ.SG03AP060000S600,2025.03,29955,FINAL,Dollars,6,A,Consolidated accounts - table 1.1,P06,Exports of goods and services,,,6,Rest of world,National Accounts - SNA 2008 - SNE,2025,3
SNEQ.SG03AP070000S600,2011.06,14830,FINAL,Dollars,6,A,Consolidated accounts - table 1.1,P07,Imports of goods and services,,,6,Rest of world,National Accounts - SNA 2008 - SNE,2011,6
SNEQ.SG03AP070000S600,2011.09,15797,FINAL,Dollars,6,A,Consolidated accounts - table 1.1,P07,Imports of goods and services,,,6,Rest of world,National Accounts - SNA 2008 - SNE,2011,9
SNEQ.SG03AP070000S600,2011.12,16117,FINAL,Dollars,6,A,Consolidated accounts - table 1.1,P07,Imports of goods and services,,,6,Rest of world,National Accounts - SNA 2008 - SNE,2011,12
SNEQ.SG03AP070000S600,2012.03,14704,FINAL,Dollars,6,A,Consolidated accounts - table 1.1,P07,Imports of goods and services,,,6,Rest of world,National Accounts - SNA 2008 - SNE,2012,3
SNEQ.SG03AP070000S600,2012.06,14890,FINAL,Dollars,6,A,Consolidated accounts - table 1.1,P07,Imports of goods and services,,,6,Rest of world,National Accounts - SNA 2008 - SNE,2012,6
SNEQ.SG03AP070000S600,2012.09,16139,FINAL,Dollars,6,A,Consolidated accounts - table 1.1,P07,Imports of goods and services,,,6,Rest of world,National Accounts - SNA 2008 - SNE,2012,9
SNEQ.SG03AP070000S600,2012.12,15958,FINAL,Dollars,6,A,Consolidated accounts - table 1.1,P07,Imports of goods and services,,,6,Rest of world,National Accounts - SNA 2008 - SNE,2012,12
SNEQ.SG03AP070000S600,2013.03,14266,FINAL,Dollars,6,A,Consolidated accounts - table 1.1,P07,Imports of goods and services,,,6,Rest of world,National Accounts - SNA 2008 - SNE,2013,3
SNEQ.SG03AP070000S600,2013.06,14758,FINAL,Dollars,6,A,Consolidated accounts - table 1.1,P07,Imports of goods and services,,,6,Rest of world,National Accounts - SNA 2008 - SNE,2013,6
SNEQ.SG03AP070000S600,2013.09,17113,FINAL,Dollars,6,A,Consolidated accounts - table 1.1,P07,Imports of goods and services,,,6,Rest of world,National Accounts - SNA 2008 - SNE,2013,9
SNEQ.SG03AP070000S600,2013.12,16490,FINAL,Dollars,6,A,Consolidated accounts - table 1.1,P07,Imports of goods and services,,,6,Rest of world,National Accounts - SNA 2008 - SNE,2013,12
SNEQ.SG03AP070000S600,2014.03,14968,FINAL,Dollars,6,A,Consolidated accounts - table 1.1,P07,Imports of goods and services,,,6,Rest of world,National Accounts - SNA 2008 - SNE,2014,3
SNEQ.SG03AP070000S600,2014.06,15525,FINAL,Dollars,6,A,Consolidated accounts - table 1.1,P07,Imports of goods and services,,,6,Rest of world,National Accounts - SNA 2008 - SNE,2014,6
SNEQ.SG03AP070000S600,2014.09,17237,FINAL,Dollars,6,A,Consolidated accounts - table 1.1,P07,Imports of goods and services,,,6,Rest of world,National Accounts - SNA 2008 - SNE,2014,9
SNEQ.SG03AP070000S600,2014.12,17727,FINAL,Dollars,6,A,Consolidated accounts - table 1.1,P07,Imports of goods and services,,,6,Rest of world,National Accounts - SNA 2008 - SNE,2014,12
SNEQ.SG03AP070000S600,2015.03,15448,FINAL,Dollars,6,A,Consolidated accounts - table 1.1,P07,Imports of goods and services,,,6,Rest of world,National Accounts - SNA 2008 - SNE,2015,3
SNEQ.SG03AP070000S600,2015.06,16215,FINAL,Dollars,6,A,Consolidated accounts - table 1.1,P07,Imports of goods and services,,,6,Rest of world,National Accounts - SNA 2008 - SNE,2015,6
SNEQ.SG03AP070000S600,2015.09,18704,FINAL,Dollars,6,A,Consolidated accounts - table 1.1,P07,Imports of goods and services,,,6,Rest of world,National Accounts - SNA 2008 - SNE,2015,9
SNEQ.SG03AP070000S600,2015.12,18224,FINAL,Dollars,6,A,Consolidated accounts - table 1.1,P07,Imports of goods and services,,,6,Rest of world,National Accounts - SNA 2008 - SNE,2015,12
SNEQ.SG03AP070000S600,2016.03,15650,FINAL,Dollars,6,A,Consolidated accounts - table 1.1,P07,Imports of goods and services,,,6,Rest of world,National Accounts - SNA 2008 - SNE,2016,3
SNEQ.SG03AP070000S600,2016.06,16677,FINAL,Dollars,6,A,Consolidated accounts - table 1.1,P07,Imports of goods and services,,,6,Rest of world,National Accounts - SNA 2008 - SNE,2016,6
SNEQ.SG03AP070000S600,2016.09,18219,FINAL,Dollars,6,A,Consolidated accounts - table 1.1,P07,Imports of goods and services,,,6,Rest of world,National Accounts - SNA 2008 - SNE,2016,9
SNEQ.SG03AP070000S600,2016.12,18251,FINAL,Dollars,6,A,Consolidated accounts - table 1.1,P07,Imports of goods and services,,,6,Rest of world,National Accounts - SNA 2008 - SNE,2016,12
SNEQ.SG03AP070000S600,2017.03,16923,FINAL,Dollars,6,A,Consolidated accounts - table 1.1,P07,Imports of goods and services,,,6,Rest of world,National Accounts - SNA 2008 - SNE,2017,3
SNEQ.SG03AP070000S600,2017.06,18077,FINAL,Dollars,6,A,Consolidated accounts - table 1.1,P07,Imports of goods and services,,,6,Rest of world,National Accounts - SNA 2008 - SNE,2017,6
SNEQ.SG03AP070000S600,2017.09,19418,FINAL,Dollars,6,A,Consolidated accounts - table 1.1,P07,Imports of goods and services,,,6,Rest of world,National Accounts - SNA 2008 - SNE,2017,9
SNEQ.SG03AP070000S600,2017.12,20957,FINAL,Dollars,6,A,Consolidated accounts - table 1.1,P07,Imports of goods and services,,,6,Rest of world,National Accounts - SNA 2008 - SNE,2017,12
SNEQ.SG03AP070000S600,2018.03,18888,FINAL,Dollars,6,A,Consolidated accounts - table 1.1,P07,Imports of goods and services,,,6,Rest of world,National Accounts - SNA 2008 - SNE,2018,3
SNEQ.SG03AP070000S600,2018.06,20200,FINAL,Dollars,6,A,Consolidated accounts - table 1.1,P07,Imports of goods and services,,,6,Rest of world,National Accounts - SNA 2008 - SNE,2018,6
SNEQ.SG03AP070000S600,2018.09,22698,FINAL,Dollars,6,A,Consolidated accounts - table 1.1,P07,Imports of goods and services,,,6,Rest of world,National Accounts - SNA 2008 - SNE,2018,9
SNEQ.SG03AP070000S600,2018.12,22643,FINAL,Dollars,6,A,Consolidated accounts - table 1.1,P07,Imports of goods and services,,,6,Rest of world,National Accounts - SNA 2008 - SNE,2018,12
SNEQ.SG03AP070000S600,2019.03,19941,FINAL,Dollars,6,A,Consolidated accounts - table 1.1,P07,Imports of goods and services,,,6,Rest of world,National Accounts - SNA 2008 - SNE,2019,3
SNEQ.SG03AP070000S600,2019.06,21084,FINAL,Dollars,6,A,Consolidated accounts - table 1.1,P07,Imports of goods and services,,,6,Rest of world,National Accounts - SNA 2008 - SNE,2019,6
SNEQ.SG03AP070000S600,2019.09,23197,FINAL,Dollars,6,A,Consolidated accounts - table 1.1,P07,Imports of goods and services,,,6,Rest of world,National Accounts - SNA 2008 - SNE,2019,9
SNEQ.SG03AP070000S600,2019.12,23463,FINAL,Dollars,6,A,Consolidated accounts - table 1.1,P07,Imports of goods and services,,,6,Rest of world,National Accounts - SNA 2008 - SNE,2019,12
SNEQ.SG03AP070000S600,2020.03,19953,FINAL,Dollars,6,A,Consolidated accounts - table 1.1,P07,Imports of goods and services,,,6,Rest of world,National Accounts - SNA 2008 - SNE,2020,3
SNEQ.SG03AP070000S600,2020.06,15994,FINAL,Dollars,6,A,Consolidated accounts - table 1.1,P07,Imports of goods and services,,,6,Rest of world,National Accounts - SNA 2008 - SNE,2020,6
SNEQ.SG03AP070000S600,2020.09,18479,FINAL,Dollars,6,A,Consolidated accounts - table 1.1,P07,Imports of goods and services,,,6,Rest of world,National Accounts - SNA 2008 - SNE,2020,9
SNEQ.SG03AP070000S600,2020.12,19845,FINAL,Dollars,6,A,Consolidated accounts - table 1.1,P07,Imports of goods and services,,,6,Rest of world,National Accounts - SNA 2008 - SNE,2020,12
SNEQ.SG03AP070000S600,2021.03,18873,FINAL,Dollars,6,A,Consolidated accounts - table 1.1,P07,Imports of goods and services,,,6,Rest of world,National Accounts - SNA 2008 - SNE,2021,3
SNEQ.SG03AP070000S600,2021.06,20458,FINAL,Dollars,6,A,Consolidated accounts - table 1.1,P07,Imports of goods and services,,,6,Rest of world,National Accounts - SNA 2008 - SNE,2021,6
SNEQ.SG03AP070000S600,2021.09,24257,FINAL,Dollars,6,A,Consolidated accounts - table 1.1,P07,Imports of goods and services,,,6,Rest of world,National Accounts - SNA 2008 - SNE,2021,9
SNEQ.SG03AP070000S600,2021.12,25778,FINAL,Dollars,6,A,Consolidated accounts - table 1.1,P07,Imports of goods and services,,,6,Rest of world,National Accounts - SNA 2008 - SNE,2021,12
SNEQ.SG03AP070000S600,2022.03,23697,FINAL,Dollars,6,A,Consolidated accounts - table 1.1,P07,Imports of goods and services,,,6,Rest of world,National Accounts - SNA 2008 - SNE,2022,3
SNEQ.SG03AP070000S600,2022.06,26416,FINAL,Dollars,6,A,Consolidated accounts - table 1.1,P07,Imports of goods and services,,,6,Rest of world,National Accounts - SNA 2008 - SNE,2022,6
SNEQ.SG03AP070000S600,2022.09,30950,FINAL,Dollars,6,A,Consolidated accounts - table 1.1,P07,Imports of goods and services,,,6,Rest of world,National Accounts - SNA 2008 - SNE,2022,9
SNEQ.SG03AP070000S600,2022.12,31646,FINAL,Dollars,6,A,Consolidated accounts - table 1.1,P07,Imports of goods and services,,,6,Rest of world,National Accounts - SNA 2008 - SNE,2022,12
SNEQ.SG03AP070000S600,2023.03,26797,FINAL,Dollars,6,A,Consolidated accounts - table 1.1,P07,Imports of goods and services,,,6,Rest of world,National Accounts - SNA 2008 - SNE,2023,3
SNEQ.SG03AP070000S600,2023.06,26885,FINAL,Dollars,6,A,Consolidated accounts - table 1.1,P07,Imports of goods and services,,,6,Rest of world,National Accounts - SNA 2008 - SNE,2023,6
SNEQ.SG03AP070000S600,2023.09,29094,FINAL,Dollars,6,A,Consolidated accounts - table 1.1,P07,Imports of goods and services,,,6,Rest of world,National Accounts - SNA 2008 - SNE,2023,9
SNEQ.SG03AP070000S600,2023.12,28810,FINAL,Dollars,6,A,Consolidated accounts - table 1.1,P07,Imports of goods and services,,,6,Rest of world,National Accounts - SNA 2008 - SNE,2023,12
SNEQ.SG03AP070000S600,2024.03,26132,FINAL,Dollars,6,A,Consolidated accounts - table 1.1,P07,Imports of goods and services,,,6,Rest of world,National Accounts - SNA 2008 - SNE,2024,3
SNEQ.SG03AP070000S600,2024.06,27217,FINAL,Dollars,6,A,Consolidated accounts - table 1.1,P07,Imports of goods and services,,,6,Rest of world,National Accounts - SNA 2008 - SNE,2024,6
SNEQ.SG03AP070000S600,2024.09,29124,FINAL,Dollars,6,A,Consolidated accounts - table 1.1,P07,Imports of goods and services,,,6,Rest of world,National Accounts - SNA 2008 - SNE,2024,9
SNEQ.SG03AP070000S600,2024.12,29937,FINAL,Dollars,6,A,Consolidated accounts - table 1.1,P07,Imports of goods and services,,,6,Rest of world,National Accounts - SNA 2008 - SNE,2024,12
SNEQ.SG03AP070000S600,2025.03,27950,FINAL,Dollars,6,A,Consolidated accounts - table 1.1,P07,Imports of goods and services,,,6,Rest of world,National Accounts - SNA 2008 - SNE,2025,3
SNEQ.SG04AB02G000S900,2016.06,28040,Experimental,Dollars,6,A,Consolidated accounts - table 1.2,B02G,Gross operating surplus and gross mixed income,,,,,National Accounts - SNA 2008 - SNE,2016,6
SNEQ.SG04AB02G000S900,2016.09,28848,Experimental,Dollars,6,A,Consolidated accounts - table 1.2,B02G,Gross operating surplus and gross mixed income,,,,,National Accounts - SNA 2008 - SNE,2016,9
SNEQ.SG04AB02G000S900,2016.12,32434,Experimental,Dollars,6,A,Consolidated accounts - table 1.2,B02G,Gross operating surplus and gross mixed income,,,,,National Accounts - SNA 2008 - SNE,2016,12
SNEQ.SG04AB02G000S900,2017.03,30561,Experimental,Dollars,6,A,Consolidated accounts - table 1.2,B02G,Gross operating surplus and gross mixed income,,,,,National Accounts - SNA 2008 - SNE,2017,3
SNEQ.SG04AB02G000S900,2017.06,30490,Experimental,Dollars,6,A,Consolidated accounts - table 1.2,B02G,Gross operating surplus and gross mixed income,,,,,National Accounts - SNA 2008 - SNE,2017,6
SNEQ.SG04AB02G000S900,2017.09,31857,Experimental,Dollars,6,A,Consolidated accounts - table 1.2,B02G,Gross operating surplus and gross mixed income,,,,,National Accounts - SNA 2008 - SNE,2017,9
SNEQ.SG04AB02G000S900,2017.12,35333,Experimental,Dollars,6,A,Consolidated accounts - table 1.2,B02G,Gross operating surplus and gross mixed income,,,,,National Accounts - SNA 2008 - SNE,2017,12
SNEQ.SG04AB02G000S900,2018.03,32554,Experimental,Dollars,6,A,Consolidated accounts - table 1.2,B02G,Gross operating surplus and gross mixed income,,,,,National Accounts - SNA 2008 - SNE,2018,3
SNEQ.SG04AB02G000S900,2018.06,33032,Experimental,Dollars,6,A,Consolidated accounts - table 1.2,B02G,Gross operating surplus and gross mixed income,,,,,National Accounts - SNA 2008 - SNE,2018,6
SNEQ.SG04AB02G000S900,2018.09,33424,Experimental,Dollars,6,A,Consolidated accounts - table 1.2,B02G,Gross operating surplus and gross mixed income,,,,,National Accounts - SNA 2008 - SNE,2018,9
SNEQ.SG04AB02G000S900,2018.12,35526,Experimental,Dollars,6,A,Consolidated accounts - table 1.2,B02G,Gross operating surplus and gross mixed income,,,,,National Accounts - SNA 2008 - SNE,2018,12
SNEQ.SG04AB02G000S900,2019.03,33782,Experimental,Dollars,6,A,Consolidated accounts - table 1.2,B02G,Gross operating surplus and gross mixed income,,,,,National Accounts - SNA 2008 - SNE,2019,3
SNEQ.SG04AB02G000S900,2019.06,33875,Experimental,Dollars,6,A,Consolidated accounts - table 1.2,B02G,Gross operating surplus and gross mixed income,,,,,National Accounts - SNA 2008 - SNE,2019,6
SNEQ.SG04AB02G000S900,2019.09,35425,Experimental,Dollars,6,A,Consolidated accounts - table 1.2,B02G,Gross operating surplus and gross mixed income,,,,,National Accounts - SNA 2008 - SNE,2019,9
SNEQ.SG04AB02G000S900,2019.12,37910,Experimental,Dollars,6,A,Consolidated accounts - table 1.2,B02G,Gross operating surplus and gross mixed income,,,,,National Accounts - SNA 2008 - SNE,2019,12
SNEQ.SG04AB02G000S900,2020.03,37912,Experimental,Dollars,6,A,Consolidated accounts - table 1.2,B02G,Gross operating surplus and gross mixed income,,,,,National Accounts - SNA 2008 - SNE,2020,3
SNEQ.SG04AB02G000S900,2020.06,37383,Experimental,Dollars,6,A,Consolidated accounts - table 1.2,B02G,Gross operating surplus and gross mixed income,,,,,National Accounts - SNA 2008 - SNE,2020,6
SNEQ.SG04AB02G000S900,2020.09,39923,Experimental,Dollars,6,A,Consolidated accounts - table 1.2,B02G,Gross operating surplus and gross mixed income,,,,,National Accounts - SNA 2008 - SNE,2020,9
SNEQ.SG04AB02G000S900,2020.12,39715,Experimental,Dollars,6,A,Consolidated accounts - table 1.2,B02G,Gross operating surplus and gross mixed income,,,,,National Accounts - SNA 2008 - SNE,2020,12
SNEQ.SG04AB02G000S900,2021.03,36902,Experimental,Dollars,6,A,Consolidated accounts - table 1.2,B02G,Gross operating surplus and gross mixed income,,,,,National Accounts - SNA 2008 - SNE,2021,3
SNEQ.SG04AB02G000S900,2021.06,37269,Experimental,Dollars,6,A,Consolidated accounts - table 1.2,B02G,Gross operating surplus and gross mixed income,,,,,National Accounts - SNA 2008 - SNE,2021,6
SNEQ.SG04AB02G000S900,2021.09,41290,Experimental,Dollars,6,A,Consolidated accounts - table 1.2,B02G,Gross operating surplus and gross mixed income,,,,,National Accounts - SNA 2008 - SNE,2021,9
SNEQ.SG04AB02G000S900,2021.12,45647,Experimental,Dollars,6,A,Consolidated accounts - table 1.2,B02G,Gross operating surplus and gross mixed income,,,,,National Accounts - SNA 2008 - SNE,2021,12
SNEQ.SG04AB02G000S900,2022.03,39888,Experimental,Dollars,6,A,Consolidated accounts - table 1.2,B02G,Gross operating surplus and gross mixed income,,,,,National Accounts - SNA 2008 - SNE,2022,3
SNEQ.SG04AB02G000S900,2022.06,41227,Experimental,Dollars,6,A,Consolidated accounts - table 1.2,B02G,Gross operating surplus and gross mixed income,,,,,National Accounts - SNA 2008 - SNE,2022,6
SNEQ.SG04AB02G000S900,2022.09,44005,Experimental,Dollars,6,A,Consolidated accounts - table 1.2,B02G,Gross operating surplus and gross mixed income,,,,,National Accounts - SNA 2008 - SNE,2022,9
SNEQ.SG04AB02G000S900,2022.12,47277,Experimental,Dollars,6,A,Consolidated accounts - table 1.2,B02G,Gross operating surplus and gross mixed income,,,,,National Accounts - SNA 2008 - SNE,2022,12
SNEQ.SG04AB02G000S900,2023.03,42242,Experimental,Dollars,6,A,Consolidated accounts - table 1.2,B02G,Gross operating surplus and gross mixed income,,,,,National Accounts - SNA 2008 - SNE,2023,3
SNEQ.SG04AB02G000S900,2023.06,44337,Experimental,Dollars,6,A,Consolidated accounts - table 1.2,B02G,Gross operating surplus and gross mixed income,,,,,National Accounts - SNA 2008 - SNE,2023,6
SNEQ.SG04AB02G000S900,2023.09,45797,Experimental,Dollars,6,A,Consolidated accounts - table 1.2,B02G,Gross operating surplus and gross mixed income,,,,,National Accounts - SNA 2008 - SNE,2023,9
SNEQ.SG04AB02G000S900,2023.12,46221,Experimental,Dollars,6,A,Consolidated accounts - table 1.2,B02G,Gross operating surplus and gross mixed income,,,,,National Accounts - SNA 2008 - SNE,2023,12
SNEQ.SG04AB02G000S900,2024.03,42705,Experimental,Dollars,6,A,Consolidated accounts - table 1.2,B02G,Gross operating surplus and gross mixed income,,,,,National Accounts - SNA 2008 - SNE,2024,3
SNEQ.SG04AB02G000S900,2024.06,43048,Experimental,Dollars,6,A,Consolidated accounts - table 1.2,B02G,Gross operating surplus and gross mixed income,,,,,National Accounts - SNA 2008 - SNE,2024,6
SNEQ.SG04AB02G000S900,2024.09,45028,Experimental,Dollars,6,A,Consolidated accounts - table 1.2,B02G,Gross operating surplus and gross mixed income,,,,,National Accounts - SNA 2008 - SNE,2024,9
SNEQ.SG04AB02G000S900,2024.12,49251,Experimental,Dollars,6,A,Consolidated accounts - table 1.2,B02G,Gross operating surplus and gross mixed income,,,,,National Accounts - SNA 2008 - SNE,2024,12
SNEQ.SG04AB02G000S900,2025.03,45648,Experimental,Dollars,6,A,Consolidated accounts - table 1.2,B02G,Gross operating surplus and gross mixed income,,,,,National Accounts - SNA 2008 - SNE,2025,3
SNEQ.SG04AB05GNI0S900,2016.06,63236,Experimental,Dollars,6,A,Consolidated accounts - table 1.2,B05GNI,Gross natioal income,,,,,National Accounts - SNA 2008 - SNE,2016,6
SNEQ.SG04AB05GNI0S900,2016.09,64091,Experimental,Dollars,6,A,Consolidated accounts - table 1.2,B05GNI,Gross natioal income,,,,,National Accounts - SNA 2008 - SNE,2016,9
SNEQ.SG04AB05GNI0S900,2016.12,69595,Experimental,Dollars,6,A,Consolidated accounts - table 1.2,B05GNI,Gross natioal income,,,,,National Accounts - SNA 2008 - SNE,2016,12
SNEQ.SG04AB05GNI0S900,2017.03,65852,Experimental,Dollars,6,A,Consolidated accounts - table 1.2,B05GNI,Gross natioal income,,,,,National Accounts - SNA 2008 - SNE,2017,3
SNEQ.SG04AB05GNI0S900,2017.06,67298,Experimental,Dollars,6,A,Consolidated accounts - table 1.2,B05GNI,Gross natioal income,,,,,National Accounts - SNA 2008 - SNE,2017,6
SNEQ.SG04AB05GNI0S900,2017.09,68313,Experimental,Dollars,6,A,Consolidated accounts - table 1.2,B05GNI,Gross natioal income,,,,,National Accounts - SNA 2008 - SNE,2017,9
SNEQ.SG04AB05GNI0S900,2017.12,74341,Experimental,Dollars,6,A,Consolidated accounts - table 1.2,B05GNI,Gross natioal income,,,,,National Accounts - SNA 2008 - SNE,2017,12
SNEQ.SG04AB05GNI0S900,2018.03,69947,Experimental,Dollars,6,A,Consolidated accounts - table 1.2,B05GNI,Gross natioal income,,,,,National Accounts - SNA 2008 - SNE,2018,3
SNEQ.SG04AB05GNI0S900,2018.06,71585,Experimental,Dollars,6,A,Consolidated accounts - table 1.2,B05GNI,Gross natioal income,,,,,National Accounts - SNA 2008 - SNE,2018,6
SNEQ.SG04AB05GNI0S900,2018.09,72436,Experimental,Dollars,6,A,Consolidated accounts - table 1.2,B05GNI,Gross natioal income,,,,,National Accounts - SNA 2008 - SNE,2018,9
SNEQ.SG04AB05GNI0S900,2018.12,77556,Experimental,Dollars,6,A,Consolidated accounts - table 1.2,B05GNI,Gross natioal income,,,,,National Accounts - SNA 2008 - SNE,2018,12
SNEQ.SG04AB05GNI0S900,2019.03,73554,Experimental,Dollars,6,A,Consolidated accounts - table 1.2,B05GNI,Gross natioal income,,,,,National Accounts - SNA 2008 - SNE,2019,3
SNEQ.SG04AB05GNI0S900,2019.06,76226,Experimental,Dollars,6,A,Consolidated accounts - table 1.2,B05GNI,Gross natioal income,,,,,National Accounts - SNA 2008 - SNE,2019,6
SNEQ.SG04AB05GNI0S900,2019.09,77871,Experimental,Dollars,6,A,Consolidated accounts - table 1.2,B05GNI,Gross natioal income,,,,,National Accounts - SNA 2008 - SNE,2019,9
SNEQ.SG04AB05GNI0S900,2019.12,83479,Experimental,Dollars,6,A,Consolidated accounts - table 1.2,B05GNI,Gross natioal income,,,,,National Accounts - SNA 2008 - SNE,2019,12
SNEQ.SG04AB05GNI0S900,2020.03,77501,Experimental,Dollars,6,A,Consolidated accounts - table 1.2,B05GNI,Gross natioal income,,,,,National Accounts - SNA 2008 - SNE,2020,3
SNEQ.SG04AB05GNI0S900,2020.06,71571,Experimental,Dollars,6,A,Consolidated accounts - table 1.2,B05GNI,Gross natioal income,,,,,National Accounts - SNA 2008 - SNE,2020,6
SNEQ.SG04AB05GNI0S900,2020.09,82289,Experimental,Dollars,6,A,Consolidated accounts - table 1.2,B05GNI,Gross natioal income,,,,,National Accounts - SNA 2008 - SNE,2020,9
SNEQ.SG04AB05GNI0S900,2020.12,86554,Experimental,Dollars,6,A,Consolidated accounts - table 1.2,B05GNI,Gross natioal income,,,,,National Accounts - SNA 2008 - SNE,2020,12
SNEQ.SG04AB05GNI0S900,2021.03,81615,Experimental,Dollars,6,A,Consolidated accounts - table 1.2,B05GNI,Gross natioal income,,,,,National Accounts - SNA 2008 - SNE,2021,3
SNEQ.SG04AB05GNI0S900,2021.06,85609,Experimental,Dollars,6,A,Consolidated accounts - table 1.2,B05GNI,Gross natioal income,,,,,National Accounts - SNA 2008 - SNE,2021,6
SNEQ.SG04AB05GNI0S900,2021.09,84695,Experimental,Dollars,6,A,Consolidated accounts - table 1.2,B05GNI,Gross natioal income,,,,,National Accounts - SNA 2008 - SNE,2021,9
SNEQ.SG04AB05GNI0S900,2021.12,92281,Experimental,Dollars,6,A,Consolidated accounts - table 1.2,B05GNI,Gross natioal income,,,,,National Accounts - SNA 2008 - SNE,2021,12
SNEQ.SG04AB05GNI0S900,2022.03,86729,Experimental,Dollars,6,A,Consolidated accounts - table 1.2,B05GNI,Gross natioal income,,,,,National Accounts - SNA 2008 - SNE,2022,3
SNEQ.SG04AB05GNI0S900,2022.06,91064,Experimental,Dollars,6,A,Consolidated accounts - table 1.2,B05GNI,Gross natioal income,,,,,National Accounts - SNA 2008 - SNE,2022,6
SNEQ.SG04AB05GNI0S900,2022.09,95036,Experimental,Dollars,6,A,Consolidated accounts - table 1.2,B05GNI,Gross natioal income,,,,,National Accounts - SNA 2008 - SNE,2022,9
SNEQ.SG04AB05GNI0S900,2022.12,100099,Experimental,Dollars,6,A,Consolidated accounts - table 1.2,B05GNI,Gross natioal income,,,,,National Accounts - SNA 2008 - SNE,2022,12
SNEQ.SG04AB05GNI0S900,2023.03,94384,Experimental,Dollars,6,A,Consolidated accounts - table 1.2,B05GNI,Gross natioal income,,,,,National Accounts - SNA 2008 - SNE,2023,3
SNEQ.SG04AB05GNI0S900,2023.06,98525,Experimental,Dollars,6,A,Consolidated accounts - table 1.2,B05GNI,Gross natioal income,,,,,National Accounts - SNA 2008 - SNE,2023,6
SNEQ.SG04AB05GNI0S900,2023.09,100599,Experimental,Dollars,6,A,Consolidated accounts - table 1.2,B05GNI,Gross natioal income,,,,,National Accounts - SNA 2008 - SNE,2023,9
SNEQ.SG04AB05GNI0S900,2023.12,103990,Experimental,Dollars,6,A,Consolidated accounts - table 1.2,B05GNI,Gross natioal income,,,,,National Accounts - SNA 2008 - SNE,2023,12
SNEQ.SG04AB05GNI0S900,2024.03,98625,Experimental,Dollars,6,A,Consolidated accounts - table 1.2,B05GNI,Gross natioal income,,,,,National Accounts - SNA 2008 - SNE,2024,3
SNEQ.SG04AB05GNI0S900,2024.06,101143,Experimental,Dollars,6,A,Consolidated accounts - table 1.2,B05GNI,Gross natioal income,,,,,National Accounts - SNA 2008 - SNE,2024,6
SNEQ.SG04AB05GNI0S900,2024.09,102109,Experimental,Dollars,6,A,Consolidated accounts - table 1.2,B05GNI,Gross natioal income,,,,,National Accounts - SNA 2008 - SNE,2024,9
SNEQ.SG04AB05GNI0S900,2024.12,107641,Experimental,Dollars,6,A,Consolidated accounts - table 1.2,B05GNI,Gross natioal income,,,,,National Accounts - SNA 2008 - SNE,2024,12
SNEQ.SG04AB05GNI0S900,2025.03,102407,Experimental,Dollars,6,A,Consolidated accounts - table 1.2,B05GNI,Gross natioal income,,,,,National Accounts - SNA 2008 - SNE,2025,3
SNEQ.SG04AB06GNI0S900,2016.06,63239,Experimental,Dollars,6,A,Consolidated accounts - table 1.2,B06GNI,Gross national disposable income,,,,,National Accounts - SNA 2008 - SNE,2016,6
SNEQ.SG04AB06GNI0S900,2016.09,63950,Experimental,Dollars,6,A,Consolidated accounts - table 1.2,B06GNI,Gross national disposable income,,,,,National Accounts - SNA 2008 - SNE,2016,9
SNEQ.SG04AB06GNI0S900,2016.12,69673,Experimental,Dollars,6,A,Consolidated accounts - table 1.2,B06GNI,Gross national disposable income,,,,,National Accounts - SNA 2008 - SNE,2016,12
SNEQ.SG04AB06GNI0S900,2017.03,65710,Experimental,Dollars,6,A,Consolidated accounts - table 1.2,B06GNI,Gross national disposable income,,,,,National Accounts - SNA 2008 - SNE,2017,3
SNEQ.SG04AB06GNI0S900,2017.06,67049,Experimental,Dollars,6,A,Consolidated accounts - table 1.2,B06GNI,Gross national disposable income,,,,,National Accounts - SNA 2008 - SNE,2017,6
SNEQ.SG04AB06GNI0S900,2017.09,68195,Experimental,Dollars,6,A,Consolidated accounts - table 1.2,B06GNI,Gross national disposable income,,,,,National Accounts - SNA 2008 - SNE,2017,9
SNEQ.SG04AB06GNI0S900,2017.12,74328,Experimental,Dollars,6,A,Consolidated accounts - table 1.2,B06GNI,Gross national disposable income,,,,,National Accounts - SNA 2008 - SNE,2017,12
SNEQ.SG04AB06GNI0S900,2018.03,69632,Experimental,Dollars,6,A,Consolidated accounts - table 1.2,B06GNI,Gross national disposable income,,,,,National Accounts - SNA 2008 - SNE,2018,3
SNEQ.SG04AB06GNI0S900,2018.06,71250,Experimental,Dollars,6,A,Consolidated accounts - table 1.2,B06GNI,Gross national disposable income,,,,,National Accounts - SNA 2008 - SNE,2018,6
SNEQ.SG04AB06GNI0S900,2018.09,72197,Experimental,Dollars,6,A,Consolidated accounts - table 1.2,B06GNI,Gross national disposable income,,,,,National Accounts - SNA 2008 - SNE,2018,9
SNEQ.SG04AB06GNI0S900,2018.12,77554,Experimental,Dollars,6,A,Consolidated accounts - table 1.2,B06GNI,Gross national disposable income,,,,,National Accounts - SNA 2008 - SNE,2018,12
SNEQ.SG04AB06GNI0S900,2019.03,73549,Experimental,Dollars,6,A,Consolidated accounts - table 1.2,B06GNI,Gross national disposable income,,,,,National Accounts - SNA 2008 - SNE,2019,3
SNEQ.SG04AB06GNI0S900,2019.06,76064,Experimental,Dollars,6,A,Consolidated accounts - table 1.2,B06GNI,Gross national disposable income,,,,,National Accounts - SNA 2008 - SNE,2019,6
SNEQ.SG04AB06GNI0S900,2019.09,77762,Experimental,Dollars,6,A,Consolidated accounts - table 1.2,B06GNI,Gross national disposable income,,,,,National Accounts - SNA 2008 - SNE,2019,9
SNEQ.SG04AB06GNI0S900,2019.12,83549,Experimental,Dollars,6,A,Consolidated accounts - table 1.2,B06GNI,Gross national disposable income,,,,,National Accounts - SNA 2008 - SNE,2019,12
SNEQ.SG04AB06GNI0S900,2020.03,77507,Experimental,Dollars,6,A,Consolidated accounts - table 1.2,B06GNI,Gross national disposable income,,,,,National Accounts - SNA 2008 - SNE,2020,3
SNEQ.SG04AB06GNI0S900,2020.06,71208,Experimental,Dollars,6,A,Consolidated accounts - table 1.2,B06GNI,Gross national disposable income,,,,,National Accounts - SNA 2008 - SNE,2020,6
SNEQ.SG04AB06GNI0S900,2020.09,82152,Experimental,Dollars,6,A,Consolidated accounts - table 1.2,B06GNI,Gross national disposable income,,,,,National Accounts - SNA 2008 - SNE,2020,9
SNEQ.SG04AB06GNI0S900,2020.12,86565,Experimental,Dollars,6,A,Consolidated accounts - table 1.2,B06GNI,Gross national disposable income,,,,,National Accounts - SNA 2008 - SNE,2020,12
SNEQ.SG04AB06GNI0S900,2021.03,81591,Experimental,Dollars,6,A,Consolidated accounts - table 1.2,B06GNI,Gross national disposable income,,,,,National Accounts - SNA 2008 - SNE,2021,3
SNEQ.SG04AB06GNI0S900,2021.06,85495,Experimental,Dollars,6,A,Consolidated accounts - table 1.2,B06GNI,Gross national disposable income,,,,,National Accounts - SNA 2008 - SNE,2021,6
SNEQ.SG04AB06GNI0S900,2021.09,84514,Experimental,Dollars,6,A,Consolidated accounts - table 1.2,B06GNI,Gross national disposable income,,,,,National Accounts - SNA 2008 - SNE,2021,9
SNEQ.SG04AB06GNI0S900,2021.12,92124,Experimental,Dollars,6,A,Consolidated accounts - table 1.2,B06GNI,Gross national disposable income,,,,,National Accounts - SNA 2008 - SNE,2021,12
SNEQ.SG04AB06GNI0S900,2022.03,86557,Experimental,Dollars,6,A,Consolidated accounts - table 1.2,B06GNI,Gross national disposable income,,,,,National Accounts - SNA 2008 - SNE,2022,3
SNEQ.SG04AB06GNI0S900,2022.06,90950,Experimental,Dollars,6,A,Consolidated accounts - table 1.2,B06GNI,Gross national disposable income,,,,,National Accounts - SNA 2008 - SNE,2022,6
SNEQ.SG04AB06GNI0S900,2022.09,94973,Experimental,Dollars,6,A,Consolidated accounts - table 1.2,B06GNI,Gross national disposable income,,,,,National Accounts - SNA 2008 - SNE,2022,9
SNEQ.SG04AB06GNI0S900,2022.12,100275,Experimental,Dollars,6,A,Consolidated accounts - table 1.2,B06GNI,Gross national disposable income,,,,,National Accounts - SNA 2008 - SNE,2022,12
SNEQ.SG04AB06GNI0S900,2023.03,94706,Experimental,Dollars,6,A,Consolidated accounts - table 1.2,B06GNI,Gross national disposable income,,,,,National Accounts - SNA 2008 - SNE,2023,3
SNEQ.SG04AB06GNI0S900,2023.06,98344,Experimental,Dollars,6,A,Consolidated accounts - table 1.2,B06GNI,Gross national disposable income,,,,,National Accounts - SNA 2008 - SNE,2023,6
SNEQ.SG04AB06GNI0S900,2023.09,100446,Experimental,Dollars,6,A,Consolidated accounts - table 1.2,B06GNI,Gross national disposable income,,,,,National Accounts - SNA 2008 - SNE,2023,9
SNEQ.SG04AB06GNI0S900,2023.12,103797,Experimental,Dollars,6,A,Consolidated accounts - table 1.2,B06GNI,Gross national disposable income,,,,,National Accounts - SNA 2008 - SNE,2023,12
SNEQ.SG04AB06GNI0S900,2024.03,98239,Experimental,Dollars,6,A,Consolidated accounts - table 1.2,B06GNI,Gross national disposable income,,,,,National Accounts - SNA 2008 - SNE,2024,3
SNEQ.SG04AB06GNI0S900,2024.06,100844,Experimental,Dollars,6,A,Consolidated accounts - table 1.2,B06GNI,Gross national disposable income,,,,,National Accounts - SNA 2008 - SNE,2024,6
SNEQ.SG04AB06GNI0S900,2024.09,101758,Experimental,Dollars,6,A,Consolidated accounts - table 1.2,B06GNI,Gross national disposable income,,,,,National Accounts - SNA 2008 - SNE,2024,9
SNEQ.SG04AB06GNI0S900,2024.12,107612,Experimental,Dollars,6,A,Consolidated accounts - table 1.2,B06GNI,Gross national disposable income,,,,,National Accounts - SNA 2008 - SNE,2024,12
SNEQ.SG04AB06GNI0S900,2025.03,102308,Experimental,Dollars,6,A,Consolidated accounts - table 1.2,B06GNI,Gross national disposable income,,,,,National Accounts - SNA 2008 - SNE,2025,3
SNEQ.SG04AB06NDI0S900,2016.06,53985,Experimental,Dollars,6,A,Consolidated accounts - table 1.2,B06NDI,National disposable income,,,,,National Accounts - SNA 2008 - SNE,2016,6
SNEQ.SG04AB06NDI0S900,2016.09,54548,Experimental,Dollars,6,A,Consolidated accounts - table 1.2,B06NDI,National disposable income,,,,,National Accounts - SNA 2008 - SNE,2016,9
SNEQ.SG04AB06NDI0S900,2016.12,60125,Experimental,Dollars,6,A,Consolidated accounts - table 1.2,B06NDI,National disposable income,,,,,National Accounts - SNA 2008 - SNE,2016,12
SNEQ.SG04AB06NDI0S900,2017.03,56010,Experimental,Dollars,6,A,Consolidated accounts - table 1.2,B06NDI,National disposable income,,,,,National Accounts - SNA 2008 - SNE,2017,3
SNEQ.SG04AB06NDI0S900,2017.06,57352,Experimental,Dollars,6,A,Consolidated accounts - table 1.2,B06NDI,National disposable income,,,,,National Accounts - SNA 2008 - SNE,2017,6
SNEQ.SG04AB06NDI0S900,2017.09,58353,Experimental,Dollars,6,A,Consolidated accounts - table 1.2,B06NDI,National disposable income,,,,,National Accounts - SNA 2008 - SNE,2017,9
SNEQ.SG04AB06NDI0S900,2017.12,64329,Experimental,Dollars,6,A,Consolidated accounts - table 1.2,B06NDI,National disposable income,,,,,National Accounts - SNA 2008 - SNE,2017,12
SNEQ.SG04AB06NDI0S900,2018.03,59398,Experimental,Dollars,6,A,Consolidated accounts - table 1.2,B06NDI,National disposable income,,,,,National Accounts - SNA 2008 - SNE,2018,3
SNEQ.SG04AB06NDI0S900,2018.06,60194,Experimental,Dollars,6,A,Consolidated accounts - table 1.2,B06NDI,National disposable income,,,,,National Accounts - SNA 2008 - SNE,2018,6
SNEQ.SG04AB06NDI0S900,2018.09,60975,Experimental,Dollars,6,A,Consolidated accounts - table 1.2,B06NDI,National disposable income,,,,,National Accounts - SNA 2008 - SNE,2018,9
SNEQ.SG04AB06NDI0S900,2018.12,66141,Experimental,Dollars,6,A,Consolidated accounts - table 1.2,B06NDI,National disposable income,,,,,National Accounts - SNA 2008 - SNE,2018,12
SNEQ.SG04AB06NDI0S900,2019.03,62042,Experimental,Dollars,6,A,Consolidated accounts - table 1.2,B06NDI,National disposable income,,,,,National Accounts - SNA 2008 - SNE,2019,3
SNEQ.SG04AB06NDI0S900,2019.06,65125,Experimental,Dollars,6,A,Consolidated accounts - table 1.2,B06NDI,National disposable income,,,,,National Accounts - SNA 2008 - SNE,2019,6
SNEQ.SG04AB06NDI0S900,2019.09,66662,Experimental,Dollars,6,A,Consolidated accounts - table 1.2,B06NDI,National disposable income,,,,,National Accounts - SNA 2008 - SNE,2019,9
SNEQ.SG04AB06NDI0S900,2019.12,72251,Experimental,Dollars,6,A,Consolidated accounts - table 1.2,B06NDI,National disposable income,,,,,National Accounts - SNA 2008 - SNE,2019,12
SNEQ.SG04AB06NDI0S900,2020.03,65993,Experimental,Dollars,6,A,Consolidated accounts - table 1.2,B06NDI,National disposable income,,,,,National Accounts - SNA 2008 - SNE,2020,3
SNEQ.SG04AB06NDI0S900,2020.06,59630,Experimental,Dollars,6,A,Consolidated accounts - table 1.2,B06NDI,National disposable income,,,,,National Accounts - SNA 2008 - SNE,2020,6
SNEQ.SG04AB06NDI0S900,2020.09,70468,Experimental,Dollars,6,A,Consolidated accounts - table 1.2,B06NDI,National disposable income,,,,,National Accounts - SNA 2008 - SNE,2020,9
SNEQ.SG04AB06NDI0S900,2020.12,74762,Experimental,Dollars,6,A,Consolidated accounts - table 1.2,B06NDI,National disposable income,,,,,National Accounts - SNA 2008 - SNE,2020,12
SNEQ.SG04AB06NDI0S900,2021.03,69713,Experimental,Dollars,6,A,Consolidated accounts - table 1.2,B06NDI,National disposable income,,,,,National Accounts - SNA 2008 - SNE,2021,3
SNEQ.SG04AB06NDI0S900,2021.06,73280,Experimental,Dollars,6,A,Consolidated accounts - table 1.2,B06NDI,National disposable income,,,,,National Accounts - SNA 2008 - SNE,2021,6
SNEQ.SG04AB06NDI0S900,2021.09,72047,Experimental,Dollars,6,A,Consolidated accounts - table 1.2,B06NDI,National disposable income,,,,,National Accounts - SNA 2008 - SNE,2021,9
SNEQ.SG04AB06NDI0S900,2021.12,79377,Experimental,Dollars,6,A,Consolidated accounts - table 1.2,B06NDI,National disposable income,,,,,National Accounts - SNA 2008 - SNE,2021,12
SNEQ.SG04AB06NDI0S900,2022.03,73381,Experimental,Dollars,6,A,Consolidated accounts - table 1.2,B06NDI,National disposable income,,,,,National Accounts - SNA 2008 - SNE,2022,3
SNEQ.SG04AB06NDI0S900,2022.06,77332,Experimental,Dollars,6,A,Consolidated accounts - table 1.2,B06NDI,National disposable income,,,,,National Accounts - SNA 2008 - SNE,2022,6
SNEQ.SG04AB06NDI0S900,2022.09,80797,Experimental,Dollars,6,A,Consolidated accounts - table 1.2,B06NDI,National disposable income,,,,,National Accounts - SNA 2008 - SNE,2022,9
SNEQ.SG04AB06NDI0S900,2022.12,85621,Experimental,Dollars,6,A,Consolidated accounts - table 1.2,B06NDI,National disposable income,,,,,National Accounts - SNA 2008 - SNE,2022,12
SNEQ.SG04AB06NDI0S900,2023.03,79407,Experimental,Dollars,6,A,Consolidated accounts - table 1.2,B06NDI,National disposable income,,,,,National Accounts - SNA 2008 - SNE,2023,3
SNEQ.SG04AB06NDI0S900,2023.06,83174,Experimental,Dollars,6,A,Consolidated accounts - table 1.2,B06NDI,National disposable income,,,,,National Accounts - SNA 2008 - SNE,2023,6
SNEQ.SG04AB06NDI0S900,2023.09,84856,Experimental,Dollars,6,A,Consolidated accounts - table 1.2,B06NDI,National disposable income,,,,,National Accounts - SNA 2008 - SNE,2023,9
SNEQ.SG04AB06NDI0S900,2023.12,87886,Experimental,Dollars,6,A,Consolidated accounts - table 1.2,B06NDI,National disposable income,,,,,National Accounts - SNA 2008 - SNE,2023,12
SNEQ.SG04AB06NDI0S900,2024.03,82016,Experimental,Dollars,6,A,Consolidated accounts - table 1.2,B06NDI,National disposable income,,,,,National Accounts - SNA 2008 - SNE,2024,3
SNEQ.SG04AB06NDI0S900,2024.06,84622,Experimental,Dollars,6,A,Consolidated accounts - table 1.2,B06NDI,National disposable income,,,,,National Accounts - SNA 2008 - SNE,2024,6
SNEQ.SG04AB06NDI0S900,2024.09,85294,Experimental,Dollars,6,A,Consolidated accounts - table 1.2,B06NDI,National disposable income,,,,,National Accounts - SNA 2008 - SNE,2024,9
SNEQ.SG04AB06NDI0S900,2024.12,91017,Experimental,Dollars,6,A,Consolidated accounts - table 1.2,B06NDI,National disposable income,,,,,National Accounts - SNA 2008 - SNE,2024,12
SNEQ.SG04AB06NDI0S900,2025.03,85540,Experimental,Dollars,6,A,Consolidated accounts - table 1.2,B06NDI,National disposable income,,,,,National Accounts - SNA 2008 - SNE,2025,3
SNEQ.SG04AB06NDU0S900,2016.06,53985,Experimental,Dollars,6,A,Consolidated accounts - table 1.2,B06NDU,use of national disposable income,,,,,National Accounts - SNA 2008 - SNE,2016,6
SNEQ.SG04AB06NDU0S900,2016.09,54548,Experimental,Dollars,6,A,Consolidated accounts - table 1.2,B06NDU,use of national disposable income,,,,,National Accounts - SNA 2008 - SNE,2016,9
SNEQ.SG04AB06NDU0S900,2016.12,60125,Experimental,Dollars,6,A,Consolidated accounts - table 1.2,B06NDU,use of national disposable income,,,,,National Accounts - SNA 2008 - SNE,2016,12
SNEQ.SG04AB06NDU0S900,2017.03,56010,Experimental,Dollars,6,A,Consolidated accounts - table 1.2,B06NDU,use of national disposable income,,,,,National Accounts - SNA 2008 - SNE,2017,3
SNEQ.SG04AB06NDU0S900,2017.06,57352,Experimental,Dollars,6,A,Consolidated accounts - table 1.2,B06NDU,use of national disposable income,,,,,National Accounts - SNA 2008 - SNE,2017,6
SNEQ.SG04AB06NDU0S900,2017.09,58353,Experimental,Dollars,6,A,Consolidated accounts - table 1.2,B06NDU,use of national disposable income,,,,,National Accounts - SNA 2008 - SNE,2017,9
SNEQ.SG04AB06NDU0S900,2017.12,64329,Experimental,Dollars,6,A,Consolidated accounts - table 1.2,B06NDU,use of national disposable income,,,,,National Accounts - SNA 2008 - SNE,2017,12
SNEQ.SG04AB06NDU0S900,2018.03,59398,Experimental,Dollars,6,A,Consolidated accounts - table 1.2,B06NDU,use of national disposable income,,,,,National Accounts - SNA 2008 - SNE,2018,3
SNEQ.SG04AB06NDU0S900,2018.06,60194,Experimental,Dollars,6,A,Consolidated accounts - table 1.2,B06NDU,use of national disposable income,,,,,National Accounts - SNA 2008 - SNE,2018,6
SNEQ.SG04AB06NDU0S900,2018.09,60975,Experimental,Dollars,6,A,Consolidated accounts - table 1.2,B06NDU,use of national disposable income,,,,,National Accounts - SNA 2008 - SNE,2018,9
SNEQ.SG04AB06NDU0S900,2018.12,66141,Experimental,Dollars,6,A,Consolidated accounts - table 1.2,B06NDU,use of national disposable income,,,,,National Accounts - SNA 2008 - SNE,2018,12
SNEQ.SG04AB06NDU0S900,2019.03,62042,Experimental,Dollars,6,A,Consolidated accounts - table 1.2,B06NDU,use of national disposable income,,,,,National Accounts - SNA 2008 - SNE,2019,3
SNEQ.SG04AB06NDU0S900,2019.06,65125,Experimental,Dollars,6,A,Consolidated accounts - table 1.2,B06NDU,use of national disposable income,,,,,National Accounts - SNA 2008 - SNE,2019,6
SNEQ.SG04AB06NDU0S900,2019.09,66662,Experimental,Dollars,6,A,Consolidated accounts - table 1.2,B06NDU,use of national disposable income,,,,,National Accounts - SNA 2008 - SNE,2019,9
SNEQ.SG04AB06NDU0S900,2019.12,72251,Experimental,Dollars,6,A,Consolidated accounts - table 1.2,B06NDU,use of national disposable income,,,,,National Accounts - SNA 2008 - SNE,2019,12
SNEQ.SG04AB06NDU0S900,2020.03,65993,Experimental,Dollars,6,A,Consolidated accounts - table 1.2,B06NDU,use of national disposable income,,,,,National Accounts - SNA 2008 - SNE,2020,3
SNEQ.SG04AB06NDU0S900,2020.06,59630,Experimental,Dollars,6,A,Consolidated accounts - table 1.2,B06NDU,use of national disposable income,,,,,National Accounts - SNA 2008 - SNE,2020,6
SNEQ.SG04AB06NDU0S900,2020.09,70468,Experimental,Dollars,6,A,Consolidated accounts - table 1.2,B06NDU,use of national disposable income,,,,,National Accounts - SNA 2008 - SNE,2020,9
SNEQ.SG04AB06NDU0S900,2020.12,74762,Experimental,Dollars,6,A,Consolidated accounts - table 1.2,B06NDU,use of national disposable income,,,,,National Accounts - SNA 2008 - SNE,2020,12
SNEQ.SG04AB06NDU0S900,2021.03,69713,Experimental,Dollars,6,A,Consolidated accounts - table 1.2,B06NDU,use of national disposable income,,,,,National Accounts - SNA 2008 - SNE,2021,3
SNEQ.SG04AB06NDU0S900,2021.06,73280,Experimental,Dollars,6,A,Consolidated accounts - table 1.2,B06NDU,use of national disposable income,,,,,National Accounts - SNA 2008 - SNE,2021,6
SNEQ.SG04AB06NDU0S900,2021.09,72047,Experimental,Dollars,6,A,Consolidated accounts - table 1.2,B06NDU,use of national disposable income,,,,,National Accounts - SNA 2008 - SNE,2021,9
SNEQ.SG04AB06NDU0S900,2021.12,79377,Experimental,Dollars,6,A,Consolidated accounts - table 1.2,B06NDU,use of national disposable income,,,,,National Accounts - SNA 2008 - SNE,2021,12
SNEQ.SG04AB06NDU0S900,2022.03,73381,Experimental,Dollars,6,A,Consolidated accounts - table 1.2,B06NDU,use of national disposable income,,,,,National Accounts - SNA 2008 - SNE,2022,3
SNEQ.SG04AB06NDU0S900,2022.06,77332,Experimental,Dollars,6,A,Consolidated accounts - table 1.2,B06NDU,use of national disposable income,,,,,National Accounts - SNA 2008 - SNE,2022,6
SNEQ.SG04AB06NDU0S900,2022.09,80797,Experimental,Dollars,6,A,Consolidated accounts - table 1.2,B06NDU,use of national disposable income,,,,,National Accounts - SNA 2008 - SNE,2022,9
SNEQ.SG04AB06NDU0S900,2022.12,85621,Experimental,Dollars,6,A,Consolidated accounts - table 1.2,B06NDU,use of national disposable income,,,,,National Accounts - SNA 2008 - SNE,2022,12
SNEQ.SG04AB06NDU0S900,2023.03,79407,Experimental,Dollars,6,A,Consolidated accounts - table 1.2,B06NDU,use of national disposable income,,,,,National Accounts - SNA 2008 - SNE,2023,3
SNEQ.SG04AB06NDU0S900,2023.06,83174,Experimental,Dollars,6,A,Consolidated accounts - table 1.2,B06NDU,use of national disposable income,,,,,National Accounts - SNA 2008 - SNE,2023,6
SNEQ.SG04AB06NDU0S900,2023.09,84856,Experimental,Dollars,6,A,Consolidated accounts - table 1.2,B06NDU,use of national disposable income,,,,,National Accounts - SNA 2008 - SNE,2023,9
SNEQ.SG04AB06NDU0S900,2023.12,87886,Experimental,Dollars,6,A,Consolidated accounts - table 1.2,B06NDU,use of national disposable income,,,,,National Accounts - SNA 2008 - SNE,2023,12
SNEQ.SG04AB06NDU0S900,2024.03,82016,Experimental,Dollars,6,A,Consolidated accounts - table 1.2,B06NDU,use of national disposable income,,,,,National Accounts - SNA 2008 - SNE,2024,3
SNEQ.SG04AB06NDU0S900,2024.06,84622,Experimental,Dollars,6,A,Consolidated accounts - table 1.2,B06NDU,use of national disposable income,,,,,National Accounts - SNA 2008 - SNE,2024,6
SNEQ.SG04AB06NDU0S900,2024.09,85294,Experimental,Dollars,6,A,Consolidated accounts - table 1.2,B06NDU,use of national disposable income,,,,,National Accounts - SNA 2008 - SNE,2024,9
SNEQ.SG04AB06NDU0S900,2024.12,91017,Experimental,Dollars,6,A,Consolidated accounts - table 1.2,B06NDU,use of national disposable income,,,,,National Accounts - SNA 2008 - SNE,2024,12
SNEQ.SG04AB06NDU0S900,2025.03,85540,Experimental,Dollars,6,A,Consolidated accounts - table 1.2,B06NDU,use of national disposable income,,,,,National Accounts - SNA 2008 - SNE,2025,3
SNEQ.SG04AB08N000S800,2016.06,3778,Experimental,Dollars,6,A,Consolidated accounts - table 1.2,B08N,Saving,,,,,National Accounts - SNA 2008 - SNE,2016,6
SNEQ.SG04AB08N000S800,2016.09,3340,Experimental,Dollars,6,A,Consolidated accounts - table 1.2,B08N,Saving,,,,,National Accounts - SNA 2008 - SNE,2016,9
SNEQ.SG04AB08N000S800,2016.12,6197,Experimental,Dollars,6,A,Consolidated accounts - table 1.2,B08N,Saving,,,,,National Accounts - SNA 2008 - SNE,2016,12
SNEQ.SG04AB08N000S800,2017.03,4853,Experimental,Dollars,6,A,Consolidated accounts - table 1.2,B08N,Saving,,,,,National Accounts - SNA 2008 - SNE,2017,3
SNEQ.SG04AB08N000S800,2017.06,3968,Experimental,Dollars,6,A,Consolidated accounts - table 1.2,B08N,Saving,,,,,National Accounts - SNA 2008 - SNE,2017,6
SNEQ.SG04AB08N000S800,2017.09,3865,Experimental,Dollars,6,A,Consolidated accounts - table 1.2,B08N,Saving,,,,,National Accounts - SNA 2008 - SNE,2017,9
SNEQ.SG04AB08N000S800,2017.12,6867,Experimental,Dollars,6,A,Consolidated accounts - table 1.2,B08N,Saving,,,,,National Accounts - SNA 2008 - SNE,2017,12
SNEQ.SG04AB08N000S800,2018.03,5591,Experimental,Dollars,6,A,Consolidated accounts - table 1.2,B08N,Saving,,,,,National Accounts - SNA 2008 - SNE,2018,3
SNEQ.SG04AB08N000S800,2018.06,3440,Experimental,Dollars,6,A,Consolidated accounts - table 1.2,B08N,Saving,,,,,National Accounts - SNA 2008 - SNE,2018,6
SNEQ.SG04AB08N000S800,2018.09,2970,Experimental,Dollars,6,A,Consolidated accounts - table 1.2,B08N,Saving,,,,,National Accounts - SNA 2008 - SNE,2018,9
SNEQ.SG04AB08N000S800,2018.12,4941,Experimental,Dollars,6,A,Consolidated accounts - table 1.2,B08N,Saving,,,,,National Accounts - SNA 2008 - SNE,2018,12
SNEQ.SG04AB08N000S800,2019.03,5006,Experimental,Dollars,6,A,Consolidated accounts - table 1.2,B08N,Saving,,,,,National Accounts - SNA 2008 - SNE,2019,3
SNEQ.SG04AB08N000S800,2019.06,4877,Experimental,Dollars,6,A,Consolidated accounts - table 1.2,B08N,Saving,,,,,National Accounts - SNA 2008 - SNE,2019,6
SNEQ.SG04AB08N000S800,2019.09,5583,Experimental,Dollars,6,A,Consolidated accounts - table 1.2,B08N,Saving,,,,,National Accounts - SNA 2008 - SNE,2019,9
SNEQ.SG04AB08N000S800,2019.12,7753,Experimental,Dollars,6,A,Consolidated accounts - table 1.2,B08N,Saving,,,,,National Accounts - SNA 2008 - SNE,2019,12
SNEQ.SG04AB08N000S800,2020.03,6010,Experimental,Dollars,6,A,Consolidated accounts - table 1.2,B08N,Saving,,,,,National Accounts - SNA 2008 - SNE,2020,3
SNEQ.SG04AB08N000S800,2020.06,2321,Experimental,Dollars,6,A,Consolidated accounts - table 1.2,B08N,Saving,,,,,National Accounts - SNA 2008 - SNE,2020,6
SNEQ.SG04AB08N000S800,2020.09,6987,Experimental,Dollars,6,A,Consolidated accounts - table 1.2,B08N,Saving,,,,,National Accounts - SNA 2008 - SNE,2020,9
SNEQ.SG04AB08N000S800,2020.12,6968,Experimental,Dollars,6,A,Consolidated accounts - table 1.2,B08N,Saving,,,,,National Accounts - SNA 2008 - SNE,2020,12
SNEQ.SG04AB08N000S800,2021.03,3801,Experimental,Dollars,6,A,Consolidated accounts - table 1.2,B08N,Saving,,,,,National Accounts - SNA 2008 - SNE,2021,3
SNEQ.SG04AB08N000S800,2021.06,4034,Experimental,Dollars,6,A,Consolidated accounts - table 1.2,B08N,Saving,,,,,National Accounts - SNA 2008 - SNE,2021,6
SNEQ.SG04AB08N000S800,2021.09,5156,Experimental,Dollars,6,A,Consolidated accounts - table 1.2,B08N,Saving,,,,,National Accounts - SNA 2008 - SNE,2021,9
SNEQ.SG04AB08N000S800,2021.12,5100,Experimental,Dollars,6,A,Consolidated accounts - table 1.2,B08N,Saving,,,,,National Accounts - SNA 2008 - SNE,2021,12
SNEQ.SG04AB08N000S800,2022.03,812,Experimental,Dollars,6,A,Consolidated accounts - table 1.2,B08N,Saving,,,,,National Accounts - SNA 2008 - SNE,2022,3
SNEQ.SG04AB08N000S800,2022.06,2042,Experimental,Dollars,6,A,Consolidated accounts - table 1.2,B08N,Saving,,,,,National Accounts - SNA 2008 - SNE,2022,6
SNEQ.SG04AB08N000S800,2022.09,3649,Experimental,Dollars,6,A,Consolidated accounts - table 1.2,B08N,Saving,,,,,National Accounts - SNA 2008 - SNE,2022,9
SNEQ.SG04AB08N000S800,2022.12,4060,Experimental,Dollars,6,A,Consolidated accounts - table 1.2,B08N,Saving,,,,,National Accounts - SNA 2008 - SNE,2022,12
SNEQ.SG04AB08N000S800,2023.03,2056,Experimental,Dollars,6,A,Consolidated accounts - table 1.2,B08N,Saving,,,,,National Accounts - SNA 2008 - SNE,2023,3
SNEQ.SG04AB08N000S800,2023.06,1592,Experimental,Dollars,6,A,Consolidated accounts - table 1.2,B08N,Saving,,,,,National Accounts - SNA 2008 - SNE,2023,6
SNEQ.SG04AB08N000S800,2023.09,2806,Experimental,Dollars,6,A,Consolidated accounts - table 1.2,B08N,Saving,,,,,National Accounts - SNA 2008 - SNE,2023,9
SNEQ.SG04AB08N000S800,2023.12,1639,Experimental,Dollars,6,A,Consolidated accounts - table 1.2,B08N,Saving,,,,,National Accounts - SNA 2008 - SNE,2023,12
SNEQ.SG04AB08N000S800,2024.03,1148,Experimental,Dollars,6,A,Consolidated accounts - table 1.2,B08N,Saving,,,,,National Accounts - SNA 2008 - SNE,2024,3
SNEQ.SG04AB08N000S800,2024.06,-24,Experimental,Dollars,6,A,Consolidated accounts - table 1.2,B08N,Saving,,,,,National Accounts - SNA 2008 - SNE,2024,6
SNEQ.SG04AB08N000S800,2024.09,777,Experimental,Dollars,6,A,Consolidated accounts - table 1.2,B08N,Saving,,,,,National Accounts - SNA 2008 - SNE,2024,9
SNEQ.SG04AB08N000S800,2024.12,2655,Experimental,Dollars,6,A,Consolidated accounts - table 1.2,B08N,Saving,,,,,National Accounts - SNA 2008 - SNE,2024,12
SNEQ.SG04AB08N000S800,2025.03,1467,Experimental,Dollars,6,A,Consolidated accounts - table 1.2,B08N,Saving,,,,,National Accounts - SNA 2008 - SNE,2025,3
SNEQ.SG04AD01R000S800,2016.06,-88,Experimental,Dollars,6,A,Consolidated accounts - table 1.2,D01R,Compensation of employees,,,,,National Accounts - SNA 2008 - SNE,2016,6
SNEQ.SG04AD01R000S900,2016.06,28638,Experimental,Dollars,6,A,Consolidated accounts - table 1.2,D01R,Compensation of employees,,,,,National Accounts - SNA 2008 - SNE,2016,6
SNEQ.SG04AD01R000S800,2016.09,-56,Experimental,Dollars,6,A,Consolidated accounts - table 1.2,D01R,Compensation of employees,,,,,National Accounts - SNA 2008 - SNE,2016,9
SNEQ.SG04AD01R000S900,2016.09,28653,Experimental,Dollars,6,A,Consolidated accounts - table 1.2,D01R,Compensation of employees,,,,,National Accounts - SNA 2008 - SNE,2016,9
SNEQ.SG04AD01R000S800,2016.12,-48,Experimental,Dollars,6,A,Consolidated accounts - table 1.2,D01R,Compensation of employees,,,,,National Accounts - SNA 2008 - SNE,2016,12
SNEQ.SG04AD01R000S900,2016.12,29244,Experimental,Dollars,6,A,Consolidated accounts - table 1.2,D01R,Compensation of employees,,,,,National Accounts - SNA 2008 - SNE,2016,12
SNEQ.SG04AD01R000S800,2017.03,-67,Experimental,Dollars,6,A,Consolidated accounts - table 1.2,D01R,Compensation of employees,,,,,National Accounts - SNA 2008 - SNE,2017,3
SNEQ.SG04AD01R000S900,2017.03,29169,Experimental,Dollars,6,A,Consolidated accounts - table 1.2,D01R,Compensation of employees,,,,,National Accounts - SNA 2008 - SNE,2017,3
SNEQ.SG04AD01R000S800,2017.06,-98,Experimental,Dollars,6,A,Consolidated accounts - table 1.2,D01R,Compensation of employees,,,,,National Accounts - SNA 2008 - SNE,2017,6
SNEQ.SG04AD01R000S900,2017.06,30105,Experimental,Dollars,6,A,Consolidated accounts - table 1.2,D01R,Compensation of employees,,,,,National Accounts - SNA 2008 - SNE,2017,6
SNEQ.SG04AD01R000S800,2017.09,-66,Experimental,Dollars,6,A,Consolidated accounts - table 1.2,D01R,Compensation of employees,,,,,National Accounts - SNA 2008 - SNE,2017,9
SNEQ.SG04AD01R000S900,2017.09,30220,Experimental,Dollars,6,A,Consolidated accounts - table 1.2,D01R,Compensation of employees,,,,,National Accounts - SNA 2008 - SNE,2017,9
SNEQ.SG04AD01R000S800,2017.12,-56,Experimental,Dollars,6,A,Consolidated accounts - table 1.2,D01R,Compensation of employees,,,,,National Accounts - SNA 2008 - SNE,2017,12
SNEQ.SG04AD01R000S900,2017.12,31538,Experimental,Dollars,6,A,Consolidated accounts - table 1.2,D01R,Compensation of employees,,,,,National Accounts - SNA 2008 - SNE,2017,12
SNEQ.SG04AD01R000S800,2018.03,-78,Experimental,Dollars,6,A,Consolidated accounts - table 1.2,D01R,Compensation of employees,,,,,National Accounts - SNA 2008 - SNE,2018,3
SNEQ.SG04AD01R000S900,2018.03,30943,Experimental,Dollars,6,A,Consolidated accounts - table 1.2,D01R,Compensation of employees,,,,,National Accounts - SNA 2008 - SNE,2018,3
SNEQ.SG04AD01R000S800,2018.06,-113,Experimental,Dollars,6,A,Consolidated accounts - table 1.2,D01R,Compensation of employees,,,,,National Accounts - SNA 2008 - SNE,2018,6
SNEQ.SG04AD01R000S900,2018.06,32145,Experimental,Dollars,6,A,Consolidated accounts - table 1.2,D01R,Compensation of employees,,,,,National Accounts - SNA 2008 - SNE,2018,6
SNEQ.SG04AD01R000S800,2018.09,-76,Experimental,Dollars,6,A,Consolidated accounts - table 1.2,D01R,Compensation of employees,,,,,National Accounts - SNA 2008 - SNE,2018,9
SNEQ.SG04AD01R000S900,2018.09,32051,Experimental,Dollars,6,A,Consolidated accounts - table 1.2,D01R,Compensation of employees,,,,,National Accounts - SNA 2008 - SNE,2018,9
SNEQ.SG04AD01R000S800,2018.12,-68,Experimental,Dollars,6,A,Consolidated accounts - table 1.2,D01R,Compensation of employees,,,,,National Accounts - SNA 2008 - SNE,2018,12
SNEQ.SG04AD01R000S900,2018.12,33733,Experimental,Dollars,6,A,Consolidated accounts - table 1.2,D01R,Compensation of employees,,,,,National Accounts - SNA 2008 - SNE,2018,12
SNEQ.SG04AD01R000S800,2019.03,-86,Experimental,Dollars,6,A,Consolidated accounts - table 1.2,D01R,Compensation of employees,,,,,National Accounts - SNA 2008 - SNE,2019,3
SNEQ.SG04AD01R000S900,2019.03,32635,Experimental,Dollars,6,A,Consolidated accounts - table 1.2,D01R,Compensation of employees,,,,,National Accounts - SNA 2008 - SNE,2019,3
SNEQ.SG04AD01R000S800,2019.06,-130,Experimental,Dollars,6,A,Consolidated accounts - table 1.2,D01R,Compensation of employees,,,,,National Accounts - SNA 2008 - SNE,2019,6
SNEQ.SG04AD01R000S900,2019.06,34310,Experimental,Dollars,6,A,Consolidated accounts - table 1.2,D01R,Compensation of employees,,,,,National Accounts - SNA 2008 - SNE,2019,6
SNEQ.SG04AD01R000S800,2019.09,-90,Experimental,Dollars,6,A,Consolidated accounts - table 1.2,D01R,Compensation of employees,,,,,National Accounts - SNA 2008 - SNE,2019,9
SNEQ.SG04AD01R000S900,2019.09,34309,Experimental,Dollars,6,A,Consolidated accounts - table 1.2,D01R,Compensation of employees,,,,,National Accounts - SNA 2008 - SNE,2019,9
SNEQ.SG04AD01R000S800,2019.12,-83,Experimental,Dollars,6,A,Consolidated accounts - table 1.2,D01R,Compensation of employees,,,,,National Accounts - SNA 2008 - SNE,2019,12
SNEQ.SG04AD01R000S900,2019.12,35665,Experimental,Dollars,6,A,Consolidated accounts - table 1.2,D01R,Compensation of employees,,,,,National Accounts - SNA 2008 - SNE,2019,12
SNEQ.SG04AD01R000S800,2020.03,-99,Experimental,Dollars,6,A,Consolidated accounts - table 1.2,D01R,Compensation of employees,,,,,National Accounts - SNA 2008 - SNE,2020,3
SNEQ.SG04AD01R000S900,2020.03,35143,Experimental,Dollars,6,A,Consolidated accounts - table 1.2,D01R,Compensation of employees,,,,,National Accounts - SNA 2008 - SNE,2020,3
SNEQ.SG04AD01R000S800,2020.06,-123,Experimental,Dollars,6,A,Consolidated accounts - table 1.2,D01R,Compensation of employees,,,,,National Accounts - SNA 2008 - SNE,2020,6
SNEQ.SG04AD01R000S900,2020.06,34792,Experimental,Dollars,6,A,Consolidated accounts - table 1.2,D01R,Compensation of employees,,,,,National Accounts - SNA 2008 - SNE,2020,6
SNEQ.SG04AD01R000S800,2020.09,-100,Experimental,Dollars,6,A,Consolidated accounts - table 1.2,D01R,Compensation of employees,,,,,National Accounts - SNA 2008 - SNE,2020,9
SNEQ.SG04AD01R000S900,2020.09,35646,Experimental,Dollars,6,A,Consolidated accounts - table 1.2,D01R,Compensation of employees,,,,,National Accounts - SNA 2008 - SNE,2020,9
SNEQ.SG04AD01R000S800,2020.12,-85,Experimental,Dollars,6,A,Consolidated accounts - table 1.2,D01R,Compensation of employees,,,,,National Accounts - SNA 2008 - SNE,2020,12
SNEQ.SG04AD01R000S900,2020.12,37110,Experimental,Dollars,6,A,Consolidated accounts - table 1.2,D01R,Compensation of employees,,,,,National Accounts - SNA 2008 - SNE,2020,12
SNEQ.SG04AD01R000S800,2021.03,-92,Experimental,Dollars,6,A,Consolidated accounts - table 1.2,D01R,Compensation of employees,,,,,National Accounts - SNA 2008 - SNE,2021,3
SNEQ.SG04AD01R000S900,2021.03,36907,Experimental,Dollars,6,A,Consolidated accounts - table 1.2,D01R,Compensation of employees,,,,,National Accounts - SNA 2008 - SNE,2021,3
SNEQ.SG04AD01R000S800,2021.06,-116,Experimental,Dollars,6,A,Consolidated accounts - table 1.2,D01R,Compensation of employees,,,,,National Accounts - SNA 2008 - SNE,2021,6
SNEQ.SG04AD01R000S900,2021.06,38815,Experimental,Dollars,6,A,Consolidated accounts - table 1.2,D01R,Compensation of employees,,,,,National Accounts - SNA 2008 - SNE,2021,6
SNEQ.SG04AD01R000S800,2021.09,-104,Experimental,Dollars,6,A,Consolidated accounts - table 1.2,D01R,Compensation of employees,,,,,National Accounts - SNA 2008 - SNE,2021,9
SNEQ.SG04AD01R000S900,2021.09,38789,Experimental,Dollars,6,A,Consolidated accounts - table 1.2,D01R,Compensation of employees,,,,,National Accounts - SNA 2008 - SNE,2021,9
SNEQ.SG04AD01R000S800,2021.12,-109,Experimental,Dollars,6,A,Consolidated accounts - table 1.2,D01R,Compensation of employees,,,,,National Accounts - SNA 2008 - SNE,2021,12
SNEQ.SG04AD01R000S900,2021.12,40918,Experimental,Dollars,6,A,Consolidated accounts - table 1.2,D01R,Compensation of employees,,,,,National Accounts - SNA 2008 - SNE,2021,12
SNEQ.SG04AD01R000S800,2022.03,-132,Experimental,Dollars,6,A,Consolidated accounts - table 1.2,D01R,Compensation of employees,,,,,National Accounts - SNA 2008 - SNE,2022,3
SNEQ.SG04AD01R000S900,2022.03,40138,Experimental,Dollars,6,A,Consolidated accounts - table 1.2,D01R,Compensation of employees,,,,,National Accounts - SNA 2008 - SNE,2022,3
SNEQ.SG04AD01R000S800,2022.06,-187,Experimental,Dollars,6,A,Consolidated accounts - table 1.2,D01R,Compensation of employees,,,,,National Accounts - SNA 2008 - SNE,2022,6
SNEQ.SG04AD01R000S900,2022.06,42081,Experimental,Dollars,6,A,Consolidated accounts - table 1.2,D01R,Compensation of employees,,,,,National Accounts - SNA 2008 - SNE,2022,6
SNEQ.SG04AD01R000S800,2022.09,-136,Experimental,Dollars,6,A,Consolidated accounts - table 1.2,D01R,Compensation of employees,,,,,National Accounts - SNA 2008 - SNE,2022,9
SNEQ.SG04AD01R000S900,2022.09,42635,Experimental,Dollars,6,A,Consolidated accounts - table 1.2,D01R,Compensation of employees,,,,,National Accounts - SNA 2008 - SNE,2022,9
SNEQ.SG04AD01R000S800,2022.12,-116,Experimental,Dollars,6,A,Consolidated accounts - table 1.2,D01R,Compensation of employees,,,,,National Accounts - SNA 2008 - SNE,2022,12
SNEQ.SG04AD01R000S900,2022.12,43746,Experimental,Dollars,6,A,Consolidated accounts - table 1.2,D01R,Compensation of employees,,,,,National Accounts - SNA 2008 - SNE,2022,12
SNEQ.SG04AD01R000S800,2023.03,-142,Experimental,Dollars,6,A,Consolidated accounts - table 1.2,D01R,Compensation of employees,,,,,National Accounts - SNA 2008 - SNE,2023,3
SNEQ.SG04AD01R000S900,2023.03,43506,Experimental,Dollars,6,A,Consolidated accounts - table 1.2,D01R,Compensation of employees,,,,,National Accounts - SNA 2008 - SNE,2023,3
SNEQ.SG04AD01R000S800,2023.06,-198,Experimental,Dollars,6,A,Consolidated accounts - table 1.2,D01R,Compensation of employees,,,,,National Accounts - SNA 2008 - SNE,2023,6
SNEQ.SG04AD01R000S900,2023.06,45586,Experimental,Dollars,6,A,Consolidated accounts - table 1.2,D01R,Compensation of employees,,,,,National Accounts - SNA 2008 - SNE,2023,6
SNEQ.SG04AD01R000S800,2023.09,-148,Experimental,Dollars,6,A,Consolidated accounts - table 1.2,D01R,Compensation of employees,,,,,National Accounts - SNA 2008 - SNE,2023,9
SNEQ.SG04AD01R000S900,2023.09,46001,Experimental,Dollars,6,A,Consolidated accounts - table 1.2,D01R,Compensation of employees,,,,,National Accounts - SNA 2008 - SNE,2023,9
SNEQ.SG04AD01R000S800,2023.12,-131,Experimental,Dollars,6,A,Consolidated accounts - table 1.2,D01R,Compensation of employees,,,,,National Accounts - SNA 2008 - SNE,2023,12
SNEQ.SG04AD01R000S900,2023.12,47234,Experimental,Dollars,6,A,Consolidated accounts - table 1.2,D01R,Compensation of employees,,,,,National Accounts - SNA 2008 - SNE,2023,12
SNEQ.SG04AD01R000S800,2024.03,-164,Experimental,Dollars,6,A,Consolidated accounts - table 1.2,D01R,Compensation of employees,,,,,National Accounts - SNA 2008 - SNE,2024,3
SNEQ.SG04AD01R000S900,2024.03,46809,Experimental,Dollars,6,A,Consolidated accounts - table 1.2,D01R,Compensation of employees,,,,,National Accounts - SNA 2008 - SNE,2024,3
SNEQ.SG04AD01R000S800,2024.06,-213,Experimental,Dollars,6,A,Consolidated accounts - table 1.2,D01R,Compensation of employees,,,,,National Accounts - SNA 2008 - SNE,2024,6
SNEQ.SG04AD01R000S900,2024.06,48268,Experimental,Dollars,6,A,Consolidated accounts - table 1.2,D01R,Compensation of employees,,,,,National Accounts - SNA 2008 - SNE,2024,6
SNEQ.SG04AD01R000S800,2024.09,-154,Experimental,Dollars,6,A,Consolidated accounts - table 1.2,D01R,Compensation of employees,,,,,National Accounts - SNA 2008 - SNE,2024,9
SNEQ.SG04AD01R000S900,2024.09,47634,Experimental,Dollars,6,A,Consolidated accounts - table 1.2,D01R,Compensation of employees,,,,,National Accounts - SNA 2008 - SNE,2024,9
SNEQ.SG04AD01R000S800,2024.12,-145,Experimental,Dollars,6,A,Consolidated accounts - table 1.2,D01R,Compensation of employees,,,,,National Accounts - SNA 2008 - SNE,2024,12
SNEQ.SG04AD01R000S900,2024.12,47939,Experimental,Dollars,6,A,Consolidated accounts - table 1.2,D01R,Compensation of employees,,,,,National Accounts - SNA 2008 - SNE,2024,12
SNEQ.SG04AD01R000S800,2025.03,-166,Experimental,Dollars,6,A,Consolidated accounts - table 1.2,D01R,Compensation of employees,,,,,National Accounts - SNA 2008 - SNE,2025,3
SNEQ.SG04AD01R000S900,2025.03,47661,Experimental,Dollars,6,A,Consolidated accounts - table 1.2,D01R,Compensation of employees,,,,,National Accounts - SNA 2008 - SNE,2025,3
SNEQ.SG04AD02R000S900,2016.06,8787,Experimental,Dollars,6,A,Consolidated accounts - table 1.2,D02R,Taxes on production and imports,,,,,National Accounts - SNA 2008 - SNE,2016,6
SNEQ.SG04AD02R000S900,2016.09,9001,Experimental,Dollars,6,A,Consolidated accounts - table 1.2,D02R,Taxes on production and imports,,,,,National Accounts - SNA 2008 - SNE,2016,9
SNEQ.SG04AD02R000S900,2016.12,10150,Experimental,Dollars,6,A,Consolidated accounts - table 1.2,D02R,Taxes on production and imports,,,,,National Accounts - SNA 2008 - SNE,2016,12
SNEQ.SG04AD02R000S900,2017.03,9014,Experimental,Dollars,6,A,Consolidated accounts - table 1.2,D02R,Taxes on production and imports,,,,,National Accounts - SNA 2008 - SNE,2017,3
SNEQ.SG04AD02R000S900,2017.06,9246,Experimental,Dollars,6,A,Consolidated accounts - table 1.2,D02R,Taxes on production and imports,,,,,National Accounts - SNA 2008 - SNE,2017,6
SNEQ.SG04AD02R000S900,2017.09,9403,Experimental,Dollars,6,A,Consolidated accounts - table 1.2,D02R,Taxes on production and imports,,,,,National Accounts - SNA 2008 - SNE,2017,9
SNEQ.SG04AD02R000S900,2017.12,10815,Experimental,Dollars,6,A,Consolidated accounts - table 1.2,D02R,Taxes on production and imports,,,,,National Accounts - SNA 2008 - SNE,2017,12
SNEQ.SG04AD02R000S900,2018.03,9485,Experimental,Dollars,6,A,Consolidated accounts - table 1.2,D02R,Taxes on production and imports,,,,,National Accounts - SNA 2008 - SNE,2018,3
SNEQ.SG04AD02R000S900,2018.06,9642,Experimental,Dollars,6,A,Consolidated accounts - table 1.2,D02R,Taxes on production and imports,,,,,National Accounts - SNA 2008 - SNE,2018,6
SNEQ.SG04AD02R000S900,2018.09,10016,Experimental,Dollars,6,A,Consolidated accounts - table 1.2,D02R,Taxes on production and imports,,,,,National Accounts - SNA 2008 - SNE,2018,9
SNEQ.SG04AD02R000S900,2018.12,11449,Experimental,Dollars,6,A,Consolidated accounts - table 1.2,D02R,Taxes on production and imports,,,,,National Accounts - SNA 2008 - SNE,2018,12
SNEQ.SG04AD02R000S900,2019.03,9976,Experimental,Dollars,6,A,Consolidated accounts - table 1.2,D02R,Taxes on production and imports,,,,,National Accounts - SNA 2008 - SNE,2019,3
SNEQ.SG04AD02R000S900,2019.06,10702,Experimental,Dollars,6,A,Consolidated accounts - table 1.2,D02R,Taxes on production and imports,,,,,National Accounts - SNA 2008 - SNE,2019,6
SNEQ.SG04AD02R000S900,2019.09,10627,Experimental,Dollars,6,A,Consolidated accounts - table 1.2,D02R,Taxes on production and imports,,,,,National Accounts - SNA 2008 - SNE,2019,9
SNEQ.SG04AD02R000S900,2019.12,12049,Experimental,Dollars,6,A,Consolidated accounts - table 1.2,D02R,Taxes on production and imports,,,,,National Accounts - SNA 2008 - SNE,2019,12
SNEQ.SG04AD02R000S900,2020.03,10351,Experimental,Dollars,6,A,Consolidated accounts - table 1.2,D02R,Taxes on production and imports,,,,,National Accounts - SNA 2008 - SNE,2020,3
SNEQ.SG04AD02R000S900,2020.06,9345,Experimental,Dollars,6,A,Consolidated accounts - table 1.2,D02R,Taxes on production and imports,,,,,National Accounts - SNA 2008 - SNE,2020,6
SNEQ.SG04AD02R000S900,2020.09,10600,Experimental,Dollars,6,A,Consolidated accounts - table 1.2,D02R,Taxes on production and imports,,,,,National Accounts - SNA 2008 - SNE,2020,9
SNEQ.SG04AD02R000S900,2020.12,11623,Experimental,Dollars,6,A,Consolidated accounts - table 1.2,D02R,Taxes on production and imports,,,,,National Accounts - SNA 2008 - SNE,2020,12
SNEQ.SG04AD02R000S900,2021.03,10834,Experimental,Dollars,6,A,Consolidated accounts - table 1.2,D02R,Taxes on production and imports,,,,,National Accounts - SNA 2008 - SNE,2021,3
SNEQ.SG04AD02R000S900,2021.06,12332,Experimental,Dollars,6,A,Consolidated accounts - table 1.2,D02R,Taxes on production and imports,,,,,National Accounts - SNA 2008 - SNE,2021,6
SNEQ.SG04AD02R000S900,2021.09,11230,Experimental,Dollars,6,A,Consolidated accounts - table 1.2,D02R,Taxes on production and imports,,,,,National Accounts - SNA 2008 - SNE,2021,9
SNEQ.SG04AD02R000S900,2021.12,12666,Experimental,Dollars,6,A,Consolidated accounts - table 1.2,D02R,Taxes on production and imports,,,,,National Accounts - SNA 2008 - SNE,2021,12
SNEQ.SG04AD02R000S900,2022.03,11426,Experimental,Dollars,6,A,Consolidated accounts - table 1.2,D02R,Taxes on production and imports,,,,,National Accounts - SNA 2008 - SNE,2022,3
SNEQ.SG04AD02R000S900,2022.06,12178,Experimental,Dollars,6,A,Consolidated accounts - table 1.2,D02R,Taxes on production and imports,,,,,National Accounts - SNA 2008 - SNE,2022,6
SNEQ.SG04AD02R000S900,2022.09,12394,Experimental,Dollars,6,A,Consolidated accounts - table 1.2,D02R,Taxes on production and imports,,,,,National Accounts - SNA 2008 - SNE,2022,9
SNEQ.SG04AD02R000S900,2022.12,13382,Experimental,Dollars,6,A,Consolidated accounts - table 1.2,D02R,Taxes on production and imports,,,,,National Accounts - SNA 2008 - SNE,2022,12
SNEQ.SG04AD02R000S900,2023.03,12145,Experimental,Dollars,6,A,Consolidated accounts - table 1.2,D02R,Taxes on production and imports,,,,,National Accounts - SNA 2008 - SNE,2023,3
SNEQ.SG04AD02R000S900,2023.06,12799,Experimental,Dollars,6,A,Consolidated accounts - table 1.2,D02R,Taxes on production and imports,,,,,National Accounts - SNA 2008 - SNE,2023,6
SNEQ.SG04AD02R000S900,2023.09,13189,Experimental,Dollars,6,A,Consolidated accounts - table 1.2,D02R,Taxes on production and imports,,,,,National Accounts - SNA 2008 - SNE,2023,9
SNEQ.SG04AD02R000S900,2023.12,14555,Experimental,Dollars,6,A,Consolidated accounts - table 1.2,D02R,Taxes on production and imports,,,,,National Accounts - SNA 2008 - SNE,2023,12
SNEQ.SG04AD02R000S900,2024.03,13223,Experimental,Dollars,6,A,Consolidated accounts - table 1.2,D02R,Taxes on production and imports,,,,,National Accounts - SNA 2008 - SNE,2024,3
SNEQ.SG04AD02R000S900,2024.06,14031,Experimental,Dollars,6,A,Consolidated accounts - table 1.2,D02R,Taxes on production and imports,,,,,National Accounts - SNA 2008 - SNE,2024,6
SNEQ.SG04AD02R000S900,2024.09,13851,Experimental,Dollars,6,A,Consolidated accounts - table 1.2,D02R,Taxes on production and imports,,,,,National Accounts - SNA 2008 - SNE,2024,9
SNEQ.SG04AD02R000S900,2024.12,14960,Experimental,Dollars,6,A,Consolidated accounts - table 1.2,D02R,Taxes on production and imports,,,,,National Accounts - SNA 2008 - SNE,2024,12
SNEQ.SG04AD02R000S900,2025.03,13892,Experimental,Dollars,6,A,Consolidated accounts - table 1.2,D02R,Taxes on production and imports,,,,,National Accounts - SNA 2008 - SNE,2025,3
SNEQ.SG04AD03R000S900,2016.06,191,Experimental,Dollars,6,A,Consolidated accounts - table 1.2,D03R,Subsidies,,,,,National Accounts - SNA 2008 - SNE,2016,6
SNEQ.SG04AD03R000S900,2016.09,218,Experimental,Dollars,6,A,Consolidated accounts - table 1.2,D03R,Subsidies,,,,,National Accounts - SNA 2008 - SNE,2016,9
SNEQ.SG04AD03R000S900,2016.12,231,Experimental,Dollars,6,A,Consolidated accounts - table 1.2,D03R,Subsidies,,,,,National Accounts - SNA 2008 - SNE,2016,12
SNEQ.SG04AD03R000S900,2017.03,251,Experimental,Dollars,6,A,Consolidated accounts - table 1.2,D03R,Subsidies,,,,,National Accounts - SNA 2008 - SNE,2017,3
SNEQ.SG04AD03R000S900,2017.06,252,Experimental,Dollars,6,A,Consolidated accounts - table 1.2,D03R,Subsidies,,,,,National Accounts - SNA 2008 - SNE,2017,6
SNEQ.SG04AD03R000S900,2017.09,241,Experimental,Dollars,6,A,Consolidated accounts - table 1.2,D03R,Subsidies,,,,,National Accounts - SNA 2008 - SNE,2017,9
SNEQ.SG04AD03R000S900,2017.12,264,Experimental,Dollars,6,A,Consolidated accounts - table 1.2,D03R,Subsidies,,,,,National Accounts - SNA 2008 - SNE,2017,12
SNEQ.SG04AD03R000S900,2018.03,255,Experimental,Dollars,6,A,Consolidated accounts - table 1.2,D03R,Subsidies,,,,,National Accounts - SNA 2008 - SNE,2018,3
SNEQ.SG04AD03R000S900,2018.06,262,Experimental,Dollars,6,A,Consolidated accounts - table 1.2,D03R,Subsidies,,,,,National Accounts - SNA 2008 - SNE,2018,6
SNEQ.SG04AD03R000S900,2018.09,263,Experimental,Dollars,6,A,Consolidated accounts - table 1.2,D03R,Subsidies,,,,,National Accounts - SNA 2008 - SNE,2018,9
SNEQ.SG04AD03R000S900,2018.12,257,Experimental,Dollars,6,A,Consolidated accounts - table 1.2,D03R,Subsidies,,,,,National Accounts - SNA 2008 - SNE,2018,12
SNEQ.SG04AD03R000S900,2019.03,258,Experimental,Dollars,6,A,Consolidated accounts - table 1.2,D03R,Subsidies,,,,,National Accounts - SNA 2008 - SNE,2019,3
SNEQ.SG04AD03R000S900,2019.06,258,Experimental,Dollars,6,A,Consolidated accounts - table 1.2,D03R,Subsidies,,,,,National Accounts - SNA 2008 - SNE,2019,6
SNEQ.SG04AD03R000S900,2019.09,327,Experimental,Dollars,6,A,Consolidated accounts - table 1.2,D03R,Subsidies,,,,,National Accounts - SNA 2008 - SNE,2019,9
SNEQ.SG04AD03R000S900,2019.12,295,Experimental,Dollars,6,A,Consolidated accounts - table 1.2,D03R,Subsidies,,,,,National Accounts - SNA 2008 - SNE,2019,12
SNEQ.SG04AD03R000S900,2020.03,4080,Experimental,Dollars,6,A,Consolidated accounts - table 1.2,D03R,Subsidies,,,,,National Accounts - SNA 2008 - SNE,2020,3
SNEQ.SG04AD03R000S900,2020.06,8548,Experimental,Dollars,6,A,Consolidated accounts - table 1.2,D03R,Subsidies,,,,,National Accounts - SNA 2008 - SNE,2020,6
SNEQ.SG04AD03R000S900,2020.09,2299,Experimental,Dollars,6,A,Consolidated accounts - table 1.2,D03R,Subsidies,,,,,National Accounts - SNA 2008 - SNE,2020,9
SNEQ.SG04AD03R000S900,2020.12,531,Experimental,Dollars,6,A,Consolidated accounts - table 1.2,D03R,Subsidies,,,,,National Accounts - SNA 2008 - SNE,2020,12
SNEQ.SG04AD03R000S900,2021.03,896,Experimental,Dollars,6,A,Consolidated accounts - table 1.2,D03R,Subsidies,,,,,National Accounts - SNA 2008 - SNE,2021,3
SNEQ.SG04AD03R000S900,2021.06,584,Experimental,Dollars,6,A,Consolidated accounts - table 1.2,D03R,Subsidies,,,,,National Accounts - SNA 2008 - SNE,2021,6
SNEQ.SG04AD03R000S900,2021.09,4402,Experimental,Dollars,6,A,Consolidated accounts - table 1.2,D03R,Subsidies,,,,,National Accounts - SNA 2008 - SNE,2021,9
SNEQ.SG04AD03R000S900,2021.12,4375,Experimental,Dollars,6,A,Consolidated accounts - table 1.2,D03R,Subsidies,,,,,National Accounts - SNA 2008 - SNE,2021,12
SNEQ.SG04AD03R000S900,2022.03,1971,Experimental,Dollars,6,A,Consolidated accounts - table 1.2,D03R,Subsidies,,,,,National Accounts - SNA 2008 - SNE,2022,3
SNEQ.SG04AD03R000S900,2022.06,1133,Experimental,Dollars,6,A,Consolidated accounts - table 1.2,D03R,Subsidies,,,,,National Accounts - SNA 2008 - SNE,2022,6
SNEQ.SG04AD03R000S900,2022.09,853,Experimental,Dollars,6,A,Consolidated accounts - table 1.2,D03R,Subsidies,,,,,National Accounts - SNA 2008 - SNE,2022,9
SNEQ.SG04AD03R000S900,2022.12,656,Experimental,Dollars,6,A,Consolidated accounts - table 1.2,D03R,Subsidies,,,,,National Accounts - SNA 2008 - SNE,2022,12
SNEQ.SG04AD03R000S900,2023.03,654,Experimental,Dollars,6,A,Consolidated accounts - table 1.2,D03R,Subsidies,,,,,National Accounts - SNA 2008 - SNE,2023,3
SNEQ.SG04AD03R000S900,2023.06,559,Experimental,Dollars,6,A,Consolidated accounts - table 1.2,D03R,Subsidies,,,,,National Accounts - SNA 2008 - SNE,2023,6
SNEQ.SG04AD03R000S900,2023.09,614,Experimental,Dollars,6,A,Consolidated accounts - table 1.2,D03R,Subsidies,,,,,National Accounts - SNA 2008 - SNE,2023,9
SNEQ.SG04AD03R000S900,2023.12,575,Experimental,Dollars,6,A,Consolidated accounts - table 1.2,D03R,Subsidies,,,,,National Accounts - SNA 2008 - SNE,2023,12
SNEQ.SG04AD03R000S900,2024.03,633,Experimental,Dollars,6,A,Consolidated accounts - table 1.2,D03R,Subsidies,,,,,National Accounts - SNA 2008 - SNE,2024,3
SNEQ.SG04AD03R000S900,2024.06,541,Experimental,Dollars,6,A,Consolidated accounts - table 1.2,D03R,Subsidies,,,,,National Accounts - SNA 2008 - SNE,2024,6
SNEQ.SG04AD03R000S900,2024.09,632,Experimental,Dollars,6,A,Consolidated accounts - table 1.2,D03R,Subsidies,,,,,National Accounts - SNA 2008 - SNE,2024,9
SNEQ.SG04AD03R000S900,2024.12,573,Experimental,Dollars,6,A,Consolidated accounts - table 1.2,D03R,Subsidies,,,,,National Accounts - SNA 2008 - SNE,2024,12
SNEQ.SG04AD03R000S900,2025.03,566,Experimental,Dollars,6,A,Consolidated accounts - table 1.2,D03R,Subsidies,,,,,National Accounts - SNA 2008 - SNE,2025,3
SNEQ.SG04AP030000S900,2016.06,50207,Experimental,Dollars,6,A,Consolidated accounts - table 1.2,P03,Final consumption expenditure,,,,,National Accounts - SNA 2008 - SNE,2016,6
SNEQ.SG04AP030000S900,2016.09,51208,Experimental,Dollars,6,A,Consolidated accounts - table 1.2,P03,Final consumption expenditure,,,,,National Accounts - SNA 2008 - SNE,2016,9
SNEQ.SG04AP030000S900,2016.12,53927,Experimental,Dollars,6,A,Consolidated accounts - table 1.2,P03,Final consumption expenditure,,,,,National Accounts - SNA 2008 - SNE,2016,12
SNEQ.SG04AP030000S900,2017.03,51157,Experimental,Dollars,6,A,Consolidated accounts - table 1.2,P03,Final consumption expenditure,,,,,National Accounts - SNA 2008 - SNE,2017,3
SNEQ.SG04AP030000S900,2017.06,53384,Experimental,Dollars,6,A,Consolidated accounts - table 1.2,P03,Final consumption expenditure,,,,,National Accounts - SNA 2008 - SNE,2017,6
SNEQ.SG04AP030000S900,2017.09,54488,Experimental,Dollars,6,A,Consolidated accounts - table 1.2,P03,Final consumption expenditure,,,,,National Accounts - SNA 2008 - SNE,2017,9
SNEQ.SG04AP030000S900,2017.12,57462,Experimental,Dollars,6,A,Consolidated accounts - table 1.2,P03,Final consumption expenditure,,,,,National Accounts - SNA 2008 - SNE,2017,12
SNEQ.SG04AP030000S900,2018.03,53807,Experimental,Dollars,6,A,Consolidated accounts - table 1.2,P03,Final consumption expenditure,,,,,National Accounts - SNA 2008 - SNE,2018,3
SNEQ.SG04AP030000S900,2018.06,56755,Experimental,Dollars,6,A,Consolidated accounts - table 1.2,P03,Final consumption expenditure,,,,,National Accounts - SNA 2008 - SNE,2018,6
SNEQ.SG04AP030000S900,2018.09,58005,Experimental,Dollars,6,A,Consolidated accounts - table 1.2,P03,Final consumption expenditure,,,,,National Accounts - SNA 2008 - SNE,2018,9
SNEQ.SG04AP030000S900,2018.12,61200,Experimental,Dollars,6,A,Consolidated accounts - table 1.2,P03,Final consumption expenditure,,,,,National Accounts - SNA 2008 - SNE,2018,12
SNEQ.SG04AP030000S900,2019.03,57036,Experimental,Dollars,6,A,Consolidated accounts - table 1.2,P03,Final consumption expenditure,,,,,National Accounts - SNA 2008 - SNE,2019,3
SNEQ.SG04AP030000S900,2019.06,60248,Experimental,Dollars,6,A,Consolidated accounts - table 1.2,P03,Final consumption expenditure,,,,,National Accounts - SNA 2008 - SNE,2019,6
SNEQ.SG04AP030000S900,2019.09,61079,Experimental,Dollars,6,A,Consolidated accounts - table 1.2,P03,Final consumption expenditure,,,,,National Accounts - SNA 2008 - SNE,2019,9
SNEQ.SG04AP030000S900,2019.12,64498,Experimental,Dollars,6,A,Consolidated accounts - table 1.2,P03,Final consumption expenditure,,,,,National Accounts - SNA 2008 - SNE,2019,12
SNEQ.SG04AP030000S900,2020.03,59983,Experimental,Dollars,6,A,Consolidated accounts - table 1.2,P03,Final consumption expenditure,,,,,National Accounts - SNA 2008 - SNE,2020,3
SNEQ.SG04AP030000S900,2020.06,57309,Experimental,Dollars,6,A,Consolidated accounts - table 1.2,P03,Final consumption expenditure,,,,,National Accounts - SNA 2008 - SNE,2020,6
SNEQ.SG04AP030000S900,2020.09,63481,Experimental,Dollars,6,A,Consolidated accounts - table 1.2,P03,Final consumption expenditure,,,,,National Accounts - SNA 2008 - SNE,2020,9
SNEQ.SG04AP030000S900,2020.12,67794,Experimental,Dollars,6,A,Consolidated accounts - table 1.2,P03,Final consumption expenditure,,,,,National Accounts - SNA 2008 - SNE,2020,12
SNEQ.SG04AP030000S900,2021.03,65912,Experimental,Dollars,6,A,Consolidated accounts - table 1.2,P03,Final consumption expenditure,,,,,National Accounts - SNA 2008 - SNE,2021,3
SNEQ.SG04AP030000S900,2021.06,69246,Experimental,Dollars,6,A,Consolidated accounts - table 1.2,P03,Final consumption expenditure,,,,,National Accounts - SNA 2008 - SNE,2021,6
SNEQ.SG04AP030000S900,2021.09,66891,Experimental,Dollars,6,A,Consolidated accounts - table 1.2,P03,Final consumption expenditure,,,,,National Accounts - SNA 2008 - SNE,2021,9
SNEQ.SG04AP030000S900,2021.12,74277,Experimental,Dollars,6,A,Consolidated accounts - table 1.2,P03,Final consumption expenditure,,,,,National Accounts - SNA 2008 - SNE,2021,12
SNEQ.SG04AP030000S900,2022.03,72569,Experimental,Dollars,6,A,Consolidated accounts - table 1.2,P03,Final consumption expenditure,,,,,National Accounts - SNA 2008 - SNE,2022,3
SNEQ.SG04AP030000S900,2022.06,75290,Experimental,Dollars,6,A,Consolidated accounts - table 1.2,P03,Final consumption expenditure,,,,,National Accounts - SNA 2008 - SNE,2022,6
SNEQ.SG04AP030000S900,2022.09,77148,Experimental,Dollars,6,A,Consolidated accounts - table 1.2,P03,Final consumption expenditure,,,,,National Accounts - SNA 2008 - SNE,2022,9
SNEQ.SG04AP030000S900,2022.12,81561,Experimental,Dollars,6,A,Consolidated accounts - table 1.2,P03,Final consumption expenditure,,,,,National Accounts - SNA 2008 - SNE,2022,12
SNEQ.SG04AP030000S900,2023.03,77351,Experimental,Dollars,6,A,Consolidated accounts - table 1.2,P03,Final consumption expenditure,,,,,National Accounts - SNA 2008 - SNE,2023,3
SNEQ.SG04AP030000S900,2023.06,81582,Experimental,Dollars,6,A,Consolidated accounts - table 1.2,P03,Final consumption expenditure,,,,,National Accounts - SNA 2008 - SNE,2023,6
SNEQ.SG04AP030000S900,2023.09,82050,Experimental,Dollars,6,A,Consolidated accounts - table 1.2,P03,Final consumption expenditure,,,,,National Accounts - SNA 2008 - SNE,2023,9
SNEQ.SG04AP030000S900,2023.12,86247,Experimental,Dollars,6,A,Consolidated accounts - table 1.2,P03,Final consumption expenditure,,,,,National Accounts - SNA 2008 - SNE,2023,12
SNEQ.SG04AP030000S900,2024.03,80868,Experimental,Dollars,6,A,Consolidated accounts - table 1.2,P03,Final consumption expenditure,,,,,National Accounts - SNA 2008 - SNE,2024,3
SNEQ.SG04AP030000S900,2024.06,84645,Experimental,Dollars,6,A,Consolidated accounts - table 1.2,P03,Final consumption expenditure,,,,,National Accounts - SNA 2008 - SNE,2024,6
SNEQ.SG04AP030000S900,2024.09,84518,Experimental,Dollars,6,A,Consolidated accounts - table 1.2,P03,Final consumption expenditure,,,,,National Accounts - SNA 2008 - SNE,2024,9
SNEQ.SG04AP030000S900,2024.12,88363,Experimental,Dollars,6,A,Consolidated accounts - table 1.2,P03,Final consumption expenditure,,,,,National Accounts - SNA 2008 - SNE,2024,12
SNEQ.SG04AP030000S900,2025.03,84074,Experimental,Dollars,6,A,Consolidated accounts - table 1.2,P03,Final consumption expenditure,,,,,National Accounts - SNA 2008 - SNE,2025,3
SNEQ.SG04AP051C00S900,2016.06,9254,Experimental,Dollars,6,A,Consolidated accounts - table 1.2,P051C,Consumption of fixed capital,AN1,Produced non-financial assets,,,National Accounts - SNA 2008 - SNE,2016,6
SNEQ.SG04AP051C00S900,2016.09,9402,Experimental,Dollars,6,A,Consolidated accounts - table 1.2,P051C,Consumption of fixed capital,AN1,Produced non-financial assets,,,National Accounts - SNA 2008 - SNE,2016,9
SNEQ.SG04AP051C00S900,2016.12,9548,Experimental,Dollars,6,A,Consolidated accounts - table 1.2,P051C,Consumption of fixed capital,AN1,Produced non-financial assets,,,National Accounts - SNA 2008 - SNE,2016,12
SNEQ.SG04AP051C00S900,2017.03,9699,Experimental,Dollars,6,A,Consolidated accounts - table 1.2,P051C,Consumption of fixed capital,AN1,Produced non-financial assets,,,National Accounts - SNA 2008 - SNE,2017,3
SNEQ.SG04AP051C00S900,2017.06,9697,Experimental,Dollars,6,A,Consolidated accounts - table 1.2,P051C,Consumption of fixed capital,AN1,Produced non-financial assets,,,National Accounts - SNA 2008 - SNE,2017,6
SNEQ.SG04AP051C00S900,2017.09,9842,Experimental,Dollars,6,A,Consolidated accounts - table 1.2,P051C,Consumption of fixed capital,AN1,Produced non-financial assets,,,National Accounts - SNA 2008 - SNE,2017,9
SNEQ.SG04AP051C00S900,2017.12,9999,Experimental,Dollars,6,A,Consolidated accounts - table 1.2,P051C,Consumption of fixed capital,AN1,Produced non-financial assets,,,National Accounts - SNA 2008 - SNE,2017,12
SNEQ.SG04AP051C00S900,2018.03,10234,Experimental,Dollars,6,A,Consolidated accounts - table 1.2,P051C,Consumption of fixed capital,AN1,Produced non-financial assets,,,National Accounts - SNA 2008 - SNE,2018,3
SNEQ.SG04AP051C00S900,2018.06,11056,Experimental,Dollars,6,A,Consolidated accounts - table 1.2,P051C,Consumption of fixed capital,AN1,Produced non-financial assets,,,National Accounts - SNA 2008 - SNE,2018,6
SNEQ.SG04AP051C00S900,2018.09,11222,Experimental,Dollars,6,A,Consolidated accounts - table 1.2,P051C,Consumption of fixed capital,AN1,Produced non-financial assets,,,National Accounts - SNA 2008 - SNE,2018,9
SNEQ.SG04AP051C00S900,2018.12,11414,Experimental,Dollars,6,A,Consolidated accounts - table 1.2,P051C,Consumption of fixed capital,AN1,Produced non-financial assets,,,National Accounts - SNA 2008 - SNE,2018,12
SNEQ.SG04AP051C00S900,2019.03,11508,Experimental,Dollars,6,A,Consolidated accounts - table 1.2,P051C,Consumption of fixed capital,AN1,Produced non-financial assets,,,National Accounts - SNA 2008 - SNE,2019,3
SNEQ.SG04AP051C00S900,2019.06,10939,Experimental,Dollars,6,A,Consolidated accounts - table 1.2,P051C,Consumption of fixed capital,AN1,Produced non-financial assets,,,National Accounts - SNA 2008 - SNE,2019,6
SNEQ.SG04AP051C00S900,2019.09,11100,Experimental,Dollars,6,A,Consolidated accounts - table 1.2,P051C,Consumption of fixed capital,AN1,Produced non-financial assets,,,National Accounts - SNA 2008 - SNE,2019,9
SNEQ.SG04AP051C00S900,2019.12,11298,Experimental,Dollars,6,A,Consolidated accounts - table 1.2,P051C,Consumption of fixed capital,AN1,Produced non-financial assets,,,National Accounts - SNA 2008 - SNE,2019,12
SNEQ.SG04AP051C00S900,2020.03,11514,Experimental,Dollars,6,A,Consolidated accounts - table 1.2,P051C,Consumption of fixed capital,AN1,Produced non-financial assets,,,National Accounts - SNA 2008 - SNE,2020,3
SNEQ.SG04AP051C00S900,2020.06,11577,Experimental,Dollars,6,A,Consolidated accounts - table 1.2,P051C,Consumption of fixed capital,AN1,Produced non-financial assets,,,National Accounts - SNA 2008 - SNE,2020,6
SNEQ.SG04AP051C00S900,2020.09,11683,Experimental,Dollars,6,A,Consolidated accounts - table 1.2,P051C,Consumption of fixed capital,AN1,Produced non-financial assets,,,National Accounts - SNA 2008 - SNE,2020,9
SNEQ.SG04AP051C00S900,2020.12,11803,Experimental,Dollars,6,A,Consolidated accounts - table 1.2,P051C,Consumption of fixed capital,AN1,Produced non-financial assets,,,National Accounts - SNA 2008 - SNE,2020,12
SNEQ.SG04AP051C00S900,2021.03,11879,Experimental,Dollars,6,A,Consolidated accounts - table 1.2,P051C,Consumption of fixed capital,AN1,Produced non-financial assets,,,National Accounts - SNA 2008 - SNE,2021,3
SNEQ.SG04AP051C00S900,2021.06,12216,Experimental,Dollars,6,A,Consolidated accounts - table 1.2,P051C,Consumption of fixed capital,AN1,Produced non-financial assets,,,National Accounts - SNA 2008 - SNE,2021,6
SNEQ.SG04AP051C00S900,2021.09,12467,Experimental,Dollars,6,A,Consolidated accounts - table 1.2,P051C,Consumption of fixed capital,AN1,Produced non-financial assets,,,National Accounts - SNA 2008 - SNE,2021,9
SNEQ.SG04AP051C00S900,2021.12,12747,Experimental,Dollars,6,A,Consolidated accounts - table 1.2,P051C,Consumption of fixed capital,AN1,Produced non-financial assets,,,National Accounts - SNA 2008 - SNE,2021,12
SNEQ.SG04AP051C00S900,2022.03,13176,Experimental,Dollars,6,A,Consolidated accounts - table 1.2,P051C,Consumption of fixed capital,AN1,Produced non-financial assets,,,National Accounts - SNA 2008 - SNE,2022,3
SNEQ.SG04AP051C00S900,2022.06,13618,Experimental,Dollars,6,A,Consolidated accounts - table 1.2,P051C,Consumption of fixed capital,AN1,Produced non-financial assets,,,National Accounts - SNA 2008 - SNE,2022,6
SNEQ.SG04AP051C00S900,2022.09,14175,Experimental,Dollars,6,A,Consolidated accounts - table 1.2,P051C,Consumption of fixed capital,AN1,Produced non-financial assets,,,National Accounts - SNA 2008 - SNE,2022,9
SNEQ.SG04AP051C00S900,2022.12,14654,Experimental,Dollars,6,A,Consolidated accounts - table 1.2,P051C,Consumption of fixed capital,AN1,Produced non-financial assets,,,National Accounts - SNA 2008 - SNE,2022,12
SNEQ.SG04AP051C00S900,2023.03,15299,Experimental,Dollars,6,A,Consolidated accounts - table 1.2,P051C,Consumption of fixed capital,AN1,Produced non-financial assets,,,National Accounts - SNA 2008 - SNE,2023,3
SNEQ.SG04AP051C00S900,2023.06,15170,Experimental,Dollars,6,A,Consolidated accounts - table 1.2,P051C,Consumption of fixed capital,AN1,Produced non-financial assets,,,National Accounts - SNA 2008 - SNE,2023,6
SNEQ.SG04AP051C00S900,2023.09,15590,Experimental,Dollars,6,A,Consolidated accounts - table 1.2,P051C,Consumption of fixed capital,AN1,Produced non-financial assets,,,National Accounts - SNA 2008 - SNE,2023,9
SNEQ.SG04AP051C00S900,2023.12,15911,Experimental,Dollars,6,A,Consolidated accounts - table 1.2,P051C,Consumption of fixed capital,AN1,Produced non-financial assets,,,National Accounts - SNA 2008 - SNE,2023,12
SNEQ.SG04AP051C00S900,2024.03,16223,Experimental,Dollars,6,A,Consolidated accounts - table 1.2,P051C,Consumption of fixed capital,AN1,Produced non-financial assets,,,National Accounts - SNA 2008 - SNE,2024,3
SNEQ.SG04AP051C00S900,2024.06,16223,Experimental,Dollars,6,A,Consolidated accounts - table 1.2,P051C,Consumption of fixed capital,AN1,Produced non-financial assets,,,National Accounts - SNA 2008 - SNE,2024,6
SNEQ.SG04AP051C00S900,2024.09,16464,Experimental,Dollars,6,A,Consolidated accounts - table 1.2,P051C,Consumption of fixed capital,AN1,Produced non-financial assets,,,National Accounts - SNA 2008 - SNE,2024,9
SNEQ.SG04AP051C00S900,2024.12,16595,Experimental,Dollars,6,A,Consolidated accounts - table 1.2,P051C,Consumption of fixed capital,AN1,Produced non-financial assets,,,National Accounts - SNA 2008 - SNE,2024,12
SNEQ.SG04AP051C00S900,2025.03,16768,Experimental,Dollars,6,A,Consolidated accounts - table 1.2,P051C,Consumption of fixed capital,AN1,Produced non-financial assets,,,National Accounts - SNA 2008 - SNE,2025,3
SNEQ.SG04AP030000S310,2016.06,10967,Experimental,Dollars,6,A,Consolidated accounts - table 1.2,P03,Final consumption expenditure,,,31,Central government institutions,National Accounts - SNA 2008 - SNE,2016,6
SNEQ.SG04AP030000S310,2016.09,10818,Experimental,Dollars,6,A,Consolidated accounts - table 1.2,P03,Final consumption expenditure,,,31,Central government institutions,National Accounts - SNA 2008 - SNE,2016,9
SNEQ.SG04AP030000S310,2016.12,10829,Experimental,Dollars,6,A,Consolidated accounts - table 1.2,P03,Final consumption expenditure,,,31,Central government institutions,National Accounts - SNA 2008 - SNE,2016,12
SNEQ.SG04AP030000S310,2017.03,10910,Experimental,Dollars,6,A,Consolidated accounts - table 1.2,P03,Final consumption expenditure,,,31,Central government institutions,National Accounts - SNA 2008 - SNE,2017,3
SNEQ.SG04AP030000S310,2017.06,11572,Experimental,Dollars,6,A,Consolidated accounts - table 1.2,P03,Final consumption expenditure,,,31,Central government institutions,National Accounts - SNA 2008 - SNE,2017,6
SNEQ.SG04AP030000S310,2017.09,11482,Experimental,Dollars,6,A,Consolidated accounts - table 1.2,P03,Final consumption expenditure,,,31,Central government institutions,National Accounts - SNA 2008 - SNE,2017,9
SNEQ.SG04AP030000S310,2017.12,11467,Experimental,Dollars,6,A,Consolidated accounts - table 1.2,P03,Final consumption expenditure,,,31,Central government institutions,National Accounts - SNA 2008 - SNE,2017,12
SNEQ.SG04AP030000S310,2018.03,11505,Experimental,Dollars,6,A,Consolidated accounts - table 1.2,P03,Final consumption expenditure,,,31,Central government institutions,National Accounts - SNA 2008 - SNE,2018,3
SNEQ.SG04AP030000S310,2018.06,12408,Experimental,Dollars,6,A,Consolidated accounts - table 1.2,P03,Final consumption expenditure,,,31,Central government institutions,National Accounts - SNA 2008 - SNE,2018,6
SNEQ.SG04AP030000S310,2018.09,12181,Experimental,Dollars,6,A,Consolidated accounts - table 1.2,P03,Final consumption expenditure,,,31,Central government institutions,National Accounts - SNA 2008 - SNE,2018,9
SNEQ.SG04AP030000S310,2018.12,12366,Experimental,Dollars,6,A,Consolidated accounts - table 1.2,P03,Final consumption expenditure,,,31,Central government institutions,National Accounts - SNA 2008 - SNE,2018,12
SNEQ.SG04AP030000S310,2019.03,12405,Experimental,Dollars,6,A,Consolidated accounts - table 1.2,P03,Final consumption expenditure,,,31,Central government institutions,National Accounts - SNA 2008 - SNE,2019,3
SNEQ.SG04AP030000S310,2019.06,13704,Experimental,Dollars,6,A,Consolidated accounts - table 1.2,P03,Final consumption expenditure,,,31,Central government institutions,National Accounts - SNA 2008 - SNE,2019,6
SNEQ.SG04AP030000S310,2019.09,13092,Experimental,Dollars,6,A,Consolidated accounts - table 1.2,P03,Final consumption expenditure,,,31,Central government institutions,National Accounts - SNA 2008 - SNE,2019,9
SNEQ.SG04AP030000S310,2019.12,13535,Experimental,Dollars,6,A,Consolidated accounts - table 1.2,P03,Final consumption expenditure,,,31,Central government institutions,National Accounts - SNA 2008 - SNE,2019,12
SNEQ.SG04AP030000S310,2020.03,13599,Experimental,Dollars,6,A,Consolidated accounts - table 1.2,P03,Final consumption expenditure,,,31,Central government institutions,National Accounts - SNA 2008 - SNE,2020,3
SNEQ.SG04AP030000S310,2020.06,15024,Experimental,Dollars,6,A,Consolidated accounts - table 1.2,P03,Final consumption expenditure,,,31,Central government institutions,National Accounts - SNA 2008 - SNE,2020,6
SNEQ.SG04AP030000S310,2020.09,14467,Experimental,Dollars,6,A,Consolidated accounts - table 1.2,P03,Final consumption expenditure,,,31,Central government institutions,National Accounts - SNA 2008 - SNE,2020,9
SNEQ.SG04AP030000S310,2020.12,15048,Experimental,Dollars,6,A,Consolidated accounts - table 1.2,P03,Final consumption expenditure,,,31,Central government institutions,National Accounts - SNA 2008 - SNE,2020,12
SNEQ.SG04AP030000S310,2021.03,15351,Experimental,Dollars,6,A,Consolidated accounts - table 1.2,P03,Final consumption expenditure,,,31,Central government institutions,National Accounts - SNA 2008 - SNE,2021,3
SNEQ.SG04AP030000S310,2021.06,16680,Experimental,Dollars,6,A,Consolidated accounts - table 1.2,P03,Final consumption expenditure,,,31,Central government institutions,National Accounts - SNA 2008 - SNE,2021,6
SNEQ.SG04AP030000S310,2021.09,16222,Experimental,Dollars,6,A,Consolidated accounts - table 1.2,P03,Final consumption expenditure,,,31,Central government institutions,National Accounts - SNA 2008 - SNE,2021,9
SNEQ.SG04AP030000S310,2021.12,17499,Experimental,Dollars,6,A,Consolidated accounts - table 1.2,P03,Final consumption expenditure,,,31,Central government institutions,National Accounts - SNA 2008 - SNE,2021,12
SNEQ.SG04AP030000S310,2022.03,17437,Experimental,Dollars,6,A,Consolidated accounts - table 1.2,P03,Final consumption expenditure,,,31,Central government institutions,National Accounts - SNA 2008 - SNE,2022,3
SNEQ.SG04AP030000S310,2022.06,18952,Experimental,Dollars,6,A,Consolidated accounts - table 1.2,P03,Final consumption expenditure,,,31,Central government institutions,National Accounts - SNA 2008 - SNE,2022,6
SNEQ.SG04AP030000S310,2022.09,18251,Experimental,Dollars,6,A,Consolidated accounts - table 1.2,P03,Final consumption expenditure,,,31,Central government institutions,National Accounts - SNA 2008 - SNE,2022,9
SNEQ.SG04AP030000S310,2022.12,18167,Experimental,Dollars,6,A,Consolidated accounts - table 1.2,P03,Final consumption expenditure,,,31,Central government institutions,National Accounts - SNA 2008 - SNE,2022,12
SNEQ.SG04AP030000S310,2023.03,18110,Experimental,Dollars,6,A,Consolidated accounts - table 1.2,P03,Final consumption expenditure,,,31,Central government institutions,National Accounts - SNA 2008 - SNE,2023,3
SNEQ.SG04AP030000S310,2023.06,20080,Experimental,Dollars,6,A,Consolidated accounts - table 1.2,P03,Final consumption expenditure,,,31,Central government institutions,National Accounts - SNA 2008 - SNE,2023,6
SNEQ.SG04AP030000S310,2023.09,19385,Experimental,Dollars,6,A,Consolidated accounts - table 1.2,P03,Final consumption expenditure,,,31,Central government institutions,National Accounts - SNA 2008 - SNE,2023,9
SNEQ.SG04AP030000S310,2023.12,19784,Experimental,Dollars,6,A,Consolidated accounts - table 1.2,P03,Final consumption expenditure,,,31,Central government institutions,National Accounts - SNA 2008 - SNE,2023,12
SNEQ.SG04AP030000S310,2024.03,19287,Experimental,Dollars,6,A,Consolidated accounts - table 1.2,P03,Final consumption expenditure,,,31,Central government institutions,National Accounts - SNA 2008 - SNE,2024,3
SNEQ.SG04AP030000S310,2024.06,21564,Experimental,Dollars,6,A,Consolidated accounts - table 1.2,P03,Final consumption expenditure,,,31,Central government institutions,National Accounts - SNA 2008 - SNE,2024,6
SNEQ.SG04AP030000S310,2024.09,20020,Experimental,Dollars,6,A,Consolidated accounts - table 1.2,P03,Final consumption expenditure,,,31,Central government institutions,National Accounts - SNA 2008 - SNE,2024,9
SNEQ.SG04AP030000S310,2024.12,20107,Experimental,Dollars,6,A,Consolidated accounts - table 1.2,P03,Final consumption expenditure,,,31,Central government institutions,National Accounts - SNA 2008 - SNE,2024,12
SNEQ.SG04AP030000S310,2025.03,20015,Experimental,Dollars,6,A,Consolidated accounts - table 1.2,P03,Final consumption expenditure,,,31,Central government institutions,National Accounts - SNA 2008 - SNE,2025,3
SNEQ.SG04AP030000S321,2016.06,1510,Experimental,Dollars,6,A,Consolidated accounts - table 1.2,P03,Final consumption expenditure,,,32,Local government institutions,National Accounts - SNA 2008 - SNE,2016,6
SNEQ.SG04AP030000S321,2016.09,1390,Experimental,Dollars,6,A,Consolidated accounts - table 1.2,P03,Final consumption expenditure,,,32,Local government institutions,National Accounts - SNA 2008 - SNE,2016,9
SNEQ.SG04AP030000S321,2016.12,1434,Experimental,Dollars,6,A,Consolidated accounts - table 1.2,P03,Final consumption expenditure,,,32,Local government institutions,National Accounts - SNA 2008 - SNE,2016,12
SNEQ.SG04AP030000S321,2017.03,1373,Experimental,Dollars,6,A,Consolidated accounts - table 1.2,P03,Final consumption expenditure,,,32,Local government institutions,National Accounts - SNA 2008 - SNE,2017,3
SNEQ.SG04AP030000S321,2017.06,1583,Experimental,Dollars,6,A,Consolidated accounts - table 1.2,P03,Final consumption expenditure,,,32,Local government institutions,National Accounts - SNA 2008 - SNE,2017,6
SNEQ.SG04AP030000S321,2017.09,1489,Experimental,Dollars,6,A,Consolidated accounts - table 1.2,P03,Final consumption expenditure,,,32,Local government institutions,National Accounts - SNA 2008 - SNE,2017,9
SNEQ.SG04AP030000S321,2017.12,1520,Experimental,Dollars,6,A,Consolidated accounts - table 1.2,P03,Final consumption expenditure,,,32,Local government institutions,National Accounts - SNA 2008 - SNE,2017,12
SNEQ.SG04AP030000S321,2018.03,1479,Experimental,Dollars,6,A,Consolidated accounts - table 1.2,P03,Final consumption expenditure,,,32,Local government institutions,National Accounts - SNA 2008 - SNE,2018,3
SNEQ.SG04AP030000S321,2018.06,1734,Experimental,Dollars,6,A,Consolidated accounts - table 1.2,P03,Final consumption expenditure,,,32,Local government institutions,National Accounts - SNA 2008 - SNE,2018,6
SNEQ.SG04AP030000S321,2018.09,1566,Experimental,Dollars,6,A,Consolidated accounts - table 1.2,P03,Final consumption expenditure,,,32,Local government institutions,National Accounts - SNA 2008 - SNE,2018,9
SNEQ.SG04AP030000S321,2018.12,1587,Experimental,Dollars,6,A,Consolidated accounts - table 1.2,P03,Final consumption expenditure,,,32,Local government institutions,National Accounts - SNA 2008 - SNE,2018,12
SNEQ.SG04AP030000S321,2019.03,1579,Experimental,Dollars,6,A,Consolidated accounts - table 1.2,P03,Final consumption expenditure,,,32,Local government institutions,National Accounts - SNA 2008 - SNE,2019,3
SNEQ.SG04AP030000S321,2019.06,1824,Experimental,Dollars,6,A,Consolidated accounts - table 1.2,P03,Final consumption expenditure,,,32,Local government institutions,National Accounts - SNA 2008 - SNE,2019,6
SNEQ.SG04AP030000S321,2019.09,1717,Experimental,Dollars,6,A,Consolidated accounts - table 1.2,P03,Final consumption expenditure,,,32,Local government institutions,National Accounts - SNA 2008 - SNE,2019,9
SNEQ.SG04AP030000S321,2019.12,1770,Experimental,Dollars,6,A,Consolidated accounts - table 1.2,P03,Final consumption expenditure,,,32,Local government institutions,National Accounts - SNA 2008 - SNE,2019,12
SNEQ.SG04AP030000S321,2020.03,1711,Experimental,Dollars,6,A,Consolidated accounts - table 1.2,P03,Final consumption expenditure,,,32,Local government institutions,National Accounts - SNA 2008 - SNE,2020,3
SNEQ.SG04AP030000S321,2020.06,1883,Experimental,Dollars,6,A,Consolidated accounts - table 1.2,P03,Final consumption expenditure,,,32,Local government institutions,National Accounts - SNA 2008 - SNE,2020,6
SNEQ.SG04AP030000S321,2020.09,1777,Experimental,Dollars,6,A,Consolidated accounts - table 1.2,P03,Final consumption expenditure,,,32,Local government institutions,National Accounts - SNA 2008 - SNE,2020,9
SNEQ.SG04AP030000S321,2020.12,1812,Experimental,Dollars,6,A,Consolidated accounts - table 1.2,P03,Final consumption expenditure,,,32,Local government institutions,National Accounts - SNA 2008 - SNE,2020,12
SNEQ.SG04AP030000S321,2021.03,1776,Experimental,Dollars,6,A,Consolidated accounts - table 1.2,P03,Final consumption expenditure,,,32,Local government institutions,National Accounts - SNA 2008 - SNE,2021,3
SNEQ.SG04AP030000S321,2021.06,1969,Experimental,Dollars,6,A,Consolidated accounts - table 1.2,P03,Final consumption expenditure,,,32,Local government institutions,National Accounts - SNA 2008 - SNE,2021,6
SNEQ.SG04AP030000S321,2021.09,1894,Experimental,Dollars,6,A,Consolidated accounts - table 1.2,P03,Final consumption expenditure,,,32,Local government institutions,National Accounts - SNA 2008 - SNE,2021,9
SNEQ.SG04AP030000S321,2021.12,2002,Experimental,Dollars,6,A,Consolidated accounts - table 1.2,P03,Final consumption expenditure,,,32,Local government institutions,National Accounts - SNA 2008 - SNE,2021,12
SNEQ.SG04AP030000S321,2022.03,1983,Experimental,Dollars,6,A,Consolidated accounts - table 1.2,P03,Final consumption expenditure,,,32,Local government institutions,National Accounts - SNA 2008 - SNE,2022,3
SNEQ.SG04AP030000S321,2022.06,2333,Experimental,Dollars,6,A,Consolidated accounts - table 1.2,P03,Final consumption expenditure,,,32,Local government institutions,National Accounts - SNA 2008 - SNE,2022,6
SNEQ.SG04AP030000S321,2022.09,2275,Experimental,Dollars,6,A,Consolidated accounts - table 1.2,P03,Final consumption expenditure,,,32,Local government institutions,National Accounts - SNA 2008 - SNE,2022,9
SNEQ.SG04AP030000S321,2022.12,2386,Experimental,Dollars,6,A,Consolidated accounts - table 1.2,P03,Final consumption expenditure,,,32,Local government institutions,National Accounts - SNA 2008 - SNE,2022,12
SNEQ.SG04AP030000S321,2023.03,2394,Experimental,Dollars,6,A,Consolidated accounts - table 1.2,P03,Final consumption expenditure,,,32,Local government institutions,National Accounts - SNA 2008 - SNE,2023,3
SNEQ.SG04AP030000S321,2023.06,2730,Experimental,Dollars,6,A,Consolidated accounts - table 1.2,P03,Final consumption expenditure,,,32,Local government institutions,National Accounts - SNA 2008 - SNE,2023,6
SNEQ.SG04AP030000S321,2023.09,2566,Experimental,Dollars,6,A,Consolidated accounts - table 1.2,P03,Final consumption expenditure,,,32,Local government institutions,National Accounts - SNA 2008 - SNE,2023,9
SNEQ.SG04AP030000S321,2023.12,2672,Experimental,Dollars,6,A,Consolidated accounts - table 1.2,P03,Final consumption expenditure,,,32,Local government institutions,National Accounts - SNA 2008 - SNE,2023,12
SNEQ.SG04AP030000S321,2024.03,2605,Experimental,Dollars,6,A,Consolidated accounts - table 1.2,P03,Final consumption expenditure,,,32,Local government institutions,National Accounts - SNA 2008 - SNE,2024,3
SNEQ.SG04AP030000S321,2024.06,2845,Experimental,Dollars,6,A,Consolidated accounts - table 1.2,P03,Final consumption expenditure,,,32,Local government institutions,National Accounts - SNA 2008 - SNE,2024,6
SNEQ.SG04AP030000S321,2024.09,2713,Experimental,Dollars,6,A,Consolidated accounts - table 1.2,P03,Final consumption expenditure,,,32,Local government institutions,National Accounts - SNA 2008 - SNE,2024,9
SNEQ.SG04AP030000S321,2024.12,2827,Experimental,Dollars,6,A,Consolidated accounts - table 1.2,P03,Final consumption expenditure,,,32,Local government institutions,National Accounts - SNA 2008 - SNE,2024,12
SNEQ.SG04AP030000S321,2025.03,2706,Experimental,Dollars,6,A,Consolidated accounts - table 1.2,P03,Final consumption expenditure,,,32,Local government institutions,National Accounts - SNA 2008 - SNE,2025,3
SNEQ.SG04AP030000S400,2016.06,719,Experimental,Dollars,6,A,Consolidated accounts - table 1.2,P03,Final consumption expenditure,,,4,Non-profit institutions serving households,National Accounts - SNA 2008 - SNE,2016,6
SNEQ.SG04AP030000S400,2016.09,729,Experimental,Dollars,6,A,Consolidated accounts - table 1.2,P03,Final consumption expenditure,,,4,Non-profit institutions serving households,National Accounts - SNA 2008 - SNE,2016,9
SNEQ.SG04AP030000S400,2016.12,742,Experimental,Dollars,6,A,Consolidated accounts - table 1.2,P03,Final consumption expenditure,,,4,Non-profit institutions serving households,National Accounts - SNA 2008 - SNE,2016,12
SNEQ.SG04AP030000S400,2017.03,757,Experimental,Dollars,6,A,Consolidated accounts - table 1.2,P03,Final consumption expenditure,,,4,Non-profit institutions serving households,National Accounts - SNA 2008 - SNE,2017,3
SNEQ.SG04AP030000S400,2017.06,774,Experimental,Dollars,6,A,Consolidated accounts - table 1.2,P03,Final consumption expenditure,,,4,Non-profit institutions serving households,National Accounts - SNA 2008 - SNE,2017,6
SNEQ.SG04AP030000S400,2017.09,787,Experimental,Dollars,6,A,Consolidated accounts - table 1.2,P03,Final consumption expenditure,,,4,Non-profit institutions serving households,National Accounts - SNA 2008 - SNE,2017,9
SNEQ.SG04AP030000S400,2017.12,796,Experimental,Dollars,6,A,Consolidated accounts - table 1.2,P03,Final consumption expenditure,,,4,Non-profit institutions serving households,National Accounts - SNA 2008 - SNE,2017,12
SNEQ.SG04AP030000S400,2018.03,802,Experimental,Dollars,6,A,Consolidated accounts - table 1.2,P03,Final consumption expenditure,,,4,Non-profit institutions serving households,National Accounts - SNA 2008 - SNE,2018,3
SNEQ.SG04AP030000S400,2018.06,803,Experimental,Dollars,6,A,Consolidated accounts - table 1.2,P03,Final consumption expenditure,,,4,Non-profit institutions serving households,National Accounts - SNA 2008 - SNE,2018,6
SNEQ.SG04AP030000S400,2018.09,807,Experimental,Dollars,6,A,Consolidated accounts - table 1.2,P03,Final consumption expenditure,,,4,Non-profit institutions serving households,National Accounts - SNA 2008 - SNE,2018,9
SNEQ.SG04AP030000S400,2018.12,814,Experimental,Dollars,6,A,Consolidated accounts - table 1.2,P03,Final consumption expenditure,,,4,Non-profit institutions serving households,National Accounts - SNA 2008 - SNE,2018,12
SNEQ.SG04AP030000S400,2019.03,824,Experimental,Dollars,6,A,Consolidated accounts - table 1.2,P03,Final consumption expenditure,,,4,Non-profit institutions serving households,National Accounts - SNA 2008 - SNE,2019,3
SNEQ.SG04AP030000S400,2019.06,836,Experimental,Dollars,6,A,Consolidated accounts - table 1.2,P03,Final consumption expenditure,,,4,Non-profit institutions serving households,National Accounts - SNA 2008 - SNE,2019,6
SNEQ.SG04AP030000S400,2019.09,846,Experimental,Dollars,6,A,Consolidated accounts - table 1.2,P03,Final consumption expenditure,,,4,Non-profit institutions serving households,National Accounts - SNA 2008 - SNE,2019,9
SNEQ.SG04AP030000S400,2019.12,854,Experimental,Dollars,6,A,Consolidated accounts - table 1.2,P03,Final consumption expenditure,,,4,Non-profit institutions serving households,National Accounts - SNA 2008 - SNE,2019,12
SNEQ.SG04AP030000S400,2020.03,834,Experimental,Dollars,6,A,Consolidated accounts - table 1.2,P03,Final consumption expenditure,,,4,Non-profit institutions serving households,National Accounts - SNA 2008 - SNE,2020,3
SNEQ.SG04AP030000S400,2020.06,662,Experimental,Dollars,6,A,Consolidated accounts - table 1.2,P03,Final consumption expenditure,,,4,Non-profit institutions serving households,National Accounts - SNA 2008 - SNE,2020,6
SNEQ.SG04AP030000S400,2020.09,831,Experimental,Dollars,6,A,Consolidated accounts - table 1.2,P03,Final consumption expenditure,,,4,Non-profit institutions serving households,National Accounts - SNA 2008 - SNE,2020,9
SNEQ.SG04AP030000S400,2020.12,878,Experimental,Dollars,6,A,Consolidated accounts - table 1.2,P03,Final consumption expenditure,,,4,Non-profit institutions serving households,National Accounts - SNA 2008 - SNE,2020,12
SNEQ.SG04AP030000S400,2021.03,890,Experimental,Dollars,6,A,Consolidated accounts - table 1.2,P03,Final consumption expenditure,,,4,Non-profit institutions serving households,National Accounts - SNA 2008 - SNE,2021,3
SNEQ.SG04AP030000S400,2021.06,907,Experimental,Dollars,6,A,Consolidated accounts - table 1.2,P03,Final consumption expenditure,,,4,Non-profit institutions serving households,National Accounts - SNA 2008 - SNE,2021,6
SNEQ.SG04AP030000S400,2021.09,872,Experimental,Dollars,6,A,Consolidated accounts - table 1.2,P03,Final consumption expenditure,,,4,Non-profit institutions serving households,National Accounts - SNA 2008 - SNE,2021,9
SNEQ.SG04AP030000S400,2021.12,890,Experimental,Dollars,6,A,Consolidated accounts - table 1.2,P03,Final consumption expenditure,,,4,Non-profit institutions serving households,National Accounts - SNA 2008 - SNE,2021,12
SNEQ.SG04AP030000S400,2022.03,985,Experimental,Dollars,6,A,Consolidated accounts - table 1.2,P03,Final consumption expenditure,,,4,Non-profit institutions serving households,National Accounts - SNA 2008 - SNE,2022,3
SNEQ.SG04AP030000S400,2022.06,1061,Experimental,Dollars,6,A,Consolidated accounts - table 1.2,P03,Final consumption expenditure,,,4,Non-profit institutions serving households,National Accounts - SNA 2008 - SNE,2022,6
SNEQ.SG04AP030000S400,2022.09,1107,Experimental,Dollars,6,A,Consolidated accounts - table 1.2,P03,Final consumption expenditure,,,4,Non-profit institutions serving households,National Accounts - SNA 2008 - SNE,2022,9
SNEQ.SG04AP030000S400,2022.12,1148,Experimental,Dollars,6,A,Consolidated accounts - table 1.2,P03,Final consumption expenditure,,,4,Non-profit institutions serving households,National Accounts - SNA 2008 - SNE,2022,12
SNEQ.SG04AP030000S400,2023.03,1185,Experimental,Dollars,6,A,Consolidated accounts - table 1.2,P03,Final consumption expenditure,,,4,Non-profit institutions serving households,National Accounts - SNA 2008 - SNE,2023,3
SNEQ.SG04AP030000S400,2023.06,1216,Experimental,Dollars,6,A,Consolidated accounts - table 1.2,P03,Final consumption expenditure,,,4,Non-profit institutions serving households,National Accounts - SNA 2008 - SNE,2023,6
SNEQ.SG04AP030000S400,2023.09,1242,Experimental,Dollars,6,A,Consolidated accounts - table 1.2,P03,Final consumption expenditure,,,4,Non-profit institutions serving households,National Accounts - SNA 2008 - SNE,2023,9
SNEQ.SG04AP030000S400,2023.12,1262,Experimental,Dollars,6,A,Consolidated accounts - table 1.2,P03,Final consumption expenditure,,,4,Non-profit institutions serving households,National Accounts - SNA 2008 - SNE,2023,12
SNEQ.SG04AP030000S400,2024.03,1278,Experimental,Dollars,6,A,Consolidated accounts - table 1.2,P03,Final consumption expenditure,,,4,Non-profit institutions serving households,National Accounts - SNA 2008 - SNE,2024,3
SNEQ.SG04AP030000S400,2024.06,1289,Experimental,Dollars,6,A,Consolidated accounts - table 1.2,P03,Final consumption expenditure,,,4,Non-profit institutions serving households,National Accounts - SNA 2008 - SNE,2024,6
SNEQ.SG04AP030000S400,2024.09,1303,Experimental,Dollars,6,A,Consolidated accounts - table 1.2,P03,Final consumption expenditure,,,4,Non-profit institutions serving households,National Accounts - SNA 2008 - SNE,2024,9
SNEQ.SG04AP030000S400,2024.12,1319,Experimental,Dollars,6,A,Consolidated accounts - table 1.2,P03,Final consumption expenditure,,,4,Non-profit institutions serving households,National Accounts - SNA 2008 - SNE,2024,12
SNEQ.SG04AP030000S400,2025.03,1337,Experimental,Dollars,6,A,Consolidated accounts - table 1.2,P03,Final consumption expenditure,,,4,Non-profit institutions serving households,National Accounts - SNA 2008 - SNE,2025,3
SNEQ.SG04AP030000S500,2016.06,37010,Experimental,Dollars,6,A,Consolidated accounts - table 1.2,P03,Final consumption expenditure,,,5,Households,National Accounts - SNA 2008 - SNE,2016,6
SNEQ.SG04AP030000S500,2016.09,38271,Experimental,Dollars,6,A,Consolidated accounts - table 1.2,P03,Final consumption expenditure,,,5,Households,National Accounts - SNA 2008 - SNE,2016,9
SNEQ.SG04AP030000S500,2016.12,40922,Experimental,Dollars,6,A,Consolidated accounts - table 1.2,P03,Final consumption expenditure,,,5,Households,National Accounts - SNA 2008 - SNE,2016,12
SNEQ.SG04AP030000S500,2017.03,38118,Experimental,Dollars,6,A,Consolidated accounts - table 1.2,P03,Final consumption expenditure,,,5,Households,National Accounts - SNA 2008 - SNE,2017,3
SNEQ.SG04AP030000S500,2017.06,39455,Experimental,Dollars,6,A,Consolidated accounts - table 1.2,P03,Final consumption expenditure,,,5,Households,National Accounts - SNA 2008 - SNE,2017,6
SNEQ.SG04AP030000S500,2017.09,40730,Experimental,Dollars,6,A,Consolidated accounts - table 1.2,P03,Final consumption expenditure,,,5,Households,National Accounts - SNA 2008 - SNE,2017,9
SNEQ.SG04AP030000S500,2017.12,43680,Experimental,Dollars,6,A,Consolidated accounts - table 1.2,P03,Final consumption expenditure,,,5,Households,National Accounts - SNA 2008 - SNE,2017,12
SNEQ.SG04AP030000S500,2018.03,40021,Experimental,Dollars,6,A,Consolidated accounts - table 1.2,P03,Final consumption expenditure,,,5,Households,National Accounts - SNA 2008 - SNE,2018,3
SNEQ.SG04AP030000S500,2018.06,41809,Experimental,Dollars,6,A,Consolidated accounts - table 1.2,P03,Final consumption expenditure,,,5,Households,National Accounts - SNA 2008 - SNE,2018,6
SNEQ.SG04AP030000S500,2018.09,43451,Experimental,Dollars,6,A,Consolidated accounts - table 1.2,P03,Final consumption expenditure,,,5,Households,National Accounts - SNA 2008 - SNE,2018,9
SNEQ.SG04AP030000S500,2018.12,46433,Experimental,Dollars,6,A,Consolidated accounts - table 1.2,P03,Final consumption expenditure,,,5,Households,National Accounts - SNA 2008 - SNE,2018,12
SNEQ.SG04AP030000S500,2019.03,42228,Experimental,Dollars,6,A,Consolidated accounts - table 1.2,P03,Final consumption expenditure,,,5,Households,National Accounts - SNA 2008 - SNE,2019,3
SNEQ.SG04AP030000S500,2019.06,43884,Experimental,Dollars,6,A,Consolidated accounts - table 1.2,P03,Final consumption expenditure,,,5,Households,National Accounts - SNA 2008 - SNE,2019,6
SNEQ.SG04AP030000S500,2019.09,45425,Experimental,Dollars,6,A,Consolidated accounts - table 1.2,P03,Final consumption expenditure,,,5,Households,National Accounts - SNA 2008 - SNE,2019,9
SNEQ.SG04AP030000S500,2019.12,48339,Experimental,Dollars,6,A,Consolidated accounts - table 1.2,P03,Final consumption expenditure,,,5,Households,National Accounts - SNA 2008 - SNE,2019,12
SNEQ.SG04AP030000S500,2020.03,43838,Experimental,Dollars,6,A,Consolidated accounts - table 1.2,P03,Final consumption expenditure,,,5,Households,National Accounts - SNA 2008 - SNE,2020,3
SNEQ.SG04AP030000S500,2020.06,39740,Experimental,Dollars,6,A,Consolidated accounts - table 1.2,P03,Final consumption expenditure,,,5,Households,National Accounts - SNA 2008 - SNE,2020,6
SNEQ.SG04AP030000S500,2020.09,46407,Experimental,Dollars,6,A,Consolidated accounts - table 1.2,P03,Final consumption expenditure,,,5,Households,National Accounts - SNA 2008 - SNE,2020,9
SNEQ.SG04AP030000S500,2020.12,50056,Experimental,Dollars,6,A,Consolidated accounts - table 1.2,P03,Final consumption expenditure,,,5,Households,National Accounts - SNA 2008 - SNE,2020,12
SNEQ.SG04AP030000S500,2021.03,47894,Experimental,Dollars,6,A,Consolidated accounts - table 1.2,P03,Final consumption expenditure,,,5,Households,National Accounts - SNA 2008 - SNE,2021,3
SNEQ.SG04AP030000S500,2021.06,49691,Experimental,Dollars,6,A,Consolidated accounts - table 1.2,P03,Final consumption expenditure,,,5,Households,National Accounts - SNA 2008 - SNE,2021,6
SNEQ.SG04AP030000S500,2021.09,47901,Experimental,Dollars,6,A,Consolidated accounts - table 1.2,P03,Final consumption expenditure,,,5,Households,National Accounts - SNA 2008 - SNE,2021,9
SNEQ.SG04AP030000S500,2021.12,53887,Experimental,Dollars,6,A,Consolidated accounts - table 1.2,P03,Final consumption expenditure,,,5,Households,National Accounts - SNA 2008 - SNE,2021,12
SNEQ.SG04AP030000S500,2022.03,52163,Experimental,Dollars,6,A,Consolidated accounts - table 1.2,P03,Final consumption expenditure,,,5,Households,National Accounts - SNA 2008 - SNE,2022,3
SNEQ.SG04AP030000S500,2022.06,52943,Experimental,Dollars,6,A,Consolidated accounts - table 1.2,P03,Final consumption expenditure,,,5,Households,National Accounts - SNA 2008 - SNE,2022,6
SNEQ.SG04AP030000S500,2022.09,55515,Experimental,Dollars,6,A,Consolidated accounts - table 1.2,P03,Final consumption expenditure,,,5,Households,National Accounts - SNA 2008 - SNE,2022,9
SNEQ.SG04AP030000S500,2022.12,59860,Experimental,Dollars,6,A,Consolidated accounts - table 1.2,P03,Final consumption expenditure,,,5,Households,National Accounts - SNA 2008 - SNE,2022,12
SNEQ.SG04AP030000S500,2023.03,55663,Experimental,Dollars,6,A,Consolidated accounts - table 1.2,P03,Final consumption expenditure,,,5,Households,National Accounts - SNA 2008 - SNE,2023,3
SNEQ.SG04AP030000S500,2023.06,57557,Experimental,Dollars,6,A,Consolidated accounts - table 1.2,P03,Final consumption expenditure,,,5,Households,National Accounts - SNA 2008 - SNE,2023,6
SNEQ.SG04AP030000S500,2023.09,58858,Experimental,Dollars,6,A,Consolidated accounts - table 1.2,P03,Final consumption expenditure,,,5,Households,National Accounts - SNA 2008 - SNE,2023,9
SNEQ.SG04AP030000S500,2023.12,62528,Experimental,Dollars,6,A,Consolidated accounts - table 1.2,P03,Final consumption expenditure,,,5,Households,National Accounts - SNA 2008 - SNE,2023,12
SNEQ.SG04AP030000S500,2024.03,57697,Experimental,Dollars,6,A,Consolidated accounts - table 1.2,P03,Final consumption expenditure,,,5,Households,National Accounts - SNA 2008 - SNE,2024,3
SNEQ.SG04AP030000S500,2024.06,58947,Experimental,Dollars,6,A,Consolidated accounts - table 1.2,P03,Final consumption expenditure,,,5,Households,National Accounts - SNA 2008 - SNE,2024,6
SNEQ.SG04AP030000S500,2024.09,60482,Experimental,Dollars,6,A,Consolidated accounts - table 1.2,P03,Final consumption expenditure,,,5,Households,National Accounts - SNA 2008 - SNE,2024,9
SNEQ.SG04AP030000S500,2024.12,64110,Experimental,Dollars,6,A,Consolidated accounts - table 1.2,P03,Final consumption expenditure,,,5,Households,National Accounts - SNA 2008 - SNE,2024,12
SNEQ.SG04AP030000S500,2025.03,60015,Experimental,Dollars,6,A,Consolidated accounts - table 1.2,P03,Final consumption expenditure,,,5,Households,National Accounts - SNA 2008 - SNE,2025,3
SNEQ.SG04AD040000S600,2016.06,-1949,Experimental,Dollars,6,A,Consolidated accounts - table 1.2,D04,"Investment income from the rest of the world,",,,6,Rest of world,National Accounts - SNA 2008 - SNE,2016,6
SNEQ.SG04AD040000S600,2016.09,-2137,Experimental,Dollars,6,A,Consolidated accounts - table 1.2,D04,"Investment income from the rest of the world,",,,6,Rest of world,National Accounts - SNA 2008 - SNE,2016,9
SNEQ.SG04AD040000S600,2016.12,-1954,Experimental,Dollars,6,A,Consolidated accounts - table 1.2,D04,"Investment income from the rest of the world,",,,6,Rest of world,National Accounts - SNA 2008 - SNE,2016,12
SNEQ.SG04AD040000S600,2017.03,-2573,Experimental,Dollars,6,A,Consolidated accounts - table 1.2,D04,"Investment income from the rest of the world,",,,6,Rest of world,National Accounts - SNA 2008 - SNE,2017,3
SNEQ.SG04AD040000S600,2017.06,-2194,Experimental,Dollars,6,A,Consolidated accounts - table 1.2,D04,"Investment income from the rest of the world,",,,6,Rest of world,National Accounts - SNA 2008 - SNE,2017,6
SNEQ.SG04AD040000S600,2017.09,-2860,Experimental,Dollars,6,A,Consolidated accounts - table 1.2,D04,"Investment income from the rest of the world,",,,6,Rest of world,National Accounts - SNA 2008 - SNE,2017,9
SNEQ.SG04AD040000S600,2017.12,-3025,Experimental,Dollars,6,A,Consolidated accounts - table 1.2,D04,"Investment income from the rest of the world,",,,6,Rest of world,National Accounts - SNA 2008 - SNE,2017,12
SNEQ.SG04AD040000S600,2018.03,-2701,Experimental,Dollars,6,A,Consolidated accounts - table 1.2,D04,"Investment income from the rest of the world,",,,6,Rest of world,National Accounts - SNA 2008 - SNE,2018,3
SNEQ.SG04AD040000S600,2018.06,-2859,Experimental,Dollars,6,A,Consolidated accounts - table 1.2,D04,"Investment income from the rest of the world,",,,6,Rest of world,National Accounts - SNA 2008 - SNE,2018,6
SNEQ.SG04AD040000S600,2018.09,-2717,Experimental,Dollars,6,A,Consolidated accounts - table 1.2,D04,"Investment income from the rest of the world,",,,6,Rest of world,National Accounts - SNA 2008 - SNE,2018,9
SNEQ.SG04AD040000S600,2018.12,-2827,Experimental,Dollars,6,A,Consolidated accounts - table 1.2,D04,"Investment income from the rest of the world,",,,6,Rest of world,National Accounts - SNA 2008 - SNE,2018,12
SNEQ.SG04AD040000S600,2019.03,-2496,Experimental,Dollars,6,A,Consolidated accounts - table 1.2,D04,"Investment income from the rest of the world,",,,6,Rest of world,National Accounts - SNA 2008 - SNE,2019,3
SNEQ.SG04AD040000S600,2019.06,-2273,Experimental,Dollars,6,A,Consolidated accounts - table 1.2,D04,"Investment income from the rest of the world,",,,6,Rest of world,National Accounts - SNA 2008 - SNE,2019,6
SNEQ.SG04AD040000S600,2019.09,-2073,Experimental,Dollars,6,A,Consolidated accounts - table 1.2,D04,"Investment income from the rest of the world,",,,6,Rest of world,National Accounts - SNA 2008 - SNE,2019,9
SNEQ.SG04AD040000S600,2019.12,-1766,Experimental,Dollars,6,A,Consolidated accounts - table 1.2,D04,"Investment income from the rest of the world,",,,6,Rest of world,National Accounts - SNA 2008 - SNE,2019,12
SNEQ.SG04AD040000S600,2020.03,-1726,Experimental,Dollars,6,A,Consolidated accounts - table 1.2,D04,"Investment income from the rest of the world,",,,6,Rest of world,National Accounts - SNA 2008 - SNE,2020,3
SNEQ.SG04AD040000S600,2020.06,-1277,Experimental,Dollars,6,A,Consolidated accounts - table 1.2,D04,"Investment income from the rest of the world,",,,6,Rest of world,National Accounts - SNA 2008 - SNE,2020,6
SNEQ.SG04AD040000S600,2020.09,-1481,Experimental,Dollars,6,A,Consolidated accounts - table 1.2,D04,"Investment income from the rest of the world,",,,6,Rest of world,National Accounts - SNA 2008 - SNE,2020,9
SNEQ.SG04AD040000S600,2020.12,-1278,Experimental,Dollars,6,A,Consolidated accounts - table 1.2,D04,"Investment income from the rest of the world,",,,6,Rest of world,National Accounts - SNA 2008 - SNE,2020,12
SNEQ.SG04AD040000S600,2021.03,-2040,Experimental,Dollars,6,A,Consolidated accounts - table 1.2,D04,"Investment income from the rest of the world,",,,6,Rest of world,National Accounts - SNA 2008 - SNE,2021,3
SNEQ.SG04AD040000S600,2021.06,-2107,Experimental,Dollars,6,A,Consolidated accounts - table 1.2,D04,"Investment income from the rest of the world,",,,6,Rest of world,National Accounts - SNA 2008 - SNE,2021,6
SNEQ.SG04AD040000S600,2021.09,-2108,Experimental,Dollars,6,A,Consolidated accounts - table 1.2,D04,"Investment income from the rest of the world,",,,6,Rest of world,National Accounts - SNA 2008 - SNE,2021,9
SNEQ.SG04AD040000S600,2021.12,-2466,Experimental,Dollars,6,A,Consolidated accounts - table 1.2,D04,"Investment income from the rest of the world,",,,6,Rest of world,National Accounts - SNA 2008 - SNE,2021,12
SNEQ.SG04AD040000S600,2022.03,-2620,Experimental,Dollars,6,A,Consolidated accounts - table 1.2,D04,"Investment income from the rest of the world,",,,6,Rest of world,National Accounts - SNA 2008 - SNE,2022,3
SNEQ.SG04AD040000S600,2022.06,-3103,Experimental,Dollars,6,A,Consolidated accounts - table 1.2,D04,"Investment income from the rest of the world,",,,6,Rest of world,National Accounts - SNA 2008 - SNE,2022,6
SNEQ.SG04AD040000S600,2022.09,-3008,Experimental,Dollars,6,A,Consolidated accounts - table 1.2,D04,"Investment income from the rest of the world,",,,6,Rest of world,National Accounts - SNA 2008 - SNE,2022,9
SNEQ.SG04AD040000S600,2022.12,-3535,Experimental,Dollars,6,A,Consolidated accounts - table 1.2,D04,"Investment income from the rest of the world,",,,6,Rest of world,National Accounts - SNA 2008 - SNE,2022,12
SNEQ.SG04AD040000S600,2023.03,-2712,Experimental,Dollars,6,A,Consolidated accounts - table 1.2,D04,"Investment income from the rest of the world,",,,6,Rest of world,National Accounts - SNA 2008 - SNE,2023,3
SNEQ.SG04AD040000S600,2023.06,-3440,Experimental,Dollars,6,A,Consolidated accounts - table 1.2,D04,"Investment income from the rest of the world,",,,6,Rest of world,National Accounts - SNA 2008 - SNE,2023,6
SNEQ.SG04AD040000S600,2023.09,-3626,Experimental,Dollars,6,A,Consolidated accounts - table 1.2,D04,"Investment income from the rest of the world,",,,6,Rest of world,National Accounts - SNA 2008 - SNE,2023,9
SNEQ.SG04AD040000S600,2023.12,-3314,Experimental,Dollars,6,A,Consolidated accounts - table 1.2,D04,"Investment income from the rest of the world,",,,6,Rest of world,National Accounts - SNA 2008 - SNE,2023,12
SNEQ.SG04AD040000S600,2024.03,-3315,Experimental,Dollars,6,A,Consolidated accounts - table 1.2,D04,"Investment income from the rest of the world,",,,6,Rest of world,National Accounts - SNA 2008 - SNE,2024,3
SNEQ.SG04AD040000S600,2024.06,-3451,Experimental,Dollars,6,A,Consolidated accounts - table 1.2,D04,"Investment income from the rest of the world,",,,6,Rest of world,National Accounts - SNA 2008 - SNE,2024,6
SNEQ.SG04AD040000S600,2024.09,-3618,Experimental,Dollars,6,A,Consolidated accounts - table 1.2,D04,"Investment income from the rest of the world,",,,6,Rest of world,National Accounts - SNA 2008 - SNE,2024,9
SNEQ.SG04AD040000S600,2024.12,-3791,Experimental,Dollars,6,A,Consolidated accounts - table 1.2,D04,"Investment income from the rest of the world,",,,6,Rest of world,National Accounts - SNA 2008 - SNE,2024,12
SNEQ.SG04AD040000S600,2025.03,-4061,Experimental,Dollars,6,A,Consolidated accounts - table 1.2,D04,"Investment income from the rest of the world,",,,6,Rest of world,National Accounts - SNA 2008 - SNE,2025,3
SNEQ.SG04AD075000S600,2016.06,3,Experimental,Dollars,6,A,Consolidated accounts - table 1.2,D075,"Current transfers from the rest of the world,",,,6,Rest of world,National Accounts - SNA 2008 - SNE,2016,6
SNEQ.SG04AD075000S600,2016.09,-141,Experimental,Dollars,6,A,Consolidated accounts - table 1.2,D075,"Current transfers from the rest of the world,",,,6,Rest of world,National Accounts - SNA 2008 - SNE,2016,9
SNEQ.SG04AD075000S600,2016.12,78,Experimental,Dollars,6,A,Consolidated accounts - table 1.2,D075,"Current transfers from the rest of the world,",,,6,Rest of world,National Accounts - SNA 2008 - SNE,2016,12
SNEQ.SG04AD075000S600,2017.03,-142,Experimental,Dollars,6,A,Consolidated accounts - table 1.2,D075,"Current transfers from the rest of the world,",,,6,Rest of world,National Accounts - SNA 2008 - SNE,2017,3
SNEQ.SG04AD075000S600,2017.06,-249,Experimental,Dollars,6,A,Consolidated accounts - table 1.2,D075,"Current transfers from the rest of the world,",,,6,Rest of world,National Accounts - SNA 2008 - SNE,2017,6
SNEQ.SG04AD075000S600,2017.09,-118,Experimental,Dollars,6,A,Consolidated accounts - table 1.2,D075,"Current transfers from the rest of the world,",,,6,Rest of world,National Accounts - SNA 2008 - SNE,2017,9
SNEQ.SG04AD075000S600,2017.12,-13,Experimental,Dollars,6,A,Consolidated accounts - table 1.2,D075,"Current transfers from the rest of the world,",,,6,Rest of world,National Accounts - SNA 2008 - SNE,2017,12
SNEQ.SG04AD075000S600,2018.03,-314,Experimental,Dollars,6,A,Consolidated accounts - table 1.2,D075,"Current transfers from the rest of the world,",,,6,Rest of world,National Accounts - SNA 2008 - SNE,2018,3
SNEQ.SG04AD075000S600,2018.06,-335,Experimental,Dollars,6,A,Consolidated accounts - table 1.2,D075,"Current transfers from the rest of the world,",,,6,Rest of world,National Accounts - SNA 2008 - SNE,2018,6
SNEQ.SG04AD075000S600,2018.09,-239,Experimental,Dollars,6,A,Consolidated accounts - table 1.2,D075,"Current transfers from the rest of the world,",,,6,Rest of world,National Accounts - SNA 2008 - SNE,2018,9
SNEQ.SG04AD075000S600,2018.12,-2,Experimental,Dollars,6,A,Consolidated accounts - table 1.2,D075,"Current transfers from the rest of the world,",,,6,Rest of world,National Accounts - SNA 2008 - SNE,2018,12
SNEQ.SG04AD075000S600,2019.03,-5,Experimental,Dollars,6,A,Consolidated accounts - table 1.2,D075,"Current transfers from the rest of the world,",,,6,Rest of world,National Accounts - SNA 2008 - SNE,2019,3
SNEQ.SG04AD075000S600,2019.06,-162,Experimental,Dollars,6,A,Consolidated accounts - table 1.2,D075,"Current transfers from the rest of the world,",,,6,Rest of world,National Accounts - SNA 2008 - SNE,2019,6
SNEQ.SG04AD075000S600,2019.09,-109,Experimental,Dollars,6,A,Consolidated accounts - table 1.2,D075,"Current transfers from the rest of the world,",,,6,Rest of world,National Accounts - SNA 2008 - SNE,2019,9
SNEQ.SG04AD075000S600,2019.12,70,Experimental,Dollars,6,A,Consolidated accounts - table 1.2,D075,"Current transfers from the rest of the world,",,,6,Rest of world,National Accounts - SNA 2008 - SNE,2019,12
SNEQ.SG04AD075000S600,2020.03,6,Experimental,Dollars,6,A,Consolidated accounts - table 1.2,D075,"Current transfers from the rest of the world,",,,6,Rest of world,National Accounts - SNA 2008 - SNE,2020,3
SNEQ.SG04AD075000S600,2020.06,-364,Experimental,Dollars,6,A,Consolidated accounts - table 1.2,D075,"Current transfers from the rest of the world,",,,6,Rest of world,National Accounts - SNA 2008 - SNE,2020,6
SNEQ.SG04AD075000S600,2020.09,-137,Experimental,Dollars,6,A,Consolidated accounts - table 1.2,D075,"Current transfers from the rest of the world,",,,6,Rest of world,National Accounts - SNA 2008 - SNE,2020,9
SNEQ.SG04AD075000S600,2020.12,11,Experimental,Dollars,6,A,Consolidated accounts - table 1.2,D075,"Current transfers from the rest of the world,",,,6,Rest of world,National Accounts - SNA 2008 - SNE,2020,12
SNEQ.SG04AD075000S600,2021.03,-24,Experimental,Dollars,6,A,Consolidated accounts - table 1.2,D075,"Current transfers from the rest of the world,",,,6,Rest of world,National Accounts - SNA 2008 - SNE,2021,3
SNEQ.SG04AD075000S600,2021.06,-113,Experimental,Dollars,6,A,Consolidated accounts - table 1.2,D075,"Current transfers from the rest of the world,",,,6,Rest of world,National Accounts - SNA 2008 - SNE,2021,6
SNEQ.SG04AD075000S600,2021.09,-181,Experimental,Dollars,6,A,Consolidated accounts - table 1.2,D075,"Current transfers from the rest of the world,",,,6,Rest of world,National Accounts - SNA 2008 - SNE,2021,9
SNEQ.SG04AD075000S600,2021.12,-157,Experimental,Dollars,6,A,Consolidated accounts - table 1.2,D075,"Current transfers from the rest of the world,",,,6,Rest of world,National Accounts - SNA 2008 - SNE,2021,12
SNEQ.SG04AD075000S600,2022.03,-171,Experimental,Dollars,6,A,Consolidated accounts - table 1.2,D075,"Current transfers from the rest of the world,",,,6,Rest of world,National Accounts - SNA 2008 - SNE,2022,3
SNEQ.SG04AD075000S600,2022.06,-114,Experimental,Dollars,6,A,Consolidated accounts - table 1.2,D075,"Current transfers from the rest of the world,",,,6,Rest of world,National Accounts - SNA 2008 - SNE,2022,6
SNEQ.SG04AD075000S600,2022.09,-63,Experimental,Dollars,6,A,Consolidated accounts - table 1.2,D075,"Current transfers from the rest of the world,",,,6,Rest of world,National Accounts - SNA 2008 - SNE,2022,9
SNEQ.SG04AD075000S600,2022.12,177,Experimental,Dollars,6,A,Consolidated accounts - table 1.2,D075,"Current transfers from the rest of the world,",,,6,Rest of world,National Accounts - SNA 2008 - SNE,2022,12
SNEQ.SG04AD075000S600,2023.03,322,Experimental,Dollars,6,A,Consolidated accounts - table 1.2,D075,"Current transfers from the rest of the world,",,,6,Rest of world,National Accounts - SNA 2008 - SNE,2023,3
SNEQ.SG04AD075000S600,2023.06,-181,Experimental,Dollars,6,A,Consolidated accounts - table 1.2,D075,"Current transfers from the rest of the world,",,,6,Rest of world,National Accounts - SNA 2008 - SNE,2023,6
SNEQ.SG04AD075000S600,2023.09,-152,Experimental,Dollars,6,A,Consolidated accounts - table 1.2,D075,"Current transfers from the rest of the world,",,,6,Rest of world,National Accounts - SNA 2008 - SNE,2023,9
SNEQ.SG04AD075000S600,2023.12,-192,Experimental,Dollars,6,A,Consolidated accounts - table 1.2,D075,"Current transfers from the rest of the world,",,,6,Rest of world,National Accounts - SNA 2008 - SNE,2023,12
SNEQ.SG04AD075000S600,2024.03,-385,Experimental,Dollars,6,A,Consolidated accounts - table 1.2,D075,"Current transfers from the rest of the world,",,,6,Rest of world,National Accounts - SNA 2008 - SNE,2024,3
SNEQ.SG04AD075000S600,2024.06,-298,Experimental,Dollars,6,A,Consolidated accounts - table 1.2,D075,"Current transfers from the rest of the world,",,,6,Rest of world,National Accounts - SNA 2008 - SNE,2024,6
SNEQ.SG04AD075000S600,2024.09,-351,Experimental,Dollars,6,A,Consolidated accounts - table 1.2,D075,"Current transfers from the rest of the world,",,,6,Rest of world,National Accounts - SNA 2008 - SNE,2024,9
SNEQ.SG04AD075000S600,2024.12,-29,Experimental,Dollars,6,A,Consolidated accounts - table 1.2,D075,"Current transfers from the rest of the world,",,,6,Rest of world,National Accounts - SNA 2008 - SNE,2024,12
SNEQ.SG04AD075000S600,2025.03,-99,Experimental,Dollars,6,A,Consolidated accounts - table 1.2,D075,"Current transfers from the rest of the world,",,,6,Rest of world,National Accounts - SNA 2008 - SNE,2025,3
SNEQ.SG05AB08N000S800,2016.06,3778,Experimental,Dollars,6,A,Consolidated accounts - table 1.3,B08N,Saving,,,,,National Accounts - SNA 2008 - SNE,2016,6
SNEQ.SG05AB08N000S800,2016.09,3340,Experimental,Dollars,6,A,Consolidated accounts - table 1.3,B08N,Saving,,,,,National Accounts - SNA 2008 - SNE,2016,9
SNEQ.SG05AB08N000S800,2016.12,6197,Experimental,Dollars,6,A,Consolidated accounts - table 1.3,B08N,Saving,,,,,National Accounts - SNA 2008 - SNE,2016,12
SNEQ.SG05AB08N000S800,2017.03,4853,Experimental,Dollars,6,A,Consolidated accounts - table 1.3,B08N,Saving,,,,,National Accounts - SNA 2008 - SNE,2017,3
SNEQ.SG05AB08N000S800,2017.06,3968,Experimental,Dollars,6,A,Consolidated accounts - table 1.3,B08N,Saving,,,,,National Accounts - SNA 2008 - SNE,2017,6
SNEQ.SG05AB08N000S800,2017.09,3865,Experimental,Dollars,6,A,Consolidated accounts - table 1.3,B08N,Saving,,,,,National Accounts - SNA 2008 - SNE,2017,9
SNEQ.SG05AB08N000S800,2017.12,6867,Experimental,Dollars,6,A,Consolidated accounts - table 1.3,B08N,Saving,,,,,National Accounts - SNA 2008 - SNE,2017,12
SNEQ.SG05AB08N000S800,2018.03,5591,Experimental,Dollars,6,A,Consolidated accounts - table 1.3,B08N,Saving,,,,,National Accounts - SNA 2008 - SNE,2018,3
SNEQ.SG05AB08N000S800,2018.06,3440,Experimental,Dollars,6,A,Consolidated accounts - table 1.3,B08N,Saving,,,,,National Accounts - SNA 2008 - SNE,2018,6
SNEQ.SG05AB08N000S800,2018.09,2970,Experimental,Dollars,6,A,Consolidated accounts - table 1.3,B08N,Saving,,,,,National Accounts - SNA 2008 - SNE,2018,9
SNEQ.SG05AB08N000S800,2018.12,4941,Experimental,Dollars,6,A,Consolidated accounts - table 1.3,B08N,Saving,,,,,National Accounts - SNA 2008 - SNE,2018,12
SNEQ.SG05AB08N000S800,2019.03,5006,Experimental,Dollars,6,A,Consolidated accounts - table 1.3,B08N,Saving,,,,,National Accounts - SNA 2008 - SNE,2019,3
SNEQ.SG05AB08N000S800,2019.06,4877,Experimental,Dollars,6,A,Consolidated accounts - table 1.3,B08N,Saving,,,,,National Accounts - SNA 2008 - SNE,2019,6
SNEQ.SG05AB08N000S800,2019.09,5583,Experimental,Dollars,6,A,Consolidated accounts - table 1.3,B08N,Saving,,,,,National Accounts - SNA 2008 - SNE,2019,9
SNEQ.SG05AB08N000S800,2019.12,7753,Experimental,Dollars,6,A,Consolidated accounts - table 1.3,B08N,Saving,,,,,National Accounts - SNA 2008 - SNE,2019,12
SNEQ.SG05AB08N000S800,2020.03,6010,Experimental,Dollars,6,A,Consolidated accounts - table 1.3,B08N,Saving,,,,,National Accounts - SNA 2008 - SNE,2020,3
SNEQ.SG05AB08N000S800,2020.06,2321,Experimental,Dollars,6,A,Consolidated accounts - table 1.3,B08N,Saving,,,,,National Accounts - SNA 2008 - SNE,2020,6
SNEQ.SG05AB08N000S800,2020.09,6987,Experimental,Dollars,6,A,Consolidated accounts - table 1.3,B08N,Saving,,,,,National Accounts - SNA 2008 - SNE,2020,9
SNEQ.SG05AB08N000S800,2020.12,6968,Experimental,Dollars,6,A,Consolidated accounts - table 1.3,B08N,Saving,,,,,National Accounts - SNA 2008 - SNE,2020,12
SNEQ.SG05AB08N000S800,2021.03,3801,Experimental,Dollars,6,A,Consolidated accounts - table 1.3,B08N,Saving,,,,,National Accounts - SNA 2008 - SNE,2021,3
SNEQ.SG05AB08N000S800,2021.06,4034,Experimental,Dollars,6,A,Consolidated accounts - table 1.3,B08N,Saving,,,,,National Accounts - SNA 2008 - SNE,2021,6
SNEQ.SG05AB08N000S800,2021.09,5156,Experimental,Dollars,6,A,Consolidated accounts - table 1.3,B08N,Saving,,,,,National Accounts - SNA 2008 - SNE,2021,9
SNEQ.SG05AB08N000S800,2021.12,5100,Experimental,Dollars,6,A,Consolidated accounts - table 1.3,B08N,Saving,,,,,National Accounts - SNA 2008 - SNE,2021,12
SNEQ.SG05AB08N000S800,2022.03,812,Experimental,Dollars,6,A,Consolidated accounts - table 1.3,B08N,Saving,,,,,National Accounts - SNA 2008 - SNE,2022,3
SNEQ.SG05AB08N000S800,2022.06,2042,Experimental,Dollars,6,A,Consolidated accounts - table 1.3,B08N,Saving,,,,,National Accounts - SNA 2008 - SNE,2022,6
SNEQ.SG05AB08N000S800,2022.09,3649,Experimental,Dollars,6,A,Consolidated accounts - table 1.3,B08N,Saving,,,,,National Accounts - SNA 2008 - SNE,2022,9
SNEQ.SG05AB08N000S800,2022.12,4060,Experimental,Dollars,6,A,Consolidated accounts - table 1.3,B08N,Saving,,,,,National Accounts - SNA 2008 - SNE,2022,12
SNEQ.SG05AB08N000S800,2023.03,2056,Experimental,Dollars,6,A,Consolidated accounts - table 1.3,B08N,Saving,,,,,National Accounts - SNA 2008 - SNE,2023,3
SNEQ.SG05AB08N000S800,2023.06,1592,Experimental,Dollars,6,A,Consolidated accounts - table 1.3,B08N,Saving,,,,,National Accounts - SNA 2008 - SNE,2023,6
SNEQ.SG05AB08N000S800,2023.09,2806,Experimental,Dollars,6,A,Consolidated accounts - table 1.3,B08N,Saving,,,,,National Accounts - SNA 2008 - SNE,2023,9
SNEQ.SG05AB08N000S800,2023.12,1639,Experimental,Dollars,6,A,Consolidated accounts - table 1.3,B08N,Saving,,,,,National Accounts - SNA 2008 - SNE,2023,12
SNEQ.SG05AB08N000S800,2024.03,1148,Experimental,Dollars,6,A,Consolidated accounts - table 1.3,B08N,Saving,,,,,National Accounts - SNA 2008 - SNE,2024,3
SNEQ.SG05AB08N000S800,2024.06,-24,Experimental,Dollars,6,A,Consolidated accounts - table 1.3,B08N,Saving,,,,,National Accounts - SNA 2008 - SNE,2024,6
SNEQ.SG05AB08N000S800,2024.09,777,Experimental,Dollars,6,A,Consolidated accounts - table 1.3,B08N,Saving,,,,,National Accounts - SNA 2008 - SNE,2024,9
SNEQ.SG05AB08N000S800,2024.12,2655,Experimental,Dollars,6,A,Consolidated accounts - table 1.3,B08N,Saving,,,,,National Accounts - SNA 2008 - SNE,2024,12
SNEQ.SG05AB08N000S800,2025.03,1467,Experimental,Dollars,6,A,Consolidated accounts - table 1.3,B08N,Saving,,,,,National Accounts - SNA 2008 - SNE,2025,3
SNEQ.SG05AB090000S800,2016.06,-276,Experimental,Dollars,6,A,Consolidated accounts - table 1.3,B09,Net lending to the rest of the world,,,,,National Accounts - SNA 2008 - SNE,2016,6
SNEQ.SG05AB090000S800,2016.09,-4838,Experimental,Dollars,6,A,Consolidated accounts - table 1.3,B09,Net lending to the rest of the world,,,,,National Accounts - SNA 2008 - SNE,2016,9
SNEQ.SG05AB090000S800,2016.12,-40,Experimental,Dollars,6,A,Consolidated accounts - table 1.3,B09,Net lending to the rest of the world,,,,,National Accounts - SNA 2008 - SNE,2016,12
SNEQ.SG05AB090000S800,2017.03,393,Experimental,Dollars,6,A,Consolidated accounts - table 1.3,B09,Net lending to the rest of the world,,,,,National Accounts - SNA 2008 - SNE,2017,3
SNEQ.SG05AB090000S800,2017.06,-515,Experimental,Dollars,6,A,Consolidated accounts - table 1.3,B09,Net lending to the rest of the world,,,,,National Accounts - SNA 2008 - SNE,2017,6
SNEQ.SG05AB090000S800,2017.09,-5115,Experimental,Dollars,6,A,Consolidated accounts - table 1.3,B09,Net lending to the rest of the world,,,,,National Accounts - SNA 2008 - SNE,2017,9
SNEQ.SG05AB090000S800,2017.12,-2836,Experimental,Dollars,6,A,Consolidated accounts - table 1.3,B09,Net lending to the rest of the world,,,,,National Accounts - SNA 2008 - SNE,2017,12
SNEQ.SG05AB090000S800,2018.03,-321,Experimental,Dollars,6,A,Consolidated accounts - table 1.3,B09,Net lending to the rest of the world,,,,,National Accounts - SNA 2008 - SNE,2018,3
SNEQ.SG05AB090000S800,2018.06,-2139,Experimental,Dollars,6,A,Consolidated accounts - table 1.3,B09,Net lending to the rest of the world,,,,,National Accounts - SNA 2008 - SNE,2018,6
SNEQ.SG05AB090000S800,2018.09,-6669,Experimental,Dollars,6,A,Consolidated accounts - table 1.3,B09,Net lending to the rest of the world,,,,,National Accounts - SNA 2008 - SNE,2018,9
SNEQ.SG05AB090000S800,2018.12,-3752,Experimental,Dollars,6,A,Consolidated accounts - table 1.3,B09,Net lending to the rest of the world,,,,,National Accounts - SNA 2008 - SNE,2018,12
SNEQ.SG05AB090000S800,2019.03,590,Experimental,Dollars,6,A,Consolidated accounts - table 1.3,B09,Net lending to the rest of the world,,,,,National Accounts - SNA 2008 - SNE,2019,3
SNEQ.SG05AB090000S800,2019.06,-1200,Experimental,Dollars,6,A,Consolidated accounts - table 1.3,B09,Net lending to the rest of the world,,,,,National Accounts - SNA 2008 - SNE,2019,6
SNEQ.SG05AB090000S800,2019.09,-6096,Experimental,Dollars,6,A,Consolidated accounts - table 1.3,B09,Net lending to the rest of the world,,,,,National Accounts - SNA 2008 - SNE,2019,9
SNEQ.SG05AB090000S800,2019.12,-2480,Experimental,Dollars,6,A,Consolidated accounts - table 1.3,B09,Net lending to the rest of the world,,,,,National Accounts - SNA 2008 - SNE,2019,12
SNEQ.SG05AB090000S800,2020.03,1948,Experimental,Dollars,6,A,Consolidated accounts - table 1.3,B09,Net lending to the rest of the world,,,,,National Accounts - SNA 2008 - SNE,2020,3
SNEQ.SG05AB090000S800,2020.06,1378,Experimental,Dollars,6,A,Consolidated accounts - table 1.3,B09,Net lending to the rest of the world,,,,,National Accounts - SNA 2008 - SNE,2020,6
SNEQ.SG05AB090000S800,2020.09,-4041,Experimental,Dollars,6,A,Consolidated accounts - table 1.3,B09,Net lending to the rest of the world,,,,,National Accounts - SNA 2008 - SNE,2020,9
SNEQ.SG05AB090000S800,2020.12,-2799,Experimental,Dollars,6,A,Consolidated accounts - table 1.3,B09,Net lending to the rest of the world,,,,,National Accounts - SNA 2008 - SNE,2020,12
SNEQ.SG05AB090000S800,2021.03,-3472,Experimental,Dollars,6,A,Consolidated accounts - table 1.3,B09,Net lending to the rest of the world,,,,,National Accounts - SNA 2008 - SNE,2021,3
SNEQ.SG05AB090000S800,2021.06,-1288,Experimental,Dollars,6,A,Consolidated accounts - table 1.3,B09,Net lending to the rest of the world,,,,,National Accounts - SNA 2008 - SNE,2021,6
SNEQ.SG05AB090000S800,2021.09,-8711,Experimental,Dollars,6,A,Consolidated accounts - table 1.3,B09,Net lending to the rest of the world,,,,,National Accounts - SNA 2008 - SNE,2021,9
SNEQ.SG05AB090000S800,2021.12,-7889,Experimental,Dollars,6,A,Consolidated accounts - table 1.3,B09,Net lending to the rest of the world,,,,,National Accounts - SNA 2008 - SNE,2021,12
SNEQ.SG05AB090000S800,2022.03,-6753,Experimental,Dollars,6,A,Consolidated accounts - table 1.3,B09,Net lending to the rest of the world,,,,,National Accounts - SNA 2008 - SNE,2022,3
SNEQ.SG05AB090000S800,2022.06,-6828,Experimental,Dollars,6,A,Consolidated accounts - table 1.3,B09,Net lending to the rest of the world,,,,,National Accounts - SNA 2008 - SNE,2022,6
SNEQ.SG05AB090000S800,2022.09,-11850,Experimental,Dollars,6,A,Consolidated accounts - table 1.3,B09,Net lending to the rest of the world,,,,,National Accounts - SNA 2008 - SNE,2022,9
SNEQ.SG05AB090000S800,2022.12,-10669,Experimental,Dollars,6,A,Consolidated accounts - table 1.3,B09,Net lending to the rest of the world,,,,,National Accounts - SNA 2008 - SNE,2022,12
SNEQ.SG05AB090000S800,2023.03,-1026,Experimental,Dollars,6,A,Consolidated accounts - table 1.3,B09,Net lending to the rest of the world,,,,,National Accounts - SNA 2008 - SNE,2023,3
SNEQ.SG05AB090000S800,2023.06,-4700,Experimental,Dollars,6,A,Consolidated accounts - table 1.3,B09,Net lending to the rest of the world,,,,,National Accounts - SNA 2008 - SNE,2023,6
SNEQ.SG05AB090000S800,2023.09,-11382,Experimental,Dollars,6,A,Consolidated accounts - table 1.3,B09,Net lending to the rest of the world,,,,,National Accounts - SNA 2008 - SNE,2023,9
SNEQ.SG05AB090000S800,2023.12,-8183,Experimental,Dollars,6,A,Consolidated accounts - table 1.3,B09,Net lending to the rest of the world,,,,,National Accounts - SNA 2008 - SNE,2023,12
SNEQ.SG05AB090000S800,2024.03,-3974,Experimental,Dollars,6,A,Consolidated accounts - table 1.3,B09,Net lending to the rest of the world,,,,,National Accounts - SNA 2008 - SNE,2024,3
SNEQ.SG05AB090000S800,2024.06,-4840,Experimental,Dollars,6,A,Consolidated accounts - table 1.3,B09,Net lending to the rest of the world,,,,,National Accounts - SNA 2008 - SNE,2024,6
SNEQ.SG05AB090000S800,2024.09,-10981,Experimental,Dollars,6,A,Consolidated accounts - table 1.3,B09,Net lending to the rest of the world,,,,,National Accounts - SNA 2008 - SNE,2024,9
SNEQ.SG05AB090000S800,2024.12,-6973,Experimental,Dollars,6,A,Consolidated accounts - table 1.3,B09,Net lending to the rest of the world,,,,,National Accounts - SNA 2008 - SNE,2024,12
SNEQ.SG05AB090000S800,2025.03,-2453,Experimental,Dollars,6,A,Consolidated accounts - table 1.3,B09,Net lending to the rest of the world,,,,,National Accounts - SNA 2008 - SNE,2025,3
SNEQ.SG05AB091NR0S800,2016.06,13032,Experimental,Dollars,6,A,Consolidated accounts - table 1.3,B091NR,Finance of capital accumulation,,,,,National Accounts - SNA 2008 - SNE,2016,6
SNEQ.SG05AB091NR0S800,2016.09,12742,Experimental,Dollars,6,A,Consolidated accounts - table 1.3,B091NR,Finance of capital accumulation,,,,,National Accounts - SNA 2008 - SNE,2016,9
SNEQ.SG05AB091NR0S800,2016.12,17787,Experimental,Dollars,6,A,Consolidated accounts - table 1.3,B091NR,Finance of capital accumulation,,,,,National Accounts - SNA 2008 - SNE,2016,12
SNEQ.SG05AB091NR0S800,2017.03,14553,Experimental,Dollars,6,A,Consolidated accounts - table 1.3,B091NR,Finance of capital accumulation,,,,,National Accounts - SNA 2008 - SNE,2017,3
SNEQ.SG05AB091NR0S800,2017.06,13665,Experimental,Dollars,6,A,Consolidated accounts - table 1.3,B091NR,Finance of capital accumulation,,,,,National Accounts - SNA 2008 - SNE,2017,6
SNEQ.SG05AB091NR0S800,2017.09,13707,Experimental,Dollars,6,A,Consolidated accounts - table 1.3,B091NR,Finance of capital accumulation,,,,,National Accounts - SNA 2008 - SNE,2017,9
SNEQ.SG05AB091NR0S800,2017.12,16865,Experimental,Dollars,6,A,Consolidated accounts - table 1.3,B091NR,Finance of capital accumulation,,,,,National Accounts - SNA 2008 - SNE,2017,12
SNEQ.SG05AB091NR0S800,2018.03,15826,Experimental,Dollars,6,A,Consolidated accounts - table 1.3,B091NR,Finance of capital accumulation,,,,,National Accounts - SNA 2008 - SNE,2018,3
SNEQ.SG05AB091NR0S800,2018.06,14495,Experimental,Dollars,6,A,Consolidated accounts - table 1.3,B091NR,Finance of capital accumulation,,,,,National Accounts - SNA 2008 - SNE,2018,6
SNEQ.SG05AB091NR0S800,2018.09,14192,Experimental,Dollars,6,A,Consolidated accounts - table 1.3,B091NR,Finance of capital accumulation,,,,,National Accounts - SNA 2008 - SNE,2018,9
SNEQ.SG05AB091NR0S800,2018.12,16354,Experimental,Dollars,6,A,Consolidated accounts - table 1.3,B091NR,Finance of capital accumulation,,,,,National Accounts - SNA 2008 - SNE,2018,12
SNEQ.SG05AB091NR0S800,2019.03,16513,Experimental,Dollars,6,A,Consolidated accounts - table 1.3,B091NR,Finance of capital accumulation,,,,,National Accounts - SNA 2008 - SNE,2019,3
SNEQ.SG05AB091NR0S800,2019.06,15816,Experimental,Dollars,6,A,Consolidated accounts - table 1.3,B091NR,Finance of capital accumulation,,,,,National Accounts - SNA 2008 - SNE,2019,6
SNEQ.SG05AB091NR0S800,2019.09,16683,Experimental,Dollars,6,A,Consolidated accounts - table 1.3,B091NR,Finance of capital accumulation,,,,,National Accounts - SNA 2008 - SNE,2019,9
SNEQ.SG05AB091NR0S800,2019.12,19052,Experimental,Dollars,6,A,Consolidated accounts - table 1.3,B091NR,Finance of capital accumulation,,,,,National Accounts - SNA 2008 - SNE,2019,12
SNEQ.SG05AB091NR0S800,2020.03,17524,Experimental,Dollars,6,A,Consolidated accounts - table 1.3,B091NR,Finance of capital accumulation,,,,,National Accounts - SNA 2008 - SNE,2020,3
SNEQ.SG05AB091NR0S800,2020.06,13899,Experimental,Dollars,6,A,Consolidated accounts - table 1.3,B091NR,Finance of capital accumulation,,,,,National Accounts - SNA 2008 - SNE,2020,6
SNEQ.SG05AB091NR0S800,2020.09,18671,Experimental,Dollars,6,A,Consolidated accounts - table 1.3,B091NR,Finance of capital accumulation,,,,,National Accounts - SNA 2008 - SNE,2020,9
SNEQ.SG05AB091NR0S800,2020.12,18771,Experimental,Dollars,6,A,Consolidated accounts - table 1.3,B091NR,Finance of capital accumulation,,,,,National Accounts - SNA 2008 - SNE,2020,12
SNEQ.SG05AB091NR0S800,2021.03,15679,Experimental,Dollars,6,A,Consolidated accounts - table 1.3,B091NR,Finance of capital accumulation,,,,,National Accounts - SNA 2008 - SNE,2021,3
SNEQ.SG05AB091NR0S800,2021.06,16249,Experimental,Dollars,6,A,Consolidated accounts - table 1.3,B091NR,Finance of capital accumulation,,,,,National Accounts - SNA 2008 - SNE,2021,6
SNEQ.SG05AB091NR0S800,2021.09,17623,Experimental,Dollars,6,A,Consolidated accounts - table 1.3,B091NR,Finance of capital accumulation,,,,,National Accounts - SNA 2008 - SNE,2021,9
SNEQ.SG05AB091NR0S800,2021.12,17846,Experimental,Dollars,6,A,Consolidated accounts - table 1.3,B091NR,Finance of capital accumulation,,,,,National Accounts - SNA 2008 - SNE,2021,12
SNEQ.SG05AB091NR0S800,2022.03,13989,Experimental,Dollars,6,A,Consolidated accounts - table 1.3,B091NR,Finance of capital accumulation,,,,,National Accounts - SNA 2008 - SNE,2022,3
SNEQ.SG05AB091NR0S800,2022.06,15660,Experimental,Dollars,6,A,Consolidated accounts - table 1.3,B091NR,Finance of capital accumulation,,,,,National Accounts - SNA 2008 - SNE,2022,6
SNEQ.SG05AB091NR0S800,2022.09,17824,Experimental,Dollars,6,A,Consolidated accounts - table 1.3,B091NR,Finance of capital accumulation,,,,,National Accounts - SNA 2008 - SNE,2022,9
SNEQ.SG05AB091NR0S800,2022.12,18715,Experimental,Dollars,6,A,Consolidated accounts - table 1.3,B091NR,Finance of capital accumulation,,,,,National Accounts - SNA 2008 - SNE,2022,12
SNEQ.SG05AB091NR0S800,2023.03,21165,Experimental,Dollars,6,A,Consolidated accounts - table 1.3,B091NR,Finance of capital accumulation,,,,,National Accounts - SNA 2008 - SNE,2023,3
SNEQ.SG05AB091NR0S800,2023.06,16761,Experimental,Dollars,6,A,Consolidated accounts - table 1.3,B091NR,Finance of capital accumulation,,,,,National Accounts - SNA 2008 - SNE,2023,6
SNEQ.SG05AB091NR0S800,2023.09,18396,Experimental,Dollars,6,A,Consolidated accounts - table 1.3,B091NR,Finance of capital accumulation,,,,,National Accounts - SNA 2008 - SNE,2023,9
SNEQ.SG05AB091NR0S800,2023.12,17551,Experimental,Dollars,6,A,Consolidated accounts - table 1.3,B091NR,Finance of capital accumulation,,,,,National Accounts - SNA 2008 - SNE,2023,12
SNEQ.SG05AB091NR0S800,2024.03,17371,Experimental,Dollars,6,A,Consolidated accounts - table 1.3,B091NR,Finance of capital accumulation,,,,,National Accounts - SNA 2008 - SNE,2024,3
SNEQ.SG05AB091NR0S800,2024.06,16199,Experimental,Dollars,6,A,Consolidated accounts - table 1.3,B091NR,Finance of capital accumulation,,,,,National Accounts - SNA 2008 - SNE,2024,6
SNEQ.SG05AB091NR0S800,2024.09,17240,Experimental,Dollars,6,A,Consolidated accounts - table 1.3,B091NR,Finance of capital accumulation,,,,,National Accounts - SNA 2008 - SNE,2024,9
SNEQ.SG05AB091NR0S800,2024.12,19250,Experimental,Dollars,6,A,Consolidated accounts - table 1.3,B091NR,Finance of capital accumulation,,,,,National Accounts - SNA 2008 - SNE,2024,12
SNEQ.SG05AB091NR0S800,2025.03,18234,Experimental,Dollars,6,A,Consolidated accounts - table 1.3,B091NR,Finance of capital accumulation,,,,,National Accounts - SNA 2008 - SNE,2025,3
SNEQ.SG05AB091NU0S800,2016.06,13228,Experimental,Dollars,6,A,Consolidated accounts - table 1.3,B091NU,Capital accumulation,,,,,National Accounts - SNA 2008 - SNE,2016,6
SNEQ.SG05AB091NU0S800,2016.09,11044,Experimental,Dollars,6,A,Consolidated accounts - table 1.3,B091NU,Capital accumulation,,,,,National Accounts - SNA 2008 - SNE,2016,9
SNEQ.SG05AB091NU0S800,2016.12,17432,Experimental,Dollars,6,A,Consolidated accounts - table 1.3,B091NU,Capital accumulation,,,,,National Accounts - SNA 2008 - SNE,2016,12
SNEQ.SG05AB091NU0S800,2017.03,16409,Experimental,Dollars,6,A,Consolidated accounts - table 1.3,B091NU,Capital accumulation,,,,,National Accounts - SNA 2008 - SNE,2017,3
SNEQ.SG05AB091NU0S800,2017.06,13788,Experimental,Dollars,6,A,Consolidated accounts - table 1.3,B091NU,Capital accumulation,,,,,National Accounts - SNA 2008 - SNE,2017,6
SNEQ.SG05AB091NU0S800,2017.09,11888,Experimental,Dollars,6,A,Consolidated accounts - table 1.3,B091NU,Capital accumulation,,,,,National Accounts - SNA 2008 - SNE,2017,9
SNEQ.SG05AB091NU0S800,2017.12,16689,Experimental,Dollars,6,A,Consolidated accounts - table 1.3,B091NU,Capital accumulation,,,,,National Accounts - SNA 2008 - SNE,2017,12
SNEQ.SG05AB091NU0S800,2018.03,17699,Experimental,Dollars,6,A,Consolidated accounts - table 1.3,B091NU,Capital accumulation,,,,,National Accounts - SNA 2008 - SNE,2018,3
SNEQ.SG05AB091NU0S800,2018.06,14522,Experimental,Dollars,6,A,Consolidated accounts - table 1.3,B091NU,Capital accumulation,,,,,National Accounts - SNA 2008 - SNE,2018,6
SNEQ.SG05AB091NU0S800,2018.09,12073,Experimental,Dollars,6,A,Consolidated accounts - table 1.3,B091NU,Capital accumulation,,,,,National Accounts - SNA 2008 - SNE,2018,9
SNEQ.SG05AB091NU0S800,2018.12,16296,Experimental,Dollars,6,A,Consolidated accounts - table 1.3,B091NU,Capital accumulation,,,,,National Accounts - SNA 2008 - SNE,2018,12
SNEQ.SG05AB091NU0S800,2019.03,18662,Experimental,Dollars,6,A,Consolidated accounts - table 1.3,B091NU,Capital accumulation,,,,,National Accounts - SNA 2008 - SNE,2019,3
SNEQ.SG05AB091NU0S800,2019.06,15892,Experimental,Dollars,6,A,Consolidated accounts - table 1.3,B091NU,Capital accumulation,,,,,National Accounts - SNA 2008 - SNE,2019,6
SNEQ.SG05AB091NU0S800,2019.09,14232,Experimental,Dollars,6,A,Consolidated accounts - table 1.3,B091NU,Capital accumulation,,,,,National Accounts - SNA 2008 - SNE,2019,9
SNEQ.SG05AB091NU0S800,2019.12,19187,Experimental,Dollars,6,A,Consolidated accounts - table 1.3,B091NU,Capital accumulation,,,,,National Accounts - SNA 2008 - SNE,2019,12
SNEQ.SG05AB091NU0S800,2020.03,19764,Experimental,Dollars,6,A,Consolidated accounts - table 1.3,B091NU,Capital accumulation,,,,,National Accounts - SNA 2008 - SNE,2020,3
SNEQ.SG05AB091NU0S800,2020.06,14019,Experimental,Dollars,6,A,Consolidated accounts - table 1.3,B091NU,Capital accumulation,,,,,National Accounts - SNA 2008 - SNE,2020,6
SNEQ.SG05AB091NU0S800,2020.09,15897,Experimental,Dollars,6,A,Consolidated accounts - table 1.3,B091NU,Capital accumulation,,,,,National Accounts - SNA 2008 - SNE,2020,9
SNEQ.SG05AB091NU0S800,2020.12,18998,Experimental,Dollars,6,A,Consolidated accounts - table 1.3,B091NU,Capital accumulation,,,,,National Accounts - SNA 2008 - SNE,2020,12
SNEQ.SG05AB091NU0S800,2021.03,18104,Experimental,Dollars,6,A,Consolidated accounts - table 1.3,B091NU,Capital accumulation,,,,,National Accounts - SNA 2008 - SNE,2021,3
SNEQ.SG05AB091NU0S800,2021.06,16355,Experimental,Dollars,6,A,Consolidated accounts - table 1.3,B091NU,Capital accumulation,,,,,National Accounts - SNA 2008 - SNE,2021,6
SNEQ.SG05AB091NU0S800,2021.09,14557,Experimental,Dollars,6,A,Consolidated accounts - table 1.3,B091NU,Capital accumulation,,,,,National Accounts - SNA 2008 - SNE,2021,9
SNEQ.SG05AB091NU0S800,2021.12,18092,Experimental,Dollars,6,A,Consolidated accounts - table 1.3,B091NU,Capital accumulation,,,,,National Accounts - SNA 2008 - SNE,2021,12
SNEQ.SG05AB091NU0S800,2022.03,16703,Experimental,Dollars,6,A,Consolidated accounts - table 1.3,B091NU,Capital accumulation,,,,,National Accounts - SNA 2008 - SNE,2022,3
SNEQ.SG05AB091NU0S800,2022.06,15976,Experimental,Dollars,6,A,Consolidated accounts - table 1.3,B091NU,Capital accumulation,,,,,National Accounts - SNA 2008 - SNE,2022,6
SNEQ.SG05AB091NU0S800,2022.09,14362,Experimental,Dollars,6,A,Consolidated accounts - table 1.3,B091NU,Capital accumulation,,,,,National Accounts - SNA 2008 - SNE,2022,9
SNEQ.SG05AB091NU0S800,2022.12,18909,Experimental,Dollars,6,A,Consolidated accounts - table 1.3,B091NU,Capital accumulation,,,,,National Accounts - SNA 2008 - SNE,2022,12
SNEQ.SG05AB091NU0S800,2023.03,24117,Experimental,Dollars,6,A,Consolidated accounts - table 1.3,B091NU,Capital accumulation,,,,,National Accounts - SNA 2008 - SNE,2023,3
SNEQ.SG05AB091NU0S800,2023.06,17342,Experimental,Dollars,6,A,Consolidated accounts - table 1.3,B091NU,Capital accumulation,,,,,National Accounts - SNA 2008 - SNE,2023,6
SNEQ.SG05AB091NU0S800,2023.09,15512,Experimental,Dollars,6,A,Consolidated accounts - table 1.3,B091NU,Capital accumulation,,,,,National Accounts - SNA 2008 - SNE,2023,9
SNEQ.SG05AB091NU0S800,2023.12,18488,Experimental,Dollars,6,A,Consolidated accounts - table 1.3,B091NU,Capital accumulation,,,,,National Accounts - SNA 2008 - SNE,2023,12
SNEQ.SG05AB091NU0S800,2024.03,20877,Experimental,Dollars,6,A,Consolidated accounts - table 1.3,B091NU,Capital accumulation,,,,,National Accounts - SNA 2008 - SNE,2024,3
SNEQ.SG05AB091NU0S800,2024.06,16777,Experimental,Dollars,6,A,Consolidated accounts - table 1.3,B091NU,Capital accumulation,,,,,National Accounts - SNA 2008 - SNE,2024,6
SNEQ.SG05AB091NU0S800,2024.09,14353,Experimental,Dollars,6,A,Consolidated accounts - table 1.3,B091NU,Capital accumulation,,,,,National Accounts - SNA 2008 - SNE,2024,9
SNEQ.SG05AB091NU0S800,2024.12,20256,Experimental,Dollars,6,A,Consolidated accounts - table 1.3,B091NU,Capital accumulation,,,,,National Accounts - SNA 2008 - SNE,2024,12
SNEQ.SG05AB091NU0S800,2025.03,21676,Experimental,Dollars,6,A,Consolidated accounts - table 1.3,B091NU,Capital accumulation,,,,,National Accounts - SNA 2008 - SNE,2025,3
SNEQ.SG05AB98C000S900,2016.06,196,Experimental,Dollars,6,A,Consolidated accounts - table 1.3,B98C,Statistical discrepancy,,,,,National Accounts - SNA 2008 - SNE,2016,6
SNEQ.SG05AB98C000S900,2016.09,-1698,Experimental,Dollars,6,A,Consolidated accounts - table 1.3,B98C,Statistical discrepancy,,,,,National Accounts - SNA 2008 - SNE,2016,9
SNEQ.SG05AB98C000S900,2016.12,-355,Experimental,Dollars,6,A,Consolidated accounts - table 1.3,B98C,Statistical discrepancy,,,,,National Accounts - SNA 2008 - SNE,2016,12
SNEQ.SG05AB98C000S900,2017.03,1856,Experimental,Dollars,6,A,Consolidated accounts - table 1.3,B98C,Statistical discrepancy,,,,,National Accounts - SNA 2008 - SNE,2017,3
SNEQ.SG05AB98C000S900,2017.06,123,Experimental,Dollars,6,A,Consolidated accounts - table 1.3,B98C,Statistical discrepancy,,,,,National Accounts - SNA 2008 - SNE,2017,6
SNEQ.SG05AB98C000S900,2017.09,-1819,Experimental,Dollars,6,A,Consolidated accounts - table 1.3,B98C,Statistical discrepancy,,,,,National Accounts - SNA 2008 - SNE,2017,9
SNEQ.SG05AB98C000S900,2017.12,-176,Experimental,Dollars,6,A,Consolidated accounts - table 1.3,B98C,Statistical discrepancy,,,,,National Accounts - SNA 2008 - SNE,2017,12
SNEQ.SG05AB98C000S900,2018.03,1873,Experimental,Dollars,6,A,Consolidated accounts - table 1.3,B98C,Statistical discrepancy,,,,,National Accounts - SNA 2008 - SNE,2018,3
SNEQ.SG05AB98C000S900,2018.06,27,Experimental,Dollars,6,A,Consolidated accounts - table 1.3,B98C,Statistical discrepancy,,,,,National Accounts - SNA 2008 - SNE,2018,6
SNEQ.SG05AB98C000S900,2018.09,-2119,Experimental,Dollars,6,A,Consolidated accounts - table 1.3,B98C,Statistical discrepancy,,,,,National Accounts - SNA 2008 - SNE,2018,9
SNEQ.SG05AB98C000S900,2018.12,-58,Experimental,Dollars,6,A,Consolidated accounts - table 1.3,B98C,Statistical discrepancy,,,,,National Accounts - SNA 2008 - SNE,2018,12
SNEQ.SG05AB98C000S900,2019.03,2149,Experimental,Dollars,6,A,Consolidated accounts - table 1.3,B98C,Statistical discrepancy,,,,,National Accounts - SNA 2008 - SNE,2019,3
SNEQ.SG05AB98C000S900,2019.06,76,Experimental,Dollars,6,A,Consolidated accounts - table 1.3,B98C,Statistical discrepancy,,,,,National Accounts - SNA 2008 - SNE,2019,6
SNEQ.SG05AB98C000S900,2019.09,-2451,Experimental,Dollars,6,A,Consolidated accounts - table 1.3,B98C,Statistical discrepancy,,,,,National Accounts - SNA 2008 - SNE,2019,9
SNEQ.SG05AB98C000S900,2019.12,135,Experimental,Dollars,6,A,Consolidated accounts - table 1.3,B98C,Statistical discrepancy,,,,,National Accounts - SNA 2008 - SNE,2019,12
SNEQ.SG05AB98C000S900,2020.03,2240,Experimental,Dollars,6,A,Consolidated accounts - table 1.3,B98C,Statistical discrepancy,,,,,National Accounts - SNA 2008 - SNE,2020,3
SNEQ.SG05AB98C000S900,2020.06,120,Experimental,Dollars,6,A,Consolidated accounts - table 1.3,B98C,Statistical discrepancy,,,,,National Accounts - SNA 2008 - SNE,2020,6
SNEQ.SG05AB98C000S900,2020.09,-2774,Experimental,Dollars,6,A,Consolidated accounts - table 1.3,B98C,Statistical discrepancy,,,,,National Accounts - SNA 2008 - SNE,2020,9
SNEQ.SG05AB98C000S900,2020.12,227,Experimental,Dollars,6,A,Consolidated accounts - table 1.3,B98C,Statistical discrepancy,,,,,National Accounts - SNA 2008 - SNE,2020,12
SNEQ.SG05AB98C000S900,2021.03,2425,Experimental,Dollars,6,A,Consolidated accounts - table 1.3,B98C,Statistical discrepancy,,,,,National Accounts - SNA 2008 - SNE,2021,3
SNEQ.SG05AB98C000S900,2021.06,106,Experimental,Dollars,6,A,Consolidated accounts - table 1.3,B98C,Statistical discrepancy,,,,,National Accounts - SNA 2008 - SNE,2021,6
SNEQ.SG05AB98C000S900,2021.09,-3066,Experimental,Dollars,6,A,Consolidated accounts - table 1.3,B98C,Statistical discrepancy,,,,,National Accounts - SNA 2008 - SNE,2021,9
SNEQ.SG05AB98C000S900,2021.12,246,Experimental,Dollars,6,A,Consolidated accounts - table 1.3,B98C,Statistical discrepancy,,,,,National Accounts - SNA 2008 - SNE,2021,12
SNEQ.SG05AB98C000S900,2022.03,2714,Experimental,Dollars,6,A,Consolidated accounts - table 1.3,B98C,Statistical discrepancy,,,,,National Accounts - SNA 2008 - SNE,2022,3
SNEQ.SG05AB98C000S900,2022.06,316,Experimental,Dollars,6,A,Consolidated accounts - table 1.3,B98C,Statistical discrepancy,,,,,National Accounts - SNA 2008 - SNE,2022,6
SNEQ.SG05AB98C000S900,2022.09,-3462,Experimental,Dollars,6,A,Consolidated accounts - table 1.3,B98C,Statistical discrepancy,,,,,National Accounts - SNA 2008 - SNE,2022,9
SNEQ.SG05AB98C000S900,2022.12,194,Experimental,Dollars,6,A,Consolidated accounts - table 1.3,B98C,Statistical discrepancy,,,,,National Accounts - SNA 2008 - SNE,2022,12
SNEQ.SG05AB98C000S900,2023.03,2952,Experimental,Dollars,6,A,Consolidated accounts - table 1.3,B98C,Statistical discrepancy,,,,,National Accounts - SNA 2008 - SNE,2023,3
SNEQ.SG05AB98C000S900,2023.06,581,Experimental,Dollars,6,A,Consolidated accounts - table 1.3,B98C,Statistical discrepancy,,,,,National Accounts - SNA 2008 - SNE,2023,6
SNEQ.SG05AB98C000S900,2023.09,-2884,Experimental,Dollars,6,A,Consolidated accounts - table 1.3,B98C,Statistical discrepancy,,,,,National Accounts - SNA 2008 - SNE,2023,9
SNEQ.SG05AB98C000S900,2023.12,937,Experimental,Dollars,6,A,Consolidated accounts - table 1.3,B98C,Statistical discrepancy,,,,,National Accounts - SNA 2008 - SNE,2023,12
SNEQ.SG05AB98C000S900,2024.03,3506,Experimental,Dollars,6,A,Consolidated accounts - table 1.3,B98C,Statistical discrepancy,,,,,National Accounts - SNA 2008 - SNE,2024,3
SNEQ.SG05AB98C000S900,2024.06,578,Experimental,Dollars,6,A,Consolidated accounts - table 1.3,B98C,Statistical discrepancy,,,,,National Accounts - SNA 2008 - SNE,2024,6
SNEQ.SG05AB98C000S900,2024.09,-2887,Experimental,Dollars,6,A,Consolidated accounts - table 1.3,B98C,Statistical discrepancy,,,,,National Accounts - SNA 2008 - SNE,2024,9
SNEQ.SG05AB98C000S900,2024.12,1006,Experimental,Dollars,6,A,Consolidated accounts - table 1.3,B98C,Statistical discrepancy,,,,,National Accounts - SNA 2008 - SNE,2024,12
SNEQ.SG05AB98C000S900,2025.03,3442,Experimental,Dollars,6,A,Consolidated accounts - table 1.3,B98C,Statistical discrepancy,,,,,National Accounts - SNA 2008 - SNE,2025,3
SNEQ.SG05AD099000S800,2016.06,0,Experimental,Dollars,6,A,Consolidated accounts - table 1.3,D099,"Capital transfers from the rest of the world,",,,,,National Accounts - SNA 2008 - SNE,2016,6
SNEQ.SG05AD099000S800,2016.09,0,Experimental,Dollars,6,A,Consolidated accounts - table 1.3,D099,"Capital transfers from the rest of the world,",,,,,National Accounts - SNA 2008 - SNE,2016,9
SNEQ.SG05AD099000S800,2016.12,2041,Experimental,Dollars,6,A,Consolidated accounts - table 1.3,D099,"Capital transfers from the rest of the world,",,,,,National Accounts - SNA 2008 - SNE,2016,12
SNEQ.SG05AD099000S800,2017.03,0,Experimental,Dollars,6,A,Consolidated accounts - table 1.3,D099,"Capital transfers from the rest of the world,",,,,,National Accounts - SNA 2008 - SNE,2017,3
SNEQ.SG05AD099000S800,2017.06,0,Experimental,Dollars,6,A,Consolidated accounts - table 1.3,D099,"Capital transfers from the rest of the world,",,,,,National Accounts - SNA 2008 - SNE,2017,6
SNEQ.SG05AD099000S800,2017.09,0,Experimental,Dollars,6,A,Consolidated accounts - table 1.3,D099,"Capital transfers from the rest of the world,",,,,,National Accounts - SNA 2008 - SNE,2017,9
SNEQ.SG05AD099000S800,2017.12,0,Experimental,Dollars,6,A,Consolidated accounts - table 1.3,D099,"Capital transfers from the rest of the world,",,,,,National Accounts - SNA 2008 - SNE,2017,12
SNEQ.SG05AD099000S800,2018.03,0,Experimental,Dollars,6,A,Consolidated accounts - table 1.3,D099,"Capital transfers from the rest of the world,",,,,,National Accounts - SNA 2008 - SNE,2018,3
SNEQ.SG05AD099000S800,2018.06,0,Experimental,Dollars,6,A,Consolidated accounts - table 1.3,D099,"Capital transfers from the rest of the world,",,,,,National Accounts - SNA 2008 - SNE,2018,6
SNEQ.SG05AD099000S800,2018.09,0,Experimental,Dollars,6,A,Consolidated accounts - table 1.3,D099,"Capital transfers from the rest of the world,",,,,,National Accounts - SNA 2008 - SNE,2018,9
SNEQ.SG05AD099000S800,2018.12,0,Experimental,Dollars,6,A,Consolidated accounts - table 1.3,D099,"Capital transfers from the rest of the world,",,,,,National Accounts - SNA 2008 - SNE,2018,12
SNEQ.SG05AD099000S800,2019.03,0,Experimental,Dollars,6,A,Consolidated accounts - table 1.3,D099,"Capital transfers from the rest of the world,",,,,,National Accounts - SNA 2008 - SNE,2019,3
SNEQ.SG05AD099000S800,2019.06,0,Experimental,Dollars,6,A,Consolidated accounts - table 1.3,D099,"Capital transfers from the rest of the world,",,,,,National Accounts - SNA 2008 - SNE,2019,6
SNEQ.SG05AD099000S800,2019.09,0,Experimental,Dollars,6,A,Consolidated accounts - table 1.3,D099,"Capital transfers from the rest of the world,",,,,,National Accounts - SNA 2008 - SNE,2019,9
SNEQ.SG05AD099000S800,2019.12,0,Experimental,Dollars,6,A,Consolidated accounts - table 1.3,D099,"Capital transfers from the rest of the world,",,,,,National Accounts - SNA 2008 - SNE,2019,12
SNEQ.SG05AD099000S800,2020.03,0,Experimental,Dollars,6,A,Consolidated accounts - table 1.3,D099,"Capital transfers from the rest of the world,",,,,,National Accounts - SNA 2008 - SNE,2020,3
SNEQ.SG05AD099000S800,2020.06,0,Experimental,Dollars,6,A,Consolidated accounts - table 1.3,D099,"Capital transfers from the rest of the world,",,,,,National Accounts - SNA 2008 - SNE,2020,6
SNEQ.SG05AD099000S800,2020.09,0,Experimental,Dollars,6,A,Consolidated accounts - table 1.3,D099,"Capital transfers from the rest of the world,",,,,,National Accounts - SNA 2008 - SNE,2020,9
SNEQ.SG05AD099000S800,2020.12,0,Experimental,Dollars,6,A,Consolidated accounts - table 1.3,D099,"Capital transfers from the rest of the world,",,,,,National Accounts - SNA 2008 - SNE,2020,12
SNEQ.SG05AD099000S800,2021.03,0,Experimental,Dollars,6,A,Consolidated accounts - table 1.3,D099,"Capital transfers from the rest of the world,",,,,,National Accounts - SNA 2008 - SNE,2021,3
SNEQ.SG05AD099000S800,2021.06,0,Experimental,Dollars,6,A,Consolidated accounts - table 1.3,D099,"Capital transfers from the rest of the world,",,,,,National Accounts - SNA 2008 - SNE,2021,6
SNEQ.SG05AD099000S800,2021.09,0,Experimental,Dollars,6,A,Consolidated accounts - table 1.3,D099,"Capital transfers from the rest of the world,",,,,,National Accounts - SNA 2008 - SNE,2021,9
SNEQ.SG05AD099000S800,2021.12,0,Experimental,Dollars,6,A,Consolidated accounts - table 1.3,D099,"Capital transfers from the rest of the world,",,,,,National Accounts - SNA 2008 - SNE,2021,12
SNEQ.SG05AD099000S800,2022.03,0,Experimental,Dollars,6,A,Consolidated accounts - table 1.3,D099,"Capital transfers from the rest of the world,",,,,,National Accounts - SNA 2008 - SNE,2022,3
SNEQ.SG05AD099000S800,2022.06,0,Experimental,Dollars,6,A,Consolidated accounts - table 1.3,D099,"Capital transfers from the rest of the world,",,,,,National Accounts - SNA 2008 - SNE,2022,6
SNEQ.SG05AD099000S800,2022.09,0,Experimental,Dollars,6,A,Consolidated accounts - table 1.3,D099,"Capital transfers from the rest of the world,",,,,,National Accounts - SNA 2008 - SNE,2022,9
SNEQ.SG05AD099000S800,2022.12,0,Experimental,Dollars,6,A,Consolidated accounts - table 1.3,D099,"Capital transfers from the rest of the world,",,,,,National Accounts - SNA 2008 - SNE,2022,12
SNEQ.SG05AD099000S800,2023.03,3810,Experimental,Dollars,6,A,Consolidated accounts - table 1.3,D099,"Capital transfers from the rest of the world,",,,,,National Accounts - SNA 2008 - SNE,2023,3
SNEQ.SG05AD099000S800,2023.06,0,Experimental,Dollars,6,A,Consolidated accounts - table 1.3,D099,"Capital transfers from the rest of the world,",,,,,National Accounts - SNA 2008 - SNE,2023,6
SNEQ.SG05AD099000S800,2023.09,0,Experimental,Dollars,6,A,Consolidated accounts - table 1.3,D099,"Capital transfers from the rest of the world,",,,,,National Accounts - SNA 2008 - SNE,2023,9
SNEQ.SG05AD099000S800,2023.12,0,Experimental,Dollars,6,A,Consolidated accounts - table 1.3,D099,"Capital transfers from the rest of the world,",,,,,National Accounts - SNA 2008 - SNE,2023,12
SNEQ.SG05AD099000S800,2024.03,0,Experimental,Dollars,6,A,Consolidated accounts - table 1.3,D099,"Capital transfers from the rest of the world,",,,,,National Accounts - SNA 2008 - SNE,2024,3
SNEQ.SG05AD099000S800,2024.06,0,Experimental,Dollars,6,A,Consolidated accounts - table 1.3,D099,"Capital transfers from the rest of the world,",,,,,National Accounts - SNA 2008 - SNE,2024,6
SNEQ.SG05AD099000S800,2024.09,0,Experimental,Dollars,6,A,Consolidated accounts - table 1.3,D099,"Capital transfers from the rest of the world,",,,,,National Accounts - SNA 2008 - SNE,2024,9
SNEQ.SG05AD099000S800,2024.12,0,Experimental,Dollars,6,A,Consolidated accounts - table 1.3,D099,"Capital transfers from the rest of the world,",,,,,National Accounts - SNA 2008 - SNE,2024,12
SNEQ.SG05AD099000S800,2025.03,0,Experimental,Dollars,6,A,Consolidated accounts - table 1.3,D099,"Capital transfers from the rest of the world,",,,,,National Accounts - SNA 2008 - SNE,2025,3
SNEQ.SG05ANP02000S800,2016.06,-73,Experimental,Dollars,6,A,Consolidated accounts - table 1.3,NP02,Purchase of non-produced non-financial assets,,,,,National Accounts - SNA 2008 - SNE,2016,6
SNEQ.SG05ANP02000S800,2016.09,11,Experimental,Dollars,6,A,Consolidated accounts - table 1.3,NP02,Purchase of non-produced non-financial assets,,,,,National Accounts - SNA 2008 - SNE,2016,9
SNEQ.SG05ANP02000S800,2016.12,13,Experimental,Dollars,6,A,Consolidated accounts - table 1.3,NP02,Purchase of non-produced non-financial assets,,,,,National Accounts - SNA 2008 - SNE,2016,12
SNEQ.SG05ANP02000S800,2017.03,-3,Experimental,Dollars,6,A,Consolidated accounts - table 1.3,NP02,Purchase of non-produced non-financial assets,,,,,National Accounts - SNA 2008 - SNE,2017,3
SNEQ.SG05ANP02000S800,2017.06,14,Experimental,Dollars,6,A,Consolidated accounts - table 1.3,NP02,Purchase of non-produced non-financial assets,,,,,National Accounts - SNA 2008 - SNE,2017,6
SNEQ.SG05ANP02000S800,2017.09,15,Experimental,Dollars,6,A,Consolidated accounts - table 1.3,NP02,Purchase of non-produced non-financial assets,,,,,National Accounts - SNA 2008 - SNE,2017,9
SNEQ.SG05ANP02000S800,2017.12,-171,Experimental,Dollars,6,A,Consolidated accounts - table 1.3,NP02,Purchase of non-produced non-financial assets,,,,,National Accounts - SNA 2008 - SNE,2017,12
SNEQ.SG05ANP02000S800,2018.03,21,Experimental,Dollars,6,A,Consolidated accounts - table 1.3,NP02,Purchase of non-produced non-financial assets,,,,,National Accounts - SNA 2008 - SNE,2018,3
SNEQ.SG05ANP02000S800,2018.06,23,Experimental,Dollars,6,A,Consolidated accounts - table 1.3,NP02,Purchase of non-produced non-financial assets,,,,,National Accounts - SNA 2008 - SNE,2018,6
SNEQ.SG05ANP02000S800,2018.09,15,Experimental,Dollars,6,A,Consolidated accounts - table 1.3,NP02,Purchase of non-produced non-financial assets,,,,,National Accounts - SNA 2008 - SNE,2018,9
SNEQ.SG05ANP02000S800,2018.12,0,Experimental,Dollars,6,A,Consolidated accounts - table 1.3,NP02,Purchase of non-produced non-financial assets,,,,,National Accounts - SNA 2008 - SNE,2018,12
SNEQ.SG05ANP02000S800,2019.03,1,Experimental,Dollars,6,A,Consolidated accounts - table 1.3,NP02,Purchase of non-produced non-financial assets,,,,,National Accounts - SNA 2008 - SNE,2019,3
SNEQ.SG05ANP02000S800,2019.06,12,Experimental,Dollars,6,A,Consolidated accounts - table 1.3,NP02,Purchase of non-produced non-financial assets,,,,,National Accounts - SNA 2008 - SNE,2019,6
SNEQ.SG05ANP02000S800,2019.09,21,Experimental,Dollars,6,A,Consolidated accounts - table 1.3,NP02,Purchase of non-produced non-financial assets,,,,,National Accounts - SNA 2008 - SNE,2019,9
SNEQ.SG05ANP02000S800,2019.12,3,Experimental,Dollars,6,A,Consolidated accounts - table 1.3,NP02,Purchase of non-produced non-financial assets,,,,,National Accounts - SNA 2008 - SNE,2019,12
SNEQ.SG05ANP02000S800,2020.03,23,Experimental,Dollars,6,A,Consolidated accounts - table 1.3,NP02,Purchase of non-produced non-financial assets,,,,,National Accounts - SNA 2008 - SNE,2020,3
SNEQ.SG05ANP02000S800,2020.06,18,Experimental,Dollars,6,A,Consolidated accounts - table 1.3,NP02,Purchase of non-produced non-financial assets,,,,,National Accounts - SNA 2008 - SNE,2020,6
SNEQ.SG05ANP02000S800,2020.09,19,Experimental,Dollars,6,A,Consolidated accounts - table 1.3,NP02,Purchase of non-produced non-financial assets,,,,,National Accounts - SNA 2008 - SNE,2020,9
SNEQ.SG05ANP02000S800,2020.12,-13,Experimental,Dollars,6,A,Consolidated accounts - table 1.3,NP02,Purchase of non-produced non-financial assets,,,,,National Accounts - SNA 2008 - SNE,2020,12
SNEQ.SG05ANP02000S800,2021.03,4,Experimental,Dollars,6,A,Consolidated accounts - table 1.3,NP02,Purchase of non-produced non-financial assets,,,,,National Accounts - SNA 2008 - SNE,2021,3
SNEQ.SG05ANP02000S800,2021.06,-6,Experimental,Dollars,6,A,Consolidated accounts - table 1.3,NP02,Purchase of non-produced non-financial assets,,,,,National Accounts - SNA 2008 - SNE,2021,6
SNEQ.SG05ANP02000S800,2021.09,-59,Experimental,Dollars,6,A,Consolidated accounts - table 1.3,NP02,Purchase of non-produced non-financial assets,,,,,National Accounts - SNA 2008 - SNE,2021,9
SNEQ.SG05ANP02000S800,2021.12,149,Experimental,Dollars,6,A,Consolidated accounts - table 1.3,NP02,Purchase of non-produced non-financial assets,,,,,National Accounts - SNA 2008 - SNE,2021,12
SNEQ.SG05ANP02000S800,2022.03,93,Experimental,Dollars,6,A,Consolidated accounts - table 1.3,NP02,Purchase of non-produced non-financial assets,,,,,National Accounts - SNA 2008 - SNE,2022,3
SNEQ.SG05ANP02000S800,2022.06,267,Experimental,Dollars,6,A,Consolidated accounts - table 1.3,NP02,Purchase of non-produced non-financial assets,,,,,National Accounts - SNA 2008 - SNE,2022,6
SNEQ.SG05ANP02000S800,2022.09,50,Experimental,Dollars,6,A,Consolidated accounts - table 1.3,NP02,Purchase of non-produced non-financial assets,,,,,National Accounts - SNA 2008 - SNE,2022,9
SNEQ.SG05ANP02000S800,2022.12,46,Experimental,Dollars,6,A,Consolidated accounts - table 1.3,NP02,Purchase of non-produced non-financial assets,,,,,National Accounts - SNA 2008 - SNE,2022,12
SNEQ.SG05ANP02000S800,2023.03,24,Experimental,Dollars,6,A,Consolidated accounts - table 1.3,NP02,Purchase of non-produced non-financial assets,,,,,National Accounts - SNA 2008 - SNE,2023,3
SNEQ.SG05ANP02000S800,2023.06,17,Experimental,Dollars,6,A,Consolidated accounts - table 1.3,NP02,Purchase of non-produced non-financial assets,,,,,National Accounts - SNA 2008 - SNE,2023,6
SNEQ.SG05ANP02000S800,2023.09,158,Experimental,Dollars,6,A,Consolidated accounts - table 1.3,NP02,Purchase of non-produced non-financial assets,,,,,National Accounts - SNA 2008 - SNE,2023,9
SNEQ.SG05ANP02000S800,2023.12,295,Experimental,Dollars,6,A,Consolidated accounts - table 1.3,NP02,Purchase of non-produced non-financial assets,,,,,National Accounts - SNA 2008 - SNE,2023,12
SNEQ.SG05ANP02000S800,2024.03,149,Experimental,Dollars,6,A,Consolidated accounts - table 1.3,NP02,Purchase of non-produced non-financial assets,,,,,National Accounts - SNA 2008 - SNE,2024,3
SNEQ.SG05ANP02000S800,2024.06,140,Experimental,Dollars,6,A,Consolidated accounts - table 1.3,NP02,Purchase of non-produced non-financial assets,,,,,National Accounts - SNA 2008 - SNE,2024,6
SNEQ.SG05ANP02000S800,2024.09,142,Experimental,Dollars,6,A,Consolidated accounts - table 1.3,NP02,Purchase of non-produced non-financial assets,,,,,National Accounts - SNA 2008 - SNE,2024,9
SNEQ.SG05ANP02000S800,2024.12,174,Experimental,Dollars,6,A,Consolidated accounts - table 1.3,NP02,Purchase of non-produced non-financial assets,,,,,National Accounts - SNA 2008 - SNE,2024,12
SNEQ.SG05ANP02000S800,2025.03,129,Experimental,Dollars,6,A,Consolidated accounts - table 1.3,NP02,Purchase of non-produced non-financial assets,,,,,National Accounts - SNA 2008 - SNE,2025,3
SNEQ.SG05AP051C00S900,2016.06,9254,Experimental,Dollars,6,A,Consolidated accounts - table 1.3,P051C,Consumption of fixed catpital,AN1,Produced non-financial assets,,,National Accounts - SNA 2008 - SNE,2016,6
SNEQ.SG05AP051C00S900,2016.09,9402,Experimental,Dollars,6,A,Consolidated accounts - table 1.3,P051C,Consumption of fixed catpital,AN1,Produced non-financial assets,,,National Accounts - SNA 2008 - SNE,2016,9
SNEQ.SG05AP051C00S900,2016.12,9548,Experimental,Dollars,6,A,Consolidated accounts - table 1.3,P051C,Consumption of fixed catpital,AN1,Produced non-financial assets,,,National Accounts - SNA 2008 - SNE,2016,12
SNEQ.SG05AP051C00S900,2017.03,9699,Experimental,Dollars,6,A,Consolidated accounts - table 1.3,P051C,Consumption of fixed catpital,AN1,Produced non-financial assets,,,National Accounts - SNA 2008 - SNE,2017,3
SNEQ.SG05AP051C00S900,2017.06,9697,Experimental,Dollars,6,A,Consolidated accounts - table 1.3,P051C,Consumption of fixed catpital,AN1,Produced non-financial assets,,,National Accounts - SNA 2008 - SNE,2017,6
SNEQ.SG05AP051C00S900,2017.09,9842,Experimental,Dollars,6,A,Consolidated accounts - table 1.3,P051C,Consumption of fixed catpital,AN1,Produced non-financial assets,,,National Accounts - SNA 2008 - SNE,2017,9
SNEQ.SG05AP051C00S900,2017.12,9999,Experimental,Dollars,6,A,Consolidated accounts - table 1.3,P051C,Consumption of fixed catpital,AN1,Produced non-financial assets,,,National Accounts - SNA 2008 - SNE,2017,12
SNEQ.SG05AP051C00S900,2018.03,10234,Experimental,Dollars,6,A,Consolidated accounts - table 1.3,P051C,Consumption of fixed catpital,AN1,Produced non-financial assets,,,National Accounts - SNA 2008 - SNE,2018,3
SNEQ.SG05AP051C00S900,2018.06,11056,Experimental,Dollars,6,A,Consolidated accounts - table 1.3,P051C,Consumption of fixed catpital,AN1,Produced non-financial assets,,,National Accounts - SNA 2008 - SNE,2018,6
SNEQ.SG05AP051C00S900,2018.09,11222,Experimental,Dollars,6,A,Consolidated accounts - table 1.3,P051C,Consumption of fixed catpital,AN1,Produced non-financial assets,,,National Accounts - SNA 2008 - SNE,2018,9
SNEQ.SG05AP051C00S900,2018.12,11414,Experimental,Dollars,6,A,Consolidated accounts - table 1.3,P051C,Consumption of fixed catpital,AN1,Produced non-financial assets,,,National Accounts - SNA 2008 - SNE,2018,12
SNEQ.SG05AP051C00S900,2019.03,11508,Experimental,Dollars,6,A,Consolidated accounts - table 1.3,P051C,Consumption of fixed catpital,AN1,Produced non-financial assets,,,National Accounts - SNA 2008 - SNE,2019,3
SNEQ.SG05AP051C00S900,2019.06,10939,Experimental,Dollars,6,A,Consolidated accounts - table 1.3,P051C,Consumption of fixed catpital,AN1,Produced non-financial assets,,,National Accounts - SNA 2008 - SNE,2019,6
SNEQ.SG05AP051C00S900,2019.09,11100,Experimental,Dollars,6,A,Consolidated accounts - table 1.3,P051C,Consumption of fixed catpital,AN1,Produced non-financial assets,,,National Accounts - SNA 2008 - SNE,2019,9
SNEQ.SG05AP051C00S900,2019.12,11298,Experimental,Dollars,6,A,Consolidated accounts - table 1.3,P051C,Consumption of fixed catpital,AN1,Produced non-financial assets,,,National Accounts - SNA 2008 - SNE,2019,12
SNEQ.SG05AP051C00S900,2020.03,11514,Experimental,Dollars,6,A,Consolidated accounts - table 1.3,P051C,Consumption of fixed catpital,AN1,Produced non-financial assets,,,National Accounts - SNA 2008 - SNE,2020,3
SNEQ.SG05AP051C00S900,2020.06,11577,Experimental,Dollars,6,A,Consolidated accounts - table 1.3,P051C,Consumption of fixed catpital,AN1,Produced non-financial assets,,,National Accounts - SNA 2008 - SNE,2020,6
SNEQ.SG05AP051C00S900,2020.09,11683,Experimental,Dollars,6,A,Consolidated accounts - table 1.3,P051C,Consumption of fixed catpital,AN1,Produced non-financial assets,,,National Accounts - SNA 2008 - SNE,2020,9
SNEQ.SG05AP051C00S900,2020.12,11803,Experimental,Dollars,6,A,Consolidated accounts - table 1.3,P051C,Consumption of fixed catpital,AN1,Produced non-financial assets,,,National Accounts - SNA 2008 - SNE,2020,12
SNEQ.SG05AP051C00S900,2021.03,11879,Experimental,Dollars,6,A,Consolidated accounts - table 1.3,P051C,Consumption of fixed catpital,AN1,Produced non-financial assets,,,National Accounts - SNA 2008 - SNE,2021,3
SNEQ.SG05AP051C00S900,2021.06,12216,Experimental,Dollars,6,A,Consolidated accounts - table 1.3,P051C,Consumption of fixed catpital,AN1,Produced non-financial assets,,,National Accounts - SNA 2008 - SNE,2021,6
SNEQ.SG05AP051C00S900,2021.09,12467,Experimental,Dollars,6,A,Consolidated accounts - table 1.3,P051C,Consumption of fixed catpital,AN1,Produced non-financial assets,,,National Accounts - SNA 2008 - SNE,2021,9
SNEQ.SG05AP051C00S900,2021.12,12747,Experimental,Dollars,6,A,Consolidated accounts - table 1.3,P051C,Consumption of fixed catpital,AN1,Produced non-financial assets,,,National Accounts - SNA 2008 - SNE,2021,12
SNEQ.SG05AP051C00S900,2022.03,13176,Experimental,Dollars,6,A,Consolidated accounts - table 1.3,P051C,Consumption of fixed catpital,AN1,Produced non-financial assets,,,National Accounts - SNA 2008 - SNE,2022,3
SNEQ.SG05AP051C00S900,2022.06,13618,Experimental,Dollars,6,A,Consolidated accounts - table 1.3,P051C,Consumption of fixed catpital,AN1,Produced non-financial assets,,,National Accounts - SNA 2008 - SNE,2022,6
SNEQ.SG05AP051C00S900,2022.09,14175,Experimental,Dollars,6,A,Consolidated accounts - table 1.3,P051C,Consumption of fixed catpital,AN1,Produced non-financial assets,,,National Accounts - SNA 2008 - SNE,2022,9
SNEQ.SG05AP051C00S900,2022.12,14654,Experimental,Dollars,6,A,Consolidated accounts - table 1.3,P051C,Consumption of fixed catpital,AN1,Produced non-financial assets,,,National Accounts - SNA 2008 - SNE,2022,12
SNEQ.SG05AP051C00S900,2023.03,15299,Experimental,Dollars,6,A,Consolidated accounts - table 1.3,P051C,Consumption of fixed catpital,AN1,Produced non-financial assets,,,National Accounts - SNA 2008 - SNE,2023,3
SNEQ.SG05AP051C00S900,2023.06,15170,Experimental,Dollars,6,A,Consolidated accounts - table 1.3,P051C,Consumption of fixed catpital,AN1,Produced non-financial assets,,,National Accounts - SNA 2008 - SNE,2023,6
SNEQ.SG05AP051C00S900,2023.09,15590,Experimental,Dollars,6,A,Consolidated accounts - table 1.3,P051C,Consumption of fixed catpital,AN1,Produced non-financial assets,,,National Accounts - SNA 2008 - SNE,2023,9
SNEQ.SG05AP051C00S900,2023.12,15911,Experimental,Dollars,6,A,Consolidated accounts - table 1.3,P051C,Consumption of fixed catpital,AN1,Produced non-financial assets,,,National Accounts - SNA 2008 - SNE,2023,12
SNEQ.SG05AP051C00S900,2024.03,16223,Experimental,Dollars,6,A,Consolidated accounts - table 1.3,P051C,Consumption of fixed catpital,AN1,Produced non-financial assets,,,National Accounts - SNA 2008 - SNE,2024,3
SNEQ.SG05AP051C00S900,2024.06,16223,Experimental,Dollars,6,A,Consolidated accounts - table 1.3,P051C,Consumption of fixed catpital,AN1,Produced non-financial assets,,,National Accounts - SNA 2008 - SNE,2024,6
SNEQ.SG05AP051C00S900,2024.09,16464,Experimental,Dollars,6,A,Consolidated accounts - table 1.3,P051C,Consumption of fixed catpital,AN1,Produced non-financial assets,,,National Accounts - SNA 2008 - SNE,2024,9
SNEQ.SG05AP051C00S900,2024.12,16595,Experimental,Dollars,6,A,Consolidated accounts - table 1.3,P051C,Consumption of fixed catpital,AN1,Produced non-financial assets,,,National Accounts - SNA 2008 - SNE,2024,12
SNEQ.SG05AP051C00S900,2025.03,16768,Experimental,Dollars,6,A,Consolidated accounts - table 1.3,P051C,Consumption of fixed catpital,AN1,Produced non-financial assets,,,National Accounts - SNA 2008 - SNE,2025,3
SNEQ.SG05AP051G00S900,2016.06,15215,Experimental,Dollars,6,A,Consolidated accounts - table 1.3,P051G,Gross fixed capital formation,,,,,National Accounts - SNA 2008 - SNE,2016,6
SNEQ.SG05AP051G00S900,2016.09,15643,Experimental,Dollars,6,A,Consolidated accounts - table 1.3,P051G,Gross fixed capital formation,,,,,National Accounts - SNA 2008 - SNE,2016,9
SNEQ.SG05AP051G00S900,2016.12,15810,Experimental,Dollars,6,A,Consolidated accounts - table 1.3,P051G,Gross fixed capital formation,,,,,National Accounts - SNA 2008 - SNE,2016,12
SNEQ.SG05AP051G00S900,2017.03,14785,Experimental,Dollars,6,A,Consolidated accounts - table 1.3,P051G,Gross fixed capital formation,,,,,National Accounts - SNA 2008 - SNE,2017,3
SNEQ.SG05AP051G00S900,2017.06,15982,Experimental,Dollars,6,A,Consolidated accounts - table 1.3,P051G,Gross fixed capital formation,,,,,National Accounts - SNA 2008 - SNE,2017,6
SNEQ.SG05AP051G00S900,2017.09,16665,Experimental,Dollars,6,A,Consolidated accounts - table 1.3,P051G,Gross fixed capital formation,,,,,National Accounts - SNA 2008 - SNE,2017,9
SNEQ.SG05AP051G00S900,2017.12,17713,Experimental,Dollars,6,A,Consolidated accounts - table 1.3,P051G,Gross fixed capital formation,,,,,National Accounts - SNA 2008 - SNE,2017,12
SNEQ.SG05AP051G00S900,2018.03,16474,Experimental,Dollars,6,A,Consolidated accounts - table 1.3,P051G,Gross fixed capital formation,,,,,National Accounts - SNA 2008 - SNE,2018,3
SNEQ.SG05AP051G00S900,2018.06,17720,Experimental,Dollars,6,A,Consolidated accounts - table 1.3,P051G,Gross fixed capital formation,,,,,National Accounts - SNA 2008 - SNE,2018,6
SNEQ.SG05AP051G00S900,2018.09,17908,Experimental,Dollars,6,A,Consolidated accounts - table 1.3,P051G,Gross fixed capital formation,,,,,National Accounts - SNA 2008 - SNE,2018,9
SNEQ.SG05AP051G00S900,2018.12,18672,Experimental,Dollars,6,A,Consolidated accounts - table 1.3,P051G,Gross fixed capital formation,,,,,National Accounts - SNA 2008 - SNE,2018,12
SNEQ.SG05AP051G00S900,2019.03,17731,Experimental,Dollars,6,A,Consolidated accounts - table 1.3,P051G,Gross fixed capital formation,,,,,National Accounts - SNA 2008 - SNE,2019,3
SNEQ.SG05AP051G00S900,2019.06,18859,Experimental,Dollars,6,A,Consolidated accounts - table 1.3,P051G,Gross fixed capital formation,,,,,National Accounts - SNA 2008 - SNE,2019,6
SNEQ.SG05AP051G00S900,2019.09,19260,Experimental,Dollars,6,A,Consolidated accounts - table 1.3,P051G,Gross fixed capital formation,,,,,National Accounts - SNA 2008 - SNE,2019,9
SNEQ.SG05AP051G00S900,2019.12,19980,Experimental,Dollars,6,A,Consolidated accounts - table 1.3,P051G,Gross fixed capital formation,,,,,National Accounts - SNA 2008 - SNE,2019,12
SNEQ.SG05AP051G00S900,2020.03,17957,Experimental,Dollars,6,A,Consolidated accounts - table 1.3,P051G,Gross fixed capital formation,,,,,National Accounts - SNA 2008 - SNE,2020,3
SNEQ.SG05AP051G00S900,2020.06,15545,Experimental,Dollars,6,A,Consolidated accounts - table 1.3,P051G,Gross fixed capital formation,,,,,National Accounts - SNA 2008 - SNE,2020,6
SNEQ.SG05AP051G00S900,2020.09,19980,Experimental,Dollars,6,A,Consolidated accounts - table 1.3,P051G,Gross fixed capital formation,,,,,National Accounts - SNA 2008 - SNE,2020,9
SNEQ.SG05AP051G00S900,2020.12,20650,Experimental,Dollars,6,A,Consolidated accounts - table 1.3,P051G,Gross fixed capital formation,,,,,National Accounts - SNA 2008 - SNE,2020,12
SNEQ.SG05AP051G00S900,2021.03,20148,Experimental,Dollars,6,A,Consolidated accounts - table 1.3,P051G,Gross fixed capital formation,,,,,National Accounts - SNA 2008 - SNE,2021,3
SNEQ.SG05AP051G00S900,2021.06,20989,Experimental,Dollars,6,A,Consolidated accounts - table 1.3,P051G,Gross fixed capital formation,,,,,National Accounts - SNA 2008 - SNE,2021,6
SNEQ.SG05AP051G00S900,2021.09,20686,Experimental,Dollars,6,A,Consolidated accounts - table 1.3,P051G,Gross fixed capital formation,,,,,National Accounts - SNA 2008 - SNE,2021,9
SNEQ.SG05AP051G00S900,2021.12,23889,Experimental,Dollars,6,A,Consolidated accounts - table 1.3,P051G,Gross fixed capital formation,,,,,National Accounts - SNA 2008 - SNE,2021,12
SNEQ.SG05AP051G00S900,2022.03,22819,Experimental,Dollars,6,A,Consolidated accounts - table 1.3,P051G,Gross fixed capital formation,,,,,National Accounts - SNA 2008 - SNE,2022,3
SNEQ.SG05AP051G00S900,2022.06,23404,Experimental,Dollars,6,A,Consolidated accounts - table 1.3,P051G,Gross fixed capital formation,,,,,National Accounts - SNA 2008 - SNE,2022,6
SNEQ.SG05AP051G00S900,2022.09,25576,Experimental,Dollars,6,A,Consolidated accounts - table 1.3,P051G,Gross fixed capital formation,,,,,National Accounts - SNA 2008 - SNE,2022,9
SNEQ.SG05AP051G00S900,2022.12,26055,Experimental,Dollars,6,A,Consolidated accounts - table 1.3,P051G,Gross fixed capital formation,,,,,National Accounts - SNA 2008 - SNE,2022,12
SNEQ.SG05AP051G00S900,2023.03,24808,Experimental,Dollars,6,A,Consolidated accounts - table 1.3,P051G,Gross fixed capital formation,,,,,National Accounts - SNA 2008 - SNE,2023,3
SNEQ.SG05AP051G00S900,2023.06,25901,Experimental,Dollars,6,A,Consolidated accounts - table 1.3,P051G,Gross fixed capital formation,,,,,National Accounts - SNA 2008 - SNE,2023,6
SNEQ.SG05AP051G00S900,2023.09,25910,Experimental,Dollars,6,A,Consolidated accounts - table 1.3,P051G,Gross fixed capital formation,,,,,National Accounts - SNA 2008 - SNE,2023,9
SNEQ.SG05AP051G00S900,2023.12,26546,Experimental,Dollars,6,A,Consolidated accounts - table 1.3,P051G,Gross fixed capital formation,,,,,National Accounts - SNA 2008 - SNE,2023,12
SNEQ.SG05AP051G00S900,2024.03,24735,Experimental,Dollars,6,A,Consolidated accounts - table 1.3,P051G,Gross fixed capital formation,,,,,National Accounts - SNA 2008 - SNE,2024,3
SNEQ.SG05AP051G00S900,2024.06,25391,Experimental,Dollars,6,A,Consolidated accounts - table 1.3,P051G,Gross fixed capital formation,,,,,National Accounts - SNA 2008 - SNE,2024,6
SNEQ.SG05AP051G00S900,2024.09,24933,Experimental,Dollars,6,A,Consolidated accounts - table 1.3,P051G,Gross fixed capital formation,,,,,National Accounts - SNA 2008 - SNE,2024,9
SNEQ.SG05AP051G00S900,2024.12,25489,Experimental,Dollars,6,A,Consolidated accounts - table 1.3,P051G,Gross fixed capital formation,,,,,National Accounts - SNA 2008 - SNE,2024,12
SNEQ.SG05AP051G00S900,2025.03,24261,Experimental,Dollars,6,A,Consolidated accounts - table 1.3,P051G,Gross fixed capital formation,,,,,National Accounts - SNA 2008 - SNE,2025,3
SNEQ.SG05AP052000S900,2016.06,-1639,Experimental,Dollars,6,A,Consolidated accounts - table 1.3,P052,Change in inventories,,,,,National Accounts - SNA 2008 - SNE,2016,6
SNEQ.SG05AP052000S900,2016.09,228,Experimental,Dollars,6,A,Consolidated accounts - table 1.3,P052,Change in inventories,,,,,National Accounts - SNA 2008 - SNE,2016,9
SNEQ.SG05AP052000S900,2016.12,1651,Experimental,Dollars,6,A,Consolidated accounts - table 1.3,P052,Change in inventories,,,,,National Accounts - SNA 2008 - SNE,2016,12
SNEQ.SG05AP052000S900,2017.03,1235,Experimental,Dollars,6,A,Consolidated accounts - table 1.3,P052,Change in inventories,,,,,National Accounts - SNA 2008 - SNE,2017,3
SNEQ.SG05AP052000S900,2017.06,-1693,Experimental,Dollars,6,A,Consolidated accounts - table 1.3,P052,Change in inventories,,,,,National Accounts - SNA 2008 - SNE,2017,6
SNEQ.SG05AP052000S900,2017.09,324,Experimental,Dollars,6,A,Consolidated accounts - table 1.3,P052,Change in inventories,,,,,National Accounts - SNA 2008 - SNE,2017,9
SNEQ.SG05AP052000S900,2017.12,1984,Experimental,Dollars,6,A,Consolidated accounts - table 1.3,P052,Change in inventories,,,,,National Accounts - SNA 2008 - SNE,2017,12
SNEQ.SG05AP052000S900,2018.03,1525,Experimental,Dollars,6,A,Consolidated accounts - table 1.3,P052,Change in inventories,,,,,National Accounts - SNA 2008 - SNE,2018,3
SNEQ.SG05AP052000S900,2018.06,-1082,Experimental,Dollars,6,A,Consolidated accounts - table 1.3,P052,Change in inventories,,,,,National Accounts - SNA 2008 - SNE,2018,6
SNEQ.SG05AP052000S900,2018.09,819,Experimental,Dollars,6,A,Consolidated accounts - table 1.3,P052,Change in inventories,,,,,National Accounts - SNA 2008 - SNE,2018,9
SNEQ.SG05AP052000S900,2018.12,1376,Experimental,Dollars,6,A,Consolidated accounts - table 1.3,P052,Change in inventories,,,,,National Accounts - SNA 2008 - SNE,2018,12
SNEQ.SG05AP052000S900,2019.03,341,Experimental,Dollars,6,A,Consolidated accounts - table 1.3,P052,Change in inventories,,,,,National Accounts - SNA 2008 - SNE,2019,3
SNEQ.SG05AP052000S900,2019.06,-1778,Experimental,Dollars,6,A,Consolidated accounts - table 1.3,P052,Change in inventories,,,,,National Accounts - SNA 2008 - SNE,2019,6
SNEQ.SG05AP052000S900,2019.09,1048,Experimental,Dollars,6,A,Consolidated accounts - table 1.3,P052,Change in inventories,,,,,National Accounts - SNA 2008 - SNE,2019,9
SNEQ.SG05AP052000S900,2019.12,1684,Experimental,Dollars,6,A,Consolidated accounts - table 1.3,P052,Change in inventories,,,,,National Accounts - SNA 2008 - SNE,2019,12
SNEQ.SG05AP052000S900,2020.03,-165,Experimental,Dollars,6,A,Consolidated accounts - table 1.3,P052,Change in inventories,,,,,National Accounts - SNA 2008 - SNE,2020,3
SNEQ.SG05AP052000S900,2020.06,-2921,Experimental,Dollars,6,A,Consolidated accounts - table 1.3,P052,Change in inventories,,,,,National Accounts - SNA 2008 - SNE,2020,6
SNEQ.SG05AP052000S900,2020.09,-62,Experimental,Dollars,6,A,Consolidated accounts - table 1.3,P052,Change in inventories,,,,,National Accounts - SNA 2008 - SNE,2020,9
SNEQ.SG05AP052000S900,2020.12,1160,Experimental,Dollars,6,A,Consolidated accounts - table 1.3,P052,Change in inventories,,,,,National Accounts - SNA 2008 - SNE,2020,12
SNEQ.SG05AP052000S900,2021.03,1424,Experimental,Dollars,6,A,Consolidated accounts - table 1.3,P052,Change in inventories,,,,,National Accounts - SNA 2008 - SNE,2021,3
SNEQ.SG05AP052000S900,2021.06,-3340,Experimental,Dollars,6,A,Consolidated accounts - table 1.3,P052,Change in inventories,,,,,National Accounts - SNA 2008 - SNE,2021,6
SNEQ.SG05AP052000S900,2021.09,2641,Experimental,Dollars,6,A,Consolidated accounts - table 1.3,P052,Change in inventories,,,,,National Accounts - SNA 2008 - SNE,2021,9
SNEQ.SG05AP052000S900,2021.12,1944,Experimental,Dollars,6,A,Consolidated accounts - table 1.3,P052,Change in inventories,,,,,National Accounts - SNA 2008 - SNE,2021,12
SNEQ.SG05AP052000S900,2022.03,545,Experimental,Dollars,6,A,Consolidated accounts - table 1.3,P052,Change in inventories,,,,,National Accounts - SNA 2008 - SNE,2022,3
SNEQ.SG05AP052000S900,2022.06,-866,Experimental,Dollars,6,A,Consolidated accounts - table 1.3,P052,Change in inventories,,,,,National Accounts - SNA 2008 - SNE,2022,6
SNEQ.SG05AP052000S900,2022.09,586,Experimental,Dollars,6,A,Consolidated accounts - table 1.3,P052,Change in inventories,,,,,National Accounts - SNA 2008 - SNE,2022,9
SNEQ.SG05AP052000S900,2022.12,3477,Experimental,Dollars,6,A,Consolidated accounts - table 1.3,P052,Change in inventories,,,,,National Accounts - SNA 2008 - SNE,2022,12
SNEQ.SG05AP052000S900,2023.03,312,Experimental,Dollars,6,A,Consolidated accounts - table 1.3,P052,Change in inventories,,,,,National Accounts - SNA 2008 - SNE,2023,3
SNEQ.SG05AP052000S900,2023.06,-3875,Experimental,Dollars,6,A,Consolidated accounts - table 1.3,P052,Change in inventories,,,,,National Accounts - SNA 2008 - SNE,2023,6
SNEQ.SG05AP052000S900,2023.09,825,Experimental,Dollars,6,A,Consolidated accounts - table 1.3,P052,Change in inventories,,,,,National Accounts - SNA 2008 - SNE,2023,9
SNEQ.SG05AP052000S900,2023.12,-171,Experimental,Dollars,6,A,Consolidated accounts - table 1.3,P052,Change in inventories,,,,,National Accounts - SNA 2008 - SNE,2023,12
SNEQ.SG05AP052000S900,2024.03,-33,Experimental,Dollars,6,A,Consolidated accounts - table 1.3,P052,Change in inventories,,,,,National Accounts - SNA 2008 - SNE,2024,3
SNEQ.SG05AP052000S900,2024.06,-3915,Experimental,Dollars,6,A,Consolidated accounts - table 1.3,P052,Change in inventories,,,,,National Accounts - SNA 2008 - SNE,2024,6
SNEQ.SG05AP052000S900,2024.09,256,Experimental,Dollars,6,A,Consolidated accounts - table 1.3,P052,Change in inventories,,,,,National Accounts - SNA 2008 - SNE,2024,9
SNEQ.SG05AP052000S900,2024.12,1563,Experimental,Dollars,6,A,Consolidated accounts - table 1.3,P052,Change in inventories,,,,,National Accounts - SNA 2008 - SNE,2024,12
SNEQ.SG05AP052000S900,2025.03,-264,Experimental,Dollars,6,A,Consolidated accounts - table 1.3,P052,Change in inventories,,,,,National Accounts - SNA 2008 - SNE,2025,3
SNEQ.SG03SB01GE00S900,2011.06,52560,FINAL,Dollars,6,S,Consolidated accounts - table 1.1,B01GE,Gross domestic product - expenditure measure,,,,,National Accounts - SNA 2008 - SNE,2011,6
SNEQ.SG03SB01GE00S900,2011.09,53357,FINAL,Dollars,6,S,Consolidated accounts - table 1.1,B01GE,Gross domestic product - expenditure measure,,,,,National Accounts - SNA 2008 - SNE,2011,9
SNEQ.SG03SB01GE00S900,2011.12,53664,FINAL,Dollars,6,S,Consolidated accounts - table 1.1,B01GE,Gross domestic product - expenditure measure,,,,,National Accounts - SNA 2008 - SNE,2011,12
SNEQ.SG03SB01GE00S900,2012.03,53663,FINAL,Dollars,6,S,Consolidated accounts - table 1.1,B01GE,Gross domestic product - expenditure measure,,,,,National Accounts - SNA 2008 - SNE,2012,3
SNEQ.SG03SB01GE00S900,2012.06,54513,FINAL,Dollars,6,S,Consolidated accounts - table 1.1,B01GE,Gross domestic product - expenditure measure,,,,,National Accounts - SNA 2008 - SNE,2012,6
SNEQ.SG03SB01GE00S900,2012.09,54017,FINAL,Dollars,6,S,Consolidated accounts - table 1.1,B01GE,Gross domestic product - expenditure measure,,,,,National Accounts - SNA 2008 - SNE,2012,9
SNEQ.SG03SB01GE00S900,2012.12,54164,FINAL,Dollars,6,S,Consolidated accounts - table 1.1,B01GE,Gross domestic product - expenditure measure,,,,,National Accounts - SNA 2008 - SNE,2012,12
SNEQ.SG03SB01GE00S900,2013.03,55246,FINAL,Dollars,6,S,Consolidated accounts - table 1.1,B01GE,Gross domestic product - expenditure measure,,,,,National Accounts - SNA 2008 - SNE,2013,3
SNEQ.SG03SB01GE00S900,2013.06,55757,FINAL,Dollars,6,S,Consolidated accounts - table 1.1,B01GE,Gross domestic product - expenditure measure,,,,,National Accounts - SNA 2008 - SNE,2013,6
SNEQ.SG03SB01GE00S900,2013.09,57573,FINAL,Dollars,6,S,Consolidated accounts - table 1.1,B01GE,Gross domestic product - expenditure measure,,,,,National Accounts - SNA 2008 - SNE,2013,9
SNEQ.SG03SB01GE00S900,2013.12,59602,FINAL,Dollars,6,S,Consolidated accounts - table 1.1,B01GE,Gross domestic product - expenditure measure,,,,,National Accounts - SNA 2008 - SNE,2013,12
SNEQ.SG03SB01GE00S900,2014.03,59868,FINAL,Dollars,6,S,Consolidated accounts - table 1.1,B01GE,Gross domestic product - expenditure measure,,,,,National Accounts - SNA 2008 - SNE,2014,3
SNEQ.SG03SB01GE00S900,2014.06,60009,FINAL,Dollars,6,S,Consolidated accounts - table 1.1,B01GE,Gross domestic product - expenditure measure,,,,,National Accounts - SNA 2008 - SNE,2014,6
SNEQ.SG03SB01GE00S900,2014.09,60352,FINAL,Dollars,6,S,Consolidated accounts - table 1.1,B01GE,Gross domestic product - expenditure measure,,,,,National Accounts - SNA 2008 - SNE,2014,9
SNEQ.SG03SB01GE00S900,2014.12,60852,FINAL,Dollars,6,S,Consolidated accounts - table 1.1,B01GE,Gross domestic product - expenditure measure,,,,,National Accounts - SNA 2008 - SNE,2014,12
SNEQ.SG03SB01GE00S900,2015.03,61702,FINAL,Dollars,6,S,Consolidated accounts - table 1.1,B01GE,Gross domestic product - expenditure measure,,,,,National Accounts - SNA 2008 - SNE,2015,3
SNEQ.SG03SB01GE00S900,2015.06,62965,FINAL,Dollars,6,S,Consolidated accounts - table 1.1,B01GE,Gross domestic product - expenditure measure,,,,,National Accounts - SNA 2008 - SNE,2015,6
SNEQ.SG03SB01GE00S900,2015.09,63568,FINAL,Dollars,6,S,Consolidated accounts - table 1.1,B01GE,Gross domestic product - expenditure measure,,,,,National Accounts - SNA 2008 - SNE,2015,9
SNEQ.SG03SB01GE00S900,2015.12,63744,FINAL,Dollars,6,S,Consolidated accounts - table 1.1,B01GE,Gross domestic product - expenditure measure,,,,,National Accounts - SNA 2008 - SNE,2015,12
SNEQ.SG03SB01GE00S900,2016.03,65322,FINAL,Dollars,6,S,Consolidated accounts - table 1.1,B01GE,Gross domestic product - expenditure measure,,,,,National Accounts - SNA 2008 - SNE,2016,3
SNEQ.SG03SB01GE00S900,2016.06,66294,FINAL,Dollars,6,S,Consolidated accounts - table 1.1,B01GE,Gross domestic product - expenditure measure,,,,,National Accounts - SNA 2008 - SNE,2016,6
SNEQ.SG03SB01GE00S900,2016.09,67185,FINAL,Dollars,6,S,Consolidated accounts - table 1.1,B01GE,Gross domestic product - expenditure measure,,,,,National Accounts - SNA 2008 - SNE,2016,9
SNEQ.SG03SB01GE00S900,2016.12,68109,FINAL,Dollars,6,S,Consolidated accounts - table 1.1,B01GE,Gross domestic product - expenditure measure,,,,,National Accounts - SNA 2008 - SNE,2016,12
SNEQ.SG03SB01GE00S900,2017.03,70086,FINAL,Dollars,6,S,Consolidated accounts - table 1.1,B01GE,Gross domestic product - expenditure measure,,,,,National Accounts - SNA 2008 - SNE,2017,3
SNEQ.SG03SB01GE00S900,2017.06,70496,FINAL,Dollars,6,S,Consolidated accounts - table 1.1,B01GE,Gross domestic product - expenditure measure,,,,,National Accounts - SNA 2008 - SNE,2017,6
SNEQ.SG03SB01GE00S900,2017.09,72136,FINAL,Dollars,6,S,Consolidated accounts - table 1.1,B01GE,Gross domestic product - expenditure measure,,,,,National Accounts - SNA 2008 - SNE,2017,9
SNEQ.SG03SB01GE00S900,2017.12,73878,FINAL,Dollars,6,S,Consolidated accounts - table 1.1,B01GE,Gross domestic product - expenditure measure,,,,,National Accounts - SNA 2008 - SNE,2017,12
SNEQ.SG03SB01GE00S900,2018.03,74466,FINAL,Dollars,6,S,Consolidated accounts - table 1.1,B01GE,Gross domestic product - expenditure measure,,,,,National Accounts - SNA 2008 - SNE,2018,3
SNEQ.SG03SB01GE00S900,2018.06,75334,FINAL,Dollars,6,S,Consolidated accounts - table 1.1,B01GE,Gross domestic product - expenditure measure,,,,,National Accounts - SNA 2008 - SNE,2018,6
SNEQ.SG03SB01GE00S900,2018.09,75883,FINAL,Dollars,6,S,Consolidated accounts - table 1.1,B01GE,Gross domestic product - expenditure measure,,,,,National Accounts - SNA 2008 - SNE,2018,9
SNEQ.SG03SB01GE00S900,2018.12,76880,FINAL,Dollars,6,S,Consolidated accounts - table 1.1,B01GE,Gross domestic product - expenditure measure,,,,,National Accounts - SNA 2008 - SNE,2018,12
SNEQ.SG03SB01GE00S900,2019.03,78354,FINAL,Dollars,6,S,Consolidated accounts - table 1.1,B01GE,Gross domestic product - expenditure measure,,,,,National Accounts - SNA 2008 - SNE,2019,3
SNEQ.SG03SB01GE00S900,2019.06,79387,FINAL,Dollars,6,S,Consolidated accounts - table 1.1,B01GE,Gross domestic product - expenditure measure,,,,,National Accounts - SNA 2008 - SNE,2019,6
SNEQ.SG03SB01GE00S900,2019.09,80398,FINAL,Dollars,6,S,Consolidated accounts - table 1.1,B01GE,Gross domestic product - expenditure measure,,,,,National Accounts - SNA 2008 - SNE,2019,9
SNEQ.SG03SB01GE00S900,2019.12,81765,FINAL,Dollars,6,S,Consolidated accounts - table 1.1,B01GE,Gross domestic product - expenditure measure,,,,,National Accounts - SNA 2008 - SNE,2019,12
SNEQ.SG03SB01GE00S900,2020.03,81837,FINAL,Dollars,6,S,Consolidated accounts - table 1.1,B01GE,Gross domestic product - expenditure measure,,,,,National Accounts - SNA 2008 - SNE,2020,3
SNEQ.SG03SB01GE00S900,2020.06,73618,FINAL,Dollars,6,S,Consolidated accounts - table 1.1,B01GE,Gross domestic product - expenditure measure,,,,,National Accounts - SNA 2008 - SNE,2020,6
SNEQ.SG03SB01GE00S900,2020.09,83902,FINAL,Dollars,6,S,Consolidated accounts - table 1.1,B01GE,Gross domestic product - expenditure measure,,,,,National Accounts - SNA 2008 - SNE,2020,9
SNEQ.SG03SB01GE00S900,2020.12,84407,FINAL,Dollars,6,S,Consolidated accounts - table 1.1,B01GE,Gross domestic product - expenditure measure,,,,,National Accounts - SNA 2008 - SNE,2020,12
SNEQ.SG03SB01GE00S900,2021.03,86606,FINAL,Dollars,6,S,Consolidated accounts - table 1.1,B01GE,Gross domestic product - expenditure measure,,,,,National Accounts - SNA 2008 - SNE,2021,3
SNEQ.SG03SB01GE00S900,2021.06,88460,FINAL,Dollars,6,S,Consolidated accounts - table 1.1,B01GE,Gross domestic product - expenditure measure,,,,,National Accounts - SNA 2008 - SNE,2021,6
SNEQ.SG03SB01GE00S900,2021.09,86623,FINAL,Dollars,6,S,Consolidated accounts - table 1.1,B01GE,Gross domestic product - expenditure measure,,,,,National Accounts - SNA 2008 - SNE,2021,9
SNEQ.SG03SB01GE00S900,2021.12,91205,FINAL,Dollars,6,S,Consolidated accounts - table 1.1,B01GE,Gross domestic product - expenditure measure,,,,,National Accounts - SNA 2008 - SNE,2021,12
SNEQ.SG03SB01GE00S900,2022.03,92685,FINAL,Dollars,6,S,Consolidated accounts - table 1.1,B01GE,Gross domestic product - expenditure measure,,,,,National Accounts - SNA 2008 - SNE,2022,3
SNEQ.SG03SB01GE00S900,2022.06,95167,FINAL,Dollars,6,S,Consolidated accounts - table 1.1,B01GE,Gross domestic product - expenditure measure,,,,,National Accounts - SNA 2008 - SNE,2022,6
SNEQ.SG03SB01GE00S900,2022.09,97805,FINAL,Dollars,6,S,Consolidated accounts - table 1.1,B01GE,Gross domestic product - expenditure measure,,,,,National Accounts - SNA 2008 - SNE,2022,9
SNEQ.SG03SB01GE00S900,2022.12,99799,FINAL,Dollars,6,S,Consolidated accounts - table 1.1,B01GE,Gross domestic product - expenditure measure,,,,,National Accounts - SNA 2008 - SNE,2022,12
SNEQ.SG03SB01GE00S900,2023.03,100674,FINAL,Dollars,6,S,Consolidated accounts - table 1.1,B01GE,Gross domestic product - expenditure measure,,,,,National Accounts - SNA 2008 - SNE,2023,3
SNEQ.SG03SB01GE00S900,2023.06,103258,FINAL,Dollars,6,S,Consolidated accounts - table 1.1,B01GE,Gross domestic product - expenditure measure,,,,,National Accounts - SNA 2008 - SNE,2023,6
SNEQ.SG03SB01GE00S900,2023.09,104791,FINAL,Dollars,6,S,Consolidated accounts - table 1.1,B01GE,Gross domestic product - expenditure measure,,,,,National Accounts - SNA 2008 - SNE,2023,9
SNEQ.SG03SB01GE00S900,2023.12,104142,FINAL,Dollars,6,S,Consolidated accounts - table 1.1,B01GE,Gross domestic product - expenditure measure,,,,,National Accounts - SNA 2008 - SNE,2023,12
SNEQ.SG03SB01GE00S900,2024.03,106016,FINAL,Dollars,6,S,Consolidated accounts - table 1.1,B01GE,Gross domestic product - expenditure measure,,,,,National Accounts - SNA 2008 - SNE,2024,3
SNEQ.SG03SB01GE00S900,2024.06,105918,FINAL,Dollars,6,S,Consolidated accounts - table 1.1,B01GE,Gross domestic product - expenditure measure,,,,,National Accounts - SNA 2008 - SNE,2024,6
SNEQ.SG03SB01GE00S900,2024.09,106377,FINAL,Dollars,6,S,Consolidated accounts - table 1.1,B01GE,Gross domestic product - expenditure measure,,,,,National Accounts - SNA 2008 - SNE,2024,9
SNEQ.SG03SB01GE00S900,2024.12,108239,FINAL,Dollars,6,S,Consolidated accounts - table 1.1,B01GE,Gross domestic product - expenditure measure,,,,,National Accounts - SNA 2008 - SNE,2024,12
SNEQ.SG03SB01GE00S900,2025.03,110403,FINAL,Dollars,6,S,Consolidated accounts - table 1.1,B01GE,Gross domestic product - expenditure measure,,,,,National Accounts - SNA 2008 - SNE,2025,3
SNEQ.SG03SB01GI00S900,2011.06,52504,FINAL,Dollars,6,S,Consolidated accounts - table 1.1,B01GI,Gross domestic product - income measure,,,,,National Accounts - SNA 2008 - SNE,2011,6
SNEQ.SG03SB01GI00S900,2011.09,53468,FINAL,Dollars,6,S,Consolidated accounts - table 1.1,B01GI,Gross domestic product - income measure,,,,,National Accounts - SNA 2008 - SNE,2011,9
SNEQ.SG03SB01GI00S900,2011.12,53679,FINAL,Dollars,6,S,Consolidated accounts - table 1.1,B01GI,Gross domestic product - income measure,,,,,National Accounts - SNA 2008 - SNE,2011,12
SNEQ.SG03SB01GI00S900,2012.03,53608,FINAL,Dollars,6,S,Consolidated accounts - table 1.1,B01GI,Gross domestic product - income measure,,,,,National Accounts - SNA 2008 - SNE,2012,3
SNEQ.SG03SB01GI00S900,2012.06,54526,FINAL,Dollars,6,S,Consolidated accounts - table 1.1,B01GI,Gross domestic product - income measure,,,,,National Accounts - SNA 2008 - SNE,2012,6
SNEQ.SG03SB01GI00S900,2012.09,54023,FINAL,Dollars,6,S,Consolidated accounts - table 1.1,B01GI,Gross domestic product - income measure,,,,,National Accounts - SNA 2008 - SNE,2012,9
SNEQ.SG03SB01GI00S900,2012.12,54213,FINAL,Dollars,6,S,Consolidated accounts - table 1.1,B01GI,Gross domestic product - income measure,,,,,National Accounts - SNA 2008 - SNE,2012,12
SNEQ.SG03SB01GI00S900,2013.03,55225,FINAL,Dollars,6,S,Consolidated accounts - table 1.1,B01GI,Gross domestic product - income measure,,,,,National Accounts - SNA 2008 - SNE,2013,3
SNEQ.SG03SB01GI00S900,2013.06,55783,FINAL,Dollars,6,S,Consolidated accounts - table 1.1,B01GI,Gross domestic product - income measure,,,,,National Accounts - SNA 2008 - SNE,2013,6
SNEQ.SG03SB01GI00S900,2013.09,57746,FINAL,Dollars,6,S,Consolidated accounts - table 1.1,B01GI,Gross domestic product - income measure,,,,,National Accounts - SNA 2008 - SNE,2013,9
SNEQ.SG03SB01GI00S900,2013.12,59597,FINAL,Dollars,6,S,Consolidated accounts - table 1.1,B01GI,Gross domestic product - income measure,,,,,National Accounts - SNA 2008 - SNE,2013,12
SNEQ.SG03SB01GI00S900,2014.03,59687,FINAL,Dollars,6,S,Consolidated accounts - table 1.1,B01GI,Gross domestic product - income measure,,,,,National Accounts - SNA 2008 - SNE,2014,3
SNEQ.SG03SB01GI00S900,2014.06,59973,FINAL,Dollars,6,S,Consolidated accounts - table 1.1,B01GI,Gross domestic product - income measure,,,,,National Accounts - SNA 2008 - SNE,2014,6
SNEQ.SG03SB01GI00S900,2014.09,60306,FINAL,Dollars,6,S,Consolidated accounts - table 1.1,B01GI,Gross domestic product - income measure,,,,,National Accounts - SNA 2008 - SNE,2014,9
SNEQ.SG03SB01GI00S900,2014.12,60975,FINAL,Dollars,6,S,Consolidated accounts - table 1.1,B01GI,Gross domestic product - income measure,,,,,National Accounts - SNA 2008 - SNE,2014,12
SNEQ.SG03SB01GI00S900,2015.03,61704,FINAL,Dollars,6,S,Consolidated accounts - table 1.1,B01GI,Gross domestic product - income measure,,,,,National Accounts - SNA 2008 - SNE,2015,3
SNEQ.SG03SB01GI00S900,2015.06,62901,FINAL,Dollars,6,S,Consolidated accounts - table 1.1,B01GI,Gross domestic product - income measure,,,,,National Accounts - SNA 2008 - SNE,2015,6
SNEQ.SG03SB01GI00S900,2015.09,63572,FINAL,Dollars,6,S,Consolidated accounts - table 1.1,B01GI,Gross domestic product - income measure,,,,,National Accounts - SNA 2008 - SNE,2015,9
SNEQ.SG03SB01GI00S900,2015.12,63902,FINAL,Dollars,6,S,Consolidated accounts - table 1.1,B01GI,Gross domestic product - income measure,,,,,National Accounts - SNA 2008 - SNE,2015,12
SNEQ.SG03SB01GI00S900,2016.03,65261,FINAL,Dollars,6,S,Consolidated accounts - table 1.1,B01GI,Gross domestic product - income measure,,,,,National Accounts - SNA 2008 - SNE,2016,3
SNEQ.SG03SB01GI00S900,2016.06,66242,FINAL,Dollars,6,S,Consolidated accounts - table 1.1,B01GI,Gross domestic product - income measure,,,,,National Accounts - SNA 2008 - SNE,2016,6
SNEQ.SG03SB01GI00S900,2016.09,67045,FINAL,Dollars,6,S,Consolidated accounts - table 1.1,B01GI,Gross domestic product - income measure,,,,,National Accounts - SNA 2008 - SNE,2016,9
SNEQ.SG03SB01GI00S900,2016.12,68343,FINAL,Dollars,6,S,Consolidated accounts - table 1.1,B01GI,Gross domestic product - income measure,,,,,National Accounts - SNA 2008 - SNE,2016,12
SNEQ.SG03SB01GI00S900,2017.03,70066,FINAL,Dollars,6,S,Consolidated accounts - table 1.1,B01GI,Gross domestic product - income measure,,,,,National Accounts - SNA 2008 - SNE,2017,3
SNEQ.SG03SB01GI00S900,2017.06,70537,FINAL,Dollars,6,S,Consolidated accounts - table 1.1,B01GI,Gross domestic product - income measure,,,,,National Accounts - SNA 2008 - SNE,2017,6
SNEQ.SG03SB01GI00S900,2017.09,71977,FINAL,Dollars,6,S,Consolidated accounts - table 1.1,B01GI,Gross domestic product - income measure,,,,,National Accounts - SNA 2008 - SNE,2017,9
SNEQ.SG03SB01GI00S900,2017.12,73964,FINAL,Dollars,6,S,Consolidated accounts - table 1.1,B01GI,Gross domestic product - income measure,,,,,National Accounts - SNA 2008 - SNE,2017,12
SNEQ.SG03SB01GI00S900,2018.03,74543,FINAL,Dollars,6,S,Consolidated accounts - table 1.1,B01GI,Gross domestic product - income measure,,,,,National Accounts - SNA 2008 - SNE,2018,3
SNEQ.SG03SB01GI00S900,2018.06,75528,FINAL,Dollars,6,S,Consolidated accounts - table 1.1,B01GI,Gross domestic product - income measure,,,,,National Accounts - SNA 2008 - SNE,2018,6
SNEQ.SG03SB01GI00S900,2018.09,75813,FINAL,Dollars,6,S,Consolidated accounts - table 1.1,B01GI,Gross domestic product - income measure,,,,,National Accounts - SNA 2008 - SNE,2018,9
SNEQ.SG03SB01GI00S900,2018.12,76942,FINAL,Dollars,6,S,Consolidated accounts - table 1.1,B01GI,Gross domestic product - income measure,,,,,National Accounts - SNA 2008 - SNE,2018,12
SNEQ.SG03SB01GI00S900,2019.03,78300,FINAL,Dollars,6,S,Consolidated accounts - table 1.1,B01GI,Gross domestic product - income measure,,,,,National Accounts - SNA 2008 - SNE,2019,3
SNEQ.SG03SB01GI00S900,2019.06,79537,FINAL,Dollars,6,S,Consolidated accounts - table 1.1,B01GI,Gross domestic product - income measure,,,,,National Accounts - SNA 2008 - SNE,2019,6
SNEQ.SG03SB01GI00S900,2019.09,80404,FINAL,Dollars,6,S,Consolidated accounts - table 1.1,B01GI,Gross domestic product - income measure,,,,,National Accounts - SNA 2008 - SNE,2019,9
SNEQ.SG03SB01GI00S900,2019.12,81690,FINAL,Dollars,6,S,Consolidated accounts - table 1.1,B01GI,Gross domestic product - income measure,,,,,National Accounts - SNA 2008 - SNE,2019,12
SNEQ.SG03SB01GI00S900,2020.03,81956,FINAL,Dollars,6,S,Consolidated accounts - table 1.1,B01GI,Gross domestic product - income measure,,,,,National Accounts - SNA 2008 - SNE,2020,3
SNEQ.SG03SB01GI00S900,2020.06,73923,FINAL,Dollars,6,S,Consolidated accounts - table 1.1,B01GI,Gross domestic product - income measure,,,,,National Accounts - SNA 2008 - SNE,2020,6
SNEQ.SG03SB01GI00S900,2020.09,83903,FINAL,Dollars,6,S,Consolidated accounts - table 1.1,B01GI,Gross domestic product - income measure,,,,,National Accounts - SNA 2008 - SNE,2020,9
SNEQ.SG03SB01GI00S900,2020.12,84374,FINAL,Dollars,6,S,Consolidated accounts - table 1.1,B01GI,Gross domestic product - income measure,,,,,National Accounts - SNA 2008 - SNE,2020,12
SNEQ.SG03SB01GI00S900,2021.03,86547,FINAL,Dollars,6,S,Consolidated accounts - table 1.1,B01GI,Gross domestic product - income measure,,,,,National Accounts - SNA 2008 - SNE,2021,3
SNEQ.SG03SB01GI00S900,2021.06,88690,FINAL,Dollars,6,S,Consolidated accounts - table 1.1,B01GI,Gross domestic product - income measure,,,,,National Accounts - SNA 2008 - SNE,2021,6
SNEQ.SG03SB01GI00S900,2021.09,86716,FINAL,Dollars,6,S,Consolidated accounts - table 1.1,B01GI,Gross domestic product - income measure,,,,,National Accounts - SNA 2008 - SNE,2021,9
SNEQ.SG03SB01GI00S900,2021.12,91059,FINAL,Dollars,6,S,Consolidated accounts - table 1.1,B01GI,Gross domestic product - income measure,,,,,National Accounts - SNA 2008 - SNE,2021,12
SNEQ.SG03SB01GI00S900,2022.03,92507,FINAL,Dollars,6,S,Consolidated accounts - table 1.1,B01GI,Gross domestic product - income measure,,,,,National Accounts - SNA 2008 - SNE,2022,3
SNEQ.SG03SB01GI00S900,2022.06,95285,FINAL,Dollars,6,S,Consolidated accounts - table 1.1,B01GI,Gross domestic product - income measure,,,,,National Accounts - SNA 2008 - SNE,2022,6
SNEQ.SG03SB01GI00S900,2022.09,97856,FINAL,Dollars,6,S,Consolidated accounts - table 1.1,B01GI,Gross domestic product - income measure,,,,,National Accounts - SNA 2008 - SNE,2022,9
SNEQ.SG03SB01GI00S900,2022.12,99967,FINAL,Dollars,6,S,Consolidated accounts - table 1.1,B01GI,Gross domestic product - income measure,,,,,National Accounts - SNA 2008 - SNE,2022,12
SNEQ.SG03SB01GI00S900,2023.03,100395,FINAL,Dollars,6,S,Consolidated accounts - table 1.1,B01GI,Gross domestic product - income measure,,,,,National Accounts - SNA 2008 - SNE,2023,3
SNEQ.SG03SB01GI00S900,2023.06,103085,FINAL,Dollars,6,S,Consolidated accounts - table 1.1,B01GI,Gross domestic product - income measure,,,,,National Accounts - SNA 2008 - SNE,2023,6
SNEQ.SG03SB01GI00S900,2023.09,104072,FINAL,Dollars,6,S,Consolidated accounts - table 1.1,B01GI,Gross domestic product - income measure,,,,,National Accounts - SNA 2008 - SNE,2023,9
SNEQ.SG03SB01GI00S900,2023.12,103726,FINAL,Dollars,6,S,Consolidated accounts - table 1.1,B01GI,Gross domestic product - income measure,,,,,National Accounts - SNA 2008 - SNE,2023,12
SNEQ.SG03SB01GI00S900,2024.03,105297,FINAL,Dollars,6,S,Consolidated accounts - table 1.1,B01GI,Gross domestic product - income measure,,,,,National Accounts - SNA 2008 - SNE,2024,3
SNEQ.SG03SB01GI00S900,2024.06,105571,FINAL,Dollars,6,S,Consolidated accounts - table 1.1,B01GI,Gross domestic product - income measure,,,,,National Accounts - SNA 2008 - SNE,2024,6
SNEQ.SG03SB01GI00S900,2024.09,105675,FINAL,Dollars,6,S,Consolidated accounts - table 1.1,B01GI,Gross domestic product - income measure,,,,,National Accounts - SNA 2008 - SNE,2024,9
SNEQ.SG03SB01GI00S900,2024.12,107798,FINAL,Dollars,6,S,Consolidated accounts - table 1.1,B01GI,Gross domestic product - income measure,,,,,National Accounts - SNA 2008 - SNE,2024,12
SNEQ.SG03SB01GI00S900,2025.03,109865,FINAL,Dollars,6,S,Consolidated accounts - table 1.1,B01GI,Gross domestic product - income measure,,,,,National Accounts - SNA 2008 - SNE,2025,3
SNEQ.SG03SB02G000S900,2011.06,23132,FINAL,Dollars,6,S,Consolidated accounts - table 1.1,B02G,Gross operating surplus and gross mixed income,,,,,National Accounts - SNA 2008 - SNE,2011,6
SNEQ.SG03SB02G000S900,2011.09,23717,FINAL,Dollars,6,S,Consolidated accounts - table 1.1,B02G,Gross operating surplus and gross mixed income,,,,,National Accounts - SNA 2008 - SNE,2011,9
SNEQ.SG03SB02G000S900,2011.12,23693,FINAL,Dollars,6,S,Consolidated accounts - table 1.1,B02G,Gross operating surplus and gross mixed income,,,,,National Accounts - SNA 2008 - SNE,2011,12
SNEQ.SG03SB02G000S900,2012.03,23185,FINAL,Dollars,6,S,Consolidated accounts - table 1.1,B02G,Gross operating surplus and gross mixed income,,,,,National Accounts - SNA 2008 - SNE,2012,3
SNEQ.SG03SB02G000S900,2012.06,23937,FINAL,Dollars,6,S,Consolidated accounts - table 1.1,B02G,Gross operating surplus and gross mixed income,,,,,National Accounts - SNA 2008 - SNE,2012,6
SNEQ.SG03SB02G000S900,2012.09,23325,FINAL,Dollars,6,S,Consolidated accounts - table 1.1,B02G,Gross operating surplus and gross mixed income,,,,,National Accounts - SNA 2008 - SNE,2012,9
SNEQ.SG03SB02G000S900,2012.12,23244,FINAL,Dollars,6,S,Consolidated accounts - table 1.1,B02G,Gross operating surplus and gross mixed income,,,,,National Accounts - SNA 2008 - SNE,2012,12
SNEQ.SG03SB02G000S900,2013.03,23974,FINAL,Dollars,6,S,Consolidated accounts - table 1.1,B02G,Gross operating surplus and gross mixed income,,,,,National Accounts - SNA 2008 - SNE,2013,3
SNEQ.SG03SB02G000S900,2013.06,24211,FINAL,Dollars,6,S,Consolidated accounts - table 1.1,B02G,Gross operating surplus and gross mixed income,,,,,National Accounts - SNA 2008 - SNE,2013,6
SNEQ.SG03SB02G000S900,2013.09,25905,FINAL,Dollars,6,S,Consolidated accounts - table 1.1,B02G,Gross operating surplus and gross mixed income,,,,,National Accounts - SNA 2008 - SNE,2013,9
SNEQ.SG03SB02G000S900,2013.12,27009,FINAL,Dollars,6,S,Consolidated accounts - table 1.1,B02G,Gross operating surplus and gross mixed income,,,,,National Accounts - SNA 2008 - SNE,2013,12
SNEQ.SG03SB02G000S900,2014.03,26955,FINAL,Dollars,6,S,Consolidated accounts - table 1.1,B02G,Gross operating surplus and gross mixed income,,,,,National Accounts - SNA 2008 - SNE,2014,3
SNEQ.SG03SB02G000S900,2014.06,26734,FINAL,Dollars,6,S,Consolidated accounts - table 1.1,B02G,Gross operating surplus and gross mixed income,,,,,National Accounts - SNA 2008 - SNE,2014,6
SNEQ.SG03SB02G000S900,2014.09,26500,FINAL,Dollars,6,S,Consolidated accounts - table 1.1,B02G,Gross operating surplus and gross mixed income,,,,,National Accounts - SNA 2008 - SNE,2014,9
SNEQ.SG03SB02G000S900,2014.12,26557,FINAL,Dollars,6,S,Consolidated accounts - table 1.1,B02G,Gross operating surplus and gross mixed income,,,,,National Accounts - SNA 2008 - SNE,2014,12
SNEQ.SG03SB02G000S900,2015.03,27211,FINAL,Dollars,6,S,Consolidated accounts - table 1.1,B02G,Gross operating surplus and gross mixed income,,,,,National Accounts - SNA 2008 - SNE,2015,3
SNEQ.SG03SB02G000S900,2015.06,27871,FINAL,Dollars,6,S,Consolidated accounts - table 1.1,B02G,Gross operating surplus and gross mixed income,,,,,National Accounts - SNA 2008 - SNE,2015,6
SNEQ.SG03SB02G000S900,2015.09,27825,FINAL,Dollars,6,S,Consolidated accounts - table 1.1,B02G,Gross operating surplus and gross mixed income,,,,,National Accounts - SNA 2008 - SNE,2015,9
SNEQ.SG03SB02G000S900,2015.12,27891,FINAL,Dollars,6,S,Consolidated accounts - table 1.1,B02G,Gross operating surplus and gross mixed income,,,,,National Accounts - SNA 2008 - SNE,2015,12
SNEQ.SG03SB02G000S900,2016.03,28410,FINAL,Dollars,6,S,Consolidated accounts - table 1.1,B02G,Gross operating surplus and gross mixed income,,,,,National Accounts - SNA 2008 - SNE,2016,3
SNEQ.SG03SB02G000S900,2016.06,28898,FINAL,Dollars,6,S,Consolidated accounts - table 1.1,B02G,Gross operating surplus and gross mixed income,,,,,National Accounts - SNA 2008 - SNE,2016,6
SNEQ.SG03SB02G000S900,2016.09,29309,FINAL,Dollars,6,S,Consolidated accounts - table 1.1,B02G,Gross operating surplus and gross mixed income,,,,,National Accounts - SNA 2008 - SNE,2016,9
SNEQ.SG03SB02G000S900,2016.12,30504,FINAL,Dollars,6,S,Consolidated accounts - table 1.1,B02G,Gross operating surplus and gross mixed income,,,,,National Accounts - SNA 2008 - SNE,2016,12
SNEQ.SG03SB02G000S900,2017.03,31186,FINAL,Dollars,6,S,Consolidated accounts - table 1.1,B02G,Gross operating surplus and gross mixed income,,,,,National Accounts - SNA 2008 - SNE,2017,3
SNEQ.SG03SB02G000S900,2017.06,31399,FINAL,Dollars,6,S,Consolidated accounts - table 1.1,B02G,Gross operating surplus and gross mixed income,,,,,National Accounts - SNA 2008 - SNE,2017,6
SNEQ.SG03SB02G000S900,2017.09,32218,FINAL,Dollars,6,S,Consolidated accounts - table 1.1,B02G,Gross operating surplus and gross mixed income,,,,,National Accounts - SNA 2008 - SNE,2017,9
SNEQ.SG03SB02G000S900,2017.12,33280,FINAL,Dollars,6,S,Consolidated accounts - table 1.1,B02G,Gross operating surplus and gross mixed income,,,,,National Accounts - SNA 2008 - SNE,2017,12
SNEQ.SG03SB02G000S900,2018.03,33336,FINAL,Dollars,6,S,Consolidated accounts - table 1.1,B02G,Gross operating surplus and gross mixed income,,,,,National Accounts - SNA 2008 - SNE,2018,3
SNEQ.SG03SB02G000S900,2018.06,34074,FINAL,Dollars,6,S,Consolidated accounts - table 1.1,B02G,Gross operating surplus and gross mixed income,,,,,National Accounts - SNA 2008 - SNE,2018,6
SNEQ.SG03SB02G000S900,2018.09,33555,FINAL,Dollars,6,S,Consolidated accounts - table 1.1,B02G,Gross operating surplus and gross mixed income,,,,,National Accounts - SNA 2008 - SNE,2018,9
SNEQ.SG03SB02G000S900,2018.12,33489,FINAL,Dollars,6,S,Consolidated accounts - table 1.1,B02G,Gross operating surplus and gross mixed income,,,,,National Accounts - SNA 2008 - SNE,2018,12
SNEQ.SG03SB02G000S900,2019.03,34790,FINAL,Dollars,6,S,Consolidated accounts - table 1.1,B02G,Gross operating surplus and gross mixed income,,,,,National Accounts - SNA 2008 - SNE,2019,3
SNEQ.SG03SB02G000S900,2019.06,34990,FINAL,Dollars,6,S,Consolidated accounts - table 1.1,B02G,Gross operating surplus and gross mixed income,,,,,National Accounts - SNA 2008 - SNE,2019,6
SNEQ.SG03SB02G000S900,2019.09,35294,FINAL,Dollars,6,S,Consolidated accounts - table 1.1,B02G,Gross operating surplus and gross mixed income,,,,,National Accounts - SNA 2008 - SNE,2019,9
SNEQ.SG03SB02G000S900,2019.12,35757,FINAL,Dollars,6,S,Consolidated accounts - table 1.1,B02G,Gross operating surplus and gross mixed income,,,,,National Accounts - SNA 2008 - SNE,2019,12
SNEQ.SG03SB02G000S900,2020.03,39273,FINAL,Dollars,6,S,Consolidated accounts - table 1.1,B02G,Gross operating surplus and gross mixed income,,,,,National Accounts - SNA 2008 - SNE,2020,3
SNEQ.SG03SB02G000S900,2020.06,38648,FINAL,Dollars,6,S,Consolidated accounts - table 1.1,B02G,Gross operating surplus and gross mixed income,,,,,National Accounts - SNA 2008 - SNE,2020,6
SNEQ.SG03SB02G000S900,2020.09,39505,FINAL,Dollars,6,S,Consolidated accounts - table 1.1,B02G,Gross operating surplus and gross mixed income,,,,,National Accounts - SNA 2008 - SNE,2020,9
SNEQ.SG03SB02G000S900,2020.12,37500,FINAL,Dollars,6,S,Consolidated accounts - table 1.1,B02G,Gross operating surplus and gross mixed income,,,,,National Accounts - SNA 2008 - SNE,2020,12
SNEQ.SG03SB02G000S900,2021.03,38408,FINAL,Dollars,6,S,Consolidated accounts - table 1.1,B02G,Gross operating surplus and gross mixed income,,,,,National Accounts - SNA 2008 - SNE,2021,3
SNEQ.SG03SB02G000S900,2021.06,38506,FINAL,Dollars,6,S,Consolidated accounts - table 1.1,B02G,Gross operating surplus and gross mixed income,,,,,National Accounts - SNA 2008 - SNE,2021,6
SNEQ.SG03SB02G000S900,2021.09,40725,FINAL,Dollars,6,S,Consolidated accounts - table 1.1,B02G,Gross operating surplus and gross mixed income,,,,,National Accounts - SNA 2008 - SNE,2021,9
SNEQ.SG03SB02G000S900,2021.12,43113,FINAL,Dollars,6,S,Consolidated accounts - table 1.1,B02G,Gross operating surplus and gross mixed income,,,,,National Accounts - SNA 2008 - SNE,2021,12
SNEQ.SG03SB02G000S900,2022.03,41621,FINAL,Dollars,6,S,Consolidated accounts - table 1.1,B02G,Gross operating surplus and gross mixed income,,,,,National Accounts - SNA 2008 - SNE,2022,3
SNEQ.SG03SB02G000S900,2022.06,42563,FINAL,Dollars,6,S,Consolidated accounts - table 1.1,B02G,Gross operating surplus and gross mixed income,,,,,National Accounts - SNA 2008 - SNE,2022,6
SNEQ.SG03SB02G000S900,2022.09,43368,FINAL,Dollars,6,S,Consolidated accounts - table 1.1,B02G,Gross operating surplus and gross mixed income,,,,,National Accounts - SNA 2008 - SNE,2022,9
SNEQ.SG03SB02G000S900,2022.12,44670,FINAL,Dollars,6,S,Consolidated accounts - table 1.1,B02G,Gross operating surplus and gross mixed income,,,,,National Accounts - SNA 2008 - SNE,2022,12
SNEQ.SG03SB02G000S900,2023.03,44103,FINAL,Dollars,6,S,Consolidated accounts - table 1.1,B02G,Gross operating surplus and gross mixed income,,,,,National Accounts - SNA 2008 - SNE,2023,3
SNEQ.SG03SB02G000S900,2023.06,45688,FINAL,Dollars,6,S,Consolidated accounts - table 1.1,B02G,Gross operating surplus and gross mixed income,,,,,National Accounts - SNA 2008 - SNE,2023,6
SNEQ.SG03SB02G000S900,2023.09,45224,FINAL,Dollars,6,S,Consolidated accounts - table 1.1,B02G,Gross operating surplus and gross mixed income,,,,,National Accounts - SNA 2008 - SNE,2023,9
SNEQ.SG03SB02G000S900,2023.12,43672,FINAL,Dollars,6,S,Consolidated accounts - table 1.1,B02G,Gross operating surplus and gross mixed income,,,,,National Accounts - SNA 2008 - SNE,2023,12
SNEQ.SG03SB02G000S900,2024.03,44550,FINAL,Dollars,6,S,Consolidated accounts - table 1.1,B02G,Gross operating surplus and gross mixed income,,,,,National Accounts - SNA 2008 - SNE,2024,3
SNEQ.SG03SB02G000S900,2024.06,44291,FINAL,Dollars,6,S,Consolidated accounts - table 1.1,B02G,Gross operating surplus and gross mixed income,,,,,National Accounts - SNA 2008 - SNE,2024,6
SNEQ.SG03SB02G000S900,2024.09,44553,FINAL,Dollars,6,S,Consolidated accounts - table 1.1,B02G,Gross operating surplus and gross mixed income,,,,,National Accounts - SNA 2008 - SNE,2024,9
SNEQ.SG03SB02G000S900,2024.12,46580,FINAL,Dollars,6,S,Consolidated accounts - table 1.1,B02G,Gross operating surplus and gross mixed income,,,,,National Accounts - SNA 2008 - SNE,2024,12
SNEQ.SG03SB02G000S900,2025.03,47534,FINAL,Dollars,6,S,Consolidated accounts - table 1.1,B02G,Gross operating surplus and gross mixed income,,,,,National Accounts - SNA 2008 - SNE,2025,3
SNEQ.SG03SB05GNE0S900,2011.06,51321,FINAL,Dollars,6,S,Consolidated accounts - table 1.1,B05GNE,Gross national expenditure,,,,,National Accounts - SNA 2008 - SNE,2011,6
SNEQ.SG03SB05GNE0S900,2011.09,52420,FINAL,Dollars,6,S,Consolidated accounts - table 1.1,B05GNE,Gross national expenditure,,,,,National Accounts - SNA 2008 - SNE,2011,9
SNEQ.SG03SB05GNE0S900,2011.12,52410,FINAL,Dollars,6,S,Consolidated accounts - table 1.1,B05GNE,Gross national expenditure,,,,,National Accounts - SNA 2008 - SNE,2011,12
SNEQ.SG03SB05GNE0S900,2012.03,53866,FINAL,Dollars,6,S,Consolidated accounts - table 1.1,B05GNE,Gross national expenditure,,,,,National Accounts - SNA 2008 - SNE,2012,3
SNEQ.SG03SB05GNE0S900,2012.06,54075,FINAL,Dollars,6,S,Consolidated accounts - table 1.1,B05GNE,Gross national expenditure,,,,,National Accounts - SNA 2008 - SNE,2012,6
SNEQ.SG03SB05GNE0S900,2012.09,53405,FINAL,Dollars,6,S,Consolidated accounts - table 1.1,B05GNE,Gross national expenditure,,,,,National Accounts - SNA 2008 - SNE,2012,9
SNEQ.SG03SB05GNE0S900,2012.12,54034,FINAL,Dollars,6,S,Consolidated accounts - table 1.1,B05GNE,Gross national expenditure,,,,,National Accounts - SNA 2008 - SNE,2012,12
SNEQ.SG03SB05GNE0S900,2013.03,55012,FINAL,Dollars,6,S,Consolidated accounts - table 1.1,B05GNE,Gross national expenditure,,,,,National Accounts - SNA 2008 - SNE,2013,3
SNEQ.SG03SB05GNE0S900,2013.06,55586,FINAL,Dollars,6,S,Consolidated accounts - table 1.1,B05GNE,Gross national expenditure,,,,,National Accounts - SNA 2008 - SNE,2013,6
SNEQ.SG03SB05GNE0S900,2013.09,57310,FINAL,Dollars,6,S,Consolidated accounts - table 1.1,B05GNE,Gross national expenditure,,,,,National Accounts - SNA 2008 - SNE,2013,9
SNEQ.SG03SB05GNE0S900,2013.12,57984,FINAL,Dollars,6,S,Consolidated accounts - table 1.1,B05GNE,Gross national expenditure,,,,,National Accounts - SNA 2008 - SNE,2013,12
SNEQ.SG03SB05GNE0S900,2014.03,58319,FINAL,Dollars,6,S,Consolidated accounts - table 1.1,B05GNE,Gross national expenditure,,,,,National Accounts - SNA 2008 - SNE,2014,3
SNEQ.SG03SB05GNE0S900,2014.06,59319,FINAL,Dollars,6,S,Consolidated accounts - table 1.1,B05GNE,Gross national expenditure,,,,,National Accounts - SNA 2008 - SNE,2014,6
SNEQ.SG03SB05GNE0S900,2014.09,60108,FINAL,Dollars,6,S,Consolidated accounts - table 1.1,B05GNE,Gross national expenditure,,,,,National Accounts - SNA 2008 - SNE,2014,9
SNEQ.SG03SB05GNE0S900,2014.12,60539,FINAL,Dollars,6,S,Consolidated accounts - table 1.1,B05GNE,Gross national expenditure,,,,,National Accounts - SNA 2008 - SNE,2014,12
SNEQ.SG03SB05GNE0S900,2015.03,61019,FINAL,Dollars,6,S,Consolidated accounts - table 1.1,B05GNE,Gross national expenditure,,,,,National Accounts - SNA 2008 - SNE,2015,3
SNEQ.SG03SB05GNE0S900,2015.06,62524,FINAL,Dollars,6,S,Consolidated accounts - table 1.1,B05GNE,Gross national expenditure,,,,,National Accounts - SNA 2008 - SNE,2015,6
SNEQ.SG03SB05GNE0S900,2015.09,62883,FINAL,Dollars,6,S,Consolidated accounts - table 1.1,B05GNE,Gross national expenditure,,,,,National Accounts - SNA 2008 - SNE,2015,9
SNEQ.SG03SB05GNE0S900,2015.12,63295,FINAL,Dollars,6,S,Consolidated accounts - table 1.1,B05GNE,Gross national expenditure,,,,,National Accounts - SNA 2008 - SNE,2015,12
SNEQ.SG03SB05GNE0S900,2016.03,64312,FINAL,Dollars,6,S,Consolidated accounts - table 1.1,B05GNE,Gross national expenditure,,,,,National Accounts - SNA 2008 - SNE,2016,3
SNEQ.SG03SB05GNE0S900,2016.06,65552,FINAL,Dollars,6,S,Consolidated accounts - table 1.1,B05GNE,Gross national expenditure,,,,,National Accounts - SNA 2008 - SNE,2016,6
SNEQ.SG03SB05GNE0S900,2016.09,66592,FINAL,Dollars,6,S,Consolidated accounts - table 1.1,B05GNE,Gross national expenditure,,,,,National Accounts - SNA 2008 - SNE,2016,9
SNEQ.SG03SB05GNE0S900,2016.12,67565,FINAL,Dollars,6,S,Consolidated accounts - table 1.1,B05GNE,Gross national expenditure,,,,,National Accounts - SNA 2008 - SNE,2016,12
SNEQ.SG03SB05GNE0S900,2017.03,69749,FINAL,Dollars,6,S,Consolidated accounts - table 1.1,B05GNE,Gross national expenditure,,,,,National Accounts - SNA 2008 - SNE,2017,3
SNEQ.SG03SB05GNE0S900,2017.06,69534,FINAL,Dollars,6,S,Consolidated accounts - table 1.1,B05GNE,Gross national expenditure,,,,,National Accounts - SNA 2008 - SNE,2017,6
SNEQ.SG03SB05GNE0S900,2017.09,71005,FINAL,Dollars,6,S,Consolidated accounts - table 1.1,B05GNE,Gross national expenditure,,,,,National Accounts - SNA 2008 - SNE,2017,9
SNEQ.SG03SB05GNE0S900,2017.12,73020,FINAL,Dollars,6,S,Consolidated accounts - table 1.1,B05GNE,Gross national expenditure,,,,,National Accounts - SNA 2008 - SNE,2017,12
SNEQ.SG03SB05GNE0S900,2018.03,74473,FINAL,Dollars,6,S,Consolidated accounts - table 1.1,B05GNE,Gross national expenditure,,,,,National Accounts - SNA 2008 - SNE,2018,3
SNEQ.SG03SB05GNE0S900,2018.06,75471,FINAL,Dollars,6,S,Consolidated accounts - table 1.1,B05GNE,Gross national expenditure,,,,,National Accounts - SNA 2008 - SNE,2018,6
SNEQ.SG03SB05GNE0S900,2018.09,76255,FINAL,Dollars,6,S,Consolidated accounts - table 1.1,B05GNE,Gross national expenditure,,,,,National Accounts - SNA 2008 - SNE,2018,9
SNEQ.SG03SB05GNE0S900,2018.12,76899,FINAL,Dollars,6,S,Consolidated accounts - table 1.1,B05GNE,Gross national expenditure,,,,,National Accounts - SNA 2008 - SNE,2018,12
SNEQ.SG03SB05GNE0S900,2019.03,77782,FINAL,Dollars,6,S,Consolidated accounts - table 1.1,B05GNE,Gross national expenditure,,,,,National Accounts - SNA 2008 - SNE,2019,3
SNEQ.SG03SB05GNE0S900,2019.06,79590,FINAL,Dollars,6,S,Consolidated accounts - table 1.1,B05GNE,Gross national expenditure,,,,,National Accounts - SNA 2008 - SNE,2019,6
SNEQ.SG03SB05GNE0S900,2019.09,80911,FINAL,Dollars,6,S,Consolidated accounts - table 1.1,B05GNE,Gross national expenditure,,,,,National Accounts - SNA 2008 - SNE,2019,9
SNEQ.SG03SB05GNE0S900,2019.12,81578,FINAL,Dollars,6,S,Consolidated accounts - table 1.1,B05GNE,Gross national expenditure,,,,,National Accounts - SNA 2008 - SNE,2019,12
SNEQ.SG03SB05GNE0S900,2020.03,80417,FINAL,Dollars,6,S,Consolidated accounts - table 1.1,B05GNE,Gross national expenditure,,,,,National Accounts - SNA 2008 - SNE,2020,3
SNEQ.SG03SB05GNE0S900,2020.06,72035,FINAL,Dollars,6,S,Consolidated accounts - table 1.1,B05GNE,Gross national expenditure,,,,,National Accounts - SNA 2008 - SNE,2020,6
SNEQ.SG03SB05GNE0S900,2020.09,82903,FINAL,Dollars,6,S,Consolidated accounts - table 1.1,B05GNE,Gross national expenditure,,,,,National Accounts - SNA 2008 - SNE,2020,9
SNEQ.SG03SB05GNE0S900,2020.12,84927,FINAL,Dollars,6,S,Consolidated accounts - table 1.1,B05GNE,Gross national expenditure,,,,,National Accounts - SNA 2008 - SNE,2020,12
SNEQ.SG03SB05GNE0S900,2021.03,90316,FINAL,Dollars,6,S,Consolidated accounts - table 1.1,B05GNE,Gross national expenditure,,,,,National Accounts - SNA 2008 - SNE,2021,3
SNEQ.SG03SB05GNE0S900,2021.06,89521,FINAL,Dollars,6,S,Consolidated accounts - table 1.1,B05GNE,Gross national expenditure,,,,,National Accounts - SNA 2008 - SNE,2021,6
SNEQ.SG03SB05GNE0S900,2021.09,89684,FINAL,Dollars,6,S,Consolidated accounts - table 1.1,B05GNE,Gross national expenditure,,,,,National Accounts - SNA 2008 - SNE,2021,9
SNEQ.SG03SB05GNE0S900,2021.12,95027,FINAL,Dollars,6,S,Consolidated accounts - table 1.1,B05GNE,Gross national expenditure,,,,,National Accounts - SNA 2008 - SNE,2021,12
SNEQ.SG03SB05GNE0S900,2022.03,98864,FINAL,Dollars,6,S,Consolidated accounts - table 1.1,B05GNE,Gross national expenditure,,,,,National Accounts - SNA 2008 - SNE,2022,3
SNEQ.SG03SB05GNE0S900,2022.06,100795,FINAL,Dollars,6,S,Consolidated accounts - table 1.1,B05GNE,Gross national expenditure,,,,,National Accounts - SNA 2008 - SNE,2022,6
SNEQ.SG03SB05GNE0S900,2022.09,102674,FINAL,Dollars,6,S,Consolidated accounts - table 1.1,B05GNE,Gross national expenditure,,,,,National Accounts - SNA 2008 - SNE,2022,9
SNEQ.SG03SB05GNE0S900,2022.12,105629,FINAL,Dollars,6,S,Consolidated accounts - table 1.1,B05GNE,Gross national expenditure,,,,,National Accounts - SNA 2008 - SNE,2022,12
SNEQ.SG03SB05GNE0S900,2023.03,105462,FINAL,Dollars,6,S,Consolidated accounts - table 1.1,B05GNE,Gross national expenditure,,,,,National Accounts - SNA 2008 - SNE,2023,3
SNEQ.SG03SB05GNE0S900,2023.06,106709,FINAL,Dollars,6,S,Consolidated accounts - table 1.1,B05GNE,Gross national expenditure,,,,,National Accounts - SNA 2008 - SNE,2023,6
SNEQ.SG03SB05GNE0S900,2023.09,108138,FINAL,Dollars,6,S,Consolidated accounts - table 1.1,B05GNE,Gross national expenditure,,,,,National Accounts - SNA 2008 - SNE,2023,9
SNEQ.SG03SB05GNE0S900,2023.12,107167,FINAL,Dollars,6,S,Consolidated accounts - table 1.1,B05GNE,Gross national expenditure,,,,,National Accounts - SNA 2008 - SNE,2023,12
SNEQ.SG03SB05GNE0S900,2024.03,108611,FINAL,Dollars,6,S,Consolidated accounts - table 1.1,B05GNE,Gross national expenditure,,,,,National Accounts - SNA 2008 - SNE,2024,3
SNEQ.SG03SB05GNE0S900,2024.06,109252,FINAL,Dollars,6,S,Consolidated accounts - table 1.1,B05GNE,Gross national expenditure,,,,,National Accounts - SNA 2008 - SNE,2024,6
SNEQ.SG03SB05GNE0S900,2024.09,109035,FINAL,Dollars,6,S,Consolidated accounts - table 1.1,B05GNE,Gross national expenditure,,,,,National Accounts - SNA 2008 - SNE,2024,9
SNEQ.SG03SB05GNE0S900,2024.12,109890,FINAL,Dollars,6,S,Consolidated accounts - table 1.1,B05GNE,Gross national expenditure,,,,,National Accounts - SNA 2008 - SNE,2024,12
SNEQ.SG03SB05GNE0S900,2025.03,111202,FINAL,Dollars,6,S,Consolidated accounts - table 1.1,B05GNE,Gross national expenditure,,,,,National Accounts - SNA 2008 - SNE,2025,3
SNEQ.SG03SB980000S900,2011.06,-56,FINAL,Dollars,6,S,Consolidated accounts - table 1.1,B98,Statistical discrepancy,,,,,National Accounts - SNA 2008 - SNE,2011,6
SNEQ.SG03SB980000S900,2011.09,111,FINAL,Dollars,6,S,Consolidated accounts - table 1.1,B98,Statistical discrepancy,,,,,National Accounts - SNA 2008 - SNE,2011,9
SNEQ.SG03SB980000S900,2011.12,15,FINAL,Dollars,6,S,Consolidated accounts - table 1.1,B98,Statistical discrepancy,,,,,National Accounts - SNA 2008 - SNE,2011,12
SNEQ.SG03SB980000S900,2012.03,-55,FINAL,Dollars,6,S,Consolidated accounts - table 1.1,B98,Statistical discrepancy,,,,,National Accounts - SNA 2008 - SNE,2012,3
SNEQ.SG03SB980000S900,2012.06,13,FINAL,Dollars,6,S,Consolidated accounts - table 1.1,B98,Statistical discrepancy,,,,,National Accounts - SNA 2008 - SNE,2012,6
SNEQ.SG03SB980000S900,2012.09,6,FINAL,Dollars,6,S,Consolidated accounts - table 1.1,B98,Statistical discrepancy,,,,,National Accounts - SNA 2008 - SNE,2012,9
SNEQ.SG03SB980000S900,2012.12,49,FINAL,Dollars,6,S,Consolidated accounts - table 1.1,B98,Statistical discrepancy,,,,,National Accounts - SNA 2008 - SNE,2012,12
SNEQ.SG03SB980000S900,2013.03,-21,FINAL,Dollars,6,S,Consolidated accounts - table 1.1,B98,Statistical discrepancy,,,,,National Accounts - SNA 2008 - SNE,2013,3
SNEQ.SG03SB980000S900,2013.06,26,FINAL,Dollars,6,S,Consolidated accounts - table 1.1,B98,Statistical discrepancy,,,,,National Accounts - SNA 2008 - SNE,2013,6
SNEQ.SG03SB980000S900,2013.09,173,FINAL,Dollars,6,S,Consolidated accounts - table 1.1,B98,Statistical discrepancy,,,,,National Accounts - SNA 2008 - SNE,2013,9
SNEQ.SG03SB980000S900,2013.12,-5,FINAL,Dollars,6,S,Consolidated accounts - table 1.1,B98,Statistical discrepancy,,,,,National Accounts - SNA 2008 - SNE,2013,12
SNEQ.SG03SB980000S900,2014.03,-181,FINAL,Dollars,6,S,Consolidated accounts - table 1.1,B98,Statistical discrepancy,,,,,National Accounts - SNA 2008 - SNE,2014,3
SNEQ.SG03SB980000S900,2014.06,-36,FINAL,Dollars,6,S,Consolidated accounts - table 1.1,B98,Statistical discrepancy,,,,,National Accounts - SNA 2008 - SNE,2014,6
SNEQ.SG03SB980000S900,2014.09,-46,FINAL,Dollars,6,S,Consolidated accounts - table 1.1,B98,Statistical discrepancy,,,,,National Accounts - SNA 2008 - SNE,2014,9
SNEQ.SG03SB980000S900,2014.12,123,FINAL,Dollars,6,S,Consolidated accounts - table 1.1,B98,Statistical discrepancy,,,,,National Accounts - SNA 2008 - SNE,2014,12
SNEQ.SG03SB980000S900,2015.03,2,FINAL,Dollars,6,S,Consolidated accounts - table 1.1,B98,Statistical discrepancy,,,,,National Accounts - SNA 2008 - SNE,2015,3
SNEQ.SG03SB980000S900,2015.06,-64,FINAL,Dollars,6,S,Consolidated accounts - table 1.1,B98,Statistical discrepancy,,,,,National Accounts - SNA 2008 - SNE,2015,6
SNEQ.SG03SB980000S900,2015.09,4,FINAL,Dollars,6,S,Consolidated accounts - table 1.1,B98,Statistical discrepancy,,,,,National Accounts - SNA 2008 - SNE,2015,9
SNEQ.SG03SB980000S900,2015.12,158,FINAL,Dollars,6,S,Consolidated accounts - table 1.1,B98,Statistical discrepancy,,,,,National Accounts - SNA 2008 - SNE,2015,12
SNEQ.SG03SB980000S900,2016.03,-61,FINAL,Dollars,6,S,Consolidated accounts - table 1.1,B98,Statistical discrepancy,,,,,National Accounts - SNA 2008 - SNE,2016,3
SNEQ.SG03SB980000S900,2016.06,-52,FINAL,Dollars,6,S,Consolidated accounts - table 1.1,B98,Statistical discrepancy,,,,,National Accounts - SNA 2008 - SNE,2016,6
SNEQ.SG03SB980000S900,2016.09,-140,FINAL,Dollars,6,S,Consolidated accounts - table 1.1,B98,Statistical discrepancy,,,,,National Accounts - SNA 2008 - SNE,2016,9
SNEQ.SG03SB980000S900,2016.12,234,FINAL,Dollars,6,S,Consolidated accounts - table 1.1,B98,Statistical discrepancy,,,,,National Accounts - SNA 2008 - SNE,2016,12
SNEQ.SG03SB980000S900,2017.03,-20,FINAL,Dollars,6,S,Consolidated accounts - table 1.1,B98,Statistical discrepancy,,,,,National Accounts - SNA 2008 - SNE,2017,3
SNEQ.SG03SB980000S900,2017.06,41,FINAL,Dollars,6,S,Consolidated accounts - table 1.1,B98,Statistical discrepancy,,,,,National Accounts - SNA 2008 - SNE,2017,6
SNEQ.SG03SB980000S900,2017.09,-159,FINAL,Dollars,6,S,Consolidated accounts - table 1.1,B98,Statistical discrepancy,,,,,National Accounts - SNA 2008 - SNE,2017,9
SNEQ.SG03SB980000S900,2017.12,86,FINAL,Dollars,6,S,Consolidated accounts - table 1.1,B98,Statistical discrepancy,,,,,National Accounts - SNA 2008 - SNE,2017,12
SNEQ.SG03SB980000S900,2018.03,77,FINAL,Dollars,6,S,Consolidated accounts - table 1.1,B98,Statistical discrepancy,,,,,National Accounts - SNA 2008 - SNE,2018,3
SNEQ.SG03SB980000S900,2018.06,194,FINAL,Dollars,6,S,Consolidated accounts - table 1.1,B98,Statistical discrepancy,,,,,National Accounts - SNA 2008 - SNE,2018,6
SNEQ.SG03SB980000S900,2018.09,-70,FINAL,Dollars,6,S,Consolidated accounts - table 1.1,B98,Statistical discrepancy,,,,,National Accounts - SNA 2008 - SNE,2018,9
SNEQ.SG03SB980000S900,2018.12,62,FINAL,Dollars,6,S,Consolidated accounts - table 1.1,B98,Statistical discrepancy,,,,,National Accounts - SNA 2008 - SNE,2018,12
SNEQ.SG03SB980000S900,2019.03,-54,FINAL,Dollars,6,S,Consolidated accounts - table 1.1,B98,Statistical discrepancy,,,,,National Accounts - SNA 2008 - SNE,2019,3
SNEQ.SG03SB980000S900,2019.06,150,FINAL,Dollars,6,S,Consolidated accounts - table 1.1,B98,Statistical discrepancy,,,,,National Accounts - SNA 2008 - SNE,2019,6
SNEQ.SG03SB980000S900,2019.09,6,FINAL,Dollars,6,S,Consolidated accounts - table 1.1,B98,Statistical discrepancy,,,,,National Accounts - SNA 2008 - SNE,2019,9
SNEQ.SG03SB980000S900,2019.12,-75,FINAL,Dollars,6,S,Consolidated accounts - table 1.1,B98,Statistical discrepancy,,,,,National Accounts - SNA 2008 - SNE,2019,12
SNEQ.SG03SB980000S900,2020.03,119,FINAL,Dollars,6,S,Consolidated accounts - table 1.1,B98,Statistical discrepancy,,,,,National Accounts - SNA 2008 - SNE,2020,3
SNEQ.SG03SB980000S900,2020.06,305,FINAL,Dollars,6,S,Consolidated accounts - table 1.1,B98,Statistical discrepancy,,,,,National Accounts - SNA 2008 - SNE,2020,6
SNEQ.SG03SB980000S900,2020.09,1,FINAL,Dollars,6,S,Consolidated accounts - table 1.1,B98,Statistical discrepancy,,,,,National Accounts - SNA 2008 - SNE,2020,9
SNEQ.SG03SB980000S900,2020.12,-33,FINAL,Dollars,6,S,Consolidated accounts - table 1.1,B98,Statistical discrepancy,,,,,National Accounts - SNA 2008 - SNE,2020,12
SNEQ.SG03SB980000S900,2021.03,-59,FINAL,Dollars,6,S,Consolidated accounts - table 1.1,B98,Statistical discrepancy,,,,,National Accounts - SNA 2008 - SNE,2021,3
SNEQ.SG03SB980000S900,2021.06,230,FINAL,Dollars,6,S,Consolidated accounts - table 1.1,B98,Statistical discrepancy,,,,,National Accounts - SNA 2008 - SNE,2021,6
SNEQ.SG03SB980000S900,2021.09,93,FINAL,Dollars,6,S,Consolidated accounts - table 1.1,B98,Statistical discrepancy,,,,,National Accounts - SNA 2008 - SNE,2021,9
SNEQ.SG03SB980000S900,2021.12,-146,FINAL,Dollars,6,S,Consolidated accounts - table 1.1,B98,Statistical discrepancy,,,,,National Accounts - SNA 2008 - SNE,2021,12
SNEQ.SG03SB980000S900,2022.03,-178,FINAL,Dollars,6,S,Consolidated accounts - table 1.1,B98,Statistical discrepancy,,,,,National Accounts - SNA 2008 - SNE,2022,3
SNEQ.SG03SB980000S900,2022.06,118,FINAL,Dollars,6,S,Consolidated accounts - table 1.1,B98,Statistical discrepancy,,,,,National Accounts - SNA 2008 - SNE,2022,6
SNEQ.SG03SB980000S900,2022.09,51,FINAL,Dollars,6,S,Consolidated accounts - table 1.1,B98,Statistical discrepancy,,,,,National Accounts - SNA 2008 - SNE,2022,9
SNEQ.SG03SB980000S900,2022.12,168,FINAL,Dollars,6,S,Consolidated accounts - table 1.1,B98,Statistical discrepancy,,,,,National Accounts - SNA 2008 - SNE,2022,12
SNEQ.SG03SB980000S900,2023.03,-279,FINAL,Dollars,6,S,Consolidated accounts - table 1.1,B98,Statistical discrepancy,,,,,National Accounts - SNA 2008 - SNE,2023,3
SNEQ.SG03SB980000S900,2023.06,-173,FINAL,Dollars,6,S,Consolidated accounts - table 1.1,B98,Statistical discrepancy,,,,,National Accounts - SNA 2008 - SNE,2023,6
SNEQ.SG03SB980000S900,2023.09,-719,FINAL,Dollars,6,S,Consolidated accounts - table 1.1,B98,Statistical discrepancy,,,,,National Accounts - SNA 2008 - SNE,2023,9
SNEQ.SG03SB980000S900,2023.12,-416,FINAL,Dollars,6,S,Consolidated accounts - table 1.1,B98,Statistical discrepancy,,,,,National Accounts - SNA 2008 - SNE,2023,12
SNEQ.SG03SB980000S900,2024.03,-719,FINAL,Dollars,6,S,Consolidated accounts - table 1.1,B98,Statistical discrepancy,,,,,National Accounts - SNA 2008 - SNE,2024,3
SNEQ.SG03SB980000S900,2024.06,-347,FINAL,Dollars,6,S,Consolidated accounts - table 1.1,B98,Statistical discrepancy,,,,,National Accounts - SNA 2008 - SNE,2024,6
SNEQ.SG03SB980000S900,2024.09,-702,FINAL,Dollars,6,S,Consolidated accounts - table 1.1,B98,Statistical discrepancy,,,,,National Accounts - SNA 2008 - SNE,2024,9
SNEQ.SG03SB980000S900,2024.12,-441,FINAL,Dollars,6,S,Consolidated accounts - table 1.1,B98,Statistical discrepancy,,,,,National Accounts - SNA 2008 - SNE,2024,12
SNEQ.SG03SB980000S900,2025.03,-538,FINAL,Dollars,6,S,Consolidated accounts - table 1.1,B98,Statistical discrepancy,,,,,National Accounts - SNA 2008 - SNE,2025,3
SNEQ.SG03SD01R000S900,2011.06,22651,FINAL,Dollars,6,S,Consolidated accounts - table 1.1,D01P,Compensation of employees,,,,,National Accounts - SNA 2008 - SNE,2011,6
SNEQ.SG03SD01R000S900,2011.09,23005,FINAL,Dollars,6,S,Consolidated accounts - table 1.1,D01P,Compensation of employees,,,,,National Accounts - SNA 2008 - SNE,2011,9
SNEQ.SG03SD01R000S900,2011.12,23076,FINAL,Dollars,6,S,Consolidated accounts - table 1.1,D01P,Compensation of employees,,,,,National Accounts - SNA 2008 - SNE,2011,12
SNEQ.SG03SD01R000S900,2012.03,23590,FINAL,Dollars,6,S,Consolidated accounts - table 1.1,D01P,Compensation of employees,,,,,National Accounts - SNA 2008 - SNE,2012,3
SNEQ.SG03SD01R000S900,2012.06,23533,FINAL,Dollars,6,S,Consolidated accounts - table 1.1,D01P,Compensation of employees,,,,,National Accounts - SNA 2008 - SNE,2012,6
SNEQ.SG03SD01R000S900,2012.09,23676,FINAL,Dollars,6,S,Consolidated accounts - table 1.1,D01P,Compensation of employees,,,,,National Accounts - SNA 2008 - SNE,2012,9
SNEQ.SG03SD01R000S900,2012.12,23877,FINAL,Dollars,6,S,Consolidated accounts - table 1.1,D01P,Compensation of employees,,,,,National Accounts - SNA 2008 - SNE,2012,12
SNEQ.SG03SD01R000S900,2013.03,23977,FINAL,Dollars,6,S,Consolidated accounts - table 1.1,D01P,Compensation of employees,,,,,National Accounts - SNA 2008 - SNE,2013,3
SNEQ.SG03SD01R000S900,2013.06,24261,FINAL,Dollars,6,S,Consolidated accounts - table 1.1,D01P,Compensation of employees,,,,,National Accounts - SNA 2008 - SNE,2013,6
SNEQ.SG03SD01R000S900,2013.09,24431,FINAL,Dollars,6,S,Consolidated accounts - table 1.1,D01P,Compensation of employees,,,,,National Accounts - SNA 2008 - SNE,2013,9
SNEQ.SG03SD01R000S900,2013.12,24991,FINAL,Dollars,6,S,Consolidated accounts - table 1.1,D01P,Compensation of employees,,,,,National Accounts - SNA 2008 - SNE,2013,12
SNEQ.SG03SD01R000S900,2014.03,25082,FINAL,Dollars,6,S,Consolidated accounts - table 1.1,D01P,Compensation of employees,,,,,National Accounts - SNA 2008 - SNE,2014,3
SNEQ.SG03SD01R000S900,2014.06,25590,FINAL,Dollars,6,S,Consolidated accounts - table 1.1,D01P,Compensation of employees,,,,,National Accounts - SNA 2008 - SNE,2014,6
SNEQ.SG03SD01R000S900,2014.09,25925,FINAL,Dollars,6,S,Consolidated accounts - table 1.1,D01P,Compensation of employees,,,,,National Accounts - SNA 2008 - SNE,2014,9
SNEQ.SG03SD01R000S900,2014.12,26449,FINAL,Dollars,6,S,Consolidated accounts - table 1.1,D01P,Compensation of employees,,,,,National Accounts - SNA 2008 - SNE,2014,12
SNEQ.SG03SD01R000S900,2015.03,26420,FINAL,Dollars,6,S,Consolidated accounts - table 1.1,D01P,Compensation of employees,,,,,National Accounts - SNA 2008 - SNE,2015,3
SNEQ.SG03SD01R000S900,2015.06,26809,FINAL,Dollars,6,S,Consolidated accounts - table 1.1,D01P,Compensation of employees,,,,,National Accounts - SNA 2008 - SNE,2015,6
SNEQ.SG03SD01R000S900,2015.09,27451,FINAL,Dollars,6,S,Consolidated accounts - table 1.1,D01P,Compensation of employees,,,,,National Accounts - SNA 2008 - SNE,2015,9
SNEQ.SG03SD01R000S900,2015.12,27548,FINAL,Dollars,6,S,Consolidated accounts - table 1.1,D01P,Compensation of employees,,,,,National Accounts - SNA 2008 - SNE,2015,12
SNEQ.SG03SD01R000S900,2016.03,28152,FINAL,Dollars,6,S,Consolidated accounts - table 1.1,D01P,Compensation of employees,,,,,National Accounts - SNA 2008 - SNE,2016,3
SNEQ.SG03SD01R000S900,2016.06,28486,FINAL,Dollars,6,S,Consolidated accounts - table 1.1,D01P,Compensation of employees,,,,,National Accounts - SNA 2008 - SNE,2016,6
SNEQ.SG03SD01R000S900,2016.09,28773,FINAL,Dollars,6,S,Consolidated accounts - table 1.1,D01P,Compensation of employees,,,,,National Accounts - SNA 2008 - SNE,2016,9
SNEQ.SG03SD01R000S900,2016.12,28770,FINAL,Dollars,6,S,Consolidated accounts - table 1.1,D01P,Compensation of employees,,,,,National Accounts - SNA 2008 - SNE,2016,12
SNEQ.SG03SD01R000S900,2017.03,29692,FINAL,Dollars,6,S,Consolidated accounts - table 1.1,D01P,Compensation of employees,,,,,National Accounts - SNA 2008 - SNE,2017,3
SNEQ.SG03SD01R000S900,2017.06,29906,FINAL,Dollars,6,S,Consolidated accounts - table 1.1,D01P,Compensation of employees,,,,,National Accounts - SNA 2008 - SNE,2017,6
SNEQ.SG03SD01R000S900,2017.09,30384,FINAL,Dollars,6,S,Consolidated accounts - table 1.1,D01P,Compensation of employees,,,,,National Accounts - SNA 2008 - SNE,2017,9
SNEQ.SG03SD01R000S900,2017.12,31070,FINAL,Dollars,6,S,Consolidated accounts - table 1.1,D01P,Compensation of employees,,,,,National Accounts - SNA 2008 - SNE,2017,12
SNEQ.SG03SD01R000S900,2018.03,31457,FINAL,Dollars,6,S,Consolidated accounts - table 1.1,D01P,Compensation of employees,,,,,National Accounts - SNA 2008 - SNE,2018,3
SNEQ.SG03SD01R000S900,2018.06,31890,FINAL,Dollars,6,S,Consolidated accounts - table 1.1,D01P,Compensation of employees,,,,,National Accounts - SNA 2008 - SNE,2018,6
SNEQ.SG03SD01R000S900,2018.09,32278,FINAL,Dollars,6,S,Consolidated accounts - table 1.1,D01P,Compensation of employees,,,,,National Accounts - SNA 2008 - SNE,2018,9
SNEQ.SG03SD01R000S900,2018.12,33244,FINAL,Dollars,6,S,Consolidated accounts - table 1.1,D01P,Compensation of employees,,,,,National Accounts - SNA 2008 - SNE,2018,12
SNEQ.SG03SD01R000S900,2019.03,33162,FINAL,Dollars,6,S,Consolidated accounts - table 1.1,D01P,Compensation of employees,,,,,National Accounts - SNA 2008 - SNE,2019,3
SNEQ.SG03SD01R000S900,2019.06,33999,FINAL,Dollars,6,S,Consolidated accounts - table 1.1,D01P,Compensation of employees,,,,,National Accounts - SNA 2008 - SNE,2019,6
SNEQ.SG03SD01R000S900,2019.09,34586,FINAL,Dollars,6,S,Consolidated accounts - table 1.1,D01P,Compensation of employees,,,,,National Accounts - SNA 2008 - SNE,2019,9
SNEQ.SG03SD01R000S900,2019.12,35155,FINAL,Dollars,6,S,Consolidated accounts - table 1.1,D01P,Compensation of employees,,,,,National Accounts - SNA 2008 - SNE,2019,12
SNEQ.SG03SD01R000S900,2020.03,35718,FINAL,Dollars,6,S,Consolidated accounts - table 1.1,D01P,Compensation of employees,,,,,National Accounts - SNA 2008 - SNE,2020,3
SNEQ.SG03SD01R000S900,2020.06,34451,FINAL,Dollars,6,S,Consolidated accounts - table 1.1,D01P,Compensation of employees,,,,,National Accounts - SNA 2008 - SNE,2020,6
SNEQ.SG03SD01R000S900,2020.09,35920,FINAL,Dollars,6,S,Consolidated accounts - table 1.1,D01P,Compensation of employees,,,,,National Accounts - SNA 2008 - SNE,2020,9
SNEQ.SG03SD01R000S900,2020.12,36620,FINAL,Dollars,6,S,Consolidated accounts - table 1.1,D01P,Compensation of employees,,,,,National Accounts - SNA 2008 - SNE,2020,12
SNEQ.SG03SD01R000S900,2021.03,37511,FINAL,Dollars,6,S,Consolidated accounts - table 1.1,D01P,Compensation of employees,,,,,National Accounts - SNA 2008 - SNE,2021,3
SNEQ.SG03SD01R000S900,2021.06,38422,FINAL,Dollars,6,S,Consolidated accounts - table 1.1,D01P,Compensation of employees,,,,,National Accounts - SNA 2008 - SNE,2021,6
SNEQ.SG03SD01R000S900,2021.09,39027,FINAL,Dollars,6,S,Consolidated accounts - table 1.1,D01P,Compensation of employees,,,,,National Accounts - SNA 2008 - SNE,2021,9
SNEQ.SG03SD01R000S900,2021.12,40467,FINAL,Dollars,6,S,Consolidated accounts - table 1.1,D01P,Compensation of employees,,,,,National Accounts - SNA 2008 - SNE,2021,12
SNEQ.SG03SD01R000S900,2022.03,40776,FINAL,Dollars,6,S,Consolidated accounts - table 1.1,D01P,Compensation of employees,,,,,National Accounts - SNA 2008 - SNE,2022,3
SNEQ.SG03SD01R000S900,2022.06,41644,FINAL,Dollars,6,S,Consolidated accounts - table 1.1,D01P,Compensation of employees,,,,,National Accounts - SNA 2008 - SNE,2022,6
SNEQ.SG03SD01R000S900,2022.09,42833,FINAL,Dollars,6,S,Consolidated accounts - table 1.1,D01P,Compensation of employees,,,,,National Accounts - SNA 2008 - SNE,2022,9
SNEQ.SG03SD01R000S900,2022.12,43355,FINAL,Dollars,6,S,Consolidated accounts - table 1.1,D01P,Compensation of employees,,,,,National Accounts - SNA 2008 - SNE,2022,12
SNEQ.SG03SD01R000S900,2023.03,44179,FINAL,Dollars,6,S,Consolidated accounts - table 1.1,D01P,Compensation of employees,,,,,National Accounts - SNA 2008 - SNE,2023,3
SNEQ.SG03SD01R000S900,2023.06,45107,FINAL,Dollars,6,S,Consolidated accounts - table 1.1,D01P,Compensation of employees,,,,,National Accounts - SNA 2008 - SNE,2023,6
SNEQ.SG03SD01R000S900,2023.09,46147,FINAL,Dollars,6,S,Consolidated accounts - table 1.1,D01P,Compensation of employees,,,,,National Accounts - SNA 2008 - SNE,2023,9
SNEQ.SG03SD01R000S900,2023.12,46896,FINAL,Dollars,6,S,Consolidated accounts - table 1.1,D01P,Compensation of employees,,,,,National Accounts - SNA 2008 - SNE,2023,12
SNEQ.SG03SD01R000S900,2024.03,47522,FINAL,Dollars,6,S,Consolidated accounts - table 1.1,D01P,Compensation of employees,,,,,National Accounts - SNA 2008 - SNE,2024,3
SNEQ.SG03SD01R000S900,2024.06,47748,FINAL,Dollars,6,S,Consolidated accounts - table 1.1,D01P,Compensation of employees,,,,,National Accounts - SNA 2008 - SNE,2024,6
SNEQ.SG03SD01R000S900,2024.09,47745,FINAL,Dollars,6,S,Consolidated accounts - table 1.1,D01P,Compensation of employees,,,,,National Accounts - SNA 2008 - SNE,2024,9
SNEQ.SG03SD01R000S900,2024.12,47653,FINAL,Dollars,6,S,Consolidated accounts - table 1.1,D01P,Compensation of employees,,,,,National Accounts - SNA 2008 - SNE,2024,12
SNEQ.SG03SD01R000S900,2025.03,48372,FINAL,Dollars,6,S,Consolidated accounts - table 1.1,D01P,Compensation of employees,,,,,National Accounts - SNA 2008 - SNE,2025,3
SNEQ.SG03SD02R000S900,2011.06,6996,FINAL,Dollars,6,S,Consolidated accounts - table 1.1,D02P,Taxes on production and imports,,,,,National Accounts - SNA 2008 - SNE,2011,6
SNEQ.SG03SD02R000S900,2011.09,7066,FINAL,Dollars,6,S,Consolidated accounts - table 1.1,D02P,Taxes on production and imports,,,,,National Accounts - SNA 2008 - SNE,2011,9
SNEQ.SG03SD02R000S900,2011.12,7140,FINAL,Dollars,6,S,Consolidated accounts - table 1.1,D02P,Taxes on production and imports,,,,,National Accounts - SNA 2008 - SNE,2011,12
SNEQ.SG03SD02R000S900,2012.03,7082,FINAL,Dollars,6,S,Consolidated accounts - table 1.1,D02P,Taxes on production and imports,,,,,National Accounts - SNA 2008 - SNE,2012,3
SNEQ.SG03SD02R000S900,2012.06,7308,FINAL,Dollars,6,S,Consolidated accounts - table 1.1,D02P,Taxes on production and imports,,,,,National Accounts - SNA 2008 - SNE,2012,6
SNEQ.SG03SD02R000S900,2012.09,7278,FINAL,Dollars,6,S,Consolidated accounts - table 1.1,D02P,Taxes on production and imports,,,,,National Accounts - SNA 2008 - SNE,2012,9
SNEQ.SG03SD02R000S900,2012.12,7304,FINAL,Dollars,6,S,Consolidated accounts - table 1.1,D02P,Taxes on production and imports,,,,,National Accounts - SNA 2008 - SNE,2012,12
SNEQ.SG03SD02R000S900,2013.03,7505,FINAL,Dollars,6,S,Consolidated accounts - table 1.1,D02P,Taxes on production and imports,,,,,National Accounts - SNA 2008 - SNE,2013,3
SNEQ.SG03SD02R000S900,2013.06,7581,FINAL,Dollars,6,S,Consolidated accounts - table 1.1,D02P,Taxes on production and imports,,,,,National Accounts - SNA 2008 - SNE,2013,6
SNEQ.SG03SD02R000S900,2013.09,7665,FINAL,Dollars,6,S,Consolidated accounts - table 1.1,D02P,Taxes on production and imports,,,,,National Accounts - SNA 2008 - SNE,2013,9
SNEQ.SG03SD02R000S900,2013.12,7801,FINAL,Dollars,6,S,Consolidated accounts - table 1.1,D02P,Taxes on production and imports,,,,,National Accounts - SNA 2008 - SNE,2013,12
SNEQ.SG03SD02R000S900,2014.03,7833,FINAL,Dollars,6,S,Consolidated accounts - table 1.1,D02P,Taxes on production and imports,,,,,National Accounts - SNA 2008 - SNE,2014,3
SNEQ.SG03SD02R000S900,2014.06,7891,FINAL,Dollars,6,S,Consolidated accounts - table 1.1,D02P,Taxes on production and imports,,,,,National Accounts - SNA 2008 - SNE,2014,6
SNEQ.SG03SD02R000S900,2014.09,8113,FINAL,Dollars,6,S,Consolidated accounts - table 1.1,D02P,Taxes on production and imports,,,,,National Accounts - SNA 2008 - SNE,2014,9
SNEQ.SG03SD02R000S900,2014.12,8165,FINAL,Dollars,6,S,Consolidated accounts - table 1.1,D02P,Taxes on production and imports,,,,,National Accounts - SNA 2008 - SNE,2014,12
SNEQ.SG03SD02R000S900,2015.03,8254,FINAL,Dollars,6,S,Consolidated accounts - table 1.1,D02P,Taxes on production and imports,,,,,National Accounts - SNA 2008 - SNE,2015,3
SNEQ.SG03SD02R000S900,2015.06,8412,FINAL,Dollars,6,S,Consolidated accounts - table 1.1,D02P,Taxes on production and imports,,,,,National Accounts - SNA 2008 - SNE,2015,6
SNEQ.SG03SD02R000S900,2015.09,8507,FINAL,Dollars,6,S,Consolidated accounts - table 1.1,D02P,Taxes on production and imports,,,,,National Accounts - SNA 2008 - SNE,2015,9
SNEQ.SG03SD02R000S900,2015.12,8649,FINAL,Dollars,6,S,Consolidated accounts - table 1.1,D02P,Taxes on production and imports,,,,,National Accounts - SNA 2008 - SNE,2015,12
SNEQ.SG03SD02R000S900,2016.03,8879,FINAL,Dollars,6,S,Consolidated accounts - table 1.1,D02P,Taxes on production and imports,,,,,National Accounts - SNA 2008 - SNE,2016,3
SNEQ.SG03SD02R000S900,2016.06,9049,FINAL,Dollars,6,S,Consolidated accounts - table 1.1,D02P,Taxes on production and imports,,,,,National Accounts - SNA 2008 - SNE,2016,6
SNEQ.SG03SD02R000S900,2016.09,9181,FINAL,Dollars,6,S,Consolidated accounts - table 1.1,D02P,Taxes on production and imports,,,,,National Accounts - SNA 2008 - SNE,2016,9
SNEQ.SG03SD02R000S900,2016.12,9300,FINAL,Dollars,6,S,Consolidated accounts - table 1.1,D02P,Taxes on production and imports,,,,,National Accounts - SNA 2008 - SNE,2016,12
SNEQ.SG03SD02R000S900,2017.03,9439,FINAL,Dollars,6,S,Consolidated accounts - table 1.1,D02P,Taxes on production and imports,,,,,National Accounts - SNA 2008 - SNE,2017,3
SNEQ.SG03SD02R000S900,2017.06,9484,FINAL,Dollars,6,S,Consolidated accounts - table 1.1,D02P,Taxes on production and imports,,,,,National Accounts - SNA 2008 - SNE,2017,6
SNEQ.SG03SD02R000S900,2017.09,9616,FINAL,Dollars,6,S,Consolidated accounts - table 1.1,D02P,Taxes on production and imports,,,,,National Accounts - SNA 2008 - SNE,2017,9
SNEQ.SG03SD02R000S900,2017.12,9878,FINAL,Dollars,6,S,Consolidated accounts - table 1.1,D02P,Taxes on production and imports,,,,,National Accounts - SNA 2008 - SNE,2017,12
SNEQ.SG03SD02R000S900,2018.03,10005,FINAL,Dollars,6,S,Consolidated accounts - table 1.1,D02P,Taxes on production and imports,,,,,National Accounts - SNA 2008 - SNE,2018,3
SNEQ.SG03SD02R000S900,2018.06,9826,FINAL,Dollars,6,S,Consolidated accounts - table 1.1,D02P,Taxes on production and imports,,,,,National Accounts - SNA 2008 - SNE,2018,6
SNEQ.SG03SD02R000S900,2018.09,10243,FINAL,Dollars,6,S,Consolidated accounts - table 1.1,D02P,Taxes on production and imports,,,,,National Accounts - SNA 2008 - SNE,2018,9
SNEQ.SG03SD02R000S900,2018.12,10466,FINAL,Dollars,6,S,Consolidated accounts - table 1.1,D02P,Taxes on production and imports,,,,,National Accounts - SNA 2008 - SNE,2018,12
SNEQ.SG03SD02R000S900,2019.03,10606,FINAL,Dollars,6,S,Consolidated accounts - table 1.1,D02P,Taxes on production and imports,,,,,National Accounts - SNA 2008 - SNE,2019,3
SNEQ.SG03SD02R000S900,2019.06,10806,FINAL,Dollars,6,S,Consolidated accounts - table 1.1,D02P,Taxes on production and imports,,,,,National Accounts - SNA 2008 - SNE,2019,6
SNEQ.SG03SD02R000S900,2019.09,10851,FINAL,Dollars,6,S,Consolidated accounts - table 1.1,D02P,Taxes on production and imports,,,,,National Accounts - SNA 2008 - SNE,2019,9
SNEQ.SG03SD02R000S900,2019.12,11073,FINAL,Dollars,6,S,Consolidated accounts - table 1.1,D02P,Taxes on production and imports,,,,,National Accounts - SNA 2008 - SNE,2019,12
SNEQ.SG03SD02R000S900,2020.03,11045,FINAL,Dollars,6,S,Consolidated accounts - table 1.1,D02P,Taxes on production and imports,,,,,National Accounts - SNA 2008 - SNE,2020,3
SNEQ.SG03SD02R000S900,2020.06,9372,FINAL,Dollars,6,S,Consolidated accounts - table 1.1,D02P,Taxes on production and imports,,,,,National Accounts - SNA 2008 - SNE,2020,6
SNEQ.SG03SD02R000S900,2020.09,10777,FINAL,Dollars,6,S,Consolidated accounts - table 1.1,D02P,Taxes on production and imports,,,,,National Accounts - SNA 2008 - SNE,2020,9
SNEQ.SG03SD02R000S900,2020.12,10785,FINAL,Dollars,6,S,Consolidated accounts - table 1.1,D02P,Taxes on production and imports,,,,,National Accounts - SNA 2008 - SNE,2020,12
SNEQ.SG03SD02R000S900,2021.03,11524,FINAL,Dollars,6,S,Consolidated accounts - table 1.1,D02P,Taxes on production and imports,,,,,National Accounts - SNA 2008 - SNE,2021,3
SNEQ.SG03SD02R000S900,2021.06,12346,FINAL,Dollars,6,S,Consolidated accounts - table 1.1,D02P,Taxes on production and imports,,,,,National Accounts - SNA 2008 - SNE,2021,6
SNEQ.SG03SD02R000S900,2021.09,11366,FINAL,Dollars,6,S,Consolidated accounts - table 1.1,D02P,Taxes on production and imports,,,,,National Accounts - SNA 2008 - SNE,2021,9
SNEQ.SG03SD02R000S900,2021.12,11854,FINAL,Dollars,6,S,Consolidated accounts - table 1.1,D02P,Taxes on production and imports,,,,,National Accounts - SNA 2008 - SNE,2021,12
SNEQ.SG03SD02R000S900,2022.03,12081,FINAL,Dollars,6,S,Consolidated accounts - table 1.1,D02P,Taxes on production and imports,,,,,National Accounts - SNA 2008 - SNE,2022,3
SNEQ.SG03SD02R000S900,2022.06,12211,FINAL,Dollars,6,S,Consolidated accounts - table 1.1,D02P,Taxes on production and imports,,,,,National Accounts - SNA 2008 - SNE,2022,6
SNEQ.SG03SD02R000S900,2022.09,12508,FINAL,Dollars,6,S,Consolidated accounts - table 1.1,D02P,Taxes on production and imports,,,,,National Accounts - SNA 2008 - SNE,2022,9
SNEQ.SG03SD02R000S900,2022.12,12598,FINAL,Dollars,6,S,Consolidated accounts - table 1.1,D02P,Taxes on production and imports,,,,,National Accounts - SNA 2008 - SNE,2022,12
SNEQ.SG03SD02R000S900,2023.03,12767,FINAL,Dollars,6,S,Consolidated accounts - table 1.1,D02P,Taxes on production and imports,,,,,National Accounts - SNA 2008 - SNE,2023,3
SNEQ.SG03SD02R000S900,2023.06,12849,FINAL,Dollars,6,S,Consolidated accounts - table 1.1,D02P,Taxes on production and imports,,,,,National Accounts - SNA 2008 - SNE,2023,6
SNEQ.SG03SD02R000S900,2023.09,13315,FINAL,Dollars,6,S,Consolidated accounts - table 1.1,D02P,Taxes on production and imports,,,,,National Accounts - SNA 2008 - SNE,2023,9
SNEQ.SG03SD02R000S900,2023.12,13733,FINAL,Dollars,6,S,Consolidated accounts - table 1.1,D02P,Taxes on production and imports,,,,,National Accounts - SNA 2008 - SNE,2023,12
SNEQ.SG03SD02R000S900,2024.03,13858,FINAL,Dollars,6,S,Consolidated accounts - table 1.1,D02P,Taxes on production and imports,,,,,National Accounts - SNA 2008 - SNE,2024,3
SNEQ.SG03SD02R000S900,2024.06,14073,FINAL,Dollars,6,S,Consolidated accounts - table 1.1,D02P,Taxes on production and imports,,,,,National Accounts - SNA 2008 - SNE,2024,6
SNEQ.SG03SD02R000S900,2024.09,14009,FINAL,Dollars,6,S,Consolidated accounts - table 1.1,D02P,Taxes on production and imports,,,,,National Accounts - SNA 2008 - SNE,2024,9
SNEQ.SG03SD02R000S900,2024.12,14138,FINAL,Dollars,6,S,Consolidated accounts - table 1.1,D02P,Taxes on production and imports,,,,,National Accounts - SNA 2008 - SNE,2024,12
SNEQ.SG03SD02R000S900,2025.03,14525,FINAL,Dollars,6,S,Consolidated accounts - table 1.1,D02P,Taxes on production and imports,,,,,National Accounts - SNA 2008 - SNE,2025,3
SNEQ.SG03SD03R000S900,2011.06,275,FINAL,Dollars,6,S,Consolidated accounts - table 1.1,D03R,Subsidies,,,,,National Accounts - SNA 2008 - SNE,2011,6
SNEQ.SG03SD03R000S900,2011.09,320,FINAL,Dollars,6,S,Consolidated accounts - table 1.1,D03R,Subsidies,,,,,National Accounts - SNA 2008 - SNE,2011,9
SNEQ.SG03SD03R000S900,2011.12,230,FINAL,Dollars,6,S,Consolidated accounts - table 1.1,D03R,Subsidies,,,,,National Accounts - SNA 2008 - SNE,2011,12
SNEQ.SG03SD03R000S900,2012.03,249,FINAL,Dollars,6,S,Consolidated accounts - table 1.1,D03R,Subsidies,,,,,National Accounts - SNA 2008 - SNE,2012,3
SNEQ.SG03SD03R000S900,2012.06,252,FINAL,Dollars,6,S,Consolidated accounts - table 1.1,D03R,Subsidies,,,,,National Accounts - SNA 2008 - SNE,2012,6
SNEQ.SG03SD03R000S900,2012.09,256,FINAL,Dollars,6,S,Consolidated accounts - table 1.1,D03R,Subsidies,,,,,National Accounts - SNA 2008 - SNE,2012,9
SNEQ.SG03SD03R000S900,2012.12,212,FINAL,Dollars,6,S,Consolidated accounts - table 1.1,D03R,Subsidies,,,,,National Accounts - SNA 2008 - SNE,2012,12
SNEQ.SG03SD03R000S900,2013.03,231,FINAL,Dollars,6,S,Consolidated accounts - table 1.1,D03R,Subsidies,,,,,National Accounts - SNA 2008 - SNE,2013,3
SNEQ.SG03SD03R000S900,2013.06,270,FINAL,Dollars,6,S,Consolidated accounts - table 1.1,D03R,Subsidies,,,,,National Accounts - SNA 2008 - SNE,2013,6
SNEQ.SG03SD03R000S900,2013.09,255,FINAL,Dollars,6,S,Consolidated accounts - table 1.1,D03R,Subsidies,,,,,National Accounts - SNA 2008 - SNE,2013,9
SNEQ.SG03SD03R000S900,2013.12,204,FINAL,Dollars,6,S,Consolidated accounts - table 1.1,D03R,Subsidies,,,,,National Accounts - SNA 2008 - SNE,2013,12
SNEQ.SG03SD03R000S900,2014.03,183,FINAL,Dollars,6,S,Consolidated accounts - table 1.1,D03R,Subsidies,,,,,National Accounts - SNA 2008 - SNE,2014,3
SNEQ.SG03SD03R000S900,2014.06,242,FINAL,Dollars,6,S,Consolidated accounts - table 1.1,D03R,Subsidies,,,,,National Accounts - SNA 2008 - SNE,2014,6
SNEQ.SG03SD03R000S900,2014.09,232,FINAL,Dollars,6,S,Consolidated accounts - table 1.1,D03R,Subsidies,,,,,National Accounts - SNA 2008 - SNE,2014,9
SNEQ.SG03SD03R000S900,2014.12,196,FINAL,Dollars,6,S,Consolidated accounts - table 1.1,D03R,Subsidies,,,,,National Accounts - SNA 2008 - SNE,2014,12
SNEQ.SG03SD03R000S900,2015.03,181,FINAL,Dollars,6,S,Consolidated accounts - table 1.1,D03R,Subsidies,,,,,National Accounts - SNA 2008 - SNE,2015,3
SNEQ.SG03SD03R000S900,2015.06,191,FINAL,Dollars,6,S,Consolidated accounts - table 1.1,D03R,Subsidies,,,,,National Accounts - SNA 2008 - SNE,2015,6
SNEQ.SG03SD03R000S900,2015.09,211,FINAL,Dollars,6,S,Consolidated accounts - table 1.1,D03R,Subsidies,,,,,National Accounts - SNA 2008 - SNE,2015,9
SNEQ.SG03SD03R000S900,2015.12,186,FINAL,Dollars,6,S,Consolidated accounts - table 1.1,D03R,Subsidies,,,,,National Accounts - SNA 2008 - SNE,2015,12
SNEQ.SG03SD03R000S900,2016.03,180,FINAL,Dollars,6,S,Consolidated accounts - table 1.1,D03R,Subsidies,,,,,National Accounts - SNA 2008 - SNE,2016,3
SNEQ.SG03SD03R000S900,2016.06,191,FINAL,Dollars,6,S,Consolidated accounts - table 1.1,D03R,Subsidies,,,,,National Accounts - SNA 2008 - SNE,2016,6
SNEQ.SG03SD03R000S900,2016.09,218,FINAL,Dollars,6,S,Consolidated accounts - table 1.1,D03R,Subsidies,,,,,National Accounts - SNA 2008 - SNE,2016,9
SNEQ.SG03SD03R000S900,2016.12,231,FINAL,Dollars,6,S,Consolidated accounts - table 1.1,D03R,Subsidies,,,,,National Accounts - SNA 2008 - SNE,2016,12
SNEQ.SG03SD03R000S900,2017.03,251,FINAL,Dollars,6,S,Consolidated accounts - table 1.1,D03R,Subsidies,,,,,National Accounts - SNA 2008 - SNE,2017,3
SNEQ.SG03SD03R000S900,2017.06,252,FINAL,Dollars,6,S,Consolidated accounts - table 1.1,D03R,Subsidies,,,,,National Accounts - SNA 2008 - SNE,2017,6
SNEQ.SG03SD03R000S900,2017.09,241,FINAL,Dollars,6,S,Consolidated accounts - table 1.1,D03R,Subsidies,,,,,National Accounts - SNA 2008 - SNE,2017,9
SNEQ.SG03SD03R000S900,2017.12,264,FINAL,Dollars,6,S,Consolidated accounts - table 1.1,D03R,Subsidies,,,,,National Accounts - SNA 2008 - SNE,2017,12
SNEQ.SG03SD03R000S900,2018.03,255,FINAL,Dollars,6,S,Consolidated accounts - table 1.1,D03R,Subsidies,,,,,National Accounts - SNA 2008 - SNE,2018,3
SNEQ.SG03SD03R000S900,2018.06,262,FINAL,Dollars,6,S,Consolidated accounts - table 1.1,D03R,Subsidies,,,,,National Accounts - SNA 2008 - SNE,2018,6
SNEQ.SG03SD03R000S900,2018.09,263,FINAL,Dollars,6,S,Consolidated accounts - table 1.1,D03R,Subsidies,,,,,National Accounts - SNA 2008 - SNE,2018,9
SNEQ.SG03SD03R000S900,2018.12,257,FINAL,Dollars,6,S,Consolidated accounts - table 1.1,D03R,Subsidies,,,,,National Accounts - SNA 2008 - SNE,2018,12
SNEQ.SG03SD03R000S900,2019.03,258,FINAL,Dollars,6,S,Consolidated accounts - table 1.1,D03R,Subsidies,,,,,National Accounts - SNA 2008 - SNE,2019,3
SNEQ.SG03SD03R000S900,2019.06,258,FINAL,Dollars,6,S,Consolidated accounts - table 1.1,D03R,Subsidies,,,,,National Accounts - SNA 2008 - SNE,2019,6
SNEQ.SG03SD03R000S900,2019.09,327,FINAL,Dollars,6,S,Consolidated accounts - table 1.1,D03R,Subsidies,,,,,National Accounts - SNA 2008 - SNE,2019,9
SNEQ.SG03SD03R000S900,2019.12,295,FINAL,Dollars,6,S,Consolidated accounts - table 1.1,D03R,Subsidies,,,,,National Accounts - SNA 2008 - SNE,2019,12
SNEQ.SG03SD03R000S900,2020.03,4080,FINAL,Dollars,6,S,Consolidated accounts - table 1.1,D03R,Subsidies,,,,,National Accounts - SNA 2008 - SNE,2020,3
SNEQ.SG03SD03R000S900,2020.06,8548,FINAL,Dollars,6,S,Consolidated accounts - table 1.1,D03R,Subsidies,,,,,National Accounts - SNA 2008 - SNE,2020,6
SNEQ.SG03SD03R000S900,2020.09,2299,FINAL,Dollars,6,S,Consolidated accounts - table 1.1,D03R,Subsidies,,,,,National Accounts - SNA 2008 - SNE,2020,9
SNEQ.SG03SD03R000S900,2020.12,531,FINAL,Dollars,6,S,Consolidated accounts - table 1.1,D03R,Subsidies,,,,,National Accounts - SNA 2008 - SNE,2020,12
SNEQ.SG03SD03R000S900,2021.03,896,FINAL,Dollars,6,S,Consolidated accounts - table 1.1,D03R,Subsidies,,,,,National Accounts - SNA 2008 - SNE,2021,3
SNEQ.SG03SD03R000S900,2021.06,584,FINAL,Dollars,6,S,Consolidated accounts - table 1.1,D03R,Subsidies,,,,,National Accounts - SNA 2008 - SNE,2021,6
SNEQ.SG03SD03R000S900,2021.09,4402,FINAL,Dollars,6,S,Consolidated accounts - table 1.1,D03R,Subsidies,,,,,National Accounts - SNA 2008 - SNE,2021,9
SNEQ.SG03SD03R000S900,2021.12,4375,FINAL,Dollars,6,S,Consolidated accounts - table 1.1,D03R,Subsidies,,,,,National Accounts - SNA 2008 - SNE,2021,12
SNEQ.SG03SD03R000S900,2022.03,1971,FINAL,Dollars,6,S,Consolidated accounts - table 1.1,D03R,Subsidies,,,,,National Accounts - SNA 2008 - SNE,2022,3
SNEQ.SG03SD03R000S900,2022.06,1133,FINAL,Dollars,6,S,Consolidated accounts - table 1.1,D03R,Subsidies,,,,,National Accounts - SNA 2008 - SNE,2022,6
SNEQ.SG03SD03R000S900,2022.09,853,FINAL,Dollars,6,S,Consolidated accounts - table 1.1,D03R,Subsidies,,,,,National Accounts - SNA 2008 - SNE,2022,9
SNEQ.SG03SD03R000S900,2022.12,656,FINAL,Dollars,6,S,Consolidated accounts - table 1.1,D03R,Subsidies,,,,,National Accounts - SNA 2008 - SNE,2022,12
SNEQ.SG03SD03R000S900,2023.03,654,FINAL,Dollars,6,S,Consolidated accounts - table 1.1,D03R,Subsidies,,,,,National Accounts - SNA 2008 - SNE,2023,3
SNEQ.SG03SD03R000S900,2023.06,559,FINAL,Dollars,6,S,Consolidated accounts - table 1.1,D03R,Subsidies,,,,,National Accounts - SNA 2008 - SNE,2023,6
SNEQ.SG03SD03R000S900,2023.09,614,FINAL,Dollars,6,S,Consolidated accounts - table 1.1,D03R,Subsidies,,,,,National Accounts - SNA 2008 - SNE,2023,9
SNEQ.SG03SD03R000S900,2023.12,575,FINAL,Dollars,6,S,Consolidated accounts - table 1.1,D03R,Subsidies,,,,,National Accounts - SNA 2008 - SNE,2023,12
SNEQ.SG03SD03R000S900,2024.03,633,FINAL,Dollars,6,S,Consolidated accounts - table 1.1,D03R,Subsidies,,,,,National Accounts - SNA 2008 - SNE,2024,3
SNEQ.SG03SD03R000S900,2024.06,541,FINAL,Dollars,6,S,Consolidated accounts - table 1.1,D03R,Subsidies,,,,,National Accounts - SNA 2008 - SNE,2024,6
SNEQ.SG03SD03R000S900,2024.09,632,FINAL,Dollars,6,S,Consolidated accounts - table 1.1,D03R,Subsidies,,,,,National Accounts - SNA 2008 - SNE,2024,9
SNEQ.SG03SD03R000S900,2024.12,573,FINAL,Dollars,6,S,Consolidated accounts - table 1.1,D03R,Subsidies,,,,,National Accounts - SNA 2008 - SNE,2024,12
SNEQ.SG03SD03R000S900,2025.03,566,FINAL,Dollars,6,S,Consolidated accounts - table 1.1,D03R,Subsidies,,,,,National Accounts - SNA 2008 - SNE,2025,3
SNEQ.SG03SP030000S900,2011.06,40950,FINAL,Dollars,6,S,Consolidated accounts - table 1.1,P03,Final consumption expenditure,,,,,National Accounts - SNA 2008 - SNE,2011,6
SNEQ.SG03SP030000S900,2011.09,41344,FINAL,Dollars,6,S,Consolidated accounts - table 1.1,P03,Final consumption expenditure,,,,,National Accounts - SNA 2008 - SNE,2011,9
SNEQ.SG03SP030000S900,2011.12,41620,FINAL,Dollars,6,S,Consolidated accounts - table 1.1,P03,Final consumption expenditure,,,,,National Accounts - SNA 2008 - SNE,2011,12
SNEQ.SG03SP030000S900,2012.03,42028,FINAL,Dollars,6,S,Consolidated accounts - table 1.1,P03,Final consumption expenditure,,,,,National Accounts - SNA 2008 - SNE,2012,3
SNEQ.SG03SP030000S900,2012.06,42168,FINAL,Dollars,6,S,Consolidated accounts - table 1.1,P03,Final consumption expenditure,,,,,National Accounts - SNA 2008 - SNE,2012,6
SNEQ.SG03SP030000S900,2012.09,42131,FINAL,Dollars,6,S,Consolidated accounts - table 1.1,P03,Final consumption expenditure,,,,,National Accounts - SNA 2008 - SNE,2012,9
SNEQ.SG03SP030000S900,2012.12,42620,FINAL,Dollars,6,S,Consolidated accounts - table 1.1,P03,Final consumption expenditure,,,,,National Accounts - SNA 2008 - SNE,2012,12
SNEQ.SG03SP030000S900,2013.03,43136,FINAL,Dollars,6,S,Consolidated accounts - table 1.1,P03,Final consumption expenditure,,,,,National Accounts - SNA 2008 - SNE,2013,3
SNEQ.SG03SP030000S900,2013.06,43577,FINAL,Dollars,6,S,Consolidated accounts - table 1.1,P03,Final consumption expenditure,,,,,National Accounts - SNA 2008 - SNE,2013,6
SNEQ.SG03SP030000S900,2013.09,44111,FINAL,Dollars,6,S,Consolidated accounts - table 1.1,P03,Final consumption expenditure,,,,,National Accounts - SNA 2008 - SNE,2013,9
SNEQ.SG03SP030000S900,2013.12,44691,FINAL,Dollars,6,S,Consolidated accounts - table 1.1,P03,Final consumption expenditure,,,,,National Accounts - SNA 2008 - SNE,2013,12
SNEQ.SG03SP030000S900,2014.03,45171,FINAL,Dollars,6,S,Consolidated accounts - table 1.1,P03,Final consumption expenditure,,,,,National Accounts - SNA 2008 - SNE,2014,3
SNEQ.SG03SP030000S900,2014.06,45477,FINAL,Dollars,6,S,Consolidated accounts - table 1.1,P03,Final consumption expenditure,,,,,National Accounts - SNA 2008 - SNE,2014,6
SNEQ.SG03SP030000S900,2014.09,46084,FINAL,Dollars,6,S,Consolidated accounts - table 1.1,P03,Final consumption expenditure,,,,,National Accounts - SNA 2008 - SNE,2014,9
SNEQ.SG03SP030000S900,2014.12,46417,FINAL,Dollars,6,S,Consolidated accounts - table 1.1,P03,Final consumption expenditure,,,,,National Accounts - SNA 2008 - SNE,2014,12
SNEQ.SG03SP030000S900,2015.03,46967,FINAL,Dollars,6,S,Consolidated accounts - table 1.1,P03,Final consumption expenditure,,,,,National Accounts - SNA 2008 - SNE,2015,3
SNEQ.SG03SP030000S900,2015.06,47645,FINAL,Dollars,6,S,Consolidated accounts - table 1.1,P03,Final consumption expenditure,,,,,National Accounts - SNA 2008 - SNE,2015,6
SNEQ.SG03SP030000S900,2015.09,48191,FINAL,Dollars,6,S,Consolidated accounts - table 1.1,P03,Final consumption expenditure,,,,,National Accounts - SNA 2008 - SNE,2015,9
SNEQ.SG03SP030000S900,2015.12,48686,FINAL,Dollars,6,S,Consolidated accounts - table 1.1,P03,Final consumption expenditure,,,,,National Accounts - SNA 2008 - SNE,2015,12
SNEQ.SG03SP030000S900,2016.03,49161,FINAL,Dollars,6,S,Consolidated accounts - table 1.1,P03,Final consumption expenditure,,,,,National Accounts - SNA 2008 - SNE,2016,3
SNEQ.SG03SP030000S900,2016.06,50351,FINAL,Dollars,6,S,Consolidated accounts - table 1.1,P03,Final consumption expenditure,,,,,National Accounts - SNA 2008 - SNE,2016,6
SNEQ.SG03SP030000S900,2016.09,51138,FINAL,Dollars,6,S,Consolidated accounts - table 1.1,P03,Final consumption expenditure,,,,,National Accounts - SNA 2008 - SNE,2016,9
SNEQ.SG03SP030000S900,2016.12,51916,FINAL,Dollars,6,S,Consolidated accounts - table 1.1,P03,Final consumption expenditure,,,,,National Accounts - SNA 2008 - SNE,2016,12
SNEQ.SG03SP030000S900,2017.03,53140,FINAL,Dollars,6,S,Consolidated accounts - table 1.1,P03,Final consumption expenditure,,,,,National Accounts - SNA 2008 - SNE,2017,3
SNEQ.SG03SP030000S900,2017.06,53567,FINAL,Dollars,6,S,Consolidated accounts - table 1.1,P03,Final consumption expenditure,,,,,National Accounts - SNA 2008 - SNE,2017,6
SNEQ.SG03SP030000S900,2017.09,54420,FINAL,Dollars,6,S,Consolidated accounts - table 1.1,P03,Final consumption expenditure,,,,,National Accounts - SNA 2008 - SNE,2017,9
SNEQ.SG03SP030000S900,2017.12,55275,FINAL,Dollars,6,S,Consolidated accounts - table 1.1,P03,Final consumption expenditure,,,,,National Accounts - SNA 2008 - SNE,2017,12
SNEQ.SG03SP030000S900,2018.03,55884,FINAL,Dollars,6,S,Consolidated accounts - table 1.1,P03,Final consumption expenditure,,,,,National Accounts - SNA 2008 - SNE,2018,3
SNEQ.SG03SP030000S900,2018.06,56939,FINAL,Dollars,6,S,Consolidated accounts - table 1.1,P03,Final consumption expenditure,,,,,National Accounts - SNA 2008 - SNE,2018,6
SNEQ.SG03SP030000S900,2018.09,57978,FINAL,Dollars,6,S,Consolidated accounts - table 1.1,P03,Final consumption expenditure,,,,,National Accounts - SNA 2008 - SNE,2018,9
SNEQ.SG03SP030000S900,2018.12,58840,FINAL,Dollars,6,S,Consolidated accounts - table 1.1,P03,Final consumption expenditure,,,,,National Accounts - SNA 2008 - SNE,2018,12
SNEQ.SG03SP030000S900,2019.03,59204,FINAL,Dollars,6,S,Consolidated accounts - table 1.1,P03,Final consumption expenditure,,,,,National Accounts - SNA 2008 - SNE,2019,3
SNEQ.SG03SP030000S900,2019.06,60389,FINAL,Dollars,6,S,Consolidated accounts - table 1.1,P03,Final consumption expenditure,,,,,National Accounts - SNA 2008 - SNE,2019,6
SNEQ.SG03SP030000S900,2019.09,61158,FINAL,Dollars,6,S,Consolidated accounts - table 1.1,P03,Final consumption expenditure,,,,,National Accounts - SNA 2008 - SNE,2019,9
SNEQ.SG03SP030000S900,2019.12,62011,FINAL,Dollars,6,S,Consolidated accounts - table 1.1,P03,Final consumption expenditure,,,,,National Accounts - SNA 2008 - SNE,2019,12
SNEQ.SG03SP030000S900,2020.03,62122,FINAL,Dollars,6,S,Consolidated accounts - table 1.1,P03,Final consumption expenditure,,,,,National Accounts - SNA 2008 - SNE,2020,3
SNEQ.SG03SP030000S900,2020.06,57279,FINAL,Dollars,6,S,Consolidated accounts - table 1.1,P03,Final consumption expenditure,,,,,National Accounts - SNA 2008 - SNE,2020,6
SNEQ.SG03SP030000S900,2020.09,63674,FINAL,Dollars,6,S,Consolidated accounts - table 1.1,P03,Final consumption expenditure,,,,,National Accounts - SNA 2008 - SNE,2020,9
SNEQ.SG03SP030000S900,2020.12,65178,FINAL,Dollars,6,S,Consolidated accounts - table 1.1,P03,Final consumption expenditure,,,,,National Accounts - SNA 2008 - SNE,2020,12
SNEQ.SG03SP030000S900,2021.03,68474,FINAL,Dollars,6,S,Consolidated accounts - table 1.1,P03,Final consumption expenditure,,,,,National Accounts - SNA 2008 - SNE,2021,3
SNEQ.SG03SP030000S900,2021.06,69417,FINAL,Dollars,6,S,Consolidated accounts - table 1.1,P03,Final consumption expenditure,,,,,National Accounts - SNA 2008 - SNE,2021,6
SNEQ.SG03SP030000S900,2021.09,67124,FINAL,Dollars,6,S,Consolidated accounts - table 1.1,P03,Final consumption expenditure,,,,,National Accounts - SNA 2008 - SNE,2021,9
SNEQ.SG03SP030000S900,2021.12,71472,FINAL,Dollars,6,S,Consolidated accounts - table 1.1,P03,Final consumption expenditure,,,,,National Accounts - SNA 2008 - SNE,2021,12
SNEQ.SG03SP030000S900,2022.03,75260,FINAL,Dollars,6,S,Consolidated accounts - table 1.1,P03,Final consumption expenditure,,,,,National Accounts - SNA 2008 - SNE,2022,3
SNEQ.SG03SP030000S900,2022.06,75407,FINAL,Dollars,6,S,Consolidated accounts - table 1.1,P03,Final consumption expenditure,,,,,National Accounts - SNA 2008 - SNE,2022,6
SNEQ.SG03SP030000S900,2022.09,77315,FINAL,Dollars,6,S,Consolidated accounts - table 1.1,P03,Final consumption expenditure,,,,,National Accounts - SNA 2008 - SNE,2022,9
SNEQ.SG03SP030000S900,2022.12,78528,FINAL,Dollars,6,S,Consolidated accounts - table 1.1,P03,Final consumption expenditure,,,,,National Accounts - SNA 2008 - SNE,2022,12
SNEQ.SG03SP030000S900,2023.03,80133,FINAL,Dollars,6,S,Consolidated accounts - table 1.1,P03,Final consumption expenditure,,,,,National Accounts - SNA 2008 - SNE,2023,3
SNEQ.SG03SP030000S900,2023.06,81699,FINAL,Dollars,6,S,Consolidated accounts - table 1.1,P03,Final consumption expenditure,,,,,National Accounts - SNA 2008 - SNE,2023,6
SNEQ.SG03SP030000S900,2023.09,82222,FINAL,Dollars,6,S,Consolidated accounts - table 1.1,P03,Final consumption expenditure,,,,,National Accounts - SNA 2008 - SNE,2023,9
SNEQ.SG03SP030000S900,2023.12,83205,FINAL,Dollars,6,S,Consolidated accounts - table 1.1,P03,Final consumption expenditure,,,,,National Accounts - SNA 2008 - SNE,2023,12
SNEQ.SG03SP030000S900,2024.03,83747,FINAL,Dollars,6,S,Consolidated accounts - table 1.1,P03,Final consumption expenditure,,,,,National Accounts - SNA 2008 - SNE,2024,3
SNEQ.SG03SP030000S900,2024.06,84623,FINAL,Dollars,6,S,Consolidated accounts - table 1.1,P03,Final consumption expenditure,,,,,National Accounts - SNA 2008 - SNE,2024,6
SNEQ.SG03SP030000S900,2024.09,84693,FINAL,Dollars,6,S,Consolidated accounts - table 1.1,P03,Final consumption expenditure,,,,,National Accounts - SNA 2008 - SNE,2024,9
SNEQ.SG03SP030000S900,2024.12,85304,FINAL,Dollars,6,S,Consolidated accounts - table 1.1,P03,Final consumption expenditure,,,,,National Accounts - SNA 2008 - SNE,2024,12
SNEQ.SG03SP030000S900,2025.03,87075,FINAL,Dollars,6,S,Consolidated accounts - table 1.1,P03,Final consumption expenditure,,,,,National Accounts - SNA 2008 - SNE,2025,3
SNEQ.SG03SP051G00S900,2011.06,10330,FINAL,Dollars,6,S,Consolidated accounts - table 1.1,P051G,Gross fixed capital formation,,,,,National Accounts - SNA 2008 - SNE,2011,6
SNEQ.SG03SP051G00S900,2011.09,10395,FINAL,Dollars,6,S,Consolidated accounts - table 1.1,P051G,Gross fixed capital formation,,,,,National Accounts - SNA 2008 - SNE,2011,9
SNEQ.SG03SP051G00S900,2011.12,10810,FINAL,Dollars,6,S,Consolidated accounts - table 1.1,P051G,Gross fixed capital formation,,,,,National Accounts - SNA 2008 - SNE,2011,12
SNEQ.SG03SP051G00S900,2012.03,11266,FINAL,Dollars,6,S,Consolidated accounts - table 1.1,P051G,Gross fixed capital formation,,,,,National Accounts - SNA 2008 - SNE,2012,3
SNEQ.SG03SP051G00S900,2012.06,11293,FINAL,Dollars,6,S,Consolidated accounts - table 1.1,P051G,Gross fixed capital formation,,,,,National Accounts - SNA 2008 - SNE,2012,6
SNEQ.SG03SP051G00S900,2012.09,11160,FINAL,Dollars,6,S,Consolidated accounts - table 1.1,P051G,Gross fixed capital formation,,,,,National Accounts - SNA 2008 - SNE,2012,9
SNEQ.SG03SP051G00S900,2012.12,11457,FINAL,Dollars,6,S,Consolidated accounts - table 1.1,P051G,Gross fixed capital formation,,,,,National Accounts - SNA 2008 - SNE,2012,12
SNEQ.SG03SP051G00S900,2013.03,11679,FINAL,Dollars,6,S,Consolidated accounts - table 1.1,P051G,Gross fixed capital formation,,,,,National Accounts - SNA 2008 - SNE,2013,3
SNEQ.SG03SP051G00S900,2013.06,11999,FINAL,Dollars,6,S,Consolidated accounts - table 1.1,P051G,Gross fixed capital formation,,,,,National Accounts - SNA 2008 - SNE,2013,6
SNEQ.SG03SP051G00S900,2013.09,12362,FINAL,Dollars,6,S,Consolidated accounts - table 1.1,P051G,Gross fixed capital formation,,,,,National Accounts - SNA 2008 - SNE,2013,9
SNEQ.SG03SP051G00S900,2013.12,12555,FINAL,Dollars,6,S,Consolidated accounts - table 1.1,P051G,Gross fixed capital formation,,,,,National Accounts - SNA 2008 - SNE,2013,12
SNEQ.SG03SP051G00S900,2014.03,12910,FINAL,Dollars,6,S,Consolidated accounts - table 1.1,P051G,Gross fixed capital formation,,,,,National Accounts - SNA 2008 - SNE,2014,3
SNEQ.SG03SP051G00S900,2014.06,13209,FINAL,Dollars,6,S,Consolidated accounts - table 1.1,P051G,Gross fixed capital formation,,,,,National Accounts - SNA 2008 - SNE,2014,6
SNEQ.SG03SP051G00S900,2014.09,13749,FINAL,Dollars,6,S,Consolidated accounts - table 1.1,P051G,Gross fixed capital formation,,,,,National Accounts - SNA 2008 - SNE,2014,9
SNEQ.SG03SP051G00S900,2014.12,13911,FINAL,Dollars,6,S,Consolidated accounts - table 1.1,P051G,Gross fixed capital formation,,,,,National Accounts - SNA 2008 - SNE,2014,12
SNEQ.SG03SP051G00S900,2015.03,13889,FINAL,Dollars,6,S,Consolidated accounts - table 1.1,P051G,Gross fixed capital formation,,,,,National Accounts - SNA 2008 - SNE,2015,3
SNEQ.SG03SP051G00S900,2015.06,14174,FINAL,Dollars,6,S,Consolidated accounts - table 1.1,P051G,Gross fixed capital formation,,,,,National Accounts - SNA 2008 - SNE,2015,6
SNEQ.SG03SP051G00S900,2015.09,14962,FINAL,Dollars,6,S,Consolidated accounts - table 1.1,P051G,Gross fixed capital formation,,,,,National Accounts - SNA 2008 - SNE,2015,9
SNEQ.SG03SP051G00S900,2015.12,14590,FINAL,Dollars,6,S,Consolidated accounts - table 1.1,P051G,Gross fixed capital formation,,,,,National Accounts - SNA 2008 - SNE,2015,12
SNEQ.SG03SP051G00S900,2016.03,14832,FINAL,Dollars,6,S,Consolidated accounts - table 1.1,P051G,Gross fixed capital formation,,,,,National Accounts - SNA 2008 - SNE,2016,3
SNEQ.SG03SP051G00S900,2016.06,15184,FINAL,Dollars,6,S,Consolidated accounts - table 1.1,P051G,Gross fixed capital formation,,,,,National Accounts - SNA 2008 - SNE,2016,6
SNEQ.SG03SP051G00S900,2016.09,15443,FINAL,Dollars,6,S,Consolidated accounts - table 1.1,P051G,Gross fixed capital formation,,,,,National Accounts - SNA 2008 - SNE,2016,9
SNEQ.SG03SP051G00S900,2016.12,15287,FINAL,Dollars,6,S,Consolidated accounts - table 1.1,P051G,Gross fixed capital formation,,,,,National Accounts - SNA 2008 - SNE,2016,12
SNEQ.SG03SP051G00S900,2017.03,15541,FINAL,Dollars,6,S,Consolidated accounts - table 1.1,P051G,Gross fixed capital formation,,,,,National Accounts - SNA 2008 - SNE,2017,3
SNEQ.SG03SP051G00S900,2017.06,15977,FINAL,Dollars,6,S,Consolidated accounts - table 1.1,P051G,Gross fixed capital formation,,,,,National Accounts - SNA 2008 - SNE,2017,6
SNEQ.SG03SP051G00S900,2017.09,16427,FINAL,Dollars,6,S,Consolidated accounts - table 1.1,P051G,Gross fixed capital formation,,,,,National Accounts - SNA 2008 - SNE,2017,9
SNEQ.SG03SP051G00S900,2017.12,17138,FINAL,Dollars,6,S,Consolidated accounts - table 1.1,P051G,Gross fixed capital formation,,,,,National Accounts - SNA 2008 - SNE,2017,12
SNEQ.SG03SP051G00S900,2018.03,17294,FINAL,Dollars,6,S,Consolidated accounts - table 1.1,P051G,Gross fixed capital formation,,,,,National Accounts - SNA 2008 - SNE,2018,3
SNEQ.SG03SP051G00S900,2018.06,17738,FINAL,Dollars,6,S,Consolidated accounts - table 1.1,P051G,Gross fixed capital formation,,,,,National Accounts - SNA 2008 - SNE,2018,6
SNEQ.SG03SP051G00S900,2018.09,17646,FINAL,Dollars,6,S,Consolidated accounts - table 1.1,P051G,Gross fixed capital formation,,,,,National Accounts - SNA 2008 - SNE,2018,9
SNEQ.SG03SP051G00S900,2018.12,18077,FINAL,Dollars,6,S,Consolidated accounts - table 1.1,P051G,Gross fixed capital formation,,,,,National Accounts - SNA 2008 - SNE,2018,12
SNEQ.SG03SP051G00S900,2019.03,18585,FINAL,Dollars,6,S,Consolidated accounts - table 1.1,P051G,Gross fixed capital formation,,,,,National Accounts - SNA 2008 - SNE,2019,3
SNEQ.SG03SP051G00S900,2019.06,18884,FINAL,Dollars,6,S,Consolidated accounts - table 1.1,P051G,Gross fixed capital formation,,,,,National Accounts - SNA 2008 - SNE,2019,6
SNEQ.SG03SP051G00S900,2019.09,18996,FINAL,Dollars,6,S,Consolidated accounts - table 1.1,P051G,Gross fixed capital formation,,,,,National Accounts - SNA 2008 - SNE,2019,9
SNEQ.SG03SP051G00S900,2019.12,19355,FINAL,Dollars,6,S,Consolidated accounts - table 1.1,P051G,Gross fixed capital formation,,,,,National Accounts - SNA 2008 - SNE,2019,12
SNEQ.SG03SP051G00S900,2020.03,18784,FINAL,Dollars,6,S,Consolidated accounts - table 1.1,P051G,Gross fixed capital formation,,,,,National Accounts - SNA 2008 - SNE,2020,3
SNEQ.SG03SP051G00S900,2020.06,15563,FINAL,Dollars,6,S,Consolidated accounts - table 1.1,P051G,Gross fixed capital formation,,,,,National Accounts - SNA 2008 - SNE,2020,6
SNEQ.SG03SP051G00S900,2020.09,19741,FINAL,Dollars,6,S,Consolidated accounts - table 1.1,P051G,Gross fixed capital formation,,,,,National Accounts - SNA 2008 - SNE,2020,9
SNEQ.SG03SP051G00S900,2020.12,20010,FINAL,Dollars,6,S,Consolidated accounts - table 1.1,P051G,Gross fixed capital formation,,,,,National Accounts - SNA 2008 - SNE,2020,12
SNEQ.SG03SP051G00S900,2021.03,21033,FINAL,Dollars,6,S,Consolidated accounts - table 1.1,P051G,Gross fixed capital formation,,,,,National Accounts - SNA 2008 - SNE,2021,3
SNEQ.SG03SP051G00S900,2021.06,21015,FINAL,Dollars,6,S,Consolidated accounts - table 1.1,P051G,Gross fixed capital formation,,,,,National Accounts - SNA 2008 - SNE,2021,6
SNEQ.SG03SP051G00S900,2021.09,20465,FINAL,Dollars,6,S,Consolidated accounts - table 1.1,P051G,Gross fixed capital formation,,,,,National Accounts - SNA 2008 - SNE,2021,9
SNEQ.SG03SP051G00S900,2021.12,23159,FINAL,Dollars,6,S,Consolidated accounts - table 1.1,P051G,Gross fixed capital formation,,,,,National Accounts - SNA 2008 - SNE,2021,12
SNEQ.SG03SP051G00S900,2022.03,23774,FINAL,Dollars,6,S,Consolidated accounts - table 1.1,P051G,Gross fixed capital formation,,,,,National Accounts - SNA 2008 - SNE,2022,3
SNEQ.SG03SP051G00S900,2022.06,23446,FINAL,Dollars,6,S,Consolidated accounts - table 1.1,P051G,Gross fixed capital formation,,,,,National Accounts - SNA 2008 - SNE,2022,6
SNEQ.SG03SP051G00S900,2022.09,25317,FINAL,Dollars,6,S,Consolidated accounts - table 1.1,P051G,Gross fixed capital formation,,,,,National Accounts - SNA 2008 - SNE,2022,9
SNEQ.SG03SP051G00S900,2022.12,25272,FINAL,Dollars,6,S,Consolidated accounts - table 1.1,P051G,Gross fixed capital formation,,,,,National Accounts - SNA 2008 - SNE,2022,12
SNEQ.SG03SP051G00S900,2023.03,25809,FINAL,Dollars,6,S,Consolidated accounts - table 1.1,P051G,Gross fixed capital formation,,,,,National Accounts - SNA 2008 - SNE,2023,3
SNEQ.SG03SP051G00S900,2023.06,25960,FINAL,Dollars,6,S,Consolidated accounts - table 1.1,P051G,Gross fixed capital formation,,,,,National Accounts - SNA 2008 - SNE,2023,6
SNEQ.SG03SP051G00S900,2023.09,25648,FINAL,Dollars,6,S,Consolidated accounts - table 1.1,P051G,Gross fixed capital formation,,,,,National Accounts - SNA 2008 - SNE,2023,9
SNEQ.SG03SP051G00S900,2023.12,25775,FINAL,Dollars,6,S,Consolidated accounts - table 1.1,P051G,Gross fixed capital formation,,,,,National Accounts - SNA 2008 - SNE,2023,12
SNEQ.SG03SP051G00S900,2024.03,25691,FINAL,Dollars,6,S,Consolidated accounts - table 1.1,P051G,Gross fixed capital formation,,,,,National Accounts - SNA 2008 - SNE,2024,3
SNEQ.SG03SP051G00S900,2024.06,25457,FINAL,Dollars,6,S,Consolidated accounts - table 1.1,P051G,Gross fixed capital formation,,,,,National Accounts - SNA 2008 - SNE,2024,6
SNEQ.SG03SP051G00S900,2024.09,24688,FINAL,Dollars,6,S,Consolidated accounts - table 1.1,P051G,Gross fixed capital formation,,,,,National Accounts - SNA 2008 - SNE,2024,9
SNEQ.SG03SP051G00S900,2024.12,24769,FINAL,Dollars,6,S,Consolidated accounts - table 1.1,P051G,Gross fixed capital formation,,,,,National Accounts - SNA 2008 - SNE,2024,12
SNEQ.SG03SP051G00S900,2025.03,25175,FINAL,Dollars,6,S,Consolidated accounts - table 1.1,P051G,Gross fixed capital formation,,,,,National Accounts - SNA 2008 - SNE,2025,3
SNEQ.SG03SP052000S900,2011.06,30,FINAL,Dollars,6,S,Consolidated accounts - table 1.1,P052,Change in inventories,,,,,National Accounts - SNA 2008 - SNE,2011,6
SNEQ.SG03SP052000S900,2011.09,580,FINAL,Dollars,6,S,Consolidated accounts - table 1.1,P052,Change in inventories,,,,,National Accounts - SNA 2008 - SNE,2011,9
SNEQ.SG03SP052000S900,2011.12,60,FINAL,Dollars,6,S,Consolidated accounts - table 1.1,P052,Change in inventories,,,,,National Accounts - SNA 2008 - SNE,2011,12
SNEQ.SG03SP052000S900,2012.03,615,FINAL,Dollars,6,S,Consolidated accounts - table 1.1,P052,Change in inventories,,,,,National Accounts - SNA 2008 - SNE,2012,3
SNEQ.SG03SP052000S900,2012.06,546,FINAL,Dollars,6,S,Consolidated accounts - table 1.1,P052,Change in inventories,,,,,National Accounts - SNA 2008 - SNE,2012,6
SNEQ.SG03SP052000S900,2012.09,73,FINAL,Dollars,6,S,Consolidated accounts - table 1.1,P052,Change in inventories,,,,,National Accounts - SNA 2008 - SNE,2012,9
SNEQ.SG03SP052000S900,2012.12,-6,FINAL,Dollars,6,S,Consolidated accounts - table 1.1,P052,Change in inventories,,,,,National Accounts - SNA 2008 - SNE,2012,12
SNEQ.SG03SP052000S900,2013.03,209,FINAL,Dollars,6,S,Consolidated accounts - table 1.1,P052,Change in inventories,,,,,National Accounts - SNA 2008 - SNE,2013,3
SNEQ.SG03SP052000S900,2013.06,-34,FINAL,Dollars,6,S,Consolidated accounts - table 1.1,P052,Change in inventories,,,,,National Accounts - SNA 2008 - SNE,2013,6
SNEQ.SG03SP052000S900,2013.09,869,FINAL,Dollars,6,S,Consolidated accounts - table 1.1,P052,Change in inventories,,,,,National Accounts - SNA 2008 - SNE,2013,9
SNEQ.SG03SP052000S900,2013.12,805,FINAL,Dollars,6,S,Consolidated accounts - table 1.1,P052,Change in inventories,,,,,National Accounts - SNA 2008 - SNE,2013,12
SNEQ.SG03SP052000S900,2014.03,196,FINAL,Dollars,6,S,Consolidated accounts - table 1.1,P052,Change in inventories,,,,,National Accounts - SNA 2008 - SNE,2014,3
SNEQ.SG03SP052000S900,2014.06,575,FINAL,Dollars,6,S,Consolidated accounts - table 1.1,P052,Change in inventories,,,,,National Accounts - SNA 2008 - SNE,2014,6
SNEQ.SG03SP052000S900,2014.09,396,FINAL,Dollars,6,S,Consolidated accounts - table 1.1,P052,Change in inventories,,,,,National Accounts - SNA 2008 - SNE,2014,9
SNEQ.SG03SP052000S900,2014.12,223,FINAL,Dollars,6,S,Consolidated accounts - table 1.1,P052,Change in inventories,,,,,National Accounts - SNA 2008 - SNE,2014,12
SNEQ.SG03SP052000S900,2015.03,22,FINAL,Dollars,6,S,Consolidated accounts - table 1.1,P052,Change in inventories,,,,,National Accounts - SNA 2008 - SNE,2015,3
SNEQ.SG03SP052000S900,2015.06,678,FINAL,Dollars,6,S,Consolidated accounts - table 1.1,P052,Change in inventories,,,,,National Accounts - SNA 2008 - SNE,2015,6
SNEQ.SG03SP052000S900,2015.09,-109,FINAL,Dollars,6,S,Consolidated accounts - table 1.1,P052,Change in inventories,,,,,National Accounts - SNA 2008 - SNE,2015,9
SNEQ.SG03SP052000S900,2015.12,-14,FINAL,Dollars,6,S,Consolidated accounts - table 1.1,P052,Change in inventories,,,,,National Accounts - SNA 2008 - SNE,2015,12
SNEQ.SG03SP052000S900,2016.03,117,FINAL,Dollars,6,S,Consolidated accounts - table 1.1,P052,Change in inventories,,,,,National Accounts - SNA 2008 - SNE,2016,3
SNEQ.SG03SP052000S900,2016.06,89,FINAL,Dollars,6,S,Consolidated accounts - table 1.1,P052,Change in inventories,,,,,National Accounts - SNA 2008 - SNE,2016,6
SNEQ.SG03SP052000S900,2016.09,112,FINAL,Dollars,6,S,Consolidated accounts - table 1.1,P052,Change in inventories,,,,,National Accounts - SNA 2008 - SNE,2016,9
SNEQ.SG03SP052000S900,2016.12,372,FINAL,Dollars,6,S,Consolidated accounts - table 1.1,P052,Change in inventories,,,,,National Accounts - SNA 2008 - SNE,2016,12
SNEQ.SG03SP052000S900,2017.03,846,FINAL,Dollars,6,S,Consolidated accounts - table 1.1,P052,Change in inventories,,,,,National Accounts - SNA 2008 - SNE,2017,3
SNEQ.SG03SP052000S900,2017.06,146,FINAL,Dollars,6,S,Consolidated accounts - table 1.1,P052,Change in inventories,,,,,National Accounts - SNA 2008 - SNE,2017,6
SNEQ.SG03SP052000S900,2017.09,168,FINAL,Dollars,6,S,Consolidated accounts - table 1.1,P052,Change in inventories,,,,,National Accounts - SNA 2008 - SNE,2017,9
SNEQ.SG03SP052000S900,2017.12,673,FINAL,Dollars,6,S,Consolidated accounts - table 1.1,P052,Change in inventories,,,,,National Accounts - SNA 2008 - SNE,2017,12
SNEQ.SG03SP052000S900,2018.03,1047,FINAL,Dollars,6,S,Consolidated accounts - table 1.1,P052,Change in inventories,,,,,National Accounts - SNA 2008 - SNE,2018,3
SNEQ.SG03SP052000S900,2018.06,1028,FINAL,Dollars,6,S,Consolidated accounts - table 1.1,P052,Change in inventories,,,,,National Accounts - SNA 2008 - SNE,2018,6
SNEQ.SG03SP052000S900,2018.09,467,FINAL,Dollars,6,S,Consolidated accounts - table 1.1,P052,Change in inventories,,,,,National Accounts - SNA 2008 - SNE,2018,9
SNEQ.SG03SP052000S900,2018.12,31,FINAL,Dollars,6,S,Consolidated accounts - table 1.1,P052,Change in inventories,,,,,National Accounts - SNA 2008 - SNE,2018,12
SNEQ.SG03SP052000S900,2019.03,-128,FINAL,Dollars,6,S,Consolidated accounts - table 1.1,P052,Change in inventories,,,,,National Accounts - SNA 2008 - SNE,2019,3
SNEQ.SG03SP052000S900,2019.06,545,FINAL,Dollars,6,S,Consolidated accounts - table 1.1,P052,Change in inventories,,,,,National Accounts - SNA 2008 - SNE,2019,6
SNEQ.SG03SP052000S900,2019.09,526,FINAL,Dollars,6,S,Consolidated accounts - table 1.1,P052,Change in inventories,,,,,National Accounts - SNA 2008 - SNE,2019,9
SNEQ.SG03SP052000S900,2019.12,246,FINAL,Dollars,6,S,Consolidated accounts - table 1.1,P052,Change in inventories,,,,,National Accounts - SNA 2008 - SNE,2019,12
SNEQ.SG03SP052000S900,2020.03,-581,FINAL,Dollars,6,S,Consolidated accounts - table 1.1,P052,Change in inventories,,,,,National Accounts - SNA 2008 - SNE,2020,3
SNEQ.SG03SP052000S900,2020.06,-354,FINAL,Dollars,6,S,Consolidated accounts - table 1.1,P052,Change in inventories,,,,,National Accounts - SNA 2008 - SNE,2020,6
SNEQ.SG03SP052000S900,2020.09,-821,FINAL,Dollars,6,S,Consolidated accounts - table 1.1,P052,Change in inventories,,,,,National Accounts - SNA 2008 - SNE,2020,9
SNEQ.SG03SP052000S900,2020.12,-323,FINAL,Dollars,6,S,Consolidated accounts - table 1.1,P052,Change in inventories,,,,,National Accounts - SNA 2008 - SNE,2020,12
SNEQ.SG03SP052000S900,2021.03,1067,FINAL,Dollars,6,S,Consolidated accounts - table 1.1,P052,Change in inventories,,,,,National Accounts - SNA 2008 - SNE,2021,3
SNEQ.SG03SP052000S900,2021.06,-618,FINAL,Dollars,6,S,Consolidated accounts - table 1.1,P052,Change in inventories,,,,,National Accounts - SNA 2008 - SNE,2021,6
SNEQ.SG03SP052000S900,2021.09,1767,FINAL,Dollars,6,S,Consolidated accounts - table 1.1,P052,Change in inventories,,,,,National Accounts - SNA 2008 - SNE,2021,9
SNEQ.SG03SP052000S900,2021.12,382,FINAL,Dollars,6,S,Consolidated accounts - table 1.1,P052,Change in inventories,,,,,National Accounts - SNA 2008 - SNE,2021,12
SNEQ.SG03SP052000S900,2022.03,182,FINAL,Dollars,6,S,Consolidated accounts - table 1.1,P052,Change in inventories,,,,,National Accounts - SNA 2008 - SNE,2022,3
SNEQ.SG03SP052000S900,2022.06,2080,FINAL,Dollars,6,S,Consolidated accounts - table 1.1,P052,Change in inventories,,,,,National Accounts - SNA 2008 - SNE,2022,6
SNEQ.SG03SP052000S900,2022.09,-465,FINAL,Dollars,6,S,Consolidated accounts - table 1.1,P052,Change in inventories,,,,,National Accounts - SNA 2008 - SNE,2022,9
SNEQ.SG03SP052000S900,2022.12,1901,FINAL,Dollars,6,S,Consolidated accounts - table 1.1,P052,Change in inventories,,,,,National Accounts - SNA 2008 - SNE,2022,12
SNEQ.SG03SP052000S900,2023.03,-25,FINAL,Dollars,6,S,Consolidated accounts - table 1.1,P052,Change in inventories,,,,,National Accounts - SNA 2008 - SNE,2023,3
SNEQ.SG03SP052000S900,2023.06,-869,FINAL,Dollars,6,S,Consolidated accounts - table 1.1,P052,Change in inventories,,,,,National Accounts - SNA 2008 - SNE,2023,6
SNEQ.SG03SP052000S900,2023.09,-239,FINAL,Dollars,6,S,Consolidated accounts - table 1.1,P052,Change in inventories,,,,,National Accounts - SNA 2008 - SNE,2023,9
SNEQ.SG03SP052000S900,2023.12,-1818,FINAL,Dollars,6,S,Consolidated accounts - table 1.1,P052,Change in inventories,,,,,National Accounts - SNA 2008 - SNE,2023,12
SNEQ.SG03SP052000S900,2024.03,-325,FINAL,Dollars,6,S,Consolidated accounts - table 1.1,P052,Change in inventories,,,,,National Accounts - SNA 2008 - SNE,2024,3
SNEQ.SG03SP052000S900,2024.06,-904,FINAL,Dollars,6,S,Consolidated accounts - table 1.1,P052,Change in inventories,,,,,National Accounts - SNA 2008 - SNE,2024,6
SNEQ.SG03SP052000S900,2024.09,-799,FINAL,Dollars,6,S,Consolidated accounts - table 1.1,P052,Change in inventories,,,,,National Accounts - SNA 2008 - SNE,2024,9
SNEQ.SG03SP052000S900,2024.12,-125,FINAL,Dollars,6,S,Consolidated accounts - table 1.1,P052,Change in inventories,,,,,National Accounts - SNA 2008 - SNE,2024,12
SNEQ.SG03SP052000S900,2025.03,-515,FINAL,Dollars,6,S,Consolidated accounts - table 1.1,P052,Change in inventories,,,,,National Accounts - SNA 2008 - SNE,2025,3
SNEQ.SG03SP030000S310,2011.06,9164,FINAL,Dollars,6,S,Consolidated accounts - table 1.1,P03,Final consumption expenditure,,,31,Central government institutions,National Accounts - SNA 2008 - SNE,2011,6
SNEQ.SG03SP030000S310,2011.09,9054,FINAL,Dollars,6,S,Consolidated accounts - table 1.1,P03,Final consumption expenditure,,,31,Central government institutions,National Accounts - SNA 2008 - SNE,2011,9
SNEQ.SG03SP030000S310,2011.12,9227,FINAL,Dollars,6,S,Consolidated accounts - table 1.1,P03,Final consumption expenditure,,,31,Central government institutions,National Accounts - SNA 2008 - SNE,2011,12
SNEQ.SG03SP030000S310,2012.03,9218,FINAL,Dollars,6,S,Consolidated accounts - table 1.1,P03,Final consumption expenditure,,,31,Central government institutions,National Accounts - SNA 2008 - SNE,2012,3
SNEQ.SG03SP030000S310,2012.06,9226,FINAL,Dollars,6,S,Consolidated accounts - table 1.1,P03,Final consumption expenditure,,,31,Central government institutions,National Accounts - SNA 2008 - SNE,2012,6
SNEQ.SG03SP030000S310,2012.09,9270,FINAL,Dollars,6,S,Consolidated accounts - table 1.1,P03,Final consumption expenditure,,,31,Central government institutions,National Accounts - SNA 2008 - SNE,2012,9
SNEQ.SG03SP030000S310,2012.12,9350,FINAL,Dollars,6,S,Consolidated accounts - table 1.1,P03,Final consumption expenditure,,,31,Central government institutions,National Accounts - SNA 2008 - SNE,2012,12
SNEQ.SG03SP030000S310,2013.03,9440,FINAL,Dollars,6,S,Consolidated accounts - table 1.1,P03,Final consumption expenditure,,,31,Central government institutions,National Accounts - SNA 2008 - SNE,2013,3
SNEQ.SG03SP030000S310,2013.06,9440,FINAL,Dollars,6,S,Consolidated accounts - table 1.1,P03,Final consumption expenditure,,,31,Central government institutions,National Accounts - SNA 2008 - SNE,2013,6
SNEQ.SG03SP030000S310,2013.09,9627,FINAL,Dollars,6,S,Consolidated accounts - table 1.1,P03,Final consumption expenditure,,,31,Central government institutions,National Accounts - SNA 2008 - SNE,2013,9
SNEQ.SG03SP030000S310,2013.12,9766,FINAL,Dollars,6,S,Consolidated accounts - table 1.1,P03,Final consumption expenditure,,,31,Central government institutions,National Accounts - SNA 2008 - SNE,2013,12
SNEQ.SG03SP030000S310,2014.03,9851,FINAL,Dollars,6,S,Consolidated accounts - table 1.1,P03,Final consumption expenditure,,,31,Central government institutions,National Accounts - SNA 2008 - SNE,2014,3
SNEQ.SG03SP030000S310,2014.06,9964,FINAL,Dollars,6,S,Consolidated accounts - table 1.1,P03,Final consumption expenditure,,,31,Central government institutions,National Accounts - SNA 2008 - SNE,2014,6
SNEQ.SG03SP030000S310,2014.09,10035,FINAL,Dollars,6,S,Consolidated accounts - table 1.1,P03,Final consumption expenditure,,,31,Central government institutions,National Accounts - SNA 2008 - SNE,2014,9
SNEQ.SG03SP030000S310,2014.12,10153,FINAL,Dollars,6,S,Consolidated accounts - table 1.1,P03,Final consumption expenditure,,,31,Central government institutions,National Accounts - SNA 2008 - SNE,2014,12
SNEQ.SG03SP030000S310,2015.03,10244,FINAL,Dollars,6,S,Consolidated accounts - table 1.1,P03,Final consumption expenditure,,,31,Central government institutions,National Accounts - SNA 2008 - SNE,2015,3
SNEQ.SG03SP030000S310,2015.06,10428,FINAL,Dollars,6,S,Consolidated accounts - table 1.1,P03,Final consumption expenditure,,,31,Central government institutions,National Accounts - SNA 2008 - SNE,2015,6
SNEQ.SG03SP030000S310,2015.09,10378,FINAL,Dollars,6,S,Consolidated accounts - table 1.1,P03,Final consumption expenditure,,,31,Central government institutions,National Accounts - SNA 2008 - SNE,2015,9
SNEQ.SG03SP030000S310,2015.12,10394,FINAL,Dollars,6,S,Consolidated accounts - table 1.1,P03,Final consumption expenditure,,,31,Central government institutions,National Accounts - SNA 2008 - SNE,2015,12
SNEQ.SG03SP030000S310,2016.03,10551,FINAL,Dollars,6,S,Consolidated accounts - table 1.1,P03,Final consumption expenditure,,,31,Central government institutions,National Accounts - SNA 2008 - SNE,2016,3
SNEQ.SG03SP030000S310,2016.06,10619,FINAL,Dollars,6,S,Consolidated accounts - table 1.1,P03,Final consumption expenditure,,,31,Central government institutions,National Accounts - SNA 2008 - SNE,2016,6
SNEQ.SG03SP030000S310,2016.09,10833,FINAL,Dollars,6,S,Consolidated accounts - table 1.1,P03,Final consumption expenditure,,,31,Central government institutions,National Accounts - SNA 2008 - SNE,2016,9
SNEQ.SG03SP030000S310,2016.12,10966,FINAL,Dollars,6,S,Consolidated accounts - table 1.1,P03,Final consumption expenditure,,,31,Central government institutions,National Accounts - SNA 2008 - SNE,2016,12
SNEQ.SG03SP030000S310,2017.03,11129,FINAL,Dollars,6,S,Consolidated accounts - table 1.1,P03,Final consumption expenditure,,,31,Central government institutions,National Accounts - SNA 2008 - SNE,2017,3
SNEQ.SG03SP030000S310,2017.06,11193,FINAL,Dollars,6,S,Consolidated accounts - table 1.1,P03,Final consumption expenditure,,,31,Central government institutions,National Accounts - SNA 2008 - SNE,2017,6
SNEQ.SG03SP030000S310,2017.09,11504,FINAL,Dollars,6,S,Consolidated accounts - table 1.1,P03,Final consumption expenditure,,,31,Central government institutions,National Accounts - SNA 2008 - SNE,2017,9
SNEQ.SG03SP030000S310,2017.12,11601,FINAL,Dollars,6,S,Consolidated accounts - table 1.1,P03,Final consumption expenditure,,,31,Central government institutions,National Accounts - SNA 2008 - SNE,2017,12
SNEQ.SG03SP030000S310,2018.03,11765,FINAL,Dollars,6,S,Consolidated accounts - table 1.1,P03,Final consumption expenditure,,,31,Central government institutions,National Accounts - SNA 2008 - SNE,2018,3
SNEQ.SG03SP030000S310,2018.06,11955,FINAL,Dollars,6,S,Consolidated accounts - table 1.1,P03,Final consumption expenditure,,,31,Central government institutions,National Accounts - SNA 2008 - SNE,2018,6
SNEQ.SG03SP030000S310,2018.09,12255,FINAL,Dollars,6,S,Consolidated accounts - table 1.1,P03,Final consumption expenditure,,,31,Central government institutions,National Accounts - SNA 2008 - SNE,2018,9
SNEQ.SG03SP030000S310,2018.12,12482,FINAL,Dollars,6,S,Consolidated accounts - table 1.1,P03,Final consumption expenditure,,,31,Central government institutions,National Accounts - SNA 2008 - SNE,2018,12
SNEQ.SG03SP030000S310,2019.03,12710,FINAL,Dollars,6,S,Consolidated accounts - table 1.1,P03,Final consumption expenditure,,,31,Central government institutions,National Accounts - SNA 2008 - SNE,2019,3
SNEQ.SG03SP030000S310,2019.06,13139,FINAL,Dollars,6,S,Consolidated accounts - table 1.1,P03,Final consumption expenditure,,,31,Central government institutions,National Accounts - SNA 2008 - SNE,2019,6
SNEQ.SG03SP030000S310,2019.09,13260,FINAL,Dollars,6,S,Consolidated accounts - table 1.1,P03,Final consumption expenditure,,,31,Central government institutions,National Accounts - SNA 2008 - SNE,2019,9
SNEQ.SG03SP030000S310,2019.12,13616,FINAL,Dollars,6,S,Consolidated accounts - table 1.1,P03,Final consumption expenditure,,,31,Central government institutions,National Accounts - SNA 2008 - SNE,2019,12
SNEQ.SG03SP030000S310,2020.03,13940,FINAL,Dollars,6,S,Consolidated accounts - table 1.1,P03,Final consumption expenditure,,,31,Central government institutions,National Accounts - SNA 2008 - SNE,2020,3
SNEQ.SG03SP030000S310,2020.06,14381,FINAL,Dollars,6,S,Consolidated accounts - table 1.1,P03,Final consumption expenditure,,,31,Central government institutions,National Accounts - SNA 2008 - SNE,2020,6
SNEQ.SG03SP030000S310,2020.09,14698,FINAL,Dollars,6,S,Consolidated accounts - table 1.1,P03,Final consumption expenditure,,,31,Central government institutions,National Accounts - SNA 2008 - SNE,2020,9
SNEQ.SG03SP030000S310,2020.12,15115,FINAL,Dollars,6,S,Consolidated accounts - table 1.1,P03,Final consumption expenditure,,,31,Central government institutions,National Accounts - SNA 2008 - SNE,2020,12
SNEQ.SG03SP030000S310,2021.03,15732,FINAL,Dollars,6,S,Consolidated accounts - table 1.1,P03,Final consumption expenditure,,,31,Central government institutions,National Accounts - SNA 2008 - SNE,2021,3
SNEQ.SG03SP030000S310,2021.06,15974,FINAL,Dollars,6,S,Consolidated accounts - table 1.1,P03,Final consumption expenditure,,,31,Central government institutions,National Accounts - SNA 2008 - SNE,2021,6
SNEQ.SG03SP030000S310,2021.09,16480,FINAL,Dollars,6,S,Consolidated accounts - table 1.1,P03,Final consumption expenditure,,,31,Central government institutions,National Accounts - SNA 2008 - SNE,2021,9
SNEQ.SG03SP030000S310,2021.12,17554,FINAL,Dollars,6,S,Consolidated accounts - table 1.1,P03,Final consumption expenditure,,,31,Central government institutions,National Accounts - SNA 2008 - SNE,2021,12
SNEQ.SG03SP030000S310,2022.03,17922,FINAL,Dollars,6,S,Consolidated accounts - table 1.1,P03,Final consumption expenditure,,,31,Central government institutions,National Accounts - SNA 2008 - SNE,2022,3
SNEQ.SG03SP030000S310,2022.06,18142,FINAL,Dollars,6,S,Consolidated accounts - table 1.1,P03,Final consumption expenditure,,,31,Central government institutions,National Accounts - SNA 2008 - SNE,2022,6
SNEQ.SG03SP030000S310,2022.09,18469,FINAL,Dollars,6,S,Consolidated accounts - table 1.1,P03,Final consumption expenditure,,,31,Central government institutions,National Accounts - SNA 2008 - SNE,2022,9
SNEQ.SG03SP030000S310,2022.12,18265,FINAL,Dollars,6,S,Consolidated accounts - table 1.1,P03,Final consumption expenditure,,,31,Central government institutions,National Accounts - SNA 2008 - SNE,2022,12
SNEQ.SG03SP030000S310,2023.03,18672,FINAL,Dollars,6,S,Consolidated accounts - table 1.1,P03,Final consumption expenditure,,,31,Central government institutions,National Accounts - SNA 2008 - SNE,2023,3
SNEQ.SG03SP030000S310,2023.06,19172,FINAL,Dollars,6,S,Consolidated accounts - table 1.1,P03,Final consumption expenditure,,,31,Central government institutions,National Accounts - SNA 2008 - SNE,2023,6
SNEQ.SG03SP030000S310,2023.09,19582,FINAL,Dollars,6,S,Consolidated accounts - table 1.1,P03,Final consumption expenditure,,,31,Central government institutions,National Accounts - SNA 2008 - SNE,2023,9
SNEQ.SG03SP030000S310,2023.12,19913,FINAL,Dollars,6,S,Consolidated accounts - table 1.1,P03,Final consumption expenditure,,,31,Central government institutions,National Accounts - SNA 2008 - SNE,2023,12
SNEQ.SG03SP030000S310,2024.03,19950,FINAL,Dollars,6,S,Consolidated accounts - table 1.1,P03,Final consumption expenditure,,,31,Central government institutions,National Accounts - SNA 2008 - SNE,2024,3
SNEQ.SG03SP030000S310,2024.06,20536,FINAL,Dollars,6,S,Consolidated accounts - table 1.1,P03,Final consumption expenditure,,,31,Central government institutions,National Accounts - SNA 2008 - SNE,2024,6
SNEQ.SG03SP030000S310,2024.09,20202,FINAL,Dollars,6,S,Consolidated accounts - table 1.1,P03,Final consumption expenditure,,,31,Central government institutions,National Accounts - SNA 2008 - SNE,2024,9
SNEQ.SG03SP030000S310,2024.12,20270,FINAL,Dollars,6,S,Consolidated accounts - table 1.1,P03,Final consumption expenditure,,,31,Central government institutions,National Accounts - SNA 2008 - SNE,2024,12
SNEQ.SG03SP030000S310,2025.03,20714,FINAL,Dollars,6,S,Consolidated accounts - table 1.1,P03,Final consumption expenditure,,,31,Central government institutions,National Accounts - SNA 2008 - SNE,2025,3
SNEQ.SG03SP030000S321,2011.06,1218,FINAL,Dollars,6,S,Consolidated accounts - table 1.1,P03,Final consumption expenditure,,,32,Local government institutions,National Accounts - SNA 2008 - SNE,2011,6
SNEQ.SG03SP030000S321,2011.09,1305,FINAL,Dollars,6,S,Consolidated accounts - table 1.1,P03,Final consumption expenditure,,,32,Local government institutions,National Accounts - SNA 2008 - SNE,2011,9
SNEQ.SG03SP030000S321,2011.12,1285,FINAL,Dollars,6,S,Consolidated accounts - table 1.1,P03,Final consumption expenditure,,,32,Local government institutions,National Accounts - SNA 2008 - SNE,2011,12
SNEQ.SG03SP030000S321,2012.03,1241,FINAL,Dollars,6,S,Consolidated accounts - table 1.1,P03,Final consumption expenditure,,,32,Local government institutions,National Accounts - SNA 2008 - SNE,2012,3
SNEQ.SG03SP030000S321,2012.06,1271,FINAL,Dollars,6,S,Consolidated accounts - table 1.1,P03,Final consumption expenditure,,,32,Local government institutions,National Accounts - SNA 2008 - SNE,2012,6
SNEQ.SG03SP030000S321,2012.09,1195,FINAL,Dollars,6,S,Consolidated accounts - table 1.1,P03,Final consumption expenditure,,,32,Local government institutions,National Accounts - SNA 2008 - SNE,2012,9
SNEQ.SG03SP030000S321,2012.12,1200,FINAL,Dollars,6,S,Consolidated accounts - table 1.1,P03,Final consumption expenditure,,,32,Local government institutions,National Accounts - SNA 2008 - SNE,2012,12
SNEQ.SG03SP030000S321,2013.03,1201,FINAL,Dollars,6,S,Consolidated accounts - table 1.1,P03,Final consumption expenditure,,,32,Local government institutions,National Accounts - SNA 2008 - SNE,2013,3
SNEQ.SG03SP030000S321,2013.06,1205,FINAL,Dollars,6,S,Consolidated accounts - table 1.1,P03,Final consumption expenditure,,,32,Local government institutions,National Accounts - SNA 2008 - SNE,2013,6
SNEQ.SG03SP030000S321,2013.09,1233,FINAL,Dollars,6,S,Consolidated accounts - table 1.1,P03,Final consumption expenditure,,,32,Local government institutions,National Accounts - SNA 2008 - SNE,2013,9
SNEQ.SG03SP030000S321,2013.12,1245,FINAL,Dollars,6,S,Consolidated accounts - table 1.1,P03,Final consumption expenditure,,,32,Local government institutions,National Accounts - SNA 2008 - SNE,2013,12
SNEQ.SG03SP030000S321,2014.03,1289,FINAL,Dollars,6,S,Consolidated accounts - table 1.1,P03,Final consumption expenditure,,,32,Local government institutions,National Accounts - SNA 2008 - SNE,2014,3
SNEQ.SG03SP030000S321,2014.06,1243,FINAL,Dollars,6,S,Consolidated accounts - table 1.1,P03,Final consumption expenditure,,,32,Local government institutions,National Accounts - SNA 2008 - SNE,2014,6
SNEQ.SG03SP030000S321,2014.09,1320,FINAL,Dollars,6,S,Consolidated accounts - table 1.1,P03,Final consumption expenditure,,,32,Local government institutions,National Accounts - SNA 2008 - SNE,2014,9
SNEQ.SG03SP030000S321,2014.12,1313,FINAL,Dollars,6,S,Consolidated accounts - table 1.1,P03,Final consumption expenditure,,,32,Local government institutions,National Accounts - SNA 2008 - SNE,2014,12
SNEQ.SG03SP030000S321,2015.03,1306,FINAL,Dollars,6,S,Consolidated accounts - table 1.1,P03,Final consumption expenditure,,,32,Local government institutions,National Accounts - SNA 2008 - SNE,2015,3
SNEQ.SG03SP030000S321,2015.06,1355,FINAL,Dollars,6,S,Consolidated accounts - table 1.1,P03,Final consumption expenditure,,,32,Local government institutions,National Accounts - SNA 2008 - SNE,2015,6
SNEQ.SG03SP030000S321,2015.09,1357,FINAL,Dollars,6,S,Consolidated accounts - table 1.1,P03,Final consumption expenditure,,,32,Local government institutions,National Accounts - SNA 2008 - SNE,2015,9
SNEQ.SG03SP030000S321,2015.12,1379,FINAL,Dollars,6,S,Consolidated accounts - table 1.1,P03,Final consumption expenditure,,,32,Local government institutions,National Accounts - SNA 2008 - SNE,2015,12
SNEQ.SG03SP030000S321,2016.03,1396,FINAL,Dollars,6,S,Consolidated accounts - table 1.1,P03,Final consumption expenditure,,,32,Local government institutions,National Accounts - SNA 2008 - SNE,2016,3
SNEQ.SG03SP030000S321,2016.06,1408,FINAL,Dollars,6,S,Consolidated accounts - table 1.1,P03,Final consumption expenditure,,,32,Local government institutions,National Accounts - SNA 2008 - SNE,2016,6
SNEQ.SG03SP030000S321,2016.09,1409,FINAL,Dollars,6,S,Consolidated accounts - table 1.1,P03,Final consumption expenditure,,,32,Local government institutions,National Accounts - SNA 2008 - SNE,2016,9
SNEQ.SG03SP030000S321,2016.12,1438,FINAL,Dollars,6,S,Consolidated accounts - table 1.1,P03,Final consumption expenditure,,,32,Local government institutions,National Accounts - SNA 2008 - SNE,2016,12
SNEQ.SG03SP030000S321,2017.03,1454,FINAL,Dollars,6,S,Consolidated accounts - table 1.1,P03,Final consumption expenditure,,,32,Local government institutions,National Accounts - SNA 2008 - SNE,2017,3
SNEQ.SG03SP030000S321,2017.06,1474,FINAL,Dollars,6,S,Consolidated accounts - table 1.1,P03,Final consumption expenditure,,,32,Local government institutions,National Accounts - SNA 2008 - SNE,2017,6
SNEQ.SG03SP030000S321,2017.09,1511,FINAL,Dollars,6,S,Consolidated accounts - table 1.1,P03,Final consumption expenditure,,,32,Local government institutions,National Accounts - SNA 2008 - SNE,2017,9
SNEQ.SG03SP030000S321,2017.12,1529,FINAL,Dollars,6,S,Consolidated accounts - table 1.1,P03,Final consumption expenditure,,,32,Local government institutions,National Accounts - SNA 2008 - SNE,2017,12
SNEQ.SG03SP030000S321,2018.03,1558,FINAL,Dollars,6,S,Consolidated accounts - table 1.1,P03,Final consumption expenditure,,,32,Local government institutions,National Accounts - SNA 2008 - SNE,2018,3
SNEQ.SG03SP030000S321,2018.06,1619,FINAL,Dollars,6,S,Consolidated accounts - table 1.1,P03,Final consumption expenditure,,,32,Local government institutions,National Accounts - SNA 2008 - SNE,2018,6
SNEQ.SG03SP030000S321,2018.09,1590,FINAL,Dollars,6,S,Consolidated accounts - table 1.1,P03,Final consumption expenditure,,,32,Local government institutions,National Accounts - SNA 2008 - SNE,2018,9
SNEQ.SG03SP030000S321,2018.12,1599,FINAL,Dollars,6,S,Consolidated accounts - table 1.1,P03,Final consumption expenditure,,,32,Local government institutions,National Accounts - SNA 2008 - SNE,2018,12
SNEQ.SG03SP030000S321,2019.03,1654,FINAL,Dollars,6,S,Consolidated accounts - table 1.1,P03,Final consumption expenditure,,,32,Local government institutions,National Accounts - SNA 2008 - SNE,2019,3
SNEQ.SG03SP030000S321,2019.06,1711,FINAL,Dollars,6,S,Consolidated accounts - table 1.1,P03,Final consumption expenditure,,,32,Local government institutions,National Accounts - SNA 2008 - SNE,2019,6
SNEQ.SG03SP030000S321,2019.09,1743,FINAL,Dollars,6,S,Consolidated accounts - table 1.1,P03,Final consumption expenditure,,,32,Local government institutions,National Accounts - SNA 2008 - SNE,2019,9
SNEQ.SG03SP030000S321,2019.12,1780,FINAL,Dollars,6,S,Consolidated accounts - table 1.1,P03,Final consumption expenditure,,,32,Local government institutions,National Accounts - SNA 2008 - SNE,2019,12
SNEQ.SG03SP030000S321,2020.03,1786,FINAL,Dollars,6,S,Consolidated accounts - table 1.1,P03,Final consumption expenditure,,,32,Local government institutions,National Accounts - SNA 2008 - SNE,2020,3
SNEQ.SG03SP030000S321,2020.06,1774,FINAL,Dollars,6,S,Consolidated accounts - table 1.1,P03,Final consumption expenditure,,,32,Local government institutions,National Accounts - SNA 2008 - SNE,2020,6
SNEQ.SG03SP030000S321,2020.09,1803,FINAL,Dollars,6,S,Consolidated accounts - table 1.1,P03,Final consumption expenditure,,,32,Local government institutions,National Accounts - SNA 2008 - SNE,2020,9
SNEQ.SG03SP030000S321,2020.12,1819,FINAL,Dollars,6,S,Consolidated accounts - table 1.1,P03,Final consumption expenditure,,,32,Local government institutions,National Accounts - SNA 2008 - SNE,2020,12
SNEQ.SG03SP030000S321,2021.03,1852,FINAL,Dollars,6,S,Consolidated accounts - table 1.1,P03,Final consumption expenditure,,,32,Local government institutions,National Accounts - SNA 2008 - SNE,2021,3
SNEQ.SG03SP030000S321,2021.06,1860,FINAL,Dollars,6,S,Consolidated accounts - table 1.1,P03,Final consumption expenditure,,,32,Local government institutions,National Accounts - SNA 2008 - SNE,2021,6
SNEQ.SG03SP030000S321,2021.09,1923,FINAL,Dollars,6,S,Consolidated accounts - table 1.1,P03,Final consumption expenditure,,,32,Local government institutions,National Accounts - SNA 2008 - SNE,2021,9
SNEQ.SG03SP030000S321,2021.12,2005,FINAL,Dollars,6,S,Consolidated accounts - table 1.1,P03,Final consumption expenditure,,,32,Local government institutions,National Accounts - SNA 2008 - SNE,2021,12
SNEQ.SG03SP030000S321,2022.03,2069,FINAL,Dollars,6,S,Consolidated accounts - table 1.1,P03,Final consumption expenditure,,,32,Local government institutions,National Accounts - SNA 2008 - SNE,2022,3
SNEQ.SG03SP030000S321,2022.06,2206,FINAL,Dollars,6,S,Consolidated accounts - table 1.1,P03,Final consumption expenditure,,,32,Local government institutions,National Accounts - SNA 2008 - SNE,2022,6
SNEQ.SG03SP030000S321,2022.09,2311,FINAL,Dollars,6,S,Consolidated accounts - table 1.1,P03,Final consumption expenditure,,,32,Local government institutions,National Accounts - SNA 2008 - SNE,2022,9
SNEQ.SG03SP030000S321,2022.12,2387,FINAL,Dollars,6,S,Consolidated accounts - table 1.1,P03,Final consumption expenditure,,,32,Local government institutions,National Accounts - SNA 2008 - SNE,2022,12
SNEQ.SG03SP030000S321,2023.03,2495,FINAL,Dollars,6,S,Consolidated accounts - table 1.1,P03,Final consumption expenditure,,,32,Local government institutions,National Accounts - SNA 2008 - SNE,2023,3
SNEQ.SG03SP030000S321,2023.06,2580,FINAL,Dollars,6,S,Consolidated accounts - table 1.1,P03,Final consumption expenditure,,,32,Local government institutions,National Accounts - SNA 2008 - SNE,2023,6
SNEQ.SG03SP030000S321,2023.09,2612,FINAL,Dollars,6,S,Consolidated accounts - table 1.1,P03,Final consumption expenditure,,,32,Local government institutions,National Accounts - SNA 2008 - SNE,2023,9
SNEQ.SG03SP030000S321,2023.12,2670,FINAL,Dollars,6,S,Consolidated accounts - table 1.1,P03,Final consumption expenditure,,,32,Local government institutions,National Accounts - SNA 2008 - SNE,2023,12
SNEQ.SG03SP030000S321,2024.03,2713,FINAL,Dollars,6,S,Consolidated accounts - table 1.1,P03,Final consumption expenditure,,,32,Local government institutions,National Accounts - SNA 2008 - SNE,2024,3
SNEQ.SG03SP030000S321,2024.06,2692,FINAL,Dollars,6,S,Consolidated accounts - table 1.1,P03,Final consumption expenditure,,,32,Local government institutions,National Accounts - SNA 2008 - SNE,2024,6
SNEQ.SG03SP030000S321,2024.09,2764,FINAL,Dollars,6,S,Consolidated accounts - table 1.1,P03,Final consumption expenditure,,,32,Local government institutions,National Accounts - SNA 2008 - SNE,2024,9
SNEQ.SG03SP030000S321,2024.12,2823,FINAL,Dollars,6,S,Consolidated accounts - table 1.1,P03,Final consumption expenditure,,,32,Local government institutions,National Accounts - SNA 2008 - SNE,2024,12
SNEQ.SG03SP030000S321,2025.03,2817,FINAL,Dollars,6,S,Consolidated accounts - table 1.1,P03,Final consumption expenditure,,,32,Local government institutions,National Accounts - SNA 2008 - SNE,2025,3
SNEQ.SG03SP030000S400,2011.06,687,FINAL,Dollars,6,S,Consolidated accounts - table 1.1,P03,Final consumption expenditure,,,4,Non-profit institutions serving households,National Accounts - SNA 2008 - SNE,2011,6
SNEQ.SG03SP030000S400,2011.09,695,FINAL,Dollars,6,S,Consolidated accounts - table 1.1,P03,Final consumption expenditure,,,4,Non-profit institutions serving households,National Accounts - SNA 2008 - SNE,2011,9
SNEQ.SG03SP030000S400,2011.12,691,FINAL,Dollars,6,S,Consolidated accounts - table 1.1,P03,Final consumption expenditure,,,4,Non-profit institutions serving households,National Accounts - SNA 2008 - SNE,2011,12
SNEQ.SG03SP030000S400,2012.03,675,FINAL,Dollars,6,S,Consolidated accounts - table 1.1,P03,Final consumption expenditure,,,4,Non-profit institutions serving households,National Accounts - SNA 2008 - SNE,2012,3
SNEQ.SG03SP030000S400,2012.06,647,FINAL,Dollars,6,S,Consolidated accounts - table 1.1,P03,Final consumption expenditure,,,4,Non-profit institutions serving households,National Accounts - SNA 2008 - SNE,2012,6
SNEQ.SG03SP030000S400,2012.09,631,FINAL,Dollars,6,S,Consolidated accounts - table 1.1,P03,Final consumption expenditure,,,4,Non-profit institutions serving households,National Accounts - SNA 2008 - SNE,2012,9
SNEQ.SG03SP030000S400,2012.12,627,FINAL,Dollars,6,S,Consolidated accounts - table 1.1,P03,Final consumption expenditure,,,4,Non-profit institutions serving households,National Accounts - SNA 2008 - SNE,2012,12
SNEQ.SG03SP030000S400,2013.03,636,FINAL,Dollars,6,S,Consolidated accounts - table 1.1,P03,Final consumption expenditure,,,4,Non-profit institutions serving households,National Accounts - SNA 2008 - SNE,2013,3
SNEQ.SG03SP030000S400,2013.06,657,FINAL,Dollars,6,S,Consolidated accounts - table 1.1,P03,Final consumption expenditure,,,4,Non-profit institutions serving households,National Accounts - SNA 2008 - SNE,2013,6
SNEQ.SG03SP030000S400,2013.09,674,FINAL,Dollars,6,S,Consolidated accounts - table 1.1,P03,Final consumption expenditure,,,4,Non-profit institutions serving households,National Accounts - SNA 2008 - SNE,2013,9
SNEQ.SG03SP030000S400,2013.12,687,FINAL,Dollars,6,S,Consolidated accounts - table 1.1,P03,Final consumption expenditure,,,4,Non-profit institutions serving households,National Accounts - SNA 2008 - SNE,2013,12
SNEQ.SG03SP030000S400,2014.03,695,FINAL,Dollars,6,S,Consolidated accounts - table 1.1,P03,Final consumption expenditure,,,4,Non-profit institutions serving households,National Accounts - SNA 2008 - SNE,2014,3
SNEQ.SG03SP030000S400,2014.06,699,FINAL,Dollars,6,S,Consolidated accounts - table 1.1,P03,Final consumption expenditure,,,4,Non-profit institutions serving households,National Accounts - SNA 2008 - SNE,2014,6
SNEQ.SG03SP030000S400,2014.09,702,FINAL,Dollars,6,S,Consolidated accounts - table 1.1,P03,Final consumption expenditure,,,4,Non-profit institutions serving households,National Accounts - SNA 2008 - SNE,2014,9
SNEQ.SG03SP030000S400,2014.12,703,FINAL,Dollars,6,S,Consolidated accounts - table 1.1,P03,Final consumption expenditure,,,4,Non-profit institutions serving households,National Accounts - SNA 2008 - SNE,2014,12
SNEQ.SG03SP030000S400,2015.03,703,FINAL,Dollars,6,S,Consolidated accounts - table 1.1,P03,Final consumption expenditure,,,4,Non-profit institutions serving households,National Accounts - SNA 2008 - SNE,2015,3
SNEQ.SG03SP030000S400,2015.06,702,FINAL,Dollars,6,S,Consolidated accounts - table 1.1,P03,Final consumption expenditure,,,4,Non-profit institutions serving households,National Accounts - SNA 2008 - SNE,2015,6
SNEQ.SG03SP030000S400,2015.09,703,FINAL,Dollars,6,S,Consolidated accounts - table 1.1,P03,Final consumption expenditure,,,4,Non-profit institutions serving households,National Accounts - SNA 2008 - SNE,2015,9
SNEQ.SG03SP030000S400,2015.12,706,FINAL,Dollars,6,S,Consolidated accounts - table 1.1,P03,Final consumption expenditure,,,4,Non-profit institutions serving households,National Accounts - SNA 2008 - SNE,2015,12
SNEQ.SG03SP030000S400,2016.03,712,FINAL,Dollars,6,S,Consolidated accounts - table 1.1,P03,Final consumption expenditure,,,4,Non-profit institutions serving households,National Accounts - SNA 2008 - SNE,2016,3
SNEQ.SG03SP030000S400,2016.06,719,FINAL,Dollars,6,S,Consolidated accounts - table 1.1,P03,Final consumption expenditure,,,4,Non-profit institutions serving households,National Accounts - SNA 2008 - SNE,2016,6
SNEQ.SG03SP030000S400,2016.09,729,FINAL,Dollars,6,S,Consolidated accounts - table 1.1,P03,Final consumption expenditure,,,4,Non-profit institutions serving households,National Accounts - SNA 2008 - SNE,2016,9
SNEQ.SG03SP030000S400,2016.12,742,FINAL,Dollars,6,S,Consolidated accounts - table 1.1,P03,Final consumption expenditure,,,4,Non-profit institutions serving households,National Accounts - SNA 2008 - SNE,2016,12
SNEQ.SG03SP030000S400,2017.03,757,FINAL,Dollars,6,S,Consolidated accounts - table 1.1,P03,Final consumption expenditure,,,4,Non-profit institutions serving households,National Accounts - SNA 2008 - SNE,2017,3
SNEQ.SG03SP030000S400,2017.06,774,FINAL,Dollars,6,S,Consolidated accounts - table 1.1,P03,Final consumption expenditure,,,4,Non-profit institutions serving households,National Accounts - SNA 2008 - SNE,2017,6
SNEQ.SG03SP030000S400,2017.09,787,FINAL,Dollars,6,S,Consolidated accounts - table 1.1,P03,Final consumption expenditure,,,4,Non-profit institutions serving households,National Accounts - SNA 2008 - SNE,2017,9
SNEQ.SG03SP030000S400,2017.12,796,FINAL,Dollars,6,S,Consolidated accounts - table 1.1,P03,Final consumption expenditure,,,4,Non-profit institutions serving households,National Accounts - SNA 2008 - SNE,2017,12
SNEQ.SG03SP030000S400,2018.03,802,FINAL,Dollars,6,S,Consolidated accounts - table 1.1,P03,Final consumption expenditure,,,4,Non-profit institutions serving households,National Accounts - SNA 2008 - SNE,2018,3
SNEQ.SG03SP030000S400,2018.06,803,FINAL,Dollars,6,S,Consolidated accounts - table 1.1,P03,Final consumption expenditure,,,4,Non-profit institutions serving households,National Accounts - SNA 2008 - SNE,2018,6
SNEQ.SG03SP030000S400,2018.09,807,FINAL,Dollars,6,S,Consolidated accounts - table 1.1,P03,Final consumption expenditure,,,4,Non-profit institutions serving households,National Accounts - SNA 2008 - SNE,2018,9
SNEQ.SG03SP030000S400,2018.12,814,FINAL,Dollars,6,S,Consolidated accounts - table 1.1,P03,Final consumption expenditure,,,4,Non-profit institutions serving households,National Accounts - SNA 2008 - SNE,2018,12
SNEQ.SG03SP030000S400,2019.03,824,FINAL,Dollars,6,S,Consolidated accounts - table 1.1,P03,Final consumption expenditure,,,4,Non-profit institutions serving households,National Accounts - SNA 2008 - SNE,2019,3
SNEQ.SG03SP030000S400,2019.06,836,FINAL,Dollars,6,S,Consolidated accounts - table 1.1,P03,Final consumption expenditure,,,4,Non-profit institutions serving households,National Accounts - SNA 2008 - SNE,2019,6
SNEQ.SG03SP030000S400,2019.09,846,FINAL,Dollars,6,S,Consolidated accounts - table 1.1,P03,Final consumption expenditure,,,4,Non-profit institutions serving households,National Accounts - SNA 2008 - SNE,2019,9
SNEQ.SG03SP030000S400,2019.12,854,FINAL,Dollars,6,S,Consolidated accounts - table 1.1,P03,Final consumption expenditure,,,4,Non-profit institutions serving households,National Accounts - SNA 2008 - SNE,2019,12
SNEQ.SG03SP030000S400,2020.03,834,FINAL,Dollars,6,S,Consolidated accounts - table 1.1,P03,Final consumption expenditure,,,4,Non-profit institutions serving households,National Accounts - SNA 2008 - SNE,2020,3
SNEQ.SG03SP030000S400,2020.06,662,FINAL,Dollars,6,S,Consolidated accounts - table 1.1,P03,Final consumption expenditure,,,4,Non-profit institutions serving households,National Accounts - SNA 2008 - SNE,2020,6
SNEQ.SG03SP030000S400,2020.09,831,FINAL,Dollars,6,S,Consolidated accounts - table 1.1,P03,Final consumption expenditure,,,4,Non-profit institutions serving households,National Accounts - SNA 2008 - SNE,2020,9
SNEQ.SG03SP030000S400,2020.12,878,FINAL,Dollars,6,S,Consolidated accounts - table 1.1,P03,Final consumption expenditure,,,4,Non-profit institutions serving households,National Accounts - SNA 2008 - SNE,2020,12
SNEQ.SG03SP030000S400,2021.03,890,FINAL,Dollars,6,S,Consolidated accounts - table 1.1,P03,Final consumption expenditure,,,4,Non-profit institutions serving households,National Accounts - SNA 2008 - SNE,2021,3
SNEQ.SG03SP030000S400,2021.06,907,FINAL,Dollars,6,S,Consolidated accounts - table 1.1,P03,Final consumption expenditure,,,4,Non-profit institutions serving households,National Accounts - SNA 2008 - SNE,2021,6
SNEQ.SG03SP030000S400,2021.09,872,FINAL,Dollars,6,S,Consolidated accounts - table 1.1,P03,Final consumption expenditure,,,4,Non-profit institutions serving households,National Accounts - SNA 2008 - SNE,2021,9
SNEQ.SG03SP030000S400,2021.12,890,FINAL,Dollars,6,S,Consolidated accounts - table 1.1,P03,Final consumption expenditure,,,4,Non-profit institutions serving households,National Accounts - SNA 2008 - SNE,2021,12
SNEQ.SG03SP030000S400,2022.03,985,FINAL,Dollars,6,S,Consolidated accounts - table 1.1,P03,Final consumption expenditure,,,4,Non-profit institutions serving households,National Accounts - SNA 2008 - SNE,2022,3
SNEQ.SG03SP030000S400,2022.06,1061,FINAL,Dollars,6,S,Consolidated accounts - table 1.1,P03,Final consumption expenditure,,,4,Non-profit institutions serving households,National Accounts - SNA 2008 - SNE,2022,6
SNEQ.SG03SP030000S400,2022.09,1107,FINAL,Dollars,6,S,Consolidated accounts - table 1.1,P03,Final consumption expenditure,,,4,Non-profit institutions serving households,National Accounts - SNA 2008 - SNE,2022,9
SNEQ.SG03SP030000S400,2022.12,1148,FINAL,Dollars,6,S,Consolidated accounts - table 1.1,P03,Final consumption expenditure,,,4,Non-profit institutions serving households,National Accounts - SNA 2008 - SNE,2022,12
SNEQ.SG03SP030000S400,2023.03,1185,FINAL,Dollars,6,S,Consolidated accounts - table 1.1,P03,Final consumption expenditure,,,4,Non-profit institutions serving households,National Accounts - SNA 2008 - SNE,2023,3
SNEQ.SG03SP030000S400,2023.06,1216,FINAL,Dollars,6,S,Consolidated accounts - table 1.1,P03,Final consumption expenditure,,,4,Non-profit institutions serving households,National Accounts - SNA 2008 - SNE,2023,6
SNEQ.SG03SP030000S400,2023.09,1242,FINAL,Dollars,6,S,Consolidated accounts - table 1.1,P03,Final consumption expenditure,,,4,Non-profit institutions serving households,National Accounts - SNA 2008 - SNE,2023,9
SNEQ.SG03SP030000S400,2023.12,1262,FINAL,Dollars,6,S,Consolidated accounts - table 1.1,P03,Final consumption expenditure,,,4,Non-profit institutions serving households,National Accounts - SNA 2008 - SNE,2023,12
SNEQ.SG03SP030000S400,2024.03,1278,FINAL,Dollars,6,S,Consolidated accounts - table 1.1,P03,Final consumption expenditure,,,4,Non-profit institutions serving households,National Accounts - SNA 2008 - SNE,2024,3
SNEQ.SG03SP030000S400,2024.06,1289,FINAL,Dollars,6,S,Consolidated accounts - table 1.1,P03,Final consumption expenditure,,,4,Non-profit institutions serving households,National Accounts - SNA 2008 - SNE,2024,6
SNEQ.SG03SP030000S400,2024.09,1303,FINAL,Dollars,6,S,Consolidated accounts - table 1.1,P03,Final consumption expenditure,,,4,Non-profit institutions serving households,National Accounts - SNA 2008 - SNE,2024,9
SNEQ.SG03SP030000S400,2024.12,1319,FINAL,Dollars,6,S,Consolidated accounts - table 1.1,P03,Final consumption expenditure,,,4,Non-profit institutions serving households,National Accounts - SNA 2008 - SNE,2024,12
SNEQ.SG03SP030000S400,2025.03,1337,FINAL,Dollars,6,S,Consolidated accounts - table 1.1,P03,Final consumption expenditure,,,4,Non-profit institutions serving households,National Accounts - SNA 2008 - SNE,2025,3
SNEQ.SG03SP030000S500,2011.06,29882,FINAL,Dollars,6,S,Consolidated accounts - table 1.1,P03,Final consumption expenditure,,,5,Households,National Accounts - SNA 2008 - SNE,2011,6
SNEQ.SG03SP030000S500,2011.09,30291,FINAL,Dollars,6,S,Consolidated accounts - table 1.1,P03,Final consumption expenditure,,,5,Households,National Accounts - SNA 2008 - SNE,2011,9
SNEQ.SG03SP030000S500,2011.12,30418,FINAL,Dollars,6,S,Consolidated accounts - table 1.1,P03,Final consumption expenditure,,,5,Households,National Accounts - SNA 2008 - SNE,2011,12
SNEQ.SG03SP030000S500,2012.03,30893,FINAL,Dollars,6,S,Consolidated accounts - table 1.1,P03,Final consumption expenditure,,,5,Households,National Accounts - SNA 2008 - SNE,2012,3
SNEQ.SG03SP030000S500,2012.06,31025,FINAL,Dollars,6,S,Consolidated accounts - table 1.1,P03,Final consumption expenditure,,,5,Households,National Accounts - SNA 2008 - SNE,2012,6
SNEQ.SG03SP030000S500,2012.09,31036,FINAL,Dollars,6,S,Consolidated accounts - table 1.1,P03,Final consumption expenditure,,,5,Households,National Accounts - SNA 2008 - SNE,2012,9
SNEQ.SG03SP030000S500,2012.12,31444,FINAL,Dollars,6,S,Consolidated accounts - table 1.1,P03,Final consumption expenditure,,,5,Households,National Accounts - SNA 2008 - SNE,2012,12
SNEQ.SG03SP030000S500,2013.03,31859,FINAL,Dollars,6,S,Consolidated accounts - table 1.1,P03,Final consumption expenditure,,,5,Households,National Accounts - SNA 2008 - SNE,2013,3
SNEQ.SG03SP030000S500,2013.06,32275,FINAL,Dollars,6,S,Consolidated accounts - table 1.1,P03,Final consumption expenditure,,,5,Households,National Accounts - SNA 2008 - SNE,2013,6
SNEQ.SG03SP030000S500,2013.09,32577,FINAL,Dollars,6,S,Consolidated accounts - table 1.1,P03,Final consumption expenditure,,,5,Households,National Accounts - SNA 2008 - SNE,2013,9
SNEQ.SG03SP030000S500,2013.12,32994,FINAL,Dollars,6,S,Consolidated accounts - table 1.1,P03,Final consumption expenditure,,,5,Households,National Accounts - SNA 2008 - SNE,2013,12
SNEQ.SG03SP030000S500,2014.03,33336,FINAL,Dollars,6,S,Consolidated accounts - table 1.1,P03,Final consumption expenditure,,,5,Households,National Accounts - SNA 2008 - SNE,2014,3
SNEQ.SG03SP030000S500,2014.06,33572,FINAL,Dollars,6,S,Consolidated accounts - table 1.1,P03,Final consumption expenditure,,,5,Households,National Accounts - SNA 2008 - SNE,2014,6
SNEQ.SG03SP030000S500,2014.09,34027,FINAL,Dollars,6,S,Consolidated accounts - table 1.1,P03,Final consumption expenditure,,,5,Households,National Accounts - SNA 2008 - SNE,2014,9
SNEQ.SG03SP030000S500,2014.12,34247,FINAL,Dollars,6,S,Consolidated accounts - table 1.1,P03,Final consumption expenditure,,,5,Households,National Accounts - SNA 2008 - SNE,2014,12
SNEQ.SG03SP030000S500,2015.03,34714,FINAL,Dollars,6,S,Consolidated accounts - table 1.1,P03,Final consumption expenditure,,,5,Households,National Accounts - SNA 2008 - SNE,2015,3
SNEQ.SG03SP030000S500,2015.06,35159,FINAL,Dollars,6,S,Consolidated accounts - table 1.1,P03,Final consumption expenditure,,,5,Households,National Accounts - SNA 2008 - SNE,2015,6
SNEQ.SG03SP030000S500,2015.09,35753,FINAL,Dollars,6,S,Consolidated accounts - table 1.1,P03,Final consumption expenditure,,,5,Households,National Accounts - SNA 2008 - SNE,2015,9
SNEQ.SG03SP030000S500,2015.12,36206,FINAL,Dollars,6,S,Consolidated accounts - table 1.1,P03,Final consumption expenditure,,,5,Households,National Accounts - SNA 2008 - SNE,2015,12
SNEQ.SG03SP030000S500,2016.03,36502,FINAL,Dollars,6,S,Consolidated accounts - table 1.1,P03,Final consumption expenditure,,,5,Households,National Accounts - SNA 2008 - SNE,2016,3
SNEQ.SG03SP030000S500,2016.06,37604,FINAL,Dollars,6,S,Consolidated accounts - table 1.1,P03,Final consumption expenditure,,,5,Households,National Accounts - SNA 2008 - SNE,2016,6
SNEQ.SG03SP030000S500,2016.09,38166,FINAL,Dollars,6,S,Consolidated accounts - table 1.1,P03,Final consumption expenditure,,,5,Households,National Accounts - SNA 2008 - SNE,2016,9
SNEQ.SG03SP030000S500,2016.12,38770,FINAL,Dollars,6,S,Consolidated accounts - table 1.1,P03,Final consumption expenditure,,,5,Households,National Accounts - SNA 2008 - SNE,2016,12
SNEQ.SG03SP030000S500,2017.03,39801,FINAL,Dollars,6,S,Consolidated accounts - table 1.1,P03,Final consumption expenditure,,,5,Households,National Accounts - SNA 2008 - SNE,2017,3
SNEQ.SG03SP030000S500,2017.06,40125,FINAL,Dollars,6,S,Consolidated accounts - table 1.1,P03,Final consumption expenditure,,,5,Households,National Accounts - SNA 2008 - SNE,2017,6
SNEQ.SG03SP030000S500,2017.09,40618,FINAL,Dollars,6,S,Consolidated accounts - table 1.1,P03,Final consumption expenditure,,,5,Households,National Accounts - SNA 2008 - SNE,2017,9
SNEQ.SG03SP030000S500,2017.12,41349,FINAL,Dollars,6,S,Consolidated accounts - table 1.1,P03,Final consumption expenditure,,,5,Households,National Accounts - SNA 2008 - SNE,2017,12
SNEQ.SG03SP030000S500,2018.03,41759,FINAL,Dollars,6,S,Consolidated accounts - table 1.1,P03,Final consumption expenditure,,,5,Households,National Accounts - SNA 2008 - SNE,2018,3
SNEQ.SG03SP030000S500,2018.06,42562,FINAL,Dollars,6,S,Consolidated accounts - table 1.1,P03,Final consumption expenditure,,,5,Households,National Accounts - SNA 2008 - SNE,2018,6
SNEQ.SG03SP030000S500,2018.09,43326,FINAL,Dollars,6,S,Consolidated accounts - table 1.1,P03,Final consumption expenditure,,,5,Households,National Accounts - SNA 2008 - SNE,2018,9
SNEQ.SG03SP030000S500,2018.12,43944,FINAL,Dollars,6,S,Consolidated accounts - table 1.1,P03,Final consumption expenditure,,,5,Households,National Accounts - SNA 2008 - SNE,2018,12
SNEQ.SG03SP030000S500,2019.03,44017,FINAL,Dollars,6,S,Consolidated accounts - table 1.1,P03,Final consumption expenditure,,,5,Households,National Accounts - SNA 2008 - SNE,2019,3
SNEQ.SG03SP030000S500,2019.06,44704,FINAL,Dollars,6,S,Consolidated accounts - table 1.1,P03,Final consumption expenditure,,,5,Households,National Accounts - SNA 2008 - SNE,2019,6
SNEQ.SG03SP030000S500,2019.09,45309,FINAL,Dollars,6,S,Consolidated accounts - table 1.1,P03,Final consumption expenditure,,,5,Households,National Accounts - SNA 2008 - SNE,2019,9
SNEQ.SG03SP030000S500,2019.12,45761,FINAL,Dollars,6,S,Consolidated accounts - table 1.1,P03,Final consumption expenditure,,,5,Households,National Accounts - SNA 2008 - SNE,2019,12
SNEQ.SG03SP030000S500,2020.03,45562,FINAL,Dollars,6,S,Consolidated accounts - table 1.1,P03,Final consumption expenditure,,,5,Households,National Accounts - SNA 2008 - SNE,2020,3
SNEQ.SG03SP030000S500,2020.06,40461,FINAL,Dollars,6,S,Consolidated accounts - table 1.1,P03,Final consumption expenditure,,,5,Households,National Accounts - SNA 2008 - SNE,2020,6
SNEQ.SG03SP030000S500,2020.09,46342,FINAL,Dollars,6,S,Consolidated accounts - table 1.1,P03,Final consumption expenditure,,,5,Households,National Accounts - SNA 2008 - SNE,2020,9
SNEQ.SG03SP030000S500,2020.12,47366,FINAL,Dollars,6,S,Consolidated accounts - table 1.1,P03,Final consumption expenditure,,,5,Households,National Accounts - SNA 2008 - SNE,2020,12
SNEQ.SG03SP030000S500,2021.03,50000,FINAL,Dollars,6,S,Consolidated accounts - table 1.1,P03,Final consumption expenditure,,,5,Households,National Accounts - SNA 2008 - SNE,2021,3
SNEQ.SG03SP030000S500,2021.06,50676,FINAL,Dollars,6,S,Consolidated accounts - table 1.1,P03,Final consumption expenditure,,,5,Households,National Accounts - SNA 2008 - SNE,2021,6
SNEQ.SG03SP030000S500,2021.09,47848,FINAL,Dollars,6,S,Consolidated accounts - table 1.1,P03,Final consumption expenditure,,,5,Households,National Accounts - SNA 2008 - SNE,2021,9
SNEQ.SG03SP030000S500,2021.12,51024,FINAL,Dollars,6,S,Consolidated accounts - table 1.1,P03,Final consumption expenditure,,,5,Households,National Accounts - SNA 2008 - SNE,2021,12
SNEQ.SG03SP030000S500,2022.03,54284,FINAL,Dollars,6,S,Consolidated accounts - table 1.1,P03,Final consumption expenditure,,,5,Households,National Accounts - SNA 2008 - SNE,2022,3
SNEQ.SG03SP030000S500,2022.06,53999,FINAL,Dollars,6,S,Consolidated accounts - table 1.1,P03,Final consumption expenditure,,,5,Households,National Accounts - SNA 2008 - SNE,2022,6
SNEQ.SG03SP030000S500,2022.09,55427,FINAL,Dollars,6,S,Consolidated accounts - table 1.1,P03,Final consumption expenditure,,,5,Households,National Accounts - SNA 2008 - SNE,2022,9
SNEQ.SG03SP030000S500,2022.12,56727,FINAL,Dollars,6,S,Consolidated accounts - table 1.1,P03,Final consumption expenditure,,,5,Households,National Accounts - SNA 2008 - SNE,2022,12
SNEQ.SG03SP030000S500,2023.03,57781,FINAL,Dollars,6,S,Consolidated accounts - table 1.1,P03,Final consumption expenditure,,,5,Households,National Accounts - SNA 2008 - SNE,2023,3
SNEQ.SG03SP030000S500,2023.06,58730,FINAL,Dollars,6,S,Consolidated accounts - table 1.1,P03,Final consumption expenditure,,,5,Households,National Accounts - SNA 2008 - SNE,2023,6
SNEQ.SG03SP030000S500,2023.09,58786,FINAL,Dollars,6,S,Consolidated accounts - table 1.1,P03,Final consumption expenditure,,,5,Households,National Accounts - SNA 2008 - SNE,2023,9
SNEQ.SG03SP030000S500,2023.12,59360,FINAL,Dollars,6,S,Consolidated accounts - table 1.1,P03,Final consumption expenditure,,,5,Households,National Accounts - SNA 2008 - SNE,2023,12
SNEQ.SG03SP030000S500,2024.03,59806,FINAL,Dollars,6,S,Consolidated accounts - table 1.1,P03,Final consumption expenditure,,,5,Households,National Accounts - SNA 2008 - SNE,2024,3
SNEQ.SG03SP030000S500,2024.06,60105,FINAL,Dollars,6,S,Consolidated accounts - table 1.1,P03,Final consumption expenditure,,,5,Households,National Accounts - SNA 2008 - SNE,2024,6
SNEQ.SG03SP030000S500,2024.09,60424,FINAL,Dollars,6,S,Consolidated accounts - table 1.1,P03,Final consumption expenditure,,,5,Households,National Accounts - SNA 2008 - SNE,2024,9
SNEQ.SG03SP030000S500,2024.12,60893,FINAL,Dollars,6,S,Consolidated accounts - table 1.1,P03,Final consumption expenditure,,,5,Households,National Accounts - SNA 2008 - SNE,2024,12
SNEQ.SG03SP030000S500,2025.03,62207,FINAL,Dollars,6,S,Consolidated accounts - table 1.1,P03,Final consumption expenditure,,,5,Households,National Accounts - SNA 2008 - SNE,2025,3
SNEQ.SG03SB110000S600,2011.06,1171,FINAL,Dollars,6,S,Consolidated accounts - table 1.1,B11,Balance on external goods and services,,,6,Rest of world,National Accounts - SNA 2008 - SNE,2011,6
SNEQ.SG03SB110000S600,2011.09,971,FINAL,Dollars,6,S,Consolidated accounts - table 1.1,B11,Balance on external goods and services,,,6,Rest of world,National Accounts - SNA 2008 - SNE,2011,9
SNEQ.SG03SB110000S600,2011.12,1340,FINAL,Dollars,6,S,Consolidated accounts - table 1.1,B11,Balance on external goods and services,,,6,Rest of world,National Accounts - SNA 2008 - SNE,2011,12
SNEQ.SG03SB110000S600,2012.03,-221,FINAL,Dollars,6,S,Consolidated accounts - table 1.1,B11,Balance on external goods and services,,,6,Rest of world,National Accounts - SNA 2008 - SNE,2012,3
SNEQ.SG03SB110000S600,2012.06,447,FINAL,Dollars,6,S,Consolidated accounts - table 1.1,B11,Balance on external goods and services,,,6,Rest of world,National Accounts - SNA 2008 - SNE,2012,6
SNEQ.SG03SB110000S600,2012.09,618,FINAL,Dollars,6,S,Consolidated accounts - table 1.1,B11,Balance on external goods and services,,,6,Rest of world,National Accounts - SNA 2008 - SNE,2012,9
SNEQ.SG03SB110000S600,2012.12,168,FINAL,Dollars,6,S,Consolidated accounts - table 1.1,B11,Balance on external goods and services,,,6,Rest of world,National Accounts - SNA 2008 - SNE,2012,12
SNEQ.SG03SB110000S600,2013.03,260,FINAL,Dollars,6,S,Consolidated accounts - table 1.1,B11,Balance on external goods and services,,,6,Rest of world,National Accounts - SNA 2008 - SNE,2013,3
SNEQ.SG03SB110000S600,2013.06,207,FINAL,Dollars,6,S,Consolidated accounts - table 1.1,B11,Balance on external goods and services,,,6,Rest of world,National Accounts - SNA 2008 - SNE,2013,6
SNEQ.SG03SB110000S600,2013.09,231,FINAL,Dollars,6,S,Consolidated accounts - table 1.1,B11,Balance on external goods and services,,,6,Rest of world,National Accounts - SNA 2008 - SNE,2013,9
SNEQ.SG03SB110000S600,2013.12,1684,FINAL,Dollars,6,S,Consolidated accounts - table 1.1,B11,Balance on external goods and services,,,6,Rest of world,National Accounts - SNA 2008 - SNE,2013,12
SNEQ.SG03SB110000S600,2014.03,1488,FINAL,Dollars,6,S,Consolidated accounts - table 1.1,B11,Balance on external goods and services,,,6,Rest of world,National Accounts - SNA 2008 - SNE,2014,3
SNEQ.SG03SB110000S600,2014.06,695,FINAL,Dollars,6,S,Consolidated accounts - table 1.1,B11,Balance on external goods and services,,,6,Rest of world,National Accounts - SNA 2008 - SNE,2014,6
SNEQ.SG03SB110000S600,2014.09,135,FINAL,Dollars,6,S,Consolidated accounts - table 1.1,B11,Balance on external goods and services,,,6,Rest of world,National Accounts - SNA 2008 - SNE,2014,9
SNEQ.SG03SB110000S600,2014.12,339,FINAL,Dollars,6,S,Consolidated accounts - table 1.1,B11,Balance on external goods and services,,,6,Rest of world,National Accounts - SNA 2008 - SNE,2014,12
SNEQ.SG03SB110000S600,2015.03,694,FINAL,Dollars,6,S,Consolidated accounts - table 1.1,B11,Balance on external goods and services,,,6,Rest of world,National Accounts - SNA 2008 - SNE,2015,3
SNEQ.SG03SB110000S600,2015.06,431,FINAL,Dollars,6,S,Consolidated accounts - table 1.1,B11,Balance on external goods and services,,,6,Rest of world,National Accounts - SNA 2008 - SNE,2015,6
SNEQ.SG03SB110000S600,2015.09,812,FINAL,Dollars,6,S,Consolidated accounts - table 1.1,B11,Balance on external goods and services,,,6,Rest of world,National Accounts - SNA 2008 - SNE,2015,9
SNEQ.SG03SB110000S600,2015.12,431,FINAL,Dollars,6,S,Consolidated accounts - table 1.1,B11,Balance on external goods and services,,,6,Rest of world,National Accounts - SNA 2008 - SNE,2015,12
SNEQ.SG03SB110000S600,2016.03,1073,FINAL,Dollars,6,S,Consolidated accounts - table 1.1,B11,Balance on external goods and services,,,6,Rest of world,National Accounts - SNA 2008 - SNE,2016,3
SNEQ.SG03SB110000S600,2016.06,729,FINAL,Dollars,6,S,Consolidated accounts - table 1.1,B11,Balance on external goods and services,,,6,Rest of world,National Accounts - SNA 2008 - SNE,2016,6
SNEQ.SG03SB110000S600,2016.09,524,FINAL,Dollars,6,S,Consolidated accounts - table 1.1,B11,Balance on external goods and services,,,6,Rest of world,National Accounts - SNA 2008 - SNE,2016,9
SNEQ.SG03SB110000S600,2016.12,445,FINAL,Dollars,6,S,Consolidated accounts - table 1.1,B11,Balance on external goods and services,,,6,Rest of world,National Accounts - SNA 2008 - SNE,2016,12
SNEQ.SG03SB110000S600,2017.03,406,FINAL,Dollars,6,S,Consolidated accounts - table 1.1,B11,Balance on external goods and services,,,6,Rest of world,National Accounts - SNA 2008 - SNE,2017,3
SNEQ.SG03SB110000S600,2017.06,936,FINAL,Dollars,6,S,Consolidated accounts - table 1.1,B11,Balance on external goods and services,,,6,Rest of world,National Accounts - SNA 2008 - SNE,2017,6
SNEQ.SG03SB110000S600,2017.09,1231,FINAL,Dollars,6,S,Consolidated accounts - table 1.1,B11,Balance on external goods and services,,,6,Rest of world,National Accounts - SNA 2008 - SNE,2017,9
SNEQ.SG03SB110000S600,2017.12,752,FINAL,Dollars,6,S,Consolidated accounts - table 1.1,B11,Balance on external goods and services,,,6,Rest of world,National Accounts - SNA 2008 - SNE,2017,12
SNEQ.SG03SB110000S600,2018.03,-159,FINAL,Dollars,6,S,Consolidated accounts - table 1.1,B11,Balance on external goods and services,,,6,Rest of world,National Accounts - SNA 2008 - SNE,2018,3
SNEQ.SG03SB110000S600,2018.06,-81,FINAL,Dollars,6,S,Consolidated accounts - table 1.1,B11,Balance on external goods and services,,,6,Rest of world,National Accounts - SNA 2008 - SNE,2018,6
SNEQ.SG03SB110000S600,2018.09,68,FINAL,Dollars,6,S,Consolidated accounts - table 1.1,B11,Balance on external goods and services,,,6,Rest of world,National Accounts - SNA 2008 - SNE,2018,9
SNEQ.SG03SB110000S600,2018.12,-146,FINAL,Dollars,6,S,Consolidated accounts - table 1.1,B11,Balance on external goods and services,,,6,Rest of world,National Accounts - SNA 2008 - SNE,2018,12
SNEQ.SG03SB110000S600,2019.03,131,FINAL,Dollars,6,S,Consolidated accounts - table 1.1,B11,Balance on external goods and services,,,6,Rest of world,National Accounts - SNA 2008 - SNE,2019,3
SNEQ.SG03SB110000S600,2019.06,-1,FINAL,Dollars,6,S,Consolidated accounts - table 1.1,B11,Balance on external goods and services,,,6,Rest of world,National Accounts - SNA 2008 - SNE,2019,6
SNEQ.SG03SB110000S600,2019.09,-85,FINAL,Dollars,6,S,Consolidated accounts - table 1.1,B11,Balance on external goods and services,,,6,Rest of world,National Accounts - SNA 2008 - SNE,2019,9
SNEQ.SG03SB110000S600,2019.12,52,FINAL,Dollars,6,S,Consolidated accounts - table 1.1,B11,Balance on external goods and services,,,6,Rest of world,National Accounts - SNA 2008 - SNE,2019,12
SNEQ.SG03SB110000S600,2020.03,770,FINAL,Dollars,6,S,Consolidated accounts - table 1.1,B11,Balance on external goods and services,,,6,Rest of world,National Accounts - SNA 2008 - SNE,2020,3
SNEQ.SG03SB110000S600,2020.06,2014,FINAL,Dollars,6,S,Consolidated accounts - table 1.1,B11,Balance on external goods and services,,,6,Rest of world,National Accounts - SNA 2008 - SNE,2020,6
SNEQ.SG03SB110000S600,2020.09,702,FINAL,Dollars,6,S,Consolidated accounts - table 1.1,B11,Balance on external goods and services,,,6,Rest of world,National Accounts - SNA 2008 - SNE,2020,9
SNEQ.SG03SB110000S600,2020.12,-768,FINAL,Dollars,6,S,Consolidated accounts - table 1.1,B11,Balance on external goods and services,,,6,Rest of world,National Accounts - SNA 2008 - SNE,2020,12
SNEQ.SG03SB110000S600,2021.03,-3824,FINAL,Dollars,6,S,Consolidated accounts - table 1.1,B11,Balance on external goods and services,,,6,Rest of world,National Accounts - SNA 2008 - SNE,2021,3
SNEQ.SG03SB110000S600,2021.06,-395,FINAL,Dollars,6,S,Consolidated accounts - table 1.1,B11,Balance on external goods and services,,,6,Rest of world,National Accounts - SNA 2008 - SNE,2021,6
SNEQ.SG03SB110000S600,2021.09,-2908,FINAL,Dollars,6,S,Consolidated accounts - table 1.1,B11,Balance on external goods and services,,,6,Rest of world,National Accounts - SNA 2008 - SNE,2021,9
SNEQ.SG03SB110000S600,2021.12,-4017,FINAL,Dollars,6,S,Consolidated accounts - table 1.1,B11,Balance on external goods and services,,,6,Rest of world,National Accounts - SNA 2008 - SNE,2021,12
SNEQ.SG03SB110000S600,2022.03,-6671,FINAL,Dollars,6,S,Consolidated accounts - table 1.1,B11,Balance on external goods and services,,,6,Rest of world,National Accounts - SNA 2008 - SNE,2022,3
SNEQ.SG03SB110000S600,2022.06,-4964,FINAL,Dollars,6,S,Consolidated accounts - table 1.1,B11,Balance on external goods and services,,,6,Rest of world,National Accounts - SNA 2008 - SNE,2022,6
SNEQ.SG03SB110000S600,2022.09,-4254,FINAL,Dollars,6,S,Consolidated accounts - table 1.1,B11,Balance on external goods and services,,,6,Rest of world,National Accounts - SNA 2008 - SNE,2022,9
SNEQ.SG03SB110000S600,2022.12,-5906,FINAL,Dollars,6,S,Consolidated accounts - table 1.1,B11,Balance on external goods and services,,,6,Rest of world,National Accounts - SNA 2008 - SNE,2022,12
SNEQ.SG03SB110000S600,2023.03,-5584,FINAL,Dollars,6,S,Consolidated accounts - table 1.1,B11,Balance on external goods and services,,,6,Rest of world,National Accounts - SNA 2008 - SNE,2023,3
SNEQ.SG03SB110000S600,2023.06,-2885,FINAL,Dollars,6,S,Consolidated accounts - table 1.1,B11,Balance on external goods and services,,,6,Rest of world,National Accounts - SNA 2008 - SNE,2023,6
SNEQ.SG03SB110000S600,2023.09,-3156,FINAL,Dollars,6,S,Consolidated accounts - table 1.1,B11,Balance on external goods and services,,,6,Rest of world,National Accounts - SNA 2008 - SNE,2023,9
SNEQ.SG03SB110000S600,2023.12,-3131,FINAL,Dollars,6,S,Consolidated accounts - table 1.1,B11,Balance on external goods and services,,,6,Rest of world,National Accounts - SNA 2008 - SNE,2023,12
SNEQ.SG03SB110000S600,2024.03,-3213,FINAL,Dollars,6,S,Consolidated accounts - table 1.1,B11,Balance on external goods and services,,,6,Rest of world,National Accounts - SNA 2008 - SNE,2024,3
SNEQ.SG03SB110000S600,2024.06,-2845,FINAL,Dollars,6,S,Consolidated accounts - table 1.1,B11,Balance on external goods and services,,,6,Rest of world,National Accounts - SNA 2008 - SNE,2024,6
SNEQ.SG03SB110000S600,2024.09,-2526,FINAL,Dollars,6,S,Consolidated accounts - table 1.1,B11,Balance on external goods and services,,,6,Rest of world,National Accounts - SNA 2008 - SNE,2024,9
SNEQ.SG03SB110000S600,2024.12,-1670,FINAL,Dollars,6,S,Consolidated accounts - table 1.1,B11,Balance on external goods and services,,,6,Rest of world,National Accounts - SNA 2008 - SNE,2024,12
SNEQ.SG03SB110000S600,2025.03,-1525,FINAL,Dollars,6,S,Consolidated accounts - table 1.1,B11,Balance on external goods and services,,,6,Rest of world,National Accounts - SNA 2008 - SNE,2025,3
SNEQ.SG03SP060000S600,2011.06,16484,FINAL,Dollars,6,S,Consolidated accounts - table 1.1,P06,Exports of goods and services,,,6,Rest of world,National Accounts - SNA 2008 - SNE,2011,6
SNEQ.SG03SP060000S600,2011.09,16121,FINAL,Dollars,6,S,Consolidated accounts - table 1.1,P06,Exports of goods and services,,,6,Rest of world,National Accounts - SNA 2008 - SNE,2011,9
SNEQ.SG03SP060000S600,2011.12,16652,FINAL,Dollars,6,S,Consolidated accounts - table 1.1,P06,Exports of goods and services,,,6,Rest of world,National Accounts - SNA 2008 - SNE,2011,12
SNEQ.SG03SP060000S600,2012.03,15467,FINAL,Dollars,6,S,Consolidated accounts - table 1.1,P06,Exports of goods and services,,,6,Rest of world,National Accounts - SNA 2008 - SNE,2012,3
SNEQ.SG03SP060000S600,2012.06,15890,FINAL,Dollars,6,S,Consolidated accounts - table 1.1,P06,Exports of goods and services,,,6,Rest of world,National Accounts - SNA 2008 - SNE,2012,6
SNEQ.SG03SP060000S600,2012.09,16018,FINAL,Dollars,6,S,Consolidated accounts - table 1.1,P06,Exports of goods and services,,,6,Rest of world,National Accounts - SNA 2008 - SNE,2012,9
SNEQ.SG03SP060000S600,2012.12,15336,FINAL,Dollars,6,S,Consolidated accounts - table 1.1,P06,Exports of goods and services,,,6,Rest of world,National Accounts - SNA 2008 - SNE,2012,12
SNEQ.SG03SP060000S600,2013.03,15515,FINAL,Dollars,6,S,Consolidated accounts - table 1.1,P06,Exports of goods and services,,,6,Rest of world,National Accounts - SNA 2008 - SNE,2013,3
SNEQ.SG03SP060000S600,2013.06,15557,FINAL,Dollars,6,S,Consolidated accounts - table 1.1,P06,Exports of goods and services,,,6,Rest of world,National Accounts - SNA 2008 - SNE,2013,6
SNEQ.SG03SP060000S600,2013.09,16473,FINAL,Dollars,6,S,Consolidated accounts - table 1.1,P06,Exports of goods and services,,,6,Rest of world,National Accounts - SNA 2008 - SNE,2013,9
SNEQ.SG03SP060000S600,2013.12,17355,FINAL,Dollars,6,S,Consolidated accounts - table 1.1,P06,Exports of goods and services,,,6,Rest of world,National Accounts - SNA 2008 - SNE,2013,12
SNEQ.SG03SP060000S600,2014.03,17562,FINAL,Dollars,6,S,Consolidated accounts - table 1.1,P06,Exports of goods and services,,,6,Rest of world,National Accounts - SNA 2008 - SNE,2014,3
SNEQ.SG03SP060000S600,2014.06,16862,FINAL,Dollars,6,S,Consolidated accounts - table 1.1,P06,Exports of goods and services,,,6,Rest of world,National Accounts - SNA 2008 - SNE,2014,6
SNEQ.SG03SP060000S600,2014.09,16420,FINAL,Dollars,6,S,Consolidated accounts - table 1.1,P06,Exports of goods and services,,,6,Rest of world,National Accounts - SNA 2008 - SNE,2014,9
SNEQ.SG03SP060000S600,2014.12,17195,FINAL,Dollars,6,S,Consolidated accounts - table 1.1,P06,Exports of goods and services,,,6,Rest of world,National Accounts - SNA 2008 - SNE,2014,12
SNEQ.SG03SP060000S600,2015.03,17343,FINAL,Dollars,6,S,Consolidated accounts - table 1.1,P06,Exports of goods and services,,,6,Rest of world,National Accounts - SNA 2008 - SNE,2015,3
SNEQ.SG03SP060000S600,2015.06,17300,FINAL,Dollars,6,S,Consolidated accounts - table 1.1,P06,Exports of goods and services,,,6,Rest of world,National Accounts - SNA 2008 - SNE,2015,6
SNEQ.SG03SP060000S600,2015.09,18458,FINAL,Dollars,6,S,Consolidated accounts - table 1.1,P06,Exports of goods and services,,,6,Rest of world,National Accounts - SNA 2008 - SNE,2015,9
SNEQ.SG03SP060000S600,2015.12,17751,FINAL,Dollars,6,S,Consolidated accounts - table 1.1,P06,Exports of goods and services,,,6,Rest of world,National Accounts - SNA 2008 - SNE,2015,12
SNEQ.SG03SP060000S600,2016.03,17991,FINAL,Dollars,6,S,Consolidated accounts - table 1.1,P06,Exports of goods and services,,,6,Rest of world,National Accounts - SNA 2008 - SNE,2016,3
SNEQ.SG03SP060000S600,2016.06,18045,FINAL,Dollars,6,S,Consolidated accounts - table 1.1,P06,Exports of goods and services,,,6,Rest of world,National Accounts - SNA 2008 - SNE,2016,6
SNEQ.SG03SP060000S600,2016.09,17713,FINAL,Dollars,6,S,Consolidated accounts - table 1.1,P06,Exports of goods and services,,,6,Rest of world,National Accounts - SNA 2008 - SNE,2016,9
SNEQ.SG03SP060000S600,2016.12,17793,FINAL,Dollars,6,S,Consolidated accounts - table 1.1,P06,Exports of goods and services,,,6,Rest of world,National Accounts - SNA 2008 - SNE,2016,12
SNEQ.SG03SP060000S600,2017.03,18727,FINAL,Dollars,6,S,Consolidated accounts - table 1.1,P06,Exports of goods and services,,,6,Rest of world,National Accounts - SNA 2008 - SNE,2017,3
SNEQ.SG03SP060000S600,2017.06,19659,FINAL,Dollars,6,S,Consolidated accounts - table 1.1,P06,Exports of goods and services,,,6,Rest of world,National Accounts - SNA 2008 - SNE,2017,6
SNEQ.SG03SP060000S600,2017.09,19574,FINAL,Dollars,6,S,Consolidated accounts - table 1.1,P06,Exports of goods and services,,,6,Rest of world,National Accounts - SNA 2008 - SNE,2017,9
SNEQ.SG03SP060000S600,2017.12,20682,FINAL,Dollars,6,S,Consolidated accounts - table 1.1,P06,Exports of goods and services,,,6,Rest of world,National Accounts - SNA 2008 - SNE,2017,12
SNEQ.SG03SP060000S600,2018.03,20281,FINAL,Dollars,6,S,Consolidated accounts - table 1.1,P06,Exports of goods and services,,,6,Rest of world,National Accounts - SNA 2008 - SNE,2018,3
SNEQ.SG03SP060000S600,2018.06,20810,FINAL,Dollars,6,S,Consolidated accounts - table 1.1,P06,Exports of goods and services,,,6,Rest of world,National Accounts - SNA 2008 - SNE,2018,6
SNEQ.SG03SP060000S600,2018.09,21539,FINAL,Dollars,6,S,Consolidated accounts - table 1.1,P06,Exports of goods and services,,,6,Rest of world,National Accounts - SNA 2008 - SNE,2018,9
SNEQ.SG03SP060000S600,2018.12,21390,FINAL,Dollars,6,S,Consolidated accounts - table 1.1,P06,Exports of goods and services,,,6,Rest of world,National Accounts - SNA 2008 - SNE,2018,12
SNEQ.SG03SP060000S600,2019.03,21694,FINAL,Dollars,6,S,Consolidated accounts - table 1.1,P06,Exports of goods and services,,,6,Rest of world,National Accounts - SNA 2008 - SNE,2019,3
SNEQ.SG03SP060000S600,2019.06,21794,FINAL,Dollars,6,S,Consolidated accounts - table 1.1,P06,Exports of goods and services,,,6,Rest of world,National Accounts - SNA 2008 - SNE,2019,6
SNEQ.SG03SP060000S600,2019.09,21890,FINAL,Dollars,6,S,Consolidated accounts - table 1.1,P06,Exports of goods and services,,,6,Rest of world,National Accounts - SNA 2008 - SNE,2019,9
SNEQ.SG03SP060000S600,2019.12,22354,FINAL,Dollars,6,S,Consolidated accounts - table 1.1,P06,Exports of goods and services,,,6,Rest of world,National Accounts - SNA 2008 - SNE,2019,12
SNEQ.SG03SP060000S600,2020.03,22325,FINAL,Dollars,6,S,Consolidated accounts - table 1.1,P06,Exports of goods and services,,,6,Rest of world,National Accounts - SNA 2008 - SNE,2020,3
SNEQ.SG03SP060000S600,2020.06,18562,FINAL,Dollars,6,S,Consolidated accounts - table 1.1,P06,Exports of goods and services,,,6,Rest of world,National Accounts - SNA 2008 - SNE,2020,6
SNEQ.SG03SP060000S600,2020.09,18215,FINAL,Dollars,6,S,Consolidated accounts - table 1.1,P06,Exports of goods and services,,,6,Rest of world,National Accounts - SNA 2008 - SNE,2020,9
SNEQ.SG03SP060000S600,2020.12,18089,FINAL,Dollars,6,S,Consolidated accounts - table 1.1,P06,Exports of goods and services,,,6,Rest of world,National Accounts - SNA 2008 - SNE,2020,12
SNEQ.SG03SP060000S600,2021.03,16541,FINAL,Dollars,6,S,Consolidated accounts - table 1.1,P06,Exports of goods and services,,,6,Rest of world,National Accounts - SNA 2008 - SNE,2021,3
SNEQ.SG03SP060000S600,2021.06,20785,FINAL,Dollars,6,S,Consolidated accounts - table 1.1,P06,Exports of goods and services,,,6,Rest of world,National Accounts - SNA 2008 - SNE,2021,6
SNEQ.SG03SP060000S600,2021.09,20093,FINAL,Dollars,6,S,Consolidated accounts - table 1.1,P06,Exports of goods and services,,,6,Rest of world,National Accounts - SNA 2008 - SNE,2021,9
SNEQ.SG03SP060000S600,2021.12,20498,FINAL,Dollars,6,S,Consolidated accounts - table 1.1,P06,Exports of goods and services,,,6,Rest of world,National Accounts - SNA 2008 - SNE,2021,12
SNEQ.SG03SP060000S600,2022.03,18830,FINAL,Dollars,6,S,Consolidated accounts - table 1.1,P06,Exports of goods and services,,,6,Rest of world,National Accounts - SNA 2008 - SNE,2022,3
SNEQ.SG03SP060000S600,2022.06,22405,FINAL,Dollars,6,S,Consolidated accounts - table 1.1,P06,Exports of goods and services,,,6,Rest of world,National Accounts - SNA 2008 - SNE,2022,6
SNEQ.SG03SP060000S600,2022.09,25123,FINAL,Dollars,6,S,Consolidated accounts - table 1.1,P06,Exports of goods and services,,,6,Rest of world,National Accounts - SNA 2008 - SNE,2022,9
SNEQ.SG03SP060000S600,2022.12,24215,FINAL,Dollars,6,S,Consolidated accounts - table 1.1,P06,Exports of goods and services,,,6,Rest of world,National Accounts - SNA 2008 - SNE,2022,12
SNEQ.SG03SP060000S600,2023.03,23173,FINAL,Dollars,6,S,Consolidated accounts - table 1.1,P06,Exports of goods and services,,,6,Rest of world,National Accounts - SNA 2008 - SNE,2023,3
SNEQ.SG03SP060000S600,2023.06,24989,FINAL,Dollars,6,S,Consolidated accounts - table 1.1,P06,Exports of goods and services,,,6,Rest of world,National Accounts - SNA 2008 - SNE,2023,6
SNEQ.SG03SP060000S600,2023.09,24483,FINAL,Dollars,6,S,Consolidated accounts - table 1.1,P06,Exports of goods and services,,,6,Rest of world,National Accounts - SNA 2008 - SNE,2023,9
SNEQ.SG03SP060000S600,2023.12,24315,FINAL,Dollars,6,S,Consolidated accounts - table 1.1,P06,Exports of goods and services,,,6,Rest of world,National Accounts - SNA 2008 - SNE,2023,12
SNEQ.SG03SP060000S600,2024.03,24763,FINAL,Dollars,6,S,Consolidated accounts - table 1.1,P06,Exports of goods and services,,,6,Rest of world,National Accounts - SNA 2008 - SNE,2024,3
SNEQ.SG03SP060000S600,2024.06,25391,FINAL,Dollars,6,S,Consolidated accounts - table 1.1,P06,Exports of goods and services,,,6,Rest of world,National Accounts - SNA 2008 - SNE,2024,6
SNEQ.SG03SP060000S600,2024.09,25154,FINAL,Dollars,6,S,Consolidated accounts - table 1.1,P06,Exports of goods and services,,,6,Rest of world,National Accounts - SNA 2008 - SNE,2024,9
SNEQ.SG03SP060000S600,2024.12,26860,FINAL,Dollars,6,S,Consolidated accounts - table 1.1,P06,Exports of goods and services,,,6,Rest of world,National Accounts - SNA 2008 - SNE,2024,12
SNEQ.SG03SP060000S600,2025.03,28358,FINAL,Dollars,6,S,Consolidated accounts - table 1.1,P06,Exports of goods and services,,,6,Rest of world,National Accounts - SNA 2008 - SNE,2025,3
SNEQ.SG03SP070000S600,2011.06,15312,FINAL,Dollars,6,S,Consolidated accounts - table 1.1,P07,Imports of goods and services,,,6,Rest of world,National Accounts - SNA 2008 - SNE,2011,6
SNEQ.SG03SP070000S600,2011.09,15150,FINAL,Dollars,6,S,Consolidated accounts - table 1.1,P07,Imports of goods and services,,,6,Rest of world,National Accounts - SNA 2008 - SNE,2011,9
SNEQ.SG03SP070000S600,2011.12,15312,FINAL,Dollars,6,S,Consolidated accounts - table 1.1,P07,Imports of goods and services,,,6,Rest of world,National Accounts - SNA 2008 - SNE,2011,12
SNEQ.SG03SP070000S600,2012.03,15688,FINAL,Dollars,6,S,Consolidated accounts - table 1.1,P07,Imports of goods and services,,,6,Rest of world,National Accounts - SNA 2008 - SNE,2012,3
SNEQ.SG03SP070000S600,2012.06,15443,FINAL,Dollars,6,S,Consolidated accounts - table 1.1,P07,Imports of goods and services,,,6,Rest of world,National Accounts - SNA 2008 - SNE,2012,6
SNEQ.SG03SP070000S600,2012.09,15400,FINAL,Dollars,6,S,Consolidated accounts - table 1.1,P07,Imports of goods and services,,,6,Rest of world,National Accounts - SNA 2008 - SNE,2012,9
SNEQ.SG03SP070000S600,2012.12,15168,FINAL,Dollars,6,S,Consolidated accounts - table 1.1,P07,Imports of goods and services,,,6,Rest of world,National Accounts - SNA 2008 - SNE,2012,12
SNEQ.SG03SP070000S600,2013.03,15255,FINAL,Dollars,6,S,Consolidated accounts - table 1.1,P07,Imports of goods and services,,,6,Rest of world,National Accounts - SNA 2008 - SNE,2013,3
SNEQ.SG03SP070000S600,2013.06,15349,FINAL,Dollars,6,S,Consolidated accounts - table 1.1,P07,Imports of goods and services,,,6,Rest of world,National Accounts - SNA 2008 - SNE,2013,6
SNEQ.SG03SP070000S600,2013.09,16242,FINAL,Dollars,6,S,Consolidated accounts - table 1.1,P07,Imports of goods and services,,,6,Rest of world,National Accounts - SNA 2008 - SNE,2013,9
SNEQ.SG03SP070000S600,2013.12,15671,FINAL,Dollars,6,S,Consolidated accounts - table 1.1,P07,Imports of goods and services,,,6,Rest of world,National Accounts - SNA 2008 - SNE,2013,12
SNEQ.SG03SP070000S600,2014.03,16074,FINAL,Dollars,6,S,Consolidated accounts - table 1.1,P07,Imports of goods and services,,,6,Rest of world,National Accounts - SNA 2008 - SNE,2014,3
SNEQ.SG03SP070000S600,2014.06,16167,FINAL,Dollars,6,S,Consolidated accounts - table 1.1,P07,Imports of goods and services,,,6,Rest of world,National Accounts - SNA 2008 - SNE,2014,6
SNEQ.SG03SP070000S600,2014.09,16285,FINAL,Dollars,6,S,Consolidated accounts - table 1.1,P07,Imports of goods and services,,,6,Rest of world,National Accounts - SNA 2008 - SNE,2014,9
SNEQ.SG03SP070000S600,2014.12,16856,FINAL,Dollars,6,S,Consolidated accounts - table 1.1,P07,Imports of goods and services,,,6,Rest of world,National Accounts - SNA 2008 - SNE,2014,12
SNEQ.SG03SP070000S600,2015.03,16649,FINAL,Dollars,6,S,Consolidated accounts - table 1.1,P07,Imports of goods and services,,,6,Rest of world,National Accounts - SNA 2008 - SNE,2015,3
SNEQ.SG03SP070000S600,2015.06,16869,FINAL,Dollars,6,S,Consolidated accounts - table 1.1,P07,Imports of goods and services,,,6,Rest of world,National Accounts - SNA 2008 - SNE,2015,6
SNEQ.SG03SP070000S600,2015.09,17646,FINAL,Dollars,6,S,Consolidated accounts - table 1.1,P07,Imports of goods and services,,,6,Rest of world,National Accounts - SNA 2008 - SNE,2015,9
SNEQ.SG03SP070000S600,2015.12,17320,FINAL,Dollars,6,S,Consolidated accounts - table 1.1,P07,Imports of goods and services,,,6,Rest of world,National Accounts - SNA 2008 - SNE,2015,12
SNEQ.SG03SP070000S600,2016.03,16918,FINAL,Dollars,6,S,Consolidated accounts - table 1.1,P07,Imports of goods and services,,,6,Rest of world,National Accounts - SNA 2008 - SNE,2016,3
SNEQ.SG03SP070000S600,2016.06,17316,FINAL,Dollars,6,S,Consolidated accounts - table 1.1,P07,Imports of goods and services,,,6,Rest of world,National Accounts - SNA 2008 - SNE,2016,6
SNEQ.SG03SP070000S600,2016.09,17189,FINAL,Dollars,6,S,Consolidated accounts - table 1.1,P07,Imports of goods and services,,,6,Rest of world,National Accounts - SNA 2008 - SNE,2016,9
SNEQ.SG03SP070000S600,2016.12,17348,FINAL,Dollars,6,S,Consolidated accounts - table 1.1,P07,Imports of goods and services,,,6,Rest of world,National Accounts - SNA 2008 - SNE,2016,12
SNEQ.SG03SP070000S600,2017.03,18321,FINAL,Dollars,6,S,Consolidated accounts - table 1.1,P07,Imports of goods and services,,,6,Rest of world,National Accounts - SNA 2008 - SNE,2017,3
SNEQ.SG03SP070000S600,2017.06,18723,FINAL,Dollars,6,S,Consolidated accounts - table 1.1,P07,Imports of goods and services,,,6,Rest of world,National Accounts - SNA 2008 - SNE,2017,6
SNEQ.SG03SP070000S600,2017.09,18343,FINAL,Dollars,6,S,Consolidated accounts - table 1.1,P07,Imports of goods and services,,,6,Rest of world,National Accounts - SNA 2008 - SNE,2017,9
SNEQ.SG03SP070000S600,2017.12,19930,FINAL,Dollars,6,S,Consolidated accounts - table 1.1,P07,Imports of goods and services,,,6,Rest of world,National Accounts - SNA 2008 - SNE,2017,12
SNEQ.SG03SP070000S600,2018.03,20441,FINAL,Dollars,6,S,Consolidated accounts - table 1.1,P07,Imports of goods and services,,,6,Rest of world,National Accounts - SNA 2008 - SNE,2018,3
SNEQ.SG03SP070000S600,2018.06,20891,FINAL,Dollars,6,S,Consolidated accounts - table 1.1,P07,Imports of goods and services,,,6,Rest of world,National Accounts - SNA 2008 - SNE,2018,6
SNEQ.SG03SP070000S600,2018.09,21471,FINAL,Dollars,6,S,Consolidated accounts - table 1.1,P07,Imports of goods and services,,,6,Rest of world,National Accounts - SNA 2008 - SNE,2018,9
SNEQ.SG03SP070000S600,2018.12,21536,FINAL,Dollars,6,S,Consolidated accounts - table 1.1,P07,Imports of goods and services,,,6,Rest of world,National Accounts - SNA 2008 - SNE,2018,12
SNEQ.SG03SP070000S600,2019.03,21563,FINAL,Dollars,6,S,Consolidated accounts - table 1.1,P07,Imports of goods and services,,,6,Rest of world,National Accounts - SNA 2008 - SNE,2019,3
SNEQ.SG03SP070000S600,2019.06,21795,FINAL,Dollars,6,S,Consolidated accounts - table 1.1,P07,Imports of goods and services,,,6,Rest of world,National Accounts - SNA 2008 - SNE,2019,6
SNEQ.SG03SP070000S600,2019.09,21975,FINAL,Dollars,6,S,Consolidated accounts - table 1.1,P07,Imports of goods and services,,,6,Rest of world,National Accounts - SNA 2008 - SNE,2019,9
SNEQ.SG03SP070000S600,2019.12,22302,FINAL,Dollars,6,S,Consolidated accounts - table 1.1,P07,Imports of goods and services,,,6,Rest of world,National Accounts - SNA 2008 - SNE,2019,12
SNEQ.SG03SP070000S600,2020.03,21555,FINAL,Dollars,6,S,Consolidated accounts - table 1.1,P07,Imports of goods and services,,,6,Rest of world,National Accounts - SNA 2008 - SNE,2020,3
SNEQ.SG03SP070000S600,2020.06,16548,FINAL,Dollars,6,S,Consolidated accounts - table 1.1,P07,Imports of goods and services,,,6,Rest of world,National Accounts - SNA 2008 - SNE,2020,6
SNEQ.SG03SP070000S600,2020.09,17513,FINAL,Dollars,6,S,Consolidated accounts - table 1.1,P07,Imports of goods and services,,,6,Rest of world,National Accounts - SNA 2008 - SNE,2020,9
SNEQ.SG03SP070000S600,2020.12,18857,FINAL,Dollars,6,S,Consolidated accounts - table 1.1,P07,Imports of goods and services,,,6,Rest of world,National Accounts - SNA 2008 - SNE,2020,12
SNEQ.SG03SP070000S600,2021.03,20365,FINAL,Dollars,6,S,Consolidated accounts - table 1.1,P07,Imports of goods and services,,,6,Rest of world,National Accounts - SNA 2008 - SNE,2021,3
SNEQ.SG03SP070000S600,2021.06,21180,FINAL,Dollars,6,S,Consolidated accounts - table 1.1,P07,Imports of goods and services,,,6,Rest of world,National Accounts - SNA 2008 - SNE,2021,6
SNEQ.SG03SP070000S600,2021.09,23001,FINAL,Dollars,6,S,Consolidated accounts - table 1.1,P07,Imports of goods and services,,,6,Rest of world,National Accounts - SNA 2008 - SNE,2021,9
SNEQ.SG03SP070000S600,2021.12,24515,FINAL,Dollars,6,S,Consolidated accounts - table 1.1,P07,Imports of goods and services,,,6,Rest of world,National Accounts - SNA 2008 - SNE,2021,12
SNEQ.SG03SP070000S600,2022.03,25502,FINAL,Dollars,6,S,Consolidated accounts - table 1.1,P07,Imports of goods and services,,,6,Rest of world,National Accounts - SNA 2008 - SNE,2022,3
SNEQ.SG03SP070000S600,2022.06,27369,FINAL,Dollars,6,S,Consolidated accounts - table 1.1,P07,Imports of goods and services,,,6,Rest of world,National Accounts - SNA 2008 - SNE,2022,6
SNEQ.SG03SP070000S600,2022.09,29378,FINAL,Dollars,6,S,Consolidated accounts - table 1.1,P07,Imports of goods and services,,,6,Rest of world,National Accounts - SNA 2008 - SNE,2022,9
SNEQ.SG03SP070000S600,2022.12,30121,FINAL,Dollars,6,S,Consolidated accounts - table 1.1,P07,Imports of goods and services,,,6,Rest of world,National Accounts - SNA 2008 - SNE,2022,12
SNEQ.SG03SP070000S600,2023.03,28756,FINAL,Dollars,6,S,Consolidated accounts - table 1.1,P07,Imports of goods and services,,,6,Rest of world,National Accounts - SNA 2008 - SNE,2023,3
SNEQ.SG03SP070000S600,2023.06,27874,FINAL,Dollars,6,S,Consolidated accounts - table 1.1,P07,Imports of goods and services,,,6,Rest of world,National Accounts - SNA 2008 - SNE,2023,6
SNEQ.SG03SP070000S600,2023.09,27639,FINAL,Dollars,6,S,Consolidated accounts - table 1.1,P07,Imports of goods and services,,,6,Rest of world,National Accounts - SNA 2008 - SNE,2023,9
SNEQ.SG03SP070000S600,2023.12,27446,FINAL,Dollars,6,S,Consolidated accounts - table 1.1,P07,Imports of goods and services,,,6,Rest of world,National Accounts - SNA 2008 - SNE,2023,12
SNEQ.SG03SP070000S600,2024.03,27976,FINAL,Dollars,6,S,Consolidated accounts - table 1.1,P07,Imports of goods and services,,,6,Rest of world,National Accounts - SNA 2008 - SNE,2024,3
SNEQ.SG03SP070000S600,2024.06,28236,FINAL,Dollars,6,S,Consolidated accounts - table 1.1,P07,Imports of goods and services,,,6,Rest of world,National Accounts - SNA 2008 - SNE,2024,6
SNEQ.SG03SP070000S600,2024.09,27680,FINAL,Dollars,6,S,Consolidated accounts - table 1.1,P07,Imports of goods and services,,,6,Rest of world,National Accounts - SNA 2008 - SNE,2024,9
SNEQ.SG03SP070000S600,2024.12,28530,FINAL,Dollars,6,S,Consolidated accounts - table 1.1,P07,Imports of goods and services,,,6,Rest of world,National Accounts - SNA 2008 - SNE,2024,12
SNEQ.SG03SP070000S600,2025.03,29883,FINAL,Dollars,6,S,Consolidated accounts - table 1.1,P07,Imports of goods and services,,,6,Rest of world,National Accounts - SNA 2008 - SNE,2025,3
SNEQ.SG04SB02G000S900,2016.06,28898,Experimental,Dollars,6,S,Consolidated accounts - table 1.2,B02G,Gross operating surplus and gross mixed income,,,,,National Accounts - SNA 2008 - SNE,2016,6
SNEQ.SG04SB02G000S900,2016.09,29309,Experimental,Dollars,6,S,Consolidated accounts - table 1.2,B02G,Gross operating surplus and gross mixed income,,,,,National Accounts - SNA 2008 - SNE,2016,9
SNEQ.SG04SB02G000S900,2016.12,30504,Experimental,Dollars,6,S,Consolidated accounts - table 1.2,B02G,Gross operating surplus and gross mixed income,,,,,National Accounts - SNA 2008 - SNE,2016,12
SNEQ.SG04SB02G000S900,2017.03,31186,Experimental,Dollars,6,S,Consolidated accounts - table 1.2,B02G,Gross operating surplus and gross mixed income,,,,,National Accounts - SNA 2008 - SNE,2017,3
SNEQ.SG04SB02G000S900,2017.06,31399,Experimental,Dollars,6,S,Consolidated accounts - table 1.2,B02G,Gross operating surplus and gross mixed income,,,,,National Accounts - SNA 2008 - SNE,2017,6
SNEQ.SG04SB02G000S900,2017.09,32218,Experimental,Dollars,6,S,Consolidated accounts - table 1.2,B02G,Gross operating surplus and gross mixed income,,,,,National Accounts - SNA 2008 - SNE,2017,9
SNEQ.SG04SB02G000S900,2017.12,33280,Experimental,Dollars,6,S,Consolidated accounts - table 1.2,B02G,Gross operating surplus and gross mixed income,,,,,National Accounts - SNA 2008 - SNE,2017,12
SNEQ.SG04SB02G000S900,2018.03,33336,Experimental,Dollars,6,S,Consolidated accounts - table 1.2,B02G,Gross operating surplus and gross mixed income,,,,,National Accounts - SNA 2008 - SNE,2018,3
SNEQ.SG04SB02G000S900,2018.06,34074,Experimental,Dollars,6,S,Consolidated accounts - table 1.2,B02G,Gross operating surplus and gross mixed income,,,,,National Accounts - SNA 2008 - SNE,2018,6
SNEQ.SG04SB02G000S900,2018.09,33555,Experimental,Dollars,6,S,Consolidated accounts - table 1.2,B02G,Gross operating surplus and gross mixed income,,,,,National Accounts - SNA 2008 - SNE,2018,9
SNEQ.SG04SB02G000S900,2018.12,33489,Experimental,Dollars,6,S,Consolidated accounts - table 1.2,B02G,Gross operating surplus and gross mixed income,,,,,National Accounts - SNA 2008 - SNE,2018,12
SNEQ.SG04SB02G000S900,2019.03,34790,Experimental,Dollars,6,S,Consolidated accounts - table 1.2,B02G,Gross operating surplus and gross mixed income,,,,,National Accounts - SNA 2008 - SNE,2019,3
SNEQ.SG04SB02G000S900,2019.06,34990,Experimental,Dollars,6,S,Consolidated accounts - table 1.2,B02G,Gross operating surplus and gross mixed income,,,,,National Accounts - SNA 2008 - SNE,2019,6
SNEQ.SG04SB02G000S900,2019.09,35294,Experimental,Dollars,6,S,Consolidated accounts - table 1.2,B02G,Gross operating surplus and gross mixed income,,,,,National Accounts - SNA 2008 - SNE,2019,9
SNEQ.SG04SB02G000S900,2019.12,35757,Experimental,Dollars,6,S,Consolidated accounts - table 1.2,B02G,Gross operating surplus and gross mixed income,,,,,National Accounts - SNA 2008 - SNE,2019,12
SNEQ.SG04SB02G000S900,2020.03,39273,Experimental,Dollars,6,S,Consolidated accounts - table 1.2,B02G,Gross operating surplus and gross mixed income,,,,,National Accounts - SNA 2008 - SNE,2020,3
SNEQ.SG04SB02G000S900,2020.06,38648,Experimental,Dollars,6,S,Consolidated accounts - table 1.2,B02G,Gross operating surplus and gross mixed income,,,,,National Accounts - SNA 2008 - SNE,2020,6
SNEQ.SG04SB02G000S900,2020.09,39505,Experimental,Dollars,6,S,Consolidated accounts - table 1.2,B02G,Gross operating surplus and gross mixed income,,,,,National Accounts - SNA 2008 - SNE,2020,9
SNEQ.SG04SB02G000S900,2020.12,37500,Experimental,Dollars,6,S,Consolidated accounts - table 1.2,B02G,Gross operating surplus and gross mixed income,,,,,National Accounts - SNA 2008 - SNE,2020,12
SNEQ.SG04SB02G000S900,2021.03,38408,Experimental,Dollars,6,S,Consolidated accounts - table 1.2,B02G,Gross operating surplus and gross mixed income,,,,,National Accounts - SNA 2008 - SNE,2021,3
SNEQ.SG04SB02G000S900,2021.06,38506,Experimental,Dollars,6,S,Consolidated accounts - table 1.2,B02G,Gross operating surplus and gross mixed income,,,,,National Accounts - SNA 2008 - SNE,2021,6
SNEQ.SG04SB02G000S900,2021.09,40725,Experimental,Dollars,6,S,Consolidated accounts - table 1.2,B02G,Gross operating surplus and gross mixed income,,,,,National Accounts - SNA 2008 - SNE,2021,9
SNEQ.SG04SB02G000S900,2021.12,43113,Experimental,Dollars,6,S,Consolidated accounts - table 1.2,B02G,Gross operating surplus and gross mixed income,,,,,National Accounts - SNA 2008 - SNE,2021,12
SNEQ.SG04SB02G000S900,2022.03,41621,Experimental,Dollars,6,S,Consolidated accounts - table 1.2,B02G,Gross operating surplus and gross mixed income,,,,,National Accounts - SNA 2008 - SNE,2022,3
SNEQ.SG04SB02G000S900,2022.06,42563,Experimental,Dollars,6,S,Consolidated accounts - table 1.2,B02G,Gross operating surplus and gross mixed income,,,,,National Accounts - SNA 2008 - SNE,2022,6
SNEQ.SG04SB02G000S900,2022.09,43368,Experimental,Dollars,6,S,Consolidated accounts - table 1.2,B02G,Gross operating surplus and gross mixed income,,,,,National Accounts - SNA 2008 - SNE,2022,9
SNEQ.SG04SB02G000S900,2022.12,44670,Experimental,Dollars,6,S,Consolidated accounts - table 1.2,B02G,Gross operating surplus and gross mixed income,,,,,National Accounts - SNA 2008 - SNE,2022,12
SNEQ.SG04SB02G000S900,2023.03,44103,Experimental,Dollars,6,S,Consolidated accounts - table 1.2,B02G,Gross operating surplus and gross mixed income,,,,,National Accounts - SNA 2008 - SNE,2023,3
SNEQ.SG04SB02G000S900,2023.06,45688,Experimental,Dollars,6,S,Consolidated accounts - table 1.2,B02G,Gross operating surplus and gross mixed income,,,,,National Accounts - SNA 2008 - SNE,2023,6
SNEQ.SG04SB02G000S900,2023.09,45224,Experimental,Dollars,6,S,Consolidated accounts - table 1.2,B02G,Gross operating surplus and gross mixed income,,,,,National Accounts - SNA 2008 - SNE,2023,9
SNEQ.SG04SB02G000S900,2023.12,43672,Experimental,Dollars,6,S,Consolidated accounts - table 1.2,B02G,Gross operating surplus and gross mixed income,,,,,National Accounts - SNA 2008 - SNE,2023,12
SNEQ.SG04SB02G000S900,2024.03,44550,Experimental,Dollars,6,S,Consolidated accounts - table 1.2,B02G,Gross operating surplus and gross mixed income,,,,,National Accounts - SNA 2008 - SNE,2024,3
SNEQ.SG04SB02G000S900,2024.06,44291,Experimental,Dollars,6,S,Consolidated accounts - table 1.2,B02G,Gross operating surplus and gross mixed income,,,,,National Accounts - SNA 2008 - SNE,2024,6
SNEQ.SG04SB02G000S900,2024.09,44553,Experimental,Dollars,6,S,Consolidated accounts - table 1.2,B02G,Gross operating surplus and gross mixed income,,,,,National Accounts - SNA 2008 - SNE,2024,9
SNEQ.SG04SB02G000S900,2024.12,46580,Experimental,Dollars,6,S,Consolidated accounts - table 1.2,B02G,Gross operating surplus and gross mixed income,,,,,National Accounts - SNA 2008 - SNE,2024,12
SNEQ.SG04SB02G000S900,2025.03,47534,Experimental,Dollars,6,S,Consolidated accounts - table 1.2,B02G,Gross operating surplus and gross mixed income,,,,,National Accounts - SNA 2008 - SNE,2025,3
SNEQ.SG04SB05GNI0S900,2016.06,64231,Experimental,Dollars,6,S,Consolidated accounts - table 1.2,B05GNI,Gross natioal income,,,,,National Accounts - SNA 2008 - SNE,2016,6
SNEQ.SG04SB05GNI0S900,2016.09,64844,Experimental,Dollars,6,S,Consolidated accounts - table 1.2,B05GNI,Gross natioal income,,,,,National Accounts - SNA 2008 - SNE,2016,9
SNEQ.SG04SB05GNI0S900,2016.12,66323,Experimental,Dollars,6,S,Consolidated accounts - table 1.2,B05GNI,Gross natioal income,,,,,National Accounts - SNA 2008 - SNE,2016,12
SNEQ.SG04SB05GNI0S900,2017.03,67423,Experimental,Dollars,6,S,Consolidated accounts - table 1.2,B05GNI,Gross natioal income,,,,,National Accounts - SNA 2008 - SNE,2017,3
SNEQ.SG04SB05GNI0S900,2017.06,68274,Experimental,Dollars,6,S,Consolidated accounts - table 1.2,B05GNI,Gross natioal income,,,,,National Accounts - SNA 2008 - SNE,2017,6
SNEQ.SG04SB05GNI0S900,2017.09,69045,Experimental,Dollars,6,S,Consolidated accounts - table 1.2,B05GNI,Gross natioal income,,,,,National Accounts - SNA 2008 - SNE,2017,9
SNEQ.SG04SB05GNI0S900,2017.12,70866,Experimental,Dollars,6,S,Consolidated accounts - table 1.2,B05GNI,Gross natioal income,,,,,National Accounts - SNA 2008 - SNE,2017,12
SNEQ.SG04SB05GNI0S900,2018.03,71762,Experimental,Dollars,6,S,Consolidated accounts - table 1.2,B05GNI,Gross natioal income,,,,,National Accounts - SNA 2008 - SNE,2018,3
SNEQ.SG04SB05GNI0S900,2018.06,72586,Experimental,Dollars,6,S,Consolidated accounts - table 1.2,B05GNI,Gross natioal income,,,,,National Accounts - SNA 2008 - SNE,2018,6
SNEQ.SG04SB05GNI0S900,2018.09,73010,Experimental,Dollars,6,S,Consolidated accounts - table 1.2,B05GNI,Gross natioal income,,,,,National Accounts - SNA 2008 - SNE,2018,9
SNEQ.SG04SB05GNI0S900,2018.12,74028,Experimental,Dollars,6,S,Consolidated accounts - table 1.2,B05GNI,Gross natioal income,,,,,National Accounts - SNA 2008 - SNE,2018,12
SNEQ.SG04SB05GNI0S900,2019.03,75715,Experimental,Dollars,6,S,Consolidated accounts - table 1.2,B05GNI,Gross natioal income,,,,,National Accounts - SNA 2008 - SNE,2019,3
SNEQ.SG04SB05GNI0S900,2019.06,77166,Experimental,Dollars,6,S,Consolidated accounts - table 1.2,B05GNI,Gross natioal income,,,,,National Accounts - SNA 2008 - SNE,2019,6
SNEQ.SG04SB05GNI0S900,2019.09,78231,Experimental,Dollars,6,S,Consolidated accounts - table 1.2,B05GNI,Gross natioal income,,,,,National Accounts - SNA 2008 - SNE,2019,9
SNEQ.SG04SB05GNI0S900,2019.12,79820,Experimental,Dollars,6,S,Consolidated accounts - table 1.2,B05GNI,Gross natioal income,,,,,National Accounts - SNA 2008 - SNE,2019,12
SNEQ.SG04SB05GNI0S900,2020.03,80128,Experimental,Dollars,6,S,Consolidated accounts - table 1.2,B05GNI,Gross natioal income,,,,,National Accounts - SNA 2008 - SNE,2020,3
SNEQ.SG04SB05GNI0S900,2020.06,72553,Experimental,Dollars,6,S,Consolidated accounts - table 1.2,B05GNI,Gross natioal income,,,,,National Accounts - SNA 2008 - SNE,2020,6
SNEQ.SG04SB05GNI0S900,2020.09,82310,Experimental,Dollars,6,S,Consolidated accounts - table 1.2,B05GNI,Gross natioal income,,,,,National Accounts - SNA 2008 - SNE,2020,9
SNEQ.SG04SB05GNI0S900,2020.12,82991,Experimental,Dollars,6,S,Consolidated accounts - table 1.2,B05GNI,Gross natioal income,,,,,National Accounts - SNA 2008 - SNE,2020,12
SNEQ.SG04SB05GNI0S900,2021.03,84411,Experimental,Dollars,6,S,Consolidated accounts - table 1.2,B05GNI,Gross natioal income,,,,,National Accounts - SNA 2008 - SNE,2021,3
SNEQ.SG04SB05GNI0S900,2021.06,86494,Experimental,Dollars,6,S,Consolidated accounts - table 1.2,B05GNI,Gross natioal income,,,,,National Accounts - SNA 2008 - SNE,2021,6
SNEQ.SG04SB05GNI0S900,2021.09,84496,Experimental,Dollars,6,S,Consolidated accounts - table 1.2,B05GNI,Gross natioal income,,,,,National Accounts - SNA 2008 - SNE,2021,9
SNEQ.SG04SB05GNI0S900,2021.12,88459,Experimental,Dollars,6,S,Consolidated accounts - table 1.2,B05GNI,Gross natioal income,,,,,National Accounts - SNA 2008 - SNE,2021,12
SNEQ.SG04SB05GNI0S900,2022.03,89748,Experimental,Dollars,6,S,Consolidated accounts - table 1.2,B05GNI,Gross natioal income,,,,,National Accounts - SNA 2008 - SNE,2022,3
SNEQ.SG04SB05GNI0S900,2022.06,92040,Experimental,Dollars,6,S,Consolidated accounts - table 1.2,B05GNI,Gross natioal income,,,,,National Accounts - SNA 2008 - SNE,2022,6
SNEQ.SG04SB05GNI0S900,2022.09,94700,Experimental,Dollars,6,S,Consolidated accounts - table 1.2,B05GNI,Gross natioal income,,,,,National Accounts - SNA 2008 - SNE,2022,9
SNEQ.SG04SB05GNI0S900,2022.12,96291,Experimental,Dollars,6,S,Consolidated accounts - table 1.2,B05GNI,Gross natioal income,,,,,National Accounts - SNA 2008 - SNE,2022,12
SNEQ.SG04SB05GNI0S900,2023.03,97533,Experimental,Dollars,6,S,Consolidated accounts - table 1.2,B05GNI,Gross natioal income,,,,,National Accounts - SNA 2008 - SNE,2023,3
SNEQ.SG04SB05GNI0S900,2023.06,99493,Experimental,Dollars,6,S,Consolidated accounts - table 1.2,B05GNI,Gross natioal income,,,,,National Accounts - SNA 2008 - SNE,2023,6
SNEQ.SG04SB05GNI0S900,2023.09,100286,Experimental,Dollars,6,S,Consolidated accounts - table 1.2,B05GNI,Gross natioal income,,,,,National Accounts - SNA 2008 - SNE,2023,9
SNEQ.SG04SB05GNI0S900,2023.12,100252,Experimental,Dollars,6,S,Consolidated accounts - table 1.2,B05GNI,Gross natioal income,,,,,National Accounts - SNA 2008 - SNE,2023,12
SNEQ.SG04SB05GNI0S900,2024.03,101811,Experimental,Dollars,6,S,Consolidated accounts - table 1.2,B05GNI,Gross natioal income,,,,,National Accounts - SNA 2008 - SNE,2024,3
SNEQ.SG04SB05GNI0S900,2024.06,101957,Experimental,Dollars,6,S,Consolidated accounts - table 1.2,B05GNI,Gross natioal income,,,,,National Accounts - SNA 2008 - SNE,2024,6
SNEQ.SG04SB05GNI0S900,2024.09,101889,Experimental,Dollars,6,S,Consolidated accounts - table 1.2,B05GNI,Gross natioal income,,,,,National Accounts - SNA 2008 - SNE,2024,9
SNEQ.SG04SB05GNI0S900,2024.12,103829,Experimental,Dollars,6,S,Consolidated accounts - table 1.2,B05GNI,Gross natioal income,,,,,National Accounts - SNA 2008 - SNE,2024,12
SNEQ.SG04SB05GNI0S900,2025.03,105632,Experimental,Dollars,6,S,Consolidated accounts - table 1.2,B05GNI,Gross natioal income,,,,,National Accounts - SNA 2008 - SNE,2025,3
SNEQ.SG04SB06GNI0S900,2016.06,64324,Experimental,Dollars,6,S,Consolidated accounts - table 1.2,B06GNI,Gross national disposable income,,,,,National Accounts - SNA 2008 - SNE,2016,6
SNEQ.SG04SB06GNI0S900,2016.09,64648,Experimental,Dollars,6,S,Consolidated accounts - table 1.2,B06GNI,Gross national disposable income,,,,,National Accounts - SNA 2008 - SNE,2016,9
SNEQ.SG04SB06GNI0S900,2016.12,66346,Experimental,Dollars,6,S,Consolidated accounts - table 1.2,B06GNI,Gross national disposable income,,,,,National Accounts - SNA 2008 - SNE,2016,12
SNEQ.SG04SB06GNI0S900,2017.03,67283,Experimental,Dollars,6,S,Consolidated accounts - table 1.2,B06GNI,Gross national disposable income,,,,,National Accounts - SNA 2008 - SNE,2017,3
SNEQ.SG04SB06GNI0S900,2017.06,68121,Experimental,Dollars,6,S,Consolidated accounts - table 1.2,B06GNI,Gross national disposable income,,,,,National Accounts - SNA 2008 - SNE,2017,6
SNEQ.SG04SB06GNI0S900,2017.09,68879,Experimental,Dollars,6,S,Consolidated accounts - table 1.2,B06GNI,Gross national disposable income,,,,,National Accounts - SNA 2008 - SNE,2017,9
SNEQ.SG04SB06GNI0S900,2017.12,70789,Experimental,Dollars,6,S,Consolidated accounts - table 1.2,B06GNI,Gross national disposable income,,,,,National Accounts - SNA 2008 - SNE,2017,12
SNEQ.SG04SB06GNI0S900,2018.03,71438,Experimental,Dollars,6,S,Consolidated accounts - table 1.2,B06GNI,Gross national disposable income,,,,,National Accounts - SNA 2008 - SNE,2018,3
SNEQ.SG04SB06GNI0S900,2018.06,72370,Experimental,Dollars,6,S,Consolidated accounts - table 1.2,B06GNI,Gross national disposable income,,,,,National Accounts - SNA 2008 - SNE,2018,6
SNEQ.SG04SB06GNI0S900,2018.09,72731,Experimental,Dollars,6,S,Consolidated accounts - table 1.2,B06GNI,Gross national disposable income,,,,,National Accounts - SNA 2008 - SNE,2018,9
SNEQ.SG04SB06GNI0S900,2018.12,73965,Experimental,Dollars,6,S,Consolidated accounts - table 1.2,B06GNI,Gross national disposable income,,,,,National Accounts - SNA 2008 - SNE,2018,12
SNEQ.SG04SB06GNI0S900,2019.03,75694,Experimental,Dollars,6,S,Consolidated accounts - table 1.2,B06GNI,Gross national disposable income,,,,,National Accounts - SNA 2008 - SNE,2019,3
SNEQ.SG04SB06GNI0S900,2019.06,77137,Experimental,Dollars,6,S,Consolidated accounts - table 1.2,B06GNI,Gross national disposable income,,,,,National Accounts - SNA 2008 - SNE,2019,6
SNEQ.SG04SB06GNI0S900,2019.09,78072,Experimental,Dollars,6,S,Consolidated accounts - table 1.2,B06GNI,Gross national disposable income,,,,,National Accounts - SNA 2008 - SNE,2019,9
SNEQ.SG04SB06GNI0S900,2019.12,79826,Experimental,Dollars,6,S,Consolidated accounts - table 1.2,B06GNI,Gross national disposable income,,,,,National Accounts - SNA 2008 - SNE,2019,12
SNEQ.SG04SB06GNI0S900,2020.03,80110,Experimental,Dollars,6,S,Consolidated accounts - table 1.2,B06GNI,Gross national disposable income,,,,,National Accounts - SNA 2008 - SNE,2020,3
SNEQ.SG04SB06GNI0S900,2020.06,72325,Experimental,Dollars,6,S,Consolidated accounts - table 1.2,B06GNI,Gross national disposable income,,,,,National Accounts - SNA 2008 - SNE,2020,6
SNEQ.SG04SB06GNI0S900,2020.09,82120,Experimental,Dollars,6,S,Consolidated accounts - table 1.2,B06GNI,Gross national disposable income,,,,,National Accounts - SNA 2008 - SNE,2020,9
SNEQ.SG04SB06GNI0S900,2020.12,82948,Experimental,Dollars,6,S,Consolidated accounts - table 1.2,B06GNI,Gross national disposable income,,,,,National Accounts - SNA 2008 - SNE,2020,12
SNEQ.SG04SB06GNI0S900,2021.03,84367,Experimental,Dollars,6,S,Consolidated accounts - table 1.2,B06GNI,Gross national disposable income,,,,,National Accounts - SNA 2008 - SNE,2021,3
SNEQ.SG04SB06GNI0S900,2021.06,86524,Experimental,Dollars,6,S,Consolidated accounts - table 1.2,B06GNI,Gross national disposable income,,,,,National Accounts - SNA 2008 - SNE,2021,6
SNEQ.SG04SB06GNI0S900,2021.09,84262,Experimental,Dollars,6,S,Consolidated accounts - table 1.2,B06GNI,Gross national disposable income,,,,,National Accounts - SNA 2008 - SNE,2021,9
SNEQ.SG04SB06GNI0S900,2021.12,88234,Experimental,Dollars,6,S,Consolidated accounts - table 1.2,B06GNI,Gross national disposable income,,,,,National Accounts - SNA 2008 - SNE,2021,12
SNEQ.SG04SB06GNI0S900,2022.03,89557,Experimental,Dollars,6,S,Consolidated accounts - table 1.2,B06GNI,Gross national disposable income,,,,,National Accounts - SNA 2008 - SNE,2022,3
SNEQ.SG04SB06GNI0S900,2022.06,92042,Experimental,Dollars,6,S,Consolidated accounts - table 1.2,B06GNI,Gross national disposable income,,,,,National Accounts - SNA 2008 - SNE,2022,6
SNEQ.SG04SB06GNI0S900,2022.09,94594,Experimental,Dollars,6,S,Consolidated accounts - table 1.2,B06GNI,Gross national disposable income,,,,,National Accounts - SNA 2008 - SNE,2022,9
SNEQ.SG04SB06GNI0S900,2022.12,96400,Experimental,Dollars,6,S,Consolidated accounts - table 1.2,B06GNI,Gross national disposable income,,,,,National Accounts - SNA 2008 - SNE,2022,12
SNEQ.SG04SB06GNI0S900,2023.03,97834,Experimental,Dollars,6,S,Consolidated accounts - table 1.2,B06GNI,Gross national disposable income,,,,,National Accounts - SNA 2008 - SNE,2023,3
SNEQ.SG04SB06GNI0S900,2023.06,99479,Experimental,Dollars,6,S,Consolidated accounts - table 1.2,B06GNI,Gross national disposable income,,,,,National Accounts - SNA 2008 - SNE,2023,6
SNEQ.SG04SB06GNI0S900,2023.09,100075,Experimental,Dollars,6,S,Consolidated accounts - table 1.2,B06GNI,Gross national disposable income,,,,,National Accounts - SNA 2008 - SNE,2023,9
SNEQ.SG04SB06GNI0S900,2023.12,99955,Experimental,Dollars,6,S,Consolidated accounts - table 1.2,B06GNI,Gross national disposable income,,,,,National Accounts - SNA 2008 - SNE,2023,12
SNEQ.SG04SB06GNI0S900,2024.03,101406,Experimental,Dollars,6,S,Consolidated accounts - table 1.2,B06GNI,Gross national disposable income,,,,,National Accounts - SNA 2008 - SNE,2024,3
SNEQ.SG04SB06GNI0S900,2024.06,101849,Experimental,Dollars,6,S,Consolidated accounts - table 1.2,B06GNI,Gross national disposable income,,,,,National Accounts - SNA 2008 - SNE,2024,6
SNEQ.SG04SB06GNI0S900,2024.09,101466,Experimental,Dollars,6,S,Consolidated accounts - table 1.2,B06GNI,Gross national disposable income,,,,,National Accounts - SNA 2008 - SNE,2024,9
SNEQ.SG04SB06GNI0S900,2024.12,103708,Experimental,Dollars,6,S,Consolidated accounts - table 1.2,B06GNI,Gross national disposable income,,,,,National Accounts - SNA 2008 - SNE,2024,12
SNEQ.SG04SB06GNI0S900,2025.03,105521,Experimental,Dollars,6,S,Consolidated accounts - table 1.2,B06GNI,Gross national disposable income,,,,,National Accounts - SNA 2008 - SNE,2025,3
SNEQ.SG04SB06NDI0S900,2016.06,55069,Experimental,Dollars,6,S,Consolidated accounts - table 1.2,B06NDI,National disposable income,,,,,National Accounts - SNA 2008 - SNE,2016,6
SNEQ.SG04SB06NDI0S900,2016.09,55245,Experimental,Dollars,6,S,Consolidated accounts - table 1.2,B06NDI,National disposable income,,,,,National Accounts - SNA 2008 - SNE,2016,9
SNEQ.SG04SB06NDI0S900,2016.12,56798,Experimental,Dollars,6,S,Consolidated accounts - table 1.2,B06NDI,National disposable income,,,,,National Accounts - SNA 2008 - SNE,2016,12
SNEQ.SG04SB06NDI0S900,2017.03,57585,Experimental,Dollars,6,S,Consolidated accounts - table 1.2,B06NDI,National disposable income,,,,,National Accounts - SNA 2008 - SNE,2017,3
SNEQ.SG04SB06NDI0S900,2017.06,58423,Experimental,Dollars,6,S,Consolidated accounts - table 1.2,B06NDI,National disposable income,,,,,National Accounts - SNA 2008 - SNE,2017,6
SNEQ.SG04SB06NDI0S900,2017.09,59035,Experimental,Dollars,6,S,Consolidated accounts - table 1.2,B06NDI,National disposable income,,,,,National Accounts - SNA 2008 - SNE,2017,9
SNEQ.SG04SB06NDI0S900,2017.12,60791,Experimental,Dollars,6,S,Consolidated accounts - table 1.2,B06NDI,National disposable income,,,,,National Accounts - SNA 2008 - SNE,2017,12
SNEQ.SG04SB06NDI0S900,2018.03,61206,Experimental,Dollars,6,S,Consolidated accounts - table 1.2,B06NDI,National disposable income,,,,,National Accounts - SNA 2008 - SNE,2018,3
SNEQ.SG04SB06NDI0S900,2018.06,61312,Experimental,Dollars,6,S,Consolidated accounts - table 1.2,B06NDI,National disposable income,,,,,National Accounts - SNA 2008 - SNE,2018,6
SNEQ.SG04SB06NDI0S900,2018.09,61508,Experimental,Dollars,6,S,Consolidated accounts - table 1.2,B06NDI,National disposable income,,,,,National Accounts - SNA 2008 - SNE,2018,9
SNEQ.SG04SB06NDI0S900,2018.12,62552,Experimental,Dollars,6,S,Consolidated accounts - table 1.2,B06NDI,National disposable income,,,,,National Accounts - SNA 2008 - SNE,2018,12
SNEQ.SG04SB06NDI0S900,2019.03,64188,Experimental,Dollars,6,S,Consolidated accounts - table 1.2,B06NDI,National disposable income,,,,,National Accounts - SNA 2008 - SNE,2019,3
SNEQ.SG04SB06NDI0S900,2019.06,66195,Experimental,Dollars,6,S,Consolidated accounts - table 1.2,B06NDI,National disposable income,,,,,National Accounts - SNA 2008 - SNE,2019,6
SNEQ.SG04SB06NDI0S900,2019.09,66971,Experimental,Dollars,6,S,Consolidated accounts - table 1.2,B06NDI,National disposable income,,,,,National Accounts - SNA 2008 - SNE,2019,9
SNEQ.SG04SB06NDI0S900,2019.12,68527,Experimental,Dollars,6,S,Consolidated accounts - table 1.2,B06NDI,National disposable income,,,,,National Accounts - SNA 2008 - SNE,2019,12
SNEQ.SG04SB06NDI0S900,2020.03,68598,Experimental,Dollars,6,S,Consolidated accounts - table 1.2,B06NDI,National disposable income,,,,,National Accounts - SNA 2008 - SNE,2020,3
SNEQ.SG04SB06NDI0S900,2020.06,60747,Experimental,Dollars,6,S,Consolidated accounts - table 1.2,B06NDI,National disposable income,,,,,National Accounts - SNA 2008 - SNE,2020,6
SNEQ.SG04SB06NDI0S900,2020.09,70436,Experimental,Dollars,6,S,Consolidated accounts - table 1.2,B06NDI,National disposable income,,,,,National Accounts - SNA 2008 - SNE,2020,9
SNEQ.SG04SB06NDI0S900,2020.12,71145,Experimental,Dollars,6,S,Consolidated accounts - table 1.2,B06NDI,National disposable income,,,,,National Accounts - SNA 2008 - SNE,2020,12
SNEQ.SG04SB06NDI0S900,2021.03,72490,Experimental,Dollars,6,S,Consolidated accounts - table 1.2,B06NDI,National disposable income,,,,,National Accounts - SNA 2008 - SNE,2021,3
SNEQ.SG04SB06NDI0S900,2021.06,74306,Experimental,Dollars,6,S,Consolidated accounts - table 1.2,B06NDI,National disposable income,,,,,National Accounts - SNA 2008 - SNE,2021,6
SNEQ.SG04SB06NDI0S900,2021.09,71794,Experimental,Dollars,6,S,Consolidated accounts - table 1.2,B06NDI,National disposable income,,,,,National Accounts - SNA 2008 - SNE,2021,9
SNEQ.SG04SB06NDI0S900,2021.12,75487,Experimental,Dollars,6,S,Consolidated accounts - table 1.2,B06NDI,National disposable income,,,,,National Accounts - SNA 2008 - SNE,2021,12
SNEQ.SG04SB06NDI0S900,2022.03,76383,Experimental,Dollars,6,S,Consolidated accounts - table 1.2,B06NDI,National disposable income,,,,,National Accounts - SNA 2008 - SNE,2022,3
SNEQ.SG04SB06NDI0S900,2022.06,78422,Experimental,Dollars,6,S,Consolidated accounts - table 1.2,B06NDI,National disposable income,,,,,National Accounts - SNA 2008 - SNE,2022,6
SNEQ.SG04SB06NDI0S900,2022.09,80418,Experimental,Dollars,6,S,Consolidated accounts - table 1.2,B06NDI,National disposable income,,,,,National Accounts - SNA 2008 - SNE,2022,9
SNEQ.SG04SB06NDI0S900,2022.12,81746,Experimental,Dollars,6,S,Consolidated accounts - table 1.2,B06NDI,National disposable income,,,,,National Accounts - SNA 2008 - SNE,2022,12
SNEQ.SG04SB06NDI0S900,2023.03,82536,Experimental,Dollars,6,S,Consolidated accounts - table 1.2,B06NDI,National disposable income,,,,,National Accounts - SNA 2008 - SNE,2023,3
SNEQ.SG04SB06NDI0S900,2023.06,84309,Experimental,Dollars,6,S,Consolidated accounts - table 1.2,B06NDI,National disposable income,,,,,National Accounts - SNA 2008 - SNE,2023,6
SNEQ.SG04SB06NDI0S900,2023.09,84485,Experimental,Dollars,6,S,Consolidated accounts - table 1.2,B06NDI,National disposable income,,,,,National Accounts - SNA 2008 - SNE,2023,9
SNEQ.SG04SB06NDI0S900,2023.12,84044,Experimental,Dollars,6,S,Consolidated accounts - table 1.2,B06NDI,National disposable income,,,,,National Accounts - SNA 2008 - SNE,2023,12
SNEQ.SG04SB06NDI0S900,2024.03,85183,Experimental,Dollars,6,S,Consolidated accounts - table 1.2,B06NDI,National disposable income,,,,,National Accounts - SNA 2008 - SNE,2024,3
SNEQ.SG04SB06NDI0S900,2024.06,85624,Experimental,Dollars,6,S,Consolidated accounts - table 1.2,B06NDI,National disposable income,,,,,National Accounts - SNA 2008 - SNE,2024,6
SNEQ.SG04SB06NDI0S900,2024.09,85002,Experimental,Dollars,6,S,Consolidated accounts - table 1.2,B06NDI,National disposable income,,,,,National Accounts - SNA 2008 - SNE,2024,9
SNEQ.SG04SB06NDI0S900,2024.12,87114,Experimental,Dollars,6,S,Consolidated accounts - table 1.2,B06NDI,National disposable income,,,,,National Accounts - SNA 2008 - SNE,2024,12
SNEQ.SG04SB06NDI0S900,2025.03,88755,Experimental,Dollars,6,S,Consolidated accounts - table 1.2,B06NDI,National disposable income,,,,,National Accounts - SNA 2008 - SNE,2025,3
SNEQ.SG04SB06NDU0S900,2016.06,55069,Experimental,Dollars,6,S,Consolidated accounts - table 1.2,B06NDU,use of national disposable income,,,,,National Accounts - SNA 2008 - SNE,2016,6
SNEQ.SG04SB06NDU0S900,2016.09,55245,Experimental,Dollars,6,S,Consolidated accounts - table 1.2,B06NDU,use of national disposable income,,,,,National Accounts - SNA 2008 - SNE,2016,9
SNEQ.SG04SB06NDU0S900,2016.12,56798,Experimental,Dollars,6,S,Consolidated accounts - table 1.2,B06NDU,use of national disposable income,,,,,National Accounts - SNA 2008 - SNE,2016,12
SNEQ.SG04SB06NDU0S900,2017.03,57585,Experimental,Dollars,6,S,Consolidated accounts - table 1.2,B06NDU,use of national disposable income,,,,,National Accounts - SNA 2008 - SNE,2017,3
SNEQ.SG04SB06NDU0S900,2017.06,58423,Experimental,Dollars,6,S,Consolidated accounts - table 1.2,B06NDU,use of national disposable income,,,,,National Accounts - SNA 2008 - SNE,2017,6
SNEQ.SG04SB06NDU0S900,2017.09,59035,Experimental,Dollars,6,S,Consolidated accounts - table 1.2,B06NDU,use of national disposable income,,,,,National Accounts - SNA 2008 - SNE,2017,9
SNEQ.SG04SB06NDU0S900,2017.12,60791,Experimental,Dollars,6,S,Consolidated accounts - table 1.2,B06NDU,use of national disposable income,,,,,National Accounts - SNA 2008 - SNE,2017,12
SNEQ.SG04SB06NDU0S900,2018.03,61206,Experimental,Dollars,6,S,Consolidated accounts - table 1.2,B06NDU,use of national disposable income,,,,,National Accounts - SNA 2008 - SNE,2018,3
SNEQ.SG04SB06NDU0S900,2018.06,61312,Experimental,Dollars,6,S,Consolidated accounts - table 1.2,B06NDU,use of national disposable income,,,,,National Accounts - SNA 2008 - SNE,2018,6
SNEQ.SG04SB06NDU0S900,2018.09,61508,Experimental,Dollars,6,S,Consolidated accounts - table 1.2,B06NDU,use of national disposable income,,,,,National Accounts - SNA 2008 - SNE,2018,9
SNEQ.SG04SB06NDU0S900,2018.12,62552,Experimental,Dollars,6,S,Consolidated accounts - table 1.2,B06NDU,use of national disposable income,,,,,National Accounts - SNA 2008 - SNE,2018,12
SNEQ.SG04SB06NDU0S900,2019.03,64188,Experimental,Dollars,6,S,Consolidated accounts - table 1.2,B06NDU,use of national disposable income,,,,,National Accounts - SNA 2008 - SNE,2019,3
SNEQ.SG04SB06NDU0S900,2019.06,66195,Experimental,Dollars,6,S,Consolidated accounts - table 1.2,B06NDU,use of national disposable income,,,,,National Accounts - SNA 2008 - SNE,2019,6
SNEQ.SG04SB06NDU0S900,2019.09,66971,Experimental,Dollars,6,S,Consolidated accounts - table 1.2,B06NDU,use of national disposable income,,,,,National Accounts - SNA 2008 - SNE,2019,9
SNEQ.SG04SB06NDU0S900,2019.12,68527,Experimental,Dollars,6,S,Consolidated accounts - table 1.2,B06NDU,use of national disposable income,,,,,National Accounts - SNA 2008 - SNE,2019,12
SNEQ.SG04SB06NDU0S900,2020.03,68598,Experimental,Dollars,6,S,Consolidated accounts - table 1.2,B06NDU,use of national disposable income,,,,,National Accounts - SNA 2008 - SNE,2020,3
SNEQ.SG04SB06NDU0S900,2020.06,60747,Experimental,Dollars,6,S,Consolidated accounts - table 1.2,B06NDU,use of national disposable income,,,,,National Accounts - SNA 2008 - SNE,2020,6
SNEQ.SG04SB06NDU0S900,2020.09,70436,Experimental,Dollars,6,S,Consolidated accounts - table 1.2,B06NDU,use of national disposable income,,,,,National Accounts - SNA 2008 - SNE,2020,9
SNEQ.SG04SB06NDU0S900,2020.12,71145,Experimental,Dollars,6,S,Consolidated accounts - table 1.2,B06NDU,use of national disposable income,,,,,National Accounts - SNA 2008 - SNE,2020,12
SNEQ.SG04SB06NDU0S900,2021.03,72490,Experimental,Dollars,6,S,Consolidated accounts - table 1.2,B06NDU,use of national disposable income,,,,,National Accounts - SNA 2008 - SNE,2021,3
SNEQ.SG04SB06NDU0S900,2021.06,74306,Experimental,Dollars,6,S,Consolidated accounts - table 1.2,B06NDU,use of national disposable income,,,,,National Accounts - SNA 2008 - SNE,2021,6
SNEQ.SG04SB06NDU0S900,2021.09,71794,Experimental,Dollars,6,S,Consolidated accounts - table 1.2,B06NDU,use of national disposable income,,,,,National Accounts - SNA 2008 - SNE,2021,9
SNEQ.SG04SB06NDU0S900,2021.12,75487,Experimental,Dollars,6,S,Consolidated accounts - table 1.2,B06NDU,use of national disposable income,,,,,National Accounts - SNA 2008 - SNE,2021,12
SNEQ.SG04SB06NDU0S900,2022.03,76383,Experimental,Dollars,6,S,Consolidated accounts - table 1.2,B06NDU,use of national disposable income,,,,,National Accounts - SNA 2008 - SNE,2022,3
SNEQ.SG04SB06NDU0S900,2022.06,78422,Experimental,Dollars,6,S,Consolidated accounts - table 1.2,B06NDU,use of national disposable income,,,,,National Accounts - SNA 2008 - SNE,2022,6
SNEQ.SG04SB06NDU0S900,2022.09,80418,Experimental,Dollars,6,S,Consolidated accounts - table 1.2,B06NDU,use of national disposable income,,,,,National Accounts - SNA 2008 - SNE,2022,9
SNEQ.SG04SB06NDU0S900,2022.12,81746,Experimental,Dollars,6,S,Consolidated accounts - table 1.2,B06NDU,use of national disposable income,,,,,National Accounts - SNA 2008 - SNE,2022,12
SNEQ.SG04SB06NDU0S900,2023.03,82536,Experimental,Dollars,6,S,Consolidated accounts - table 1.2,B06NDU,use of national disposable income,,,,,National Accounts - SNA 2008 - SNE,2023,3
SNEQ.SG04SB06NDU0S900,2023.06,84309,Experimental,Dollars,6,S,Consolidated accounts - table 1.2,B06NDU,use of national disposable income,,,,,National Accounts - SNA 2008 - SNE,2023,6
SNEQ.SG04SB06NDU0S900,2023.09,84485,Experimental,Dollars,6,S,Consolidated accounts - table 1.2,B06NDU,use of national disposable income,,,,,National Accounts - SNA 2008 - SNE,2023,9
SNEQ.SG04SB06NDU0S900,2023.12,84044,Experimental,Dollars,6,S,Consolidated accounts - table 1.2,B06NDU,use of national disposable income,,,,,National Accounts - SNA 2008 - SNE,2023,12
SNEQ.SG04SB06NDU0S900,2024.03,85183,Experimental,Dollars,6,S,Consolidated accounts - table 1.2,B06NDU,use of national disposable income,,,,,National Accounts - SNA 2008 - SNE,2024,3
SNEQ.SG04SB06NDU0S900,2024.06,85624,Experimental,Dollars,6,S,Consolidated accounts - table 1.2,B06NDU,use of national disposable income,,,,,National Accounts - SNA 2008 - SNE,2024,6
SNEQ.SG04SB06NDU0S900,2024.09,85002,Experimental,Dollars,6,S,Consolidated accounts - table 1.2,B06NDU,use of national disposable income,,,,,National Accounts - SNA 2008 - SNE,2024,9
SNEQ.SG04SB06NDU0S900,2024.12,87114,Experimental,Dollars,6,S,Consolidated accounts - table 1.2,B06NDU,use of national disposable income,,,,,National Accounts - SNA 2008 - SNE,2024,12
SNEQ.SG04SB06NDU0S900,2025.03,88755,Experimental,Dollars,6,S,Consolidated accounts - table 1.2,B06NDU,use of national disposable income,,,,,National Accounts - SNA 2008 - SNE,2025,3
SNEQ.SG04SB08N000S800,2016.06,4718,Experimental,Dollars,6,S,Consolidated accounts - table 1.2,B08N,Saving,,,,,National Accounts - SNA 2008 - SNE,2016,6
SNEQ.SG04SB08N000S800,2016.09,4107,Experimental,Dollars,6,S,Consolidated accounts - table 1.2,B08N,Saving,,,,,National Accounts - SNA 2008 - SNE,2016,9
SNEQ.SG04SB08N000S800,2016.12,4882,Experimental,Dollars,6,S,Consolidated accounts - table 1.2,B08N,Saving,,,,,National Accounts - SNA 2008 - SNE,2016,12
SNEQ.SG04SB08N000S800,2017.03,4445,Experimental,Dollars,6,S,Consolidated accounts - table 1.2,B08N,Saving,,,,,National Accounts - SNA 2008 - SNE,2017,3
SNEQ.SG04SB08N000S800,2017.06,4856,Experimental,Dollars,6,S,Consolidated accounts - table 1.2,B08N,Saving,,,,,National Accounts - SNA 2008 - SNE,2017,6
SNEQ.SG04SB08N000S800,2017.09,4615,Experimental,Dollars,6,S,Consolidated accounts - table 1.2,B08N,Saving,,,,,National Accounts - SNA 2008 - SNE,2017,9
SNEQ.SG04SB08N000S800,2017.12,5516,Experimental,Dollars,6,S,Consolidated accounts - table 1.2,B08N,Saving,,,,,National Accounts - SNA 2008 - SNE,2017,12
SNEQ.SG04SB08N000S800,2018.03,5322,Experimental,Dollars,6,S,Consolidated accounts - table 1.2,B08N,Saving,,,,,National Accounts - SNA 2008 - SNE,2018,3
SNEQ.SG04SB08N000S800,2018.06,4373,Experimental,Dollars,6,S,Consolidated accounts - table 1.2,B08N,Saving,,,,,National Accounts - SNA 2008 - SNE,2018,6
SNEQ.SG04SB08N000S800,2018.09,3530,Experimental,Dollars,6,S,Consolidated accounts - table 1.2,B08N,Saving,,,,,National Accounts - SNA 2008 - SNE,2018,9
SNEQ.SG04SB08N000S800,2018.12,3712,Experimental,Dollars,6,S,Consolidated accounts - table 1.2,B08N,Saving,,,,,National Accounts - SNA 2008 - SNE,2018,12
SNEQ.SG04SB08N000S800,2019.03,4984,Experimental,Dollars,6,S,Consolidated accounts - table 1.2,B08N,Saving,,,,,National Accounts - SNA 2008 - SNE,2019,3
SNEQ.SG04SB08N000S800,2019.06,5806,Experimental,Dollars,6,S,Consolidated accounts - table 1.2,B08N,Saving,,,,,National Accounts - SNA 2008 - SNE,2019,6
SNEQ.SG04SB08N000S800,2019.09,5813,Experimental,Dollars,6,S,Consolidated accounts - table 1.2,B08N,Saving,,,,,National Accounts - SNA 2008 - SNE,2019,9
SNEQ.SG04SB08N000S800,2019.12,6516,Experimental,Dollars,6,S,Consolidated accounts - table 1.2,B08N,Saving,,,,,National Accounts - SNA 2008 - SNE,2019,12
SNEQ.SG04SB08N000S800,2020.03,6476,Experimental,Dollars,6,S,Consolidated accounts - table 1.2,B08N,Saving,,,,,National Accounts - SNA 2008 - SNE,2020,3
SNEQ.SG04SB08N000S800,2020.06,3468,Experimental,Dollars,6,S,Consolidated accounts - table 1.2,B08N,Saving,,,,,National Accounts - SNA 2008 - SNE,2020,6
SNEQ.SG04SB08N000S800,2020.09,6762,Experimental,Dollars,6,S,Consolidated accounts - table 1.2,B08N,Saving,,,,,National Accounts - SNA 2008 - SNE,2020,9
SNEQ.SG04SB08N000S800,2020.12,5967,Experimental,Dollars,6,S,Consolidated accounts - table 1.2,B08N,Saving,,,,,National Accounts - SNA 2008 - SNE,2020,12
SNEQ.SG04SB08N000S800,2021.03,4016,Experimental,Dollars,6,S,Consolidated accounts - table 1.2,B08N,Saving,,,,,National Accounts - SNA 2008 - SNE,2021,3
SNEQ.SG04SB08N000S800,2021.06,4889,Experimental,Dollars,6,S,Consolidated accounts - table 1.2,B08N,Saving,,,,,National Accounts - SNA 2008 - SNE,2021,6
SNEQ.SG04SB08N000S800,2021.09,4670,Experimental,Dollars,6,S,Consolidated accounts - table 1.2,B08N,Saving,,,,,National Accounts - SNA 2008 - SNE,2021,9
SNEQ.SG04SB08N000S800,2021.12,4015,Experimental,Dollars,6,S,Consolidated accounts - table 1.2,B08N,Saving,,,,,National Accounts - SNA 2008 - SNE,2021,12
SNEQ.SG04SB08N000S800,2022.03,1123,Experimental,Dollars,6,S,Consolidated accounts - table 1.2,B08N,Saving,,,,,National Accounts - SNA 2008 - SNE,2022,3
SNEQ.SG04SB08N000S800,2022.06,3015,Experimental,Dollars,6,S,Consolidated accounts - table 1.2,B08N,Saving,,,,,National Accounts - SNA 2008 - SNE,2022,6
SNEQ.SG04SB08N000S800,2022.09,3103,Experimental,Dollars,6,S,Consolidated accounts - table 1.2,B08N,Saving,,,,,National Accounts - SNA 2008 - SNE,2022,9
SNEQ.SG04SB08N000S800,2022.12,3218,Experimental,Dollars,6,S,Consolidated accounts - table 1.2,B08N,Saving,,,,,National Accounts - SNA 2008 - SNE,2022,12
SNEQ.SG04SB08N000S800,2023.03,2403,Experimental,Dollars,6,S,Consolidated accounts - table 1.2,B08N,Saving,,,,,National Accounts - SNA 2008 - SNE,2023,3
SNEQ.SG04SB08N000S800,2023.06,2610,Experimental,Dollars,6,S,Consolidated accounts - table 1.2,B08N,Saving,,,,,National Accounts - SNA 2008 - SNE,2023,6
SNEQ.SG04SB08N000S800,2023.09,2263,Experimental,Dollars,6,S,Consolidated accounts - table 1.2,B08N,Saving,,,,,National Accounts - SNA 2008 - SNE,2023,9
SNEQ.SG04SB08N000S800,2023.12,839,Experimental,Dollars,6,S,Consolidated accounts - table 1.2,B08N,Saving,,,,,National Accounts - SNA 2008 - SNE,2023,12
SNEQ.SG04SB08N000S800,2024.03,1436,Experimental,Dollars,6,S,Consolidated accounts - table 1.2,B08N,Saving,,,,,National Accounts - SNA 2008 - SNE,2024,3
SNEQ.SG04SB08N000S800,2024.06,1001,Experimental,Dollars,6,S,Consolidated accounts - table 1.2,B08N,Saving,,,,,National Accounts - SNA 2008 - SNE,2024,6
SNEQ.SG04SB08N000S800,2024.09,309,Experimental,Dollars,6,S,Consolidated accounts - table 1.2,B08N,Saving,,,,,National Accounts - SNA 2008 - SNE,2024,9
SNEQ.SG04SB08N000S800,2024.12,1810,Experimental,Dollars,6,S,Consolidated accounts - table 1.2,B08N,Saving,,,,,National Accounts - SNA 2008 - SNE,2024,12
SNEQ.SG04SB08N000S800,2025.03,1680,Experimental,Dollars,6,S,Consolidated accounts - table 1.2,B08N,Saving,,,,,National Accounts - SNA 2008 - SNE,2025,3
SNEQ.SG04SD01R000S800,2016.06,-65,Experimental,Dollars,6,S,Consolidated accounts - table 1.2,D01R,Compensation of employees,,,,,National Accounts - SNA 2008 - SNE,2016,6
SNEQ.SG04SD01R000S900,2016.06,28486,Experimental,Dollars,6,S,Consolidated accounts - table 1.2,D01R,Compensation of employees,,,,,National Accounts - SNA 2008 - SNE,2016,6
SNEQ.SG04SD01R000S800,2016.09,-64,Experimental,Dollars,6,S,Consolidated accounts - table 1.2,D01R,Compensation of employees,,,,,National Accounts - SNA 2008 - SNE,2016,9
SNEQ.SG04SD01R000S900,2016.09,28773,Experimental,Dollars,6,S,Consolidated accounts - table 1.2,D01R,Compensation of employees,,,,,National Accounts - SNA 2008 - SNE,2016,9
SNEQ.SG04SD01R000S800,2016.12,-64,Experimental,Dollars,6,S,Consolidated accounts - table 1.2,D01R,Compensation of employees,,,,,National Accounts - SNA 2008 - SNE,2016,12
SNEQ.SG04SD01R000S900,2016.12,28770,Experimental,Dollars,6,S,Consolidated accounts - table 1.2,D01R,Compensation of employees,,,,,National Accounts - SNA 2008 - SNE,2016,12
SNEQ.SG04SD01R000S800,2017.03,-68,Experimental,Dollars,6,S,Consolidated accounts - table 1.2,D01R,Compensation of employees,,,,,National Accounts - SNA 2008 - SNE,2017,3
SNEQ.SG04SD01R000S900,2017.03,29692,Experimental,Dollars,6,S,Consolidated accounts - table 1.2,D01R,Compensation of employees,,,,,National Accounts - SNA 2008 - SNE,2017,3
SNEQ.SG04SD01R000S800,2017.06,-72,Experimental,Dollars,6,S,Consolidated accounts - table 1.2,D01R,Compensation of employees,,,,,National Accounts - SNA 2008 - SNE,2017,6
SNEQ.SG04SD01R000S900,2017.06,29906,Experimental,Dollars,6,S,Consolidated accounts - table 1.2,D01R,Compensation of employees,,,,,National Accounts - SNA 2008 - SNE,2017,6
SNEQ.SG04SD01R000S800,2017.09,-73,Experimental,Dollars,6,S,Consolidated accounts - table 1.2,D01R,Compensation of employees,,,,,National Accounts - SNA 2008 - SNE,2017,9
SNEQ.SG04SD01R000S900,2017.09,30384,Experimental,Dollars,6,S,Consolidated accounts - table 1.2,D01R,Compensation of employees,,,,,National Accounts - SNA 2008 - SNE,2017,9
SNEQ.SG04SD01R000S800,2017.12,-73,Experimental,Dollars,6,S,Consolidated accounts - table 1.2,D01R,Compensation of employees,,,,,National Accounts - SNA 2008 - SNE,2017,12
SNEQ.SG04SD01R000S900,2017.12,31070,Experimental,Dollars,6,S,Consolidated accounts - table 1.2,D01R,Compensation of employees,,,,,National Accounts - SNA 2008 - SNE,2017,12
SNEQ.SG04SD01R000S800,2018.03,-80,Experimental,Dollars,6,S,Consolidated accounts - table 1.2,D01R,Compensation of employees,,,,,National Accounts - SNA 2008 - SNE,2018,3
SNEQ.SG04SD01R000S900,2018.03,31457,Experimental,Dollars,6,S,Consolidated accounts - table 1.2,D01R,Compensation of employees,,,,,National Accounts - SNA 2008 - SNE,2018,3
SNEQ.SG04SD01R000S800,2018.06,-83,Experimental,Dollars,6,S,Consolidated accounts - table 1.2,D01R,Compensation of employees,,,,,National Accounts - SNA 2008 - SNE,2018,6
SNEQ.SG04SD01R000S900,2018.06,31890,Experimental,Dollars,6,S,Consolidated accounts - table 1.2,D01R,Compensation of employees,,,,,National Accounts - SNA 2008 - SNE,2018,6
SNEQ.SG04SD01R000S800,2018.09,-85,Experimental,Dollars,6,S,Consolidated accounts - table 1.2,D01R,Compensation of employees,,,,,National Accounts - SNA 2008 - SNE,2018,9
SNEQ.SG04SD01R000S900,2018.09,32278,Experimental,Dollars,6,S,Consolidated accounts - table 1.2,D01R,Compensation of employees,,,,,National Accounts - SNA 2008 - SNE,2018,9
SNEQ.SG04SD01R000S800,2018.12,-86,Experimental,Dollars,6,S,Consolidated accounts - table 1.2,D01R,Compensation of employees,,,,,National Accounts - SNA 2008 - SNE,2018,12
SNEQ.SG04SD01R000S900,2018.12,33244,Experimental,Dollars,6,S,Consolidated accounts - table 1.2,D01R,Compensation of employees,,,,,National Accounts - SNA 2008 - SNE,2018,12
SNEQ.SG04SD01R000S800,2019.03,-90,Experimental,Dollars,6,S,Consolidated accounts - table 1.2,D01R,Compensation of employees,,,,,National Accounts - SNA 2008 - SNE,2019,3
SNEQ.SG04SD01R000S900,2019.03,33162,Experimental,Dollars,6,S,Consolidated accounts - table 1.2,D01R,Compensation of employees,,,,,National Accounts - SNA 2008 - SNE,2019,3
SNEQ.SG04SD01R000S800,2019.06,-97,Experimental,Dollars,6,S,Consolidated accounts - table 1.2,D01R,Compensation of employees,,,,,National Accounts - SNA 2008 - SNE,2019,6
SNEQ.SG04SD01R000S900,2019.06,33999,Experimental,Dollars,6,S,Consolidated accounts - table 1.2,D01R,Compensation of employees,,,,,National Accounts - SNA 2008 - SNE,2019,6
SNEQ.SG04SD01R000S800,2019.09,-99,Experimental,Dollars,6,S,Consolidated accounts - table 1.2,D01R,Compensation of employees,,,,,National Accounts - SNA 2008 - SNE,2019,9
SNEQ.SG04SD01R000S900,2019.09,34586,Experimental,Dollars,6,S,Consolidated accounts - table 1.2,D01R,Compensation of employees,,,,,National Accounts - SNA 2008 - SNE,2019,9
SNEQ.SG04SD01R000S800,2019.12,-104,Experimental,Dollars,6,S,Consolidated accounts - table 1.2,D01R,Compensation of employees,,,,,National Accounts - SNA 2008 - SNE,2019,12
SNEQ.SG04SD01R000S900,2019.12,35155,Experimental,Dollars,6,S,Consolidated accounts - table 1.2,D01R,Compensation of employees,,,,,National Accounts - SNA 2008 - SNE,2019,12
SNEQ.SG04SD01R000S800,2020.03,-104,Experimental,Dollars,6,S,Consolidated accounts - table 1.2,D01R,Compensation of employees,,,,,National Accounts - SNA 2008 - SNE,2020,3
SNEQ.SG04SD01R000S900,2020.03,35718,Experimental,Dollars,6,S,Consolidated accounts - table 1.2,D01R,Compensation of employees,,,,,National Accounts - SNA 2008 - SNE,2020,3
SNEQ.SG04SD01R000S800,2020.06,-92,Experimental,Dollars,6,S,Consolidated accounts - table 1.2,D01R,Compensation of employees,,,,,National Accounts - SNA 2008 - SNE,2020,6
SNEQ.SG04SD01R000S900,2020.06,34451,Experimental,Dollars,6,S,Consolidated accounts - table 1.2,D01R,Compensation of employees,,,,,National Accounts - SNA 2008 - SNE,2020,6
SNEQ.SG04SD01R000S800,2020.09,-110,Experimental,Dollars,6,S,Consolidated accounts - table 1.2,D01R,Compensation of employees,,,,,National Accounts - SNA 2008 - SNE,2020,9
SNEQ.SG04SD01R000S900,2020.09,35920,Experimental,Dollars,6,S,Consolidated accounts - table 1.2,D01R,Compensation of employees,,,,,National Accounts - SNA 2008 - SNE,2020,9
SNEQ.SG04SD01R000S800,2020.12,-105,Experimental,Dollars,6,S,Consolidated accounts - table 1.2,D01R,Compensation of employees,,,,,National Accounts - SNA 2008 - SNE,2020,12
SNEQ.SG04SD01R000S900,2020.12,36620,Experimental,Dollars,6,S,Consolidated accounts - table 1.2,D01R,Compensation of employees,,,,,National Accounts - SNA 2008 - SNE,2020,12
SNEQ.SG04SD01R000S800,2021.03,-97,Experimental,Dollars,6,S,Consolidated accounts - table 1.2,D01R,Compensation of employees,,,,,National Accounts - SNA 2008 - SNE,2021,3
SNEQ.SG04SD01R000S900,2021.03,37511,Experimental,Dollars,6,S,Consolidated accounts - table 1.2,D01R,Compensation of employees,,,,,National Accounts - SNA 2008 - SNE,2021,3
SNEQ.SG04SD01R000S800,2021.06,-88,Experimental,Dollars,6,S,Consolidated accounts - table 1.2,D01R,Compensation of employees,,,,,National Accounts - SNA 2008 - SNE,2021,6
SNEQ.SG04SD01R000S900,2021.06,38422,Experimental,Dollars,6,S,Consolidated accounts - table 1.2,D01R,Compensation of employees,,,,,National Accounts - SNA 2008 - SNE,2021,6
SNEQ.SG04SD01R000S800,2021.09,-112,Experimental,Dollars,6,S,Consolidated accounts - table 1.2,D01R,Compensation of employees,,,,,National Accounts - SNA 2008 - SNE,2021,9
SNEQ.SG04SD01R000S900,2021.09,39027,Experimental,Dollars,6,S,Consolidated accounts - table 1.2,D01R,Compensation of employees,,,,,National Accounts - SNA 2008 - SNE,2021,9
SNEQ.SG04SD01R000S800,2021.12,-134,Experimental,Dollars,6,S,Consolidated accounts - table 1.2,D01R,Compensation of employees,,,,,National Accounts - SNA 2008 - SNE,2021,12
SNEQ.SG04SD01R000S900,2021.12,40467,Experimental,Dollars,6,S,Consolidated accounts - table 1.2,D01R,Compensation of employees,,,,,National Accounts - SNA 2008 - SNE,2021,12
SNEQ.SG04SD01R000S800,2022.03,-140,Experimental,Dollars,6,S,Consolidated accounts - table 1.2,D01R,Compensation of employees,,,,,National Accounts - SNA 2008 - SNE,2022,3
SNEQ.SG04SD01R000S900,2022.03,40776,Experimental,Dollars,6,S,Consolidated accounts - table 1.2,D01R,Compensation of employees,,,,,National Accounts - SNA 2008 - SNE,2022,3
SNEQ.SG04SD01R000S800,2022.06,-142,Experimental,Dollars,6,S,Consolidated accounts - table 1.2,D01R,Compensation of employees,,,,,National Accounts - SNA 2008 - SNE,2022,6
SNEQ.SG04SD01R000S900,2022.06,41644,Experimental,Dollars,6,S,Consolidated accounts - table 1.2,D01R,Compensation of employees,,,,,National Accounts - SNA 2008 - SNE,2022,6
SNEQ.SG04SD01R000S800,2022.09,-147,Experimental,Dollars,6,S,Consolidated accounts - table 1.2,D01R,Compensation of employees,,,,,National Accounts - SNA 2008 - SNE,2022,9
SNEQ.SG04SD01R000S900,2022.09,42833,Experimental,Dollars,6,S,Consolidated accounts - table 1.2,D01R,Compensation of employees,,,,,National Accounts - SNA 2008 - SNE,2022,9
SNEQ.SG04SD01R000S800,2022.12,-142,Experimental,Dollars,6,S,Consolidated accounts - table 1.2,D01R,Compensation of employees,,,,,National Accounts - SNA 2008 - SNE,2022,12
SNEQ.SG04SD01R000S900,2022.12,43355,Experimental,Dollars,6,S,Consolidated accounts - table 1.2,D01R,Compensation of employees,,,,,National Accounts - SNA 2008 - SNE,2022,12
SNEQ.SG04SD01R000S800,2023.03,-150,Experimental,Dollars,6,S,Consolidated accounts - table 1.2,D01R,Compensation of employees,,,,,National Accounts - SNA 2008 - SNE,2023,3
SNEQ.SG04SD01R000S900,2023.03,44179,Experimental,Dollars,6,S,Consolidated accounts - table 1.2,D01R,Compensation of employees,,,,,National Accounts - SNA 2008 - SNE,2023,3
SNEQ.SG04SD01R000S800,2023.06,-151,Experimental,Dollars,6,S,Consolidated accounts - table 1.2,D01R,Compensation of employees,,,,,National Accounts - SNA 2008 - SNE,2023,6
SNEQ.SG04SD01R000S900,2023.06,45107,Experimental,Dollars,6,S,Consolidated accounts - table 1.2,D01R,Compensation of employees,,,,,National Accounts - SNA 2008 - SNE,2023,6
SNEQ.SG04SD01R000S800,2023.09,-159,Experimental,Dollars,6,S,Consolidated accounts - table 1.2,D01R,Compensation of employees,,,,,National Accounts - SNA 2008 - SNE,2023,9
SNEQ.SG04SD01R000S900,2023.09,46147,Experimental,Dollars,6,S,Consolidated accounts - table 1.2,D01R,Compensation of employees,,,,,National Accounts - SNA 2008 - SNE,2023,9
SNEQ.SG04SD01R000S800,2023.12,-160,Experimental,Dollars,6,S,Consolidated accounts - table 1.2,D01R,Compensation of employees,,,,,National Accounts - SNA 2008 - SNE,2023,12
SNEQ.SG04SD01R000S900,2023.12,46896,Experimental,Dollars,6,S,Consolidated accounts - table 1.2,D01R,Compensation of employees,,,,,National Accounts - SNA 2008 - SNE,2023,12
SNEQ.SG04SD01R000S800,2024.03,-173,Experimental,Dollars,6,S,Consolidated accounts - table 1.2,D01R,Compensation of employees,,,,,National Accounts - SNA 2008 - SNE,2024,3
SNEQ.SG04SD01R000S900,2024.03,47522,Experimental,Dollars,6,S,Consolidated accounts - table 1.2,D01R,Compensation of employees,,,,,National Accounts - SNA 2008 - SNE,2024,3
SNEQ.SG04SD01R000S800,2024.06,-163,Experimental,Dollars,6,S,Consolidated accounts - table 1.2,D01R,Compensation of employees,,,,,National Accounts - SNA 2008 - SNE,2024,6
SNEQ.SG04SD01R000S900,2024.06,47748,Experimental,Dollars,6,S,Consolidated accounts - table 1.2,D01R,Compensation of employees,,,,,National Accounts - SNA 2008 - SNE,2024,6
SNEQ.SG04SD01R000S800,2024.09,-167,Experimental,Dollars,6,S,Consolidated accounts - table 1.2,D01R,Compensation of employees,,,,,National Accounts - SNA 2008 - SNE,2024,9
SNEQ.SG04SD01R000S900,2024.09,47745,Experimental,Dollars,6,S,Consolidated accounts - table 1.2,D01R,Compensation of employees,,,,,National Accounts - SNA 2008 - SNE,2024,9
SNEQ.SG04SD01R000S800,2024.12,-177,Experimental,Dollars,6,S,Consolidated accounts - table 1.2,D01R,Compensation of employees,,,,,National Accounts - SNA 2008 - SNE,2024,12
SNEQ.SG04SD01R000S900,2024.12,47653,Experimental,Dollars,6,S,Consolidated accounts - table 1.2,D01R,Compensation of employees,,,,,National Accounts - SNA 2008 - SNE,2024,12
SNEQ.SG04SD01R000S800,2025.03,-174,Experimental,Dollars,6,S,Consolidated accounts - table 1.2,D01R,Compensation of employees,,,,,National Accounts - SNA 2008 - SNE,2025,3
SNEQ.SG04SD01R000S900,2025.03,48372,Experimental,Dollars,6,S,Consolidated accounts - table 1.2,D01R,Compensation of employees,,,,,National Accounts - SNA 2008 - SNE,2025,3
SNEQ.SG04SD02R000S900,2016.06,9049,Experimental,Dollars,6,S,Consolidated accounts - table 1.2,D02R,Taxes on production and imports,,,,,National Accounts - SNA 2008 - SNE,2016,6
SNEQ.SG04SD02R000S900,2016.09,9181,Experimental,Dollars,6,S,Consolidated accounts - table 1.2,D02R,Taxes on production and imports,,,,,National Accounts - SNA 2008 - SNE,2016,9
SNEQ.SG04SD02R000S900,2016.12,9300,Experimental,Dollars,6,S,Consolidated accounts - table 1.2,D02R,Taxes on production and imports,,,,,National Accounts - SNA 2008 - SNE,2016,12
SNEQ.SG04SD02R000S900,2017.03,9439,Experimental,Dollars,6,S,Consolidated accounts - table 1.2,D02R,Taxes on production and imports,,,,,National Accounts - SNA 2008 - SNE,2017,3
SNEQ.SG04SD02R000S900,2017.06,9484,Experimental,Dollars,6,S,Consolidated accounts - table 1.2,D02R,Taxes on production and imports,,,,,National Accounts - SNA 2008 - SNE,2017,6
SNEQ.SG04SD02R000S900,2017.09,9616,Experimental,Dollars,6,S,Consolidated accounts - table 1.2,D02R,Taxes on production and imports,,,,,National Accounts - SNA 2008 - SNE,2017,9
SNEQ.SG04SD02R000S900,2017.12,9878,Experimental,Dollars,6,S,Consolidated accounts - table 1.2,D02R,Taxes on production and imports,,,,,National Accounts - SNA 2008 - SNE,2017,12
SNEQ.SG04SD02R000S900,2018.03,10005,Experimental,Dollars,6,S,Consolidated accounts - table 1.2,D02R,Taxes on production and imports,,,,,National Accounts - SNA 2008 - SNE,2018,3
SNEQ.SG04SD02R000S900,2018.06,9826,Experimental,Dollars,6,S,Consolidated accounts - table 1.2,D02R,Taxes on production and imports,,,,,National Accounts - SNA 2008 - SNE,2018,6
SNEQ.SG04SD02R000S900,2018.09,10243,Experimental,Dollars,6,S,Consolidated accounts - table 1.2,D02R,Taxes on production and imports,,,,,National Accounts - SNA 2008 - SNE,2018,9
SNEQ.SG04SD02R000S900,2018.12,10466,Experimental,Dollars,6,S,Consolidated accounts - table 1.2,D02R,Taxes on production and imports,,,,,National Accounts - SNA 2008 - SNE,2018,12
SNEQ.SG04SD02R000S900,2019.03,10606,Experimental,Dollars,6,S,Consolidated accounts - table 1.2,D02R,Taxes on production and imports,,,,,National Accounts - SNA 2008 - SNE,2019,3
SNEQ.SG04SD02R000S900,2019.06,10806,Experimental,Dollars,6,S,Consolidated accounts - table 1.2,D02R,Taxes on production and imports,,,,,National Accounts - SNA 2008 - SNE,2019,6
SNEQ.SG04SD02R000S900,2019.09,10851,Experimental,Dollars,6,S,Consolidated accounts - table 1.2,D02R,Taxes on production and imports,,,,,National Accounts - SNA 2008 - SNE,2019,9
SNEQ.SG04SD02R000S900,2019.12,11073,Experimental,Dollars,6,S,Consolidated accounts - table 1.2,D02R,Taxes on production and imports,,,,,National Accounts - SNA 2008 - SNE,2019,12
SNEQ.SG04SD02R000S900,2020.03,11045,Experimental,Dollars,6,S,Consolidated accounts - table 1.2,D02R,Taxes on production and imports,,,,,National Accounts - SNA 2008 - SNE,2020,3
SNEQ.SG04SD02R000S900,2020.06,9372,Experimental,Dollars,6,S,Consolidated accounts - table 1.2,D02R,Taxes on production and imports,,,,,National Accounts - SNA 2008 - SNE,2020,6
SNEQ.SG04SD02R000S900,2020.09,10777,Experimental,Dollars,6,S,Consolidated accounts - table 1.2,D02R,Taxes on production and imports,,,,,National Accounts - SNA 2008 - SNE,2020,9
SNEQ.SG04SD02R000S900,2020.12,10785,Experimental,Dollars,6,S,Consolidated accounts - table 1.2,D02R,Taxes on production and imports,,,,,National Accounts - SNA 2008 - SNE,2020,12
SNEQ.SG04SD02R000S900,2021.03,11524,Experimental,Dollars,6,S,Consolidated accounts - table 1.2,D02R,Taxes on production and imports,,,,,National Accounts - SNA 2008 - SNE,2021,3
SNEQ.SG04SD02R000S900,2021.06,12346,Experimental,Dollars,6,S,Consolidated accounts - table 1.2,D02R,Taxes on production and imports,,,,,National Accounts - SNA 2008 - SNE,2021,6
SNEQ.SG04SD02R000S900,2021.09,11366,Experimental,Dollars,6,S,Consolidated accounts - table 1.2,D02R,Taxes on production and imports,,,,,National Accounts - SNA 2008 - SNE,2021,9
SNEQ.SG04SD02R000S900,2021.12,11854,Experimental,Dollars,6,S,Consolidated accounts - table 1.2,D02R,Taxes on production and imports,,,,,National Accounts - SNA 2008 - SNE,2021,12
SNEQ.SG04SD02R000S900,2022.03,12081,Experimental,Dollars,6,S,Consolidated accounts - table 1.2,D02R,Taxes on production and imports,,,,,National Accounts - SNA 2008 - SNE,2022,3
SNEQ.SG04SD02R000S900,2022.06,12211,Experimental,Dollars,6,S,Consolidated accounts - table 1.2,D02R,Taxes on production and imports,,,,,National Accounts - SNA 2008 - SNE,2022,6
SNEQ.SG04SD02R000S900,2022.09,12508,Experimental,Dollars,6,S,Consolidated accounts - table 1.2,D02R,Taxes on production and imports,,,,,National Accounts - SNA 2008 - SNE,2022,9
SNEQ.SG04SD02R000S900,2022.12,12598,Experimental,Dollars,6,S,Consolidated accounts - table 1.2,D02R,Taxes on production and imports,,,,,National Accounts - SNA 2008 - SNE,2022,12
SNEQ.SG04SD02R000S900,2023.03,12767,Experimental,Dollars,6,S,Consolidated accounts - table 1.2,D02R,Taxes on production and imports,,,,,National Accounts - SNA 2008 - SNE,2023,3
SNEQ.SG04SD02R000S900,2023.06,12849,Experimental,Dollars,6,S,Consolidated accounts - table 1.2,D02R,Taxes on production and imports,,,,,National Accounts - SNA 2008 - SNE,2023,6
SNEQ.SG04SD02R000S900,2023.09,13315,Experimental,Dollars,6,S,Consolidated accounts - table 1.2,D02R,Taxes on production and imports,,,,,National Accounts - SNA 2008 - SNE,2023,9
SNEQ.SG04SD02R000S900,2023.12,13733,Experimental,Dollars,6,S,Consolidated accounts - table 1.2,D02R,Taxes on production and imports,,,,,National Accounts - SNA 2008 - SNE,2023,12
SNEQ.SG04SD02R000S900,2024.03,13858,Experimental,Dollars,6,S,Consolidated accounts - table 1.2,D02R,Taxes on production and imports,,,,,National Accounts - SNA 2008 - SNE,2024,3
SNEQ.SG04SD02R000S900,2024.06,14073,Experimental,Dollars,6,S,Consolidated accounts - table 1.2,D02R,Taxes on production and imports,,,,,National Accounts - SNA 2008 - SNE,2024,6
SNEQ.SG04SD02R000S900,2024.09,14009,Experimental,Dollars,6,S,Consolidated accounts - table 1.2,D02R,Taxes on production and imports,,,,,National Accounts - SNA 2008 - SNE,2024,9
SNEQ.SG04SD02R000S900,2024.12,14138,Experimental,Dollars,6,S,Consolidated accounts - table 1.2,D02R,Taxes on production and imports,,,,,National Accounts - SNA 2008 - SNE,2024,12
SNEQ.SG04SD02R000S900,2025.03,14525,Experimental,Dollars,6,S,Consolidated accounts - table 1.2,D02R,Taxes on production and imports,,,,,National Accounts - SNA 2008 - SNE,2025,3
SNEQ.SG04SD03R000S900,2016.06,191,Experimental,Dollars,6,S,Consolidated accounts - table 1.2,D03R,Subsidies,,,,,National Accounts - SNA 2008 - SNE,2016,6
SNEQ.SG04SD03R000S900,2016.09,218,Experimental,Dollars,6,S,Consolidated accounts - table 1.2,D03R,Subsidies,,,,,National Accounts - SNA 2008 - SNE,2016,9
SNEQ.SG04SD03R000S900,2016.12,231,Experimental,Dollars,6,S,Consolidated accounts - table 1.2,D03R,Subsidies,,,,,National Accounts - SNA 2008 - SNE,2016,12
SNEQ.SG04SD03R000S900,2017.03,251,Experimental,Dollars,6,S,Consolidated accounts - table 1.2,D03R,Subsidies,,,,,National Accounts - SNA 2008 - SNE,2017,3
SNEQ.SG04SD03R000S900,2017.06,252,Experimental,Dollars,6,S,Consolidated accounts - table 1.2,D03R,Subsidies,,,,,National Accounts - SNA 2008 - SNE,2017,6
SNEQ.SG04SD03R000S900,2017.09,241,Experimental,Dollars,6,S,Consolidated accounts - table 1.2,D03R,Subsidies,,,,,National Accounts - SNA 2008 - SNE,2017,9
SNEQ.SG04SD03R000S900,2017.12,264,Experimental,Dollars,6,S,Consolidated accounts - table 1.2,D03R,Subsidies,,,,,National Accounts - SNA 2008 - SNE,2017,12
SNEQ.SG04SD03R000S900,2018.03,255,Experimental,Dollars,6,S,Consolidated accounts - table 1.2,D03R,Subsidies,,,,,National Accounts - SNA 2008 - SNE,2018,3
SNEQ.SG04SD03R000S900,2018.06,262,Experimental,Dollars,6,S,Consolidated accounts - table 1.2,D03R,Subsidies,,,,,National Accounts - SNA 2008 - SNE,2018,6
SNEQ.SG04SD03R000S900,2018.09,263,Experimental,Dollars,6,S,Consolidated accounts - table 1.2,D03R,Subsidies,,,,,National Accounts - SNA 2008 - SNE,2018,9
SNEQ.SG04SD03R000S900,2018.12,257,Experimental,Dollars,6,S,Consolidated accounts - table 1.2,D03R,Subsidies,,,,,National Accounts - SNA 2008 - SNE,2018,12
SNEQ.SG04SD03R000S900,2019.03,258,Experimental,Dollars,6,S,Consolidated accounts - table 1.2,D03R,Subsidies,,,,,National Accounts - SNA 2008 - SNE,2019,3
SNEQ.SG04SD03R000S900,2019.06,258,Experimental,Dollars,6,S,Consolidated accounts - table 1.2,D03R,Subsidies,,,,,National Accounts - SNA 2008 - SNE,2019,6
SNEQ.SG04SD03R000S900,2019.09,327,Experimental,Dollars,6,S,Consolidated accounts - table 1.2,D03R,Subsidies,,,,,National Accounts - SNA 2008 - SNE,2019,9
SNEQ.SG04SD03R000S900,2019.12,295,Experimental,Dollars,6,S,Consolidated accounts - table 1.2,D03R,Subsidies,,,,,National Accounts - SNA 2008 - SNE,2019,12
SNEQ.SG04SD03R000S900,2020.03,4080,Experimental,Dollars,6,S,Consolidated accounts - table 1.2,D03R,Subsidies,,,,,National Accounts - SNA 2008 - SNE,2020,3
SNEQ.SG04SD03R000S900,2020.06,8548,Experimental,Dollars,6,S,Consolidated accounts - table 1.2,D03R,Subsidies,,,,,National Accounts - SNA 2008 - SNE,2020,6
SNEQ.SG04SD03R000S900,2020.09,2299,Experimental,Dollars,6,S,Consolidated accounts - table 1.2,D03R,Subsidies,,,,,National Accounts - SNA 2008 - SNE,2020,9
SNEQ.SG04SD03R000S900,2020.12,531,Experimental,Dollars,6,S,Consolidated accounts - table 1.2,D03R,Subsidies,,,,,National Accounts - SNA 2008 - SNE,2020,12
SNEQ.SG04SD03R000S900,2021.03,896,Experimental,Dollars,6,S,Consolidated accounts - table 1.2,D03R,Subsidies,,,,,National Accounts - SNA 2008 - SNE,2021,3
SNEQ.SG04SD03R000S900,2021.06,584,Experimental,Dollars,6,S,Consolidated accounts - table 1.2,D03R,Subsidies,,,,,National Accounts - SNA 2008 - SNE,2021,6
SNEQ.SG04SD03R000S900,2021.09,4402,Experimental,Dollars,6,S,Consolidated accounts - table 1.2,D03R,Subsidies,,,,,National Accounts - SNA 2008 - SNE,2021,9
SNEQ.SG04SD03R000S900,2021.12,4375,Experimental,Dollars,6,S,Consolidated accounts - table 1.2,D03R,Subsidies,,,,,National Accounts - SNA 2008 - SNE,2021,12
SNEQ.SG04SD03R000S900,2022.03,1971,Experimental,Dollars,6,S,Consolidated accounts - table 1.2,D03R,Subsidies,,,,,National Accounts - SNA 2008 - SNE,2022,3
SNEQ.SG04SD03R000S900,2022.06,1133,Experimental,Dollars,6,S,Consolidated accounts - table 1.2,D03R,Subsidies,,,,,National Accounts - SNA 2008 - SNE,2022,6
SNEQ.SG04SD03R000S900,2022.09,853,Experimental,Dollars,6,S,Consolidated accounts - table 1.2,D03R,Subsidies,,,,,National Accounts - SNA 2008 - SNE,2022,9
SNEQ.SG04SD03R000S900,2022.12,656,Experimental,Dollars,6,S,Consolidated accounts - table 1.2,D03R,Subsidies,,,,,National Accounts - SNA 2008 - SNE,2022,12
SNEQ.SG04SD03R000S900,2023.03,654,Experimental,Dollars,6,S,Consolidated accounts - table 1.2,D03R,Subsidies,,,,,National Accounts - SNA 2008 - SNE,2023,3
SNEQ.SG04SD03R000S900,2023.06,559,Experimental,Dollars,6,S,Consolidated accounts - table 1.2,D03R,Subsidies,,,,,National Accounts - SNA 2008 - SNE,2023,6
SNEQ.SG04SD03R000S900,2023.09,614,Experimental,Dollars,6,S,Consolidated accounts - table 1.2,D03R,Subsidies,,,,,National Accounts - SNA 2008 - SNE,2023,9
SNEQ.SG04SD03R000S900,2023.12,575,Experimental,Dollars,6,S,Consolidated accounts - table 1.2,D03R,Subsidies,,,,,National Accounts - SNA 2008 - SNE,2023,12
SNEQ.SG04SD03R000S900,2024.03,633,Experimental,Dollars,6,S,Consolidated accounts - table 1.2,D03R,Subsidies,,,,,National Accounts - SNA 2008 - SNE,2024,3
SNEQ.SG04SD03R000S900,2024.06,541,Experimental,Dollars,6,S,Consolidated accounts - table 1.2,D03R,Subsidies,,,,,National Accounts - SNA 2008 - SNE,2024,6
SNEQ.SG04SD03R000S900,2024.09,632,Experimental,Dollars,6,S,Consolidated accounts - table 1.2,D03R,Subsidies,,,,,National Accounts - SNA 2008 - SNE,2024,9
SNEQ.SG04SD03R000S900,2024.12,573,Experimental,Dollars,6,S,Consolidated accounts - table 1.2,D03R,Subsidies,,,,,National Accounts - SNA 2008 - SNE,2024,12
SNEQ.SG04SD03R000S900,2025.03,566,Experimental,Dollars,6,S,Consolidated accounts - table 1.2,D03R,Subsidies,,,,,National Accounts - SNA 2008 - SNE,2025,3
SNEQ.SG04SP030000S900,2016.06,50351,Experimental,Dollars,6,S,Consolidated accounts - table 1.2,P03,Final consumption expenditure,,,,,National Accounts - SNA 2008 - SNE,2016,6
SNEQ.SG04SP030000S900,2016.09,51138,Experimental,Dollars,6,S,Consolidated accounts - table 1.2,P03,Final consumption expenditure,,,,,National Accounts - SNA 2008 - SNE,2016,9
SNEQ.SG04SP030000S900,2016.12,51916,Experimental,Dollars,6,S,Consolidated accounts - table 1.2,P03,Final consumption expenditure,,,,,National Accounts - SNA 2008 - SNE,2016,12
SNEQ.SG04SP030000S900,2017.03,53140,Experimental,Dollars,6,S,Consolidated accounts - table 1.2,P03,Final consumption expenditure,,,,,National Accounts - SNA 2008 - SNE,2017,3
SNEQ.SG04SP030000S900,2017.06,53567,Experimental,Dollars,6,S,Consolidated accounts - table 1.2,P03,Final consumption expenditure,,,,,National Accounts - SNA 2008 - SNE,2017,6
SNEQ.SG04SP030000S900,2017.09,54420,Experimental,Dollars,6,S,Consolidated accounts - table 1.2,P03,Final consumption expenditure,,,,,National Accounts - SNA 2008 - SNE,2017,9
SNEQ.SG04SP030000S900,2017.12,55275,Experimental,Dollars,6,S,Consolidated accounts - table 1.2,P03,Final consumption expenditure,,,,,National Accounts - SNA 2008 - SNE,2017,12
SNEQ.SG04SP030000S900,2018.03,55884,Experimental,Dollars,6,S,Consolidated accounts - table 1.2,P03,Final consumption expenditure,,,,,National Accounts - SNA 2008 - SNE,2018,3
SNEQ.SG04SP030000S900,2018.06,56939,Experimental,Dollars,6,S,Consolidated accounts - table 1.2,P03,Final consumption expenditure,,,,,National Accounts - SNA 2008 - SNE,2018,6
SNEQ.SG04SP030000S900,2018.09,57978,Experimental,Dollars,6,S,Consolidated accounts - table 1.2,P03,Final consumption expenditure,,,,,National Accounts - SNA 2008 - SNE,2018,9
SNEQ.SG04SP030000S900,2018.12,58840,Experimental,Dollars,6,S,Consolidated accounts - table 1.2,P03,Final consumption expenditure,,,,,National Accounts - SNA 2008 - SNE,2018,12
SNEQ.SG04SP030000S900,2019.03,59204,Experimental,Dollars,6,S,Consolidated accounts - table 1.2,P03,Final consumption expenditure,,,,,National Accounts - SNA 2008 - SNE,2019,3
SNEQ.SG04SP030000S900,2019.06,60389,Experimental,Dollars,6,S,Consolidated accounts - table 1.2,P03,Final consumption expenditure,,,,,National Accounts - SNA 2008 - SNE,2019,6
SNEQ.SG04SP030000S900,2019.09,61158,Experimental,Dollars,6,S,Consolidated accounts - table 1.2,P03,Final consumption expenditure,,,,,National Accounts - SNA 2008 - SNE,2019,9
SNEQ.SG04SP030000S900,2019.12,62011,Experimental,Dollars,6,S,Consolidated accounts - table 1.2,P03,Final consumption expenditure,,,,,National Accounts - SNA 2008 - SNE,2019,12
SNEQ.SG04SP030000S900,2020.03,62122,Experimental,Dollars,6,S,Consolidated accounts - table 1.2,P03,Final consumption expenditure,,,,,National Accounts - SNA 2008 - SNE,2020,3
SNEQ.SG04SP030000S900,2020.06,57279,Experimental,Dollars,6,S,Consolidated accounts - table 1.2,P03,Final consumption expenditure,,,,,National Accounts - SNA 2008 - SNE,2020,6
SNEQ.SG04SP030000S900,2020.09,63674,Experimental,Dollars,6,S,Consolidated accounts - table 1.2,P03,Final consumption expenditure,,,,,National Accounts - SNA 2008 - SNE,2020,9
SNEQ.SG04SP030000S900,2020.12,65178,Experimental,Dollars,6,S,Consolidated accounts - table 1.2,P03,Final consumption expenditure,,,,,National Accounts - SNA 2008 - SNE,2020,12
SNEQ.SG04SP030000S900,2021.03,68474,Experimental,Dollars,6,S,Consolidated accounts - table 1.2,P03,Final consumption expenditure,,,,,National Accounts - SNA 2008 - SNE,2021,3
SNEQ.SG04SP030000S900,2021.06,69417,Experimental,Dollars,6,S,Consolidated accounts - table 1.2,P03,Final consumption expenditure,,,,,National Accounts - SNA 2008 - SNE,2021,6
SNEQ.SG04SP030000S900,2021.09,67124,Experimental,Dollars,6,S,Consolidated accounts - table 1.2,P03,Final consumption expenditure,,,,,National Accounts - SNA 2008 - SNE,2021,9
SNEQ.SG04SP030000S900,2021.12,71472,Experimental,Dollars,6,S,Consolidated accounts - table 1.2,P03,Final consumption expenditure,,,,,National Accounts - SNA 2008 - SNE,2021,12
SNEQ.SG04SP030000S900,2022.03,75260,Experimental,Dollars,6,S,Consolidated accounts - table 1.2,P03,Final consumption expenditure,,,,,National Accounts - SNA 2008 - SNE,2022,3
SNEQ.SG04SP030000S900,2022.06,75407,Experimental,Dollars,6,S,Consolidated accounts - table 1.2,P03,Final consumption expenditure,,,,,National Accounts - SNA 2008 - SNE,2022,6
SNEQ.SG04SP030000S900,2022.09,77315,Experimental,Dollars,6,S,Consolidated accounts - table 1.2,P03,Final consumption expenditure,,,,,National Accounts - SNA 2008 - SNE,2022,9
SNEQ.SG04SP030000S900,2022.12,78528,Experimental,Dollars,6,S,Consolidated accounts - table 1.2,P03,Final consumption expenditure,,,,,National Accounts - SNA 2008 - SNE,2022,12
SNEQ.SG04SP030000S900,2023.03,80133,Experimental,Dollars,6,S,Consolidated accounts - table 1.2,P03,Final consumption expenditure,,,,,National Accounts - SNA 2008 - SNE,2023,3
SNEQ.SG04SP030000S900,2023.06,81699,Experimental,Dollars,6,S,Consolidated accounts - table 1.2,P03,Final consumption expenditure,,,,,National Accounts - SNA 2008 - SNE,2023,6
SNEQ.SG04SP030000S900,2023.09,82222,Experimental,Dollars,6,S,Consolidated accounts - table 1.2,P03,Final consumption expenditure,,,,,National Accounts - SNA 2008 - SNE,2023,9
SNEQ.SG04SP030000S900,2023.12,83205,Experimental,Dollars,6,S,Consolidated accounts - table 1.2,P03,Final consumption expenditure,,,,,National Accounts - SNA 2008 - SNE,2023,12
SNEQ.SG04SP030000S900,2024.03,83747,Experimental,Dollars,6,S,Consolidated accounts - table 1.2,P03,Final consumption expenditure,,,,,National Accounts - SNA 2008 - SNE,2024,3
SNEQ.SG04SP030000S900,2024.06,84623,Experimental,Dollars,6,S,Consolidated accounts - table 1.2,P03,Final consumption expenditure,,,,,National Accounts - SNA 2008 - SNE,2024,6
SNEQ.SG04SP030000S900,2024.09,84693,Experimental,Dollars,6,S,Consolidated accounts - table 1.2,P03,Final consumption expenditure,,,,,National Accounts - SNA 2008 - SNE,2024,9
SNEQ.SG04SP030000S900,2024.12,85304,Experimental,Dollars,6,S,Consolidated accounts - table 1.2,P03,Final consumption expenditure,,,,,National Accounts - SNA 2008 - SNE,2024,12
SNEQ.SG04SP030000S900,2025.03,87075,Experimental,Dollars,6,S,Consolidated accounts - table 1.2,P03,Final consumption expenditure,,,,,National Accounts - SNA 2008 - SNE,2025,3
SNEQ.SG04SP051C00S900,2016.06,9255,Experimental,Dollars,6,S,Consolidated accounts - table 1.2,P051C,Consumption of fixed capital,AN1,Produced non-financial assets,,,National Accounts - SNA 2008 - SNE,2016,6
SNEQ.SG04SP051C00S900,2016.09,9403,Experimental,Dollars,6,S,Consolidated accounts - table 1.2,P051C,Consumption of fixed capital,AN1,Produced non-financial assets,,,National Accounts - SNA 2008 - SNE,2016,9
SNEQ.SG04SP051C00S900,2016.12,9548,Experimental,Dollars,6,S,Consolidated accounts - table 1.2,P051C,Consumption of fixed capital,AN1,Produced non-financial assets,,,National Accounts - SNA 2008 - SNE,2016,12
SNEQ.SG04SP051C00S900,2017.03,9698,Experimental,Dollars,6,S,Consolidated accounts - table 1.2,P051C,Consumption of fixed capital,AN1,Produced non-financial assets,,,National Accounts - SNA 2008 - SNE,2017,3
SNEQ.SG04SP051C00S900,2017.06,9698,Experimental,Dollars,6,S,Consolidated accounts - table 1.2,P051C,Consumption of fixed capital,AN1,Produced non-financial assets,,,National Accounts - SNA 2008 - SNE,2017,6
SNEQ.SG04SP051C00S900,2017.09,9844,Experimental,Dollars,6,S,Consolidated accounts - table 1.2,P051C,Consumption of fixed capital,AN1,Produced non-financial assets,,,National Accounts - SNA 2008 - SNE,2017,9
SNEQ.SG04SP051C00S900,2017.12,9998,Experimental,Dollars,6,S,Consolidated accounts - table 1.2,P051C,Consumption of fixed capital,AN1,Produced non-financial assets,,,National Accounts - SNA 2008 - SNE,2017,12
SNEQ.SG04SP051C00S900,2018.03,10232,Experimental,Dollars,6,S,Consolidated accounts - table 1.2,P051C,Consumption of fixed capital,AN1,Produced non-financial assets,,,National Accounts - SNA 2008 - SNE,2018,3
SNEQ.SG04SP051C00S900,2018.06,11058,Experimental,Dollars,6,S,Consolidated accounts - table 1.2,P051C,Consumption of fixed capital,AN1,Produced non-financial assets,,,National Accounts - SNA 2008 - SNE,2018,6
SNEQ.SG04SP051C00S900,2018.09,11223,Experimental,Dollars,6,S,Consolidated accounts - table 1.2,P051C,Consumption of fixed capital,AN1,Produced non-financial assets,,,National Accounts - SNA 2008 - SNE,2018,9
SNEQ.SG04SP051C00S900,2018.12,11413,Experimental,Dollars,6,S,Consolidated accounts - table 1.2,P051C,Consumption of fixed capital,AN1,Produced non-financial assets,,,National Accounts - SNA 2008 - SNE,2018,12
SNEQ.SG04SP051C00S900,2019.03,11506,Experimental,Dollars,6,S,Consolidated accounts - table 1.2,P051C,Consumption of fixed capital,AN1,Produced non-financial assets,,,National Accounts - SNA 2008 - SNE,2019,3
SNEQ.SG04SP051C00S900,2019.06,10942,Experimental,Dollars,6,S,Consolidated accounts - table 1.2,P051C,Consumption of fixed capital,AN1,Produced non-financial assets,,,National Accounts - SNA 2008 - SNE,2019,6
SNEQ.SG04SP051C00S900,2019.09,11101,Experimental,Dollars,6,S,Consolidated accounts - table 1.2,P051C,Consumption of fixed capital,AN1,Produced non-financial assets,,,National Accounts - SNA 2008 - SNE,2019,9
SNEQ.SG04SP051C00S900,2019.12,11299,Experimental,Dollars,6,S,Consolidated accounts - table 1.2,P051C,Consumption of fixed capital,AN1,Produced non-financial assets,,,National Accounts - SNA 2008 - SNE,2019,12
SNEQ.SG04SP051C00S900,2020.03,11512,Experimental,Dollars,6,S,Consolidated accounts - table 1.2,P051C,Consumption of fixed capital,AN1,Produced non-financial assets,,,National Accounts - SNA 2008 - SNE,2020,3
SNEQ.SG04SP051C00S900,2020.06,11578,Experimental,Dollars,6,S,Consolidated accounts - table 1.2,P051C,Consumption of fixed capital,AN1,Produced non-financial assets,,,National Accounts - SNA 2008 - SNE,2020,6
SNEQ.SG04SP051C00S900,2020.09,11684,Experimental,Dollars,6,S,Consolidated accounts - table 1.2,P051C,Consumption of fixed capital,AN1,Produced non-financial assets,,,National Accounts - SNA 2008 - SNE,2020,9
SNEQ.SG04SP051C00S900,2020.12,11803,Experimental,Dollars,6,S,Consolidated accounts - table 1.2,P051C,Consumption of fixed capital,AN1,Produced non-financial assets,,,National Accounts - SNA 2008 - SNE,2020,12
SNEQ.SG04SP051C00S900,2021.03,11877,Experimental,Dollars,6,S,Consolidated accounts - table 1.2,P051C,Consumption of fixed capital,AN1,Produced non-financial assets,,,National Accounts - SNA 2008 - SNE,2021,3
SNEQ.SG04SP051C00S900,2021.06,12218,Experimental,Dollars,6,S,Consolidated accounts - table 1.2,P051C,Consumption of fixed capital,AN1,Produced non-financial assets,,,National Accounts - SNA 2008 - SNE,2021,6
SNEQ.SG04SP051C00S900,2021.09,12468,Experimental,Dollars,6,S,Consolidated accounts - table 1.2,P051C,Consumption of fixed capital,AN1,Produced non-financial assets,,,National Accounts - SNA 2008 - SNE,2021,9
SNEQ.SG04SP051C00S900,2021.12,12747,Experimental,Dollars,6,S,Consolidated accounts - table 1.2,P051C,Consumption of fixed capital,AN1,Produced non-financial assets,,,National Accounts - SNA 2008 - SNE,2021,12
SNEQ.SG04SP051C00S900,2022.03,13174,Experimental,Dollars,6,S,Consolidated accounts - table 1.2,P051C,Consumption of fixed capital,AN1,Produced non-financial assets,,,National Accounts - SNA 2008 - SNE,2022,3
SNEQ.SG04SP051C00S900,2022.06,13620,Experimental,Dollars,6,S,Consolidated accounts - table 1.2,P051C,Consumption of fixed capital,AN1,Produced non-financial assets,,,National Accounts - SNA 2008 - SNE,2022,6
SNEQ.SG04SP051C00S900,2022.09,14176,Experimental,Dollars,6,S,Consolidated accounts - table 1.2,P051C,Consumption of fixed capital,AN1,Produced non-financial assets,,,National Accounts - SNA 2008 - SNE,2022,9
SNEQ.SG04SP051C00S900,2022.12,14654,Experimental,Dollars,6,S,Consolidated accounts - table 1.2,P051C,Consumption of fixed capital,AN1,Produced non-financial assets,,,National Accounts - SNA 2008 - SNE,2022,12
SNEQ.SG04SP051C00S900,2023.03,15298,Experimental,Dollars,6,S,Consolidated accounts - table 1.2,P051C,Consumption of fixed capital,AN1,Produced non-financial assets,,,National Accounts - SNA 2008 - SNE,2023,3
SNEQ.SG04SP051C00S900,2023.06,15170,Experimental,Dollars,6,S,Consolidated accounts - table 1.2,P051C,Consumption of fixed capital,AN1,Produced non-financial assets,,,National Accounts - SNA 2008 - SNE,2023,6
SNEQ.SG04SP051C00S900,2023.09,15590,Experimental,Dollars,6,S,Consolidated accounts - table 1.2,P051C,Consumption of fixed capital,AN1,Produced non-financial assets,,,National Accounts - SNA 2008 - SNE,2023,9
SNEQ.SG04SP051C00S900,2023.12,15911,Experimental,Dollars,6,S,Consolidated accounts - table 1.2,P051C,Consumption of fixed capital,AN1,Produced non-financial assets,,,National Accounts - SNA 2008 - SNE,2023,12
SNEQ.SG04SP051C00S900,2024.03,16223,Experimental,Dollars,6,S,Consolidated accounts - table 1.2,P051C,Consumption of fixed capital,AN1,Produced non-financial assets,,,National Accounts - SNA 2008 - SNE,2024,3
SNEQ.SG04SP051C00S900,2024.06,16225,Experimental,Dollars,6,S,Consolidated accounts - table 1.2,P051C,Consumption of fixed capital,AN1,Produced non-financial assets,,,National Accounts - SNA 2008 - SNE,2024,6
SNEQ.SG04SP051C00S900,2024.09,16464,Experimental,Dollars,6,S,Consolidated accounts - table 1.2,P051C,Consumption of fixed capital,AN1,Produced non-financial assets,,,National Accounts - SNA 2008 - SNE,2024,9
SNEQ.SG04SP051C00S900,2024.12,16594,Experimental,Dollars,6,S,Consolidated accounts - table 1.2,P051C,Consumption of fixed capital,AN1,Produced non-financial assets,,,National Accounts - SNA 2008 - SNE,2024,12
SNEQ.SG04SP051C00S900,2025.03,16766,Experimental,Dollars,6,S,Consolidated accounts - table 1.2,P051C,Consumption of fixed capital,AN1,Produced non-financial assets,,,National Accounts - SNA 2008 - SNE,2025,3
SNEQ.SG04SP030000S310,2016.06,10619,Experimental,Dollars,6,S,Consolidated accounts - table 1.2,P03,Final consumption expenditure,,,31,Central government institutions,National Accounts - SNA 2008 - SNE,2016,6
SNEQ.SG04SP030000S310,2016.09,10833,Experimental,Dollars,6,S,Consolidated accounts - table 1.2,P03,Final consumption expenditure,,,31,Central government institutions,National Accounts - SNA 2008 - SNE,2016,9
SNEQ.SG04SP030000S310,2016.12,10966,Experimental,Dollars,6,S,Consolidated accounts - table 1.2,P03,Final consumption expenditure,,,31,Central government institutions,National Accounts - SNA 2008 - SNE,2016,12
SNEQ.SG04SP030000S310,2017.03,11129,Experimental,Dollars,6,S,Consolidated accounts - table 1.2,P03,Final consumption expenditure,,,31,Central government institutions,National Accounts - SNA 2008 - SNE,2017,3
SNEQ.SG04SP030000S310,2017.06,11193,Experimental,Dollars,6,S,Consolidated accounts - table 1.2,P03,Final consumption expenditure,,,31,Central government institutions,National Accounts - SNA 2008 - SNE,2017,6
SNEQ.SG04SP030000S310,2017.09,11504,Experimental,Dollars,6,S,Consolidated accounts - table 1.2,P03,Final consumption expenditure,,,31,Central government institutions,National Accounts - SNA 2008 - SNE,2017,9
SNEQ.SG04SP030000S310,2017.12,11601,Experimental,Dollars,6,S,Consolidated accounts - table 1.2,P03,Final consumption expenditure,,,31,Central government institutions,National Accounts - SNA 2008 - SNE,2017,12
SNEQ.SG04SP030000S310,2018.03,11765,Experimental,Dollars,6,S,Consolidated accounts - table 1.2,P03,Final consumption expenditure,,,31,Central government institutions,National Accounts - SNA 2008 - SNE,2018,3
SNEQ.SG04SP030000S310,2018.06,11955,Experimental,Dollars,6,S,Consolidated accounts - table 1.2,P03,Final consumption expenditure,,,31,Central government institutions,National Accounts - SNA 2008 - SNE,2018,6
SNEQ.SG04SP030000S310,2018.09,12255,Experimental,Dollars,6,S,Consolidated accounts - table 1.2,P03,Final consumption expenditure,,,31,Central government institutions,National Accounts - SNA 2008 - SNE,2018,9
SNEQ.SG04SP030000S310,2018.12,12482,Experimental,Dollars,6,S,Consolidated accounts - table 1.2,P03,Final consumption expenditure,,,31,Central government institutions,National Accounts - SNA 2008 - SNE,2018,12
SNEQ.SG04SP030000S310,2019.03,12710,Experimental,Dollars,6,S,Consolidated accounts - table 1.2,P03,Final consumption expenditure,,,31,Central government institutions,National Accounts - SNA 2008 - SNE,2019,3
SNEQ.SG04SP030000S310,2019.06,13139,Experimental,Dollars,6,S,Consolidated accounts - table 1.2,P03,Final consumption expenditure,,,31,Central government institutions,National Accounts - SNA 2008 - SNE,2019,6
SNEQ.SG04SP030000S310,2019.09,13260,Experimental,Dollars,6,S,Consolidated accounts - table 1.2,P03,Final consumption expenditure,,,31,Central government institutions,National Accounts - SNA 2008 - SNE,2019,9
SNEQ.SG04SP030000S310,2019.12,13616,Experimental,Dollars,6,S,Consolidated accounts - table 1.2,P03,Final consumption expenditure,,,31,Central government institutions,National Accounts - SNA 2008 - SNE,2019,12
SNEQ.SG04SP030000S310,2020.03,13940,Experimental,Dollars,6,S,Consolidated accounts - table 1.2,P03,Final consumption expenditure,,,31,Central government institutions,National Accounts - SNA 2008 - SNE,2020,3
SNEQ.SG04SP030000S310,2020.06,14381,Experimental,Dollars,6,S,Consolidated accounts - table 1.2,P03,Final consumption expenditure,,,31,Central government institutions,National Accounts - SNA 2008 - SNE,2020,6
SNEQ.SG04SP030000S310,2020.09,14698,Experimental,Dollars,6,S,Consolidated accounts - table 1.2,P03,Final consumption expenditure,,,31,Central government institutions,National Accounts - SNA 2008 - SNE,2020,9
SNEQ.SG04SP030000S310,2020.12,15115,Experimental,Dollars,6,S,Consolidated accounts - table 1.2,P03,Final consumption expenditure,,,31,Central government institutions,National Accounts - SNA 2008 - SNE,2020,12
SNEQ.SG04SP030000S310,2021.03,15732,Experimental,Dollars,6,S,Consolidated accounts - table 1.2,P03,Final consumption expenditure,,,31,Central government institutions,National Accounts - SNA 2008 - SNE,2021,3
SNEQ.SG04SP030000S310,2021.06,15974,Experimental,Dollars,6,S,Consolidated accounts - table 1.2,P03,Final consumption expenditure,,,31,Central government institutions,National Accounts - SNA 2008 - SNE,2021,6
SNEQ.SG04SP030000S310,2021.09,16480,Experimental,Dollars,6,S,Consolidated accounts - table 1.2,P03,Final consumption expenditure,,,31,Central government institutions,National Accounts - SNA 2008 - SNE,2021,9
SNEQ.SG04SP030000S310,2021.12,17554,Experimental,Dollars,6,S,Consolidated accounts - table 1.2,P03,Final consumption expenditure,,,31,Central government institutions,National Accounts - SNA 2008 - SNE,2021,12
SNEQ.SG04SP030000S310,2022.03,17922,Experimental,Dollars,6,S,Consolidated accounts - table 1.2,P03,Final consumption expenditure,,,31,Central government institutions,National Accounts - SNA 2008 - SNE,2022,3
SNEQ.SG04SP030000S310,2022.06,18142,Experimental,Dollars,6,S,Consolidated accounts - table 1.2,P03,Final consumption expenditure,,,31,Central government institutions,National Accounts - SNA 2008 - SNE,2022,6
SNEQ.SG04SP030000S310,2022.09,18469,Experimental,Dollars,6,S,Consolidated accounts - table 1.2,P03,Final consumption expenditure,,,31,Central government institutions,National Accounts - SNA 2008 - SNE,2022,9
SNEQ.SG04SP030000S310,2022.12,18265,Experimental,Dollars,6,S,Consolidated accounts - table 1.2,P03,Final consumption expenditure,,,31,Central government institutions,National Accounts - SNA 2008 - SNE,2022,12
SNEQ.SG04SP030000S310,2023.03,18672,Experimental,Dollars,6,S,Consolidated accounts - table 1.2,P03,Final consumption expenditure,,,31,Central government institutions,National Accounts - SNA 2008 - SNE,2023,3
SNEQ.SG04SP030000S310,2023.06,19172,Experimental,Dollars,6,S,Consolidated accounts - table 1.2,P03,Final consumption expenditure,,,31,Central government institutions,National Accounts - SNA 2008 - SNE,2023,6
SNEQ.SG04SP030000S310,2023.09,19582,Experimental,Dollars,6,S,Consolidated accounts - table 1.2,P03,Final consumption expenditure,,,31,Central government institutions,National Accounts - SNA 2008 - SNE,2023,9
SNEQ.SG04SP030000S310,2023.12,19913,Experimental,Dollars,6,S,Consolidated accounts - table 1.2,P03,Final consumption expenditure,,,31,Central government institutions,National Accounts - SNA 2008 - SNE,2023,12
SNEQ.SG04SP030000S310,2024.03,19950,Experimental,Dollars,6,S,Consolidated accounts - table 1.2,P03,Final consumption expenditure,,,31,Central government institutions,National Accounts - SNA 2008 - SNE,2024,3
SNEQ.SG04SP030000S310,2024.06,20536,Experimental,Dollars,6,S,Consolidated accounts - table 1.2,P03,Final consumption expenditure,,,31,Central government institutions,National Accounts - SNA 2008 - SNE,2024,6
SNEQ.SG04SP030000S310,2024.09,20202,Experimental,Dollars,6,S,Consolidated accounts - table 1.2,P03,Final consumption expenditure,,,31,Central government institutions,National Accounts - SNA 2008 - SNE,2024,9
SNEQ.SG04SP030000S310,2024.12,20270,Experimental,Dollars,6,S,Consolidated accounts - table 1.2,P03,Final consumption expenditure,,,31,Central government institutions,National Accounts - SNA 2008 - SNE,2024,12
SNEQ.SG04SP030000S310,2025.03,20714,Experimental,Dollars,6,S,Consolidated accounts - table 1.2,P03,Final consumption expenditure,,,31,Central government institutions,National Accounts - SNA 2008 - SNE,2025,3
SNEQ.SG04SP030000S321,2016.06,1408,Experimental,Dollars,6,S,Consolidated accounts - table 1.2,P03,Final consumption expenditure,,,32,Local government institutions,National Accounts - SNA 2008 - SNE,2016,6
SNEQ.SG04SP030000S321,2016.09,1409,Experimental,Dollars,6,S,Consolidated accounts - table 1.2,P03,Final consumption expenditure,,,32,Local government institutions,National Accounts - SNA 2008 - SNE,2016,9
SNEQ.SG04SP030000S321,2016.12,1438,Experimental,Dollars,6,S,Consolidated accounts - table 1.2,P03,Final consumption expenditure,,,32,Local government institutions,National Accounts - SNA 2008 - SNE,2016,12
SNEQ.SG04SP030000S321,2017.03,1454,Experimental,Dollars,6,S,Consolidated accounts - table 1.2,P03,Final consumption expenditure,,,32,Local government institutions,National Accounts - SNA 2008 - SNE,2017,3
SNEQ.SG04SP030000S321,2017.06,1474,Experimental,Dollars,6,S,Consolidated accounts - table 1.2,P03,Final consumption expenditure,,,32,Local government institutions,National Accounts - SNA 2008 - SNE,2017,6
SNEQ.SG04SP030000S321,2017.09,1511,Experimental,Dollars,6,S,Consolidated accounts - table 1.2,P03,Final consumption expenditure,,,32,Local government institutions,National Accounts - SNA 2008 - SNE,2017,9
SNEQ.SG04SP030000S321,2017.12,1529,Experimental,Dollars,6,S,Consolidated accounts - table 1.2,P03,Final consumption expenditure,,,32,Local government institutions,National Accounts - SNA 2008 - SNE,2017,12
SNEQ.SG04SP030000S321,2018.03,1558,Experimental,Dollars,6,S,Consolidated accounts - table 1.2,P03,Final consumption expenditure,,,32,Local government institutions,National Accounts - SNA 2008 - SNE,2018,3
SNEQ.SG04SP030000S321,2018.06,1619,Experimental,Dollars,6,S,Consolidated accounts - table 1.2,P03,Final consumption expenditure,,,32,Local government institutions,National Accounts - SNA 2008 - SNE,2018,6
SNEQ.SG04SP030000S321,2018.09,1590,Experimental,Dollars,6,S,Consolidated accounts - table 1.2,P03,Final consumption expenditure,,,32,Local government institutions,National Accounts - SNA 2008 - SNE,2018,9
SNEQ.SG04SP030000S321,2018.12,1599,Experimental,Dollars,6,S,Consolidated accounts - table 1.2,P03,Final consumption expenditure,,,32,Local government institutions,National Accounts - SNA 2008 - SNE,2018,12
SNEQ.SG04SP030000S321,2019.03,1654,Experimental,Dollars,6,S,Consolidated accounts - table 1.2,P03,Final consumption expenditure,,,32,Local government institutions,National Accounts - SNA 2008 - SNE,2019,3
SNEQ.SG04SP030000S321,2019.06,1711,Experimental,Dollars,6,S,Consolidated accounts - table 1.2,P03,Final consumption expenditure,,,32,Local government institutions,National Accounts - SNA 2008 - SNE,2019,6
SNEQ.SG04SP030000S321,2019.09,1743,Experimental,Dollars,6,S,Consolidated accounts - table 1.2,P03,Final consumption expenditure,,,32,Local government institutions,National Accounts - SNA 2008 - SNE,2019,9
SNEQ.SG04SP030000S321,2019.12,1780,Experimental,Dollars,6,S,Consolidated accounts - table 1.2,P03,Final consumption expenditure,,,32,Local government institutions,National Accounts - SNA 2008 - SNE,2019,12
SNEQ.SG04SP030000S321,2020.03,1786,Experimental,Dollars,6,S,Consolidated accounts - table 1.2,P03,Final consumption expenditure,,,32,Local government institutions,National Accounts - SNA 2008 - SNE,2020,3
SNEQ.SG04SP030000S321,2020.06,1774,Experimental,Dollars,6,S,Consolidated accounts - table 1.2,P03,Final consumption expenditure,,,32,Local government institutions,National Accounts - SNA 2008 - SNE,2020,6
SNEQ.SG04SP030000S321,2020.09,1803,Experimental,Dollars,6,S,Consolidated accounts - table 1.2,P03,Final consumption expenditure,,,32,Local government institutions,National Accounts - SNA 2008 - SNE,2020,9
SNEQ.SG04SP030000S321,2020.12,1819,Experimental,Dollars,6,S,Consolidated accounts - table 1.2,P03,Final consumption expenditure,,,32,Local government institutions,National Accounts - SNA 2008 - SNE,2020,12
SNEQ.SG04SP030000S321,2021.03,1852,Experimental,Dollars,6,S,Consolidated accounts - table 1.2,P03,Final consumption expenditure,,,32,Local government institutions,National Accounts - SNA 2008 - SNE,2021,3
SNEQ.SG04SP030000S321,2021.06,1860,Experimental,Dollars,6,S,Consolidated accounts - table 1.2,P03,Final consumption expenditure,,,32,Local government institutions,National Accounts - SNA 2008 - SNE,2021,6
SNEQ.SG04SP030000S321,2021.09,1923,Experimental,Dollars,6,S,Consolidated accounts - table 1.2,P03,Final consumption expenditure,,,32,Local government institutions,National Accounts - SNA 2008 - SNE,2021,9
SNEQ.SG04SP030000S321,2021.12,2005,Experimental,Dollars,6,S,Consolidated accounts - table 1.2,P03,Final consumption expenditure,,,32,Local government institutions,National Accounts - SNA 2008 - SNE,2021,12
SNEQ.SG04SP030000S321,2022.03,2069,Experimental,Dollars,6,S,Consolidated accounts - table 1.2,P03,Final consumption expenditure,,,32,Local government institutions,National Accounts - SNA 2008 - SNE,2022,3
SNEQ.SG04SP030000S321,2022.06,2206,Experimental,Dollars,6,S,Consolidated accounts - table 1.2,P03,Final consumption expenditure,,,32,Local government institutions,National Accounts - SNA 2008 - SNE,2022,6
SNEQ.SG04SP030000S321,2022.09,2311,Experimental,Dollars,6,S,Consolidated accounts - table 1.2,P03,Final consumption expenditure,,,32,Local government institutions,National Accounts - SNA 2008 - SNE,2022,9
SNEQ.SG04SP030000S321,2022.12,2387,Experimental,Dollars,6,S,Consolidated accounts - table 1.2,P03,Final consumption expenditure,,,32,Local government institutions,National Accounts - SNA 2008 - SNE,2022,12
SNEQ.SG04SP030000S321,2023.03,2495,Experimental,Dollars,6,S,Consolidated accounts - table 1.2,P03,Final consumption expenditure,,,32,Local government institutions,National Accounts - SNA 2008 - SNE,2023,3
SNEQ.SG04SP030000S321,2023.06,2580,Experimental,Dollars,6,S,Consolidated accounts - table 1.2,P03,Final consumption expenditure,,,32,Local government institutions,National Accounts - SNA 2008 - SNE,2023,6
SNEQ.SG04SP030000S321,2023.09,2612,Experimental,Dollars,6,S,Consolidated accounts - table 1.2,P03,Final consumption expenditure,,,32,Local government institutions,National Accounts - SNA 2008 - SNE,2023,9
SNEQ.SG04SP030000S321,2023.12,2670,Experimental,Dollars,6,S,Consolidated accounts - table 1.2,P03,Final consumption expenditure,,,32,Local government institutions,National Accounts - SNA 2008 - SNE,2023,12
SNEQ.SG04SP030000S321,2024.03,2713,Experimental,Dollars,6,S,Consolidated accounts - table 1.2,P03,Final consumption expenditure,,,32,Local government institutions,National Accounts - SNA 2008 - SNE,2024,3
SNEQ.SG04SP030000S321,2024.06,2692,Experimental,Dollars,6,S,Consolidated accounts - table 1.2,P03,Final consumption expenditure,,,32,Local government institutions,National Accounts - SNA 2008 - SNE,2024,6
SNEQ.SG04SP030000S321,2024.09,2764,Experimental,Dollars,6,S,Consolidated accounts - table 1.2,P03,Final consumption expenditure,,,32,Local government institutions,National Accounts - SNA 2008 - SNE,2024,9
SNEQ.SG04SP030000S321,2024.12,2823,Experimental,Dollars,6,S,Consolidated accounts - table 1.2,P03,Final consumption expenditure,,,32,Local government institutions,National Accounts - SNA 2008 - SNE,2024,12
SNEQ.SG04SP030000S321,2025.03,2817,Experimental,Dollars,6,S,Consolidated accounts - table 1.2,P03,Final consumption expenditure,,,32,Local government institutions,National Accounts - SNA 2008 - SNE,2025,3
SNEQ.SG04SP030000S400,2016.06,719,Experimental,Dollars,6,S,Consolidated accounts - table 1.2,P03,Final consumption expenditure,,,4,Non-profit institutions serving households,National Accounts - SNA 2008 - SNE,2016,6
SNEQ.SG04SP030000S400,2016.09,729,Experimental,Dollars,6,S,Consolidated accounts - table 1.2,P03,Final consumption expenditure,,,4,Non-profit institutions serving households,National Accounts - SNA 2008 - SNE,2016,9
SNEQ.SG04SP030000S400,2016.12,742,Experimental,Dollars,6,S,Consolidated accounts - table 1.2,P03,Final consumption expenditure,,,4,Non-profit institutions serving households,National Accounts - SNA 2008 - SNE,2016,12
SNEQ.SG04SP030000S400,2017.03,757,Experimental,Dollars,6,S,Consolidated accounts - table 1.2,P03,Final consumption expenditure,,,4,Non-profit institutions serving households,National Accounts - SNA 2008 - SNE,2017,3
SNEQ.SG04SP030000S400,2017.06,774,Experimental,Dollars,6,S,Consolidated accounts - table 1.2,P03,Final consumption expenditure,,,4,Non-profit institutions serving households,National Accounts - SNA 2008 - SNE,2017,6
SNEQ.SG04SP030000S400,2017.09,787,Experimental,Dollars,6,S,Consolidated accounts - table 1.2,P03,Final consumption expenditure,,,4,Non-profit institutions serving households,National Accounts - SNA 2008 - SNE,2017,9
SNEQ.SG04SP030000S400,2017.12,796,Experimental,Dollars,6,S,Consolidated accounts - table 1.2,P03,Final consumption expenditure,,,4,Non-profit institutions serving households,National Accounts - SNA 2008 - SNE,2017,12
SNEQ.SG04SP030000S400,2018.03,802,Experimental,Dollars,6,S,Consolidated accounts - table 1.2,P03,Final consumption expenditure,,,4,Non-profit institutions serving households,National Accounts - SNA 2008 - SNE,2018,3
SNEQ.SG04SP030000S400,2018.06,803,Experimental,Dollars,6,S,Consolidated accounts - table 1.2,P03,Final consumption expenditure,,,4,Non-profit institutions serving households,National Accounts - SNA 2008 - SNE,2018,6
SNEQ.SG04SP030000S400,2018.09,807,Experimental,Dollars,6,S,Consolidated accounts - table 1.2,P03,Final consumption expenditure,,,4,Non-profit institutions serving households,National Accounts - SNA 2008 - SNE,2018,9
SNEQ.SG04SP030000S400,2018.12,814,Experimental,Dollars,6,S,Consolidated accounts - table 1.2,P03,Final consumption expenditure,,,4,Non-profit institutions serving households,National Accounts - SNA 2008 - SNE,2018,12
SNEQ.SG04SP030000S400,2019.03,824,Experimental,Dollars,6,S,Consolidated accounts - table 1.2,P03,Final consumption expenditure,,,4,Non-profit institutions serving households,National Accounts - SNA 2008 - SNE,2019,3
SNEQ.SG04SP030000S400,2019.06,836,Experimental,Dollars,6,S,Consolidated accounts - table 1.2,P03,Final consumption expenditure,,,4,Non-profit institutions serving households,National Accounts - SNA 2008 - SNE,2019,6
SNEQ.SG04SP030000S400,2019.09,846,Experimental,Dollars,6,S,Consolidated accounts - table 1.2,P03,Final consumption expenditure,,,4,Non-profit institutions serving households,National Accounts - SNA 2008 - SNE,2019,9
SNEQ.SG04SP030000S400,2019.12,854,Experimental,Dollars,6,S,Consolidated accounts - table 1.2,P03,Final consumption expenditure,,,4,Non-profit institutions serving households,National Accounts - SNA 2008 - SNE,2019,12
SNEQ.SG04SP030000S400,2020.03,834,Experimental,Dollars,6,S,Consolidated accounts - table 1.2,P03,Final consumption expenditure,,,4,Non-profit institutions serving households,National Accounts - SNA 2008 - SNE,2020,3
SNEQ.SG04SP030000S400,2020.06,662,Experimental,Dollars,6,S,Consolidated accounts - table 1.2,P03,Final consumption expenditure,,,4,Non-profit institutions serving households,National Accounts - SNA 2008 - SNE,2020,6
SNEQ.SG04SP030000S400,2020.09,831,Experimental,Dollars,6,S,Consolidated accounts - table 1.2,P03,Final consumption expenditure,,,4,Non-profit institutions serving households,National Accounts - SNA 2008 - SNE,2020,9
SNEQ.SG04SP030000S400,2020.12,878,Experimental,Dollars,6,S,Consolidated accounts - table 1.2,P03,Final consumption expenditure,,,4,Non-profit institutions serving households,National Accounts - SNA 2008 - SNE,2020,12
SNEQ.SG04SP030000S400,2021.03,890,Experimental,Dollars,6,S,Consolidated accounts - table 1.2,P03,Final consumption expenditure,,,4,Non-profit institutions serving households,National Accounts - SNA 2008 - SNE,2021,3
SNEQ.SG04SP030000S400,2021.06,907,Experimental,Dollars,6,S,Consolidated accounts - table 1.2,P03,Final consumption expenditure,,,4,Non-profit institutions serving households,National Accounts - SNA 2008 - SNE,2021,6
SNEQ.SG04SP030000S400,2021.09,872,Experimental,Dollars,6,S,Consolidated accounts - table 1.2,P03,Final consumption expenditure,,,4,Non-profit institutions serving households,National Accounts - SNA 2008 - SNE,2021,9
SNEQ.SG04SP030000S400,2021.12,890,Experimental,Dollars,6,S,Consolidated accounts - table 1.2,P03,Final consumption expenditure,,,4,Non-profit institutions serving households,National Accounts - SNA 2008 - SNE,2021,12
SNEQ.SG04SP030000S400,2022.03,985,Experimental,Dollars,6,S,Consolidated accounts - table 1.2,P03,Final consumption expenditure,,,4,Non-profit institutions serving households,National Accounts - SNA 2008 - SNE,2022,3
SNEQ.SG04SP030000S400,2022.06,1061,Experimental,Dollars,6,S,Consolidated accounts - table 1.2,P03,Final consumption expenditure,,,4,Non-profit institutions serving households,National Accounts - SNA 2008 - SNE,2022,6
SNEQ.SG04SP030000S400,2022.09,1107,Experimental,Dollars,6,S,Consolidated accounts - table 1.2,P03,Final consumption expenditure,,,4,Non-profit institutions serving households,National Accounts - SNA 2008 - SNE,2022,9
SNEQ.SG04SP030000S400,2022.12,1148,Experimental,Dollars,6,S,Consolidated accounts - table 1.2,P03,Final consumption expenditure,,,4,Non-profit institutions serving households,National Accounts - SNA 2008 - SNE,2022,12
SNEQ.SG04SP030000S400,2023.03,1185,Experimental,Dollars,6,S,Consolidated accounts - table 1.2,P03,Final consumption expenditure,,,4,Non-profit institutions serving households,National Accounts - SNA 2008 - SNE,2023,3
SNEQ.SG04SP030000S400,2023.06,1216,Experimental,Dollars,6,S,Consolidated accounts - table 1.2,P03,Final consumption expenditure,,,4,Non-profit institutions serving households,National Accounts - SNA 2008 - SNE,2023,6
SNEQ.SG04SP030000S400,2023.09,1242,Experimental,Dollars,6,S,Consolidated accounts - table 1.2,P03,Final consumption expenditure,,,4,Non-profit institutions serving households,National Accounts - SNA 2008 - SNE,2023,9
SNEQ.SG04SP030000S400,2023.12,1262,Experimental,Dollars,6,S,Consolidated accounts - table 1.2,P03,Final consumption expenditure,,,4,Non-profit institutions serving households,National Accounts - SNA 2008 - SNE,2023,12
SNEQ.SG04SP030000S400,2024.03,1278,Experimental,Dollars,6,S,Consolidated accounts - table 1.2,P03,Final consumption expenditure,,,4,Non-profit institutions serving households,National Accounts - SNA 2008 - SNE,2024,3
SNEQ.SG04SP030000S400,2024.06,1289,Experimental,Dollars,6,S,Consolidated accounts - table 1.2,P03,Final consumption expenditure,,,4,Non-profit institutions serving households,National Accounts - SNA 2008 - SNE,2024,6
SNEQ.SG04SP030000S400,2024.09,1303,Experimental,Dollars,6,S,Consolidated accounts - table 1.2,P03,Final consumption expenditure,,,4,Non-profit institutions serving households,National Accounts - SNA 2008 - SNE,2024,9
SNEQ.SG04SP030000S400,2024.12,1319,Experimental,Dollars,6,S,Consolidated accounts - table 1.2,P03,Final consumption expenditure,,,4,Non-profit institutions serving households,National Accounts - SNA 2008 - SNE,2024,12
SNEQ.SG04SP030000S400,2025.03,1337,Experimental,Dollars,6,S,Consolidated accounts - table 1.2,P03,Final consumption expenditure,,,4,Non-profit institutions serving households,National Accounts - SNA 2008 - SNE,2025,3
SNEQ.SG04SP030000S500,2016.06,37604,Experimental,Dollars,6,S,Consolidated accounts - table 1.2,P03,Final consumption expenditure,,,5,Households,National Accounts - SNA 2008 - SNE,2016,6
SNEQ.SG04SP030000S500,2016.09,38166,Experimental,Dollars,6,S,Consolidated accounts - table 1.2,P03,Final consumption expenditure,,,5,Households,National Accounts - SNA 2008 - SNE,2016,9
SNEQ.SG04SP030000S500,2016.12,38770,Experimental,Dollars,6,S,Consolidated accounts - table 1.2,P03,Final consumption expenditure,,,5,Households,National Accounts - SNA 2008 - SNE,2016,12
SNEQ.SG04SP030000S500,2017.03,39801,Experimental,Dollars,6,S,Consolidated accounts - table 1.2,P03,Final consumption expenditure,,,5,Households,National Accounts - SNA 2008 - SNE,2017,3
SNEQ.SG04SP030000S500,2017.06,40125,Experimental,Dollars,6,S,Consolidated accounts - table 1.2,P03,Final consumption expenditure,,,5,Households,National Accounts - SNA 2008 - SNE,2017,6
SNEQ.SG04SP030000S500,2017.09,40618,Experimental,Dollars,6,S,Consolidated accounts - table 1.2,P03,Final consumption expenditure,,,5,Households,National Accounts - SNA 2008 - SNE,2017,9
SNEQ.SG04SP030000S500,2017.12,41349,Experimental,Dollars,6,S,Consolidated accounts - table 1.2,P03,Final consumption expenditure,,,5,Households,National Accounts - SNA 2008 - SNE,2017,12
SNEQ.SG04SP030000S500,2018.03,41759,Experimental,Dollars,6,S,Consolidated accounts - table 1.2,P03,Final consumption expenditure,,,5,Households,National Accounts - SNA 2008 - SNE,2018,3
SNEQ.SG04SP030000S500,2018.06,42562,Experimental,Dollars,6,S,Consolidated accounts - table 1.2,P03,Final consumption expenditure,,,5,Households,National Accounts - SNA 2008 - SNE,2018,6
SNEQ.SG04SP030000S500,2018.09,43326,Experimental,Dollars,6,S,Consolidated accounts - table 1.2,P03,Final consumption expenditure,,,5,Households,National Accounts - SNA 2008 - SNE,2018,9
SNEQ.SG04SP030000S500,2018.12,43944,Experimental,Dollars,6,S,Consolidated accounts - table 1.2,P03,Final consumption expenditure,,,5,Households,National Accounts - SNA 2008 - SNE,2018,12
SNEQ.SG04SP030000S500,2019.03,44017,Experimental,Dollars,6,S,Consolidated accounts - table 1.2,P03,Final consumption expenditure,,,5,Households,National Accounts - SNA 2008 - SNE,2019,3
SNEQ.SG04SP030000S500,2019.06,44704,Experimental,Dollars,6,S,Consolidated accounts - table 1.2,P03,Final consumption expenditure,,,5,Households,National Accounts - SNA 2008 - SNE,2019,6
SNEQ.SG04SP030000S500,2019.09,45309,Experimental,Dollars,6,S,Consolidated accounts - table 1.2,P03,Final consumption expenditure,,,5,Households,National Accounts - SNA 2008 - SNE,2019,9
SNEQ.SG04SP030000S500,2019.12,45761,Experimental,Dollars,6,S,Consolidated accounts - table 1.2,P03,Final consumption expenditure,,,5,Households,National Accounts - SNA 2008 - SNE,2019,12
SNEQ.SG04SP030000S500,2020.03,45562,Experimental,Dollars,6,S,Consolidated accounts - table 1.2,P03,Final consumption expenditure,,,5,Households,National Accounts - SNA 2008 - SNE,2020,3
SNEQ.SG04SP030000S500,2020.06,40461,Experimental,Dollars,6,S,Consolidated accounts - table 1.2,P03,Final consumption expenditure,,,5,Households,National Accounts - SNA 2008 - SNE,2020,6
SNEQ.SG04SP030000S500,2020.09,46342,Experimental,Dollars,6,S,Consolidated accounts - table 1.2,P03,Final consumption expenditure,,,5,Households,National Accounts - SNA 2008 - SNE,2020,9
SNEQ.SG04SP030000S500,2020.12,47366,Experimental,Dollars,6,S,Consolidated accounts - table 1.2,P03,Final consumption expenditure,,,5,Households,National Accounts - SNA 2008 - SNE,2020,12
SNEQ.SG04SP030000S500,2021.03,50000,Experimental,Dollars,6,S,Consolidated accounts - table 1.2,P03,Final consumption expenditure,,,5,Households,National Accounts - SNA 2008 - SNE,2021,3
SNEQ.SG04SP030000S500,2021.06,50676,Experimental,Dollars,6,S,Consolidated accounts - table 1.2,P03,Final consumption expenditure,,,5,Households,National Accounts - SNA 2008 - SNE,2021,6
SNEQ.SG04SP030000S500,2021.09,47848,Experimental,Dollars,6,S,Consolidated accounts - table 1.2,P03,Final consumption expenditure,,,5,Households,National Accounts - SNA 2008 - SNE,2021,9
SNEQ.SG04SP030000S500,2021.12,51024,Experimental,Dollars,6,S,Consolidated accounts - table 1.2,P03,Final consumption expenditure,,,5,Households,National Accounts - SNA 2008 - SNE,2021,12
SNEQ.SG04SP030000S500,2022.03,54284,Experimental,Dollars,6,S,Consolidated accounts - table 1.2,P03,Final consumption expenditure,,,5,Households,National Accounts - SNA 2008 - SNE,2022,3
SNEQ.SG04SP030000S500,2022.06,53999,Experimental,Dollars,6,S,Consolidated accounts - table 1.2,P03,Final consumption expenditure,,,5,Households,National Accounts - SNA 2008 - SNE,2022,6
SNEQ.SG04SP030000S500,2022.09,55427,Experimental,Dollars,6,S,Consolidated accounts - table 1.2,P03,Final consumption expenditure,,,5,Households,National Accounts - SNA 2008 - SNE,2022,9
SNEQ.SG04SP030000S500,2022.12,56727,Experimental,Dollars,6,S,Consolidated accounts - table 1.2,P03,Final consumption expenditure,,,5,Households,National Accounts - SNA 2008 - SNE,2022,12
SNEQ.SG04SP030000S500,2023.03,57781,Experimental,Dollars,6,S,Consolidated accounts - table 1.2,P03,Final consumption expenditure,,,5,Households,National Accounts - SNA 2008 - SNE,2023,3
SNEQ.SG04SP030000S500,2023.06,58730,Experimental,Dollars,6,S,Consolidated accounts - table 1.2,P03,Final consumption expenditure,,,5,Households,National Accounts - SNA 2008 - SNE,2023,6
SNEQ.SG04SP030000S500,2023.09,58786,Experimental,Dollars,6,S,Consolidated accounts - table 1.2,P03,Final consumption expenditure,,,5,Households,National Accounts - SNA 2008 - SNE,2023,9
SNEQ.SG04SP030000S500,2023.12,59360,Experimental,Dollars,6,S,Consolidated accounts - table 1.2,P03,Final consumption expenditure,,,5,Households,National Accounts - SNA 2008 - SNE,2023,12
SNEQ.SG04SP030000S500,2024.03,59806,Experimental,Dollars,6,S,Consolidated accounts - table 1.2,P03,Final consumption expenditure,,,5,Households,National Accounts - SNA 2008 - SNE,2024,3
SNEQ.SG04SP030000S500,2024.06,60105,Experimental,Dollars,6,S,Consolidated accounts - table 1.2,P03,Final consumption expenditure,,,5,Households,National Accounts - SNA 2008 - SNE,2024,6
SNEQ.SG04SP030000S500,2024.09,60424,Experimental,Dollars,6,S,Consolidated accounts - table 1.2,P03,Final consumption expenditure,,,5,Households,National Accounts - SNA 2008 - SNE,2024,9
SNEQ.SG04SP030000S500,2024.12,60893,Experimental,Dollars,6,S,Consolidated accounts - table 1.2,P03,Final consumption expenditure,,,5,Households,National Accounts - SNA 2008 - SNE,2024,12
SNEQ.SG04SP030000S500,2025.03,62207,Experimental,Dollars,6,S,Consolidated accounts - table 1.2,P03,Final consumption expenditure,,,5,Households,National Accounts - SNA 2008 - SNE,2025,3
SNEQ.SG04SD040000S600,2016.06,-1946,Experimental,Dollars,6,S,Consolidated accounts - table 1.2,D04,"Investment income from the rest of the world,",,,6,Rest of world,National Accounts - SNA 2008 - SNE,2016,6
SNEQ.SG04SD040000S600,2016.09,-2137,Experimental,Dollars,6,S,Consolidated accounts - table 1.2,D04,"Investment income from the rest of the world,",,,6,Rest of world,National Accounts - SNA 2008 - SNE,2016,9
SNEQ.SG04SD040000S600,2016.12,-1956,Experimental,Dollars,6,S,Consolidated accounts - table 1.2,D04,"Investment income from the rest of the world,",,,6,Rest of world,National Accounts - SNA 2008 - SNE,2016,12
SNEQ.SG04SD040000S600,2017.03,-2575,Experimental,Dollars,6,S,Consolidated accounts - table 1.2,D04,"Investment income from the rest of the world,",,,6,Rest of world,National Accounts - SNA 2008 - SNE,2017,3
SNEQ.SG04SD040000S600,2017.06,-2191,Experimental,Dollars,6,S,Consolidated accounts - table 1.2,D04,"Investment income from the rest of the world,",,,6,Rest of world,National Accounts - SNA 2008 - SNE,2017,6
SNEQ.SG04SD040000S600,2017.09,-2859,Experimental,Dollars,6,S,Consolidated accounts - table 1.2,D04,"Investment income from the rest of the world,",,,6,Rest of world,National Accounts - SNA 2008 - SNE,2017,9
SNEQ.SG04SD040000S600,2017.12,-3025,Experimental,Dollars,6,S,Consolidated accounts - table 1.2,D04,"Investment income from the rest of the world,",,,6,Rest of world,National Accounts - SNA 2008 - SNE,2017,12
SNEQ.SG04SD040000S600,2018.03,-2701,Experimental,Dollars,6,S,Consolidated accounts - table 1.2,D04,"Investment income from the rest of the world,",,,6,Rest of world,National Accounts - SNA 2008 - SNE,2018,3
SNEQ.SG04SD040000S600,2018.06,-2859,Experimental,Dollars,6,S,Consolidated accounts - table 1.2,D04,"Investment income from the rest of the world,",,,6,Rest of world,National Accounts - SNA 2008 - SNE,2018,6
SNEQ.SG04SD040000S600,2018.09,-2718,Experimental,Dollars,6,S,Consolidated accounts - table 1.2,D04,"Investment income from the rest of the world,",,,6,Rest of world,National Accounts - SNA 2008 - SNE,2018,9
SNEQ.SG04SD040000S600,2018.12,-2828,Experimental,Dollars,6,S,Consolidated accounts - table 1.2,D04,"Investment income from the rest of the world,",,,6,Rest of world,National Accounts - SNA 2008 - SNE,2018,12
SNEQ.SG04SD040000S600,2019.03,-2495,Experimental,Dollars,6,S,Consolidated accounts - table 1.2,D04,"Investment income from the rest of the world,",,,6,Rest of world,National Accounts - SNA 2008 - SNE,2019,3
SNEQ.SG04SD040000S600,2019.06,-2274,Experimental,Dollars,6,S,Consolidated accounts - table 1.2,D04,"Investment income from the rest of the world,",,,6,Rest of world,National Accounts - SNA 2008 - SNE,2019,6
SNEQ.SG04SD040000S600,2019.09,-2074,Experimental,Dollars,6,S,Consolidated accounts - table 1.2,D04,"Investment income from the rest of the world,",,,6,Rest of world,National Accounts - SNA 2008 - SNE,2019,9
SNEQ.SG04SD040000S600,2019.12,-1766,Experimental,Dollars,6,S,Consolidated accounts - table 1.2,D04,"Investment income from the rest of the world,",,,6,Rest of world,National Accounts - SNA 2008 - SNE,2019,12
SNEQ.SG04SD040000S600,2020.03,-1724,Experimental,Dollars,6,S,Consolidated accounts - table 1.2,D04,"Investment income from the rest of the world,",,,6,Rest of world,National Accounts - SNA 2008 - SNE,2020,3
SNEQ.SG04SD040000S600,2020.06,-1278,Experimental,Dollars,6,S,Consolidated accounts - table 1.2,D04,"Investment income from the rest of the world,",,,6,Rest of world,National Accounts - SNA 2008 - SNE,2020,6
SNEQ.SG04SD040000S600,2020.09,-1483,Experimental,Dollars,6,S,Consolidated accounts - table 1.2,D04,"Investment income from the rest of the world,",,,6,Rest of world,National Accounts - SNA 2008 - SNE,2020,9
SNEQ.SG04SD040000S600,2020.12,-1278,Experimental,Dollars,6,S,Consolidated accounts - table 1.2,D04,"Investment income from the rest of the world,",,,6,Rest of world,National Accounts - SNA 2008 - SNE,2020,12
SNEQ.SG04SD040000S600,2021.03,-2039,Experimental,Dollars,6,S,Consolidated accounts - table 1.2,D04,"Investment income from the rest of the world,",,,6,Rest of world,National Accounts - SNA 2008 - SNE,2021,3
SNEQ.SG04SD040000S600,2021.06,-2108,Experimental,Dollars,6,S,Consolidated accounts - table 1.2,D04,"Investment income from the rest of the world,",,,6,Rest of world,National Accounts - SNA 2008 - SNE,2021,6
SNEQ.SG04SD040000S600,2021.09,-2108,Experimental,Dollars,6,S,Consolidated accounts - table 1.2,D04,"Investment income from the rest of the world,",,,6,Rest of world,National Accounts - SNA 2008 - SNE,2021,9
SNEQ.SG04SD040000S600,2021.12,-2466,Experimental,Dollars,6,S,Consolidated accounts - table 1.2,D04,"Investment income from the rest of the world,",,,6,Rest of world,National Accounts - SNA 2008 - SNE,2021,12
SNEQ.SG04SD040000S600,2022.03,-2619,Experimental,Dollars,6,S,Consolidated accounts - table 1.2,D04,"Investment income from the rest of the world,",,,6,Rest of world,National Accounts - SNA 2008 - SNE,2022,3
SNEQ.SG04SD040000S600,2022.06,-3103,Experimental,Dollars,6,S,Consolidated accounts - table 1.2,D04,"Investment income from the rest of the world,",,,6,Rest of world,National Accounts - SNA 2008 - SNE,2022,6
SNEQ.SG04SD040000S600,2022.09,-3009,Experimental,Dollars,6,S,Consolidated accounts - table 1.2,D04,"Investment income from the rest of the world,",,,6,Rest of world,National Accounts - SNA 2008 - SNE,2022,9
SNEQ.SG04SD040000S600,2022.12,-3534,Experimental,Dollars,6,S,Consolidated accounts - table 1.2,D04,"Investment income from the rest of the world,",,,6,Rest of world,National Accounts - SNA 2008 - SNE,2022,12
SNEQ.SG04SD040000S600,2023.03,-2712,Experimental,Dollars,6,S,Consolidated accounts - table 1.2,D04,"Investment income from the rest of the world,",,,6,Rest of world,National Accounts - SNA 2008 - SNE,2023,3
SNEQ.SG04SD040000S600,2023.06,-3441,Experimental,Dollars,6,S,Consolidated accounts - table 1.2,D04,"Investment income from the rest of the world,",,,6,Rest of world,National Accounts - SNA 2008 - SNE,2023,6
SNEQ.SG04SD040000S600,2023.09,-3627,Experimental,Dollars,6,S,Consolidated accounts - table 1.2,D04,"Investment income from the rest of the world,",,,6,Rest of world,National Accounts - SNA 2008 - SNE,2023,9
SNEQ.SG04SD040000S600,2023.12,-3314,Experimental,Dollars,6,S,Consolidated accounts - table 1.2,D04,"Investment income from the rest of the world,",,,6,Rest of world,National Accounts - SNA 2008 - SNE,2023,12
SNEQ.SG04SD040000S600,2024.03,-3313,Experimental,Dollars,6,S,Consolidated accounts - table 1.2,D04,"Investment income from the rest of the world,",,,6,Rest of world,National Accounts - SNA 2008 - SNE,2024,3
SNEQ.SG04SD040000S600,2024.06,-3451,Experimental,Dollars,6,S,Consolidated accounts - table 1.2,D04,"Investment income from the rest of the world,",,,6,Rest of world,National Accounts - SNA 2008 - SNE,2024,6
SNEQ.SG04SD040000S600,2024.09,-3619,Experimental,Dollars,6,S,Consolidated accounts - table 1.2,D04,"Investment income from the rest of the world,",,,6,Rest of world,National Accounts - SNA 2008 - SNE,2024,9
SNEQ.SG04SD040000S600,2024.12,-3792,Experimental,Dollars,6,S,Consolidated accounts - table 1.2,D04,"Investment income from the rest of the world,",,,6,Rest of world,National Accounts - SNA 2008 - SNE,2024,12
SNEQ.SG04SD040000S600,2025.03,-4059,Experimental,Dollars,6,S,Consolidated accounts - table 1.2,D04,"Investment income from the rest of the world,",,,6,Rest of world,National Accounts - SNA 2008 - SNE,2025,3
SNEQ.SG04SD075000S600,2016.06,93,Experimental,Dollars,6,S,Consolidated accounts - table 1.2,D075,"Current transfers from the rest of the world,",,,6,Rest of world,National Accounts - SNA 2008 - SNE,2016,6
SNEQ.SG04SD075000S600,2016.09,-196,Experimental,Dollars,6,S,Consolidated accounts - table 1.2,D075,"Current transfers from the rest of the world,",,,6,Rest of world,National Accounts - SNA 2008 - SNE,2016,9
SNEQ.SG04SD075000S600,2016.12,23,Experimental,Dollars,6,S,Consolidated accounts - table 1.2,D075,"Current transfers from the rest of the world,",,,6,Rest of world,National Accounts - SNA 2008 - SNE,2016,12
SNEQ.SG04SD075000S600,2017.03,-140,Experimental,Dollars,6,S,Consolidated accounts - table 1.2,D075,"Current transfers from the rest of the world,",,,6,Rest of world,National Accounts - SNA 2008 - SNE,2017,3
SNEQ.SG04SD075000S600,2017.06,-153,Experimental,Dollars,6,S,Consolidated accounts - table 1.2,D075,"Current transfers from the rest of the world,",,,6,Rest of world,National Accounts - SNA 2008 - SNE,2017,6
SNEQ.SG04SD075000S600,2017.09,-166,Experimental,Dollars,6,S,Consolidated accounts - table 1.2,D075,"Current transfers from the rest of the world,",,,6,Rest of world,National Accounts - SNA 2008 - SNE,2017,9
SNEQ.SG04SD075000S600,2017.12,-77,Experimental,Dollars,6,S,Consolidated accounts - table 1.2,D075,"Current transfers from the rest of the world,",,,6,Rest of world,National Accounts - SNA 2008 - SNE,2017,12
SNEQ.SG04SD075000S600,2018.03,-324,Experimental,Dollars,6,S,Consolidated accounts - table 1.2,D075,"Current transfers from the rest of the world,",,,6,Rest of world,National Accounts - SNA 2008 - SNE,2018,3
SNEQ.SG04SD075000S600,2018.06,-216,Experimental,Dollars,6,S,Consolidated accounts - table 1.2,D075,"Current transfers from the rest of the world,",,,6,Rest of world,National Accounts - SNA 2008 - SNE,2018,6
SNEQ.SG04SD075000S600,2018.09,-279,Experimental,Dollars,6,S,Consolidated accounts - table 1.2,D075,"Current transfers from the rest of the world,",,,6,Rest of world,National Accounts - SNA 2008 - SNE,2018,9
SNEQ.SG04SD075000S600,2018.12,-63,Experimental,Dollars,6,S,Consolidated accounts - table 1.2,D075,"Current transfers from the rest of the world,",,,6,Rest of world,National Accounts - SNA 2008 - SNE,2018,12
SNEQ.SG04SD075000S600,2019.03,-21,Experimental,Dollars,6,S,Consolidated accounts - table 1.2,D075,"Current transfers from the rest of the world,",,,6,Rest of world,National Accounts - SNA 2008 - SNE,2019,3
SNEQ.SG04SD075000S600,2019.06,-29,Experimental,Dollars,6,S,Consolidated accounts - table 1.2,D075,"Current transfers from the rest of the world,",,,6,Rest of world,National Accounts - SNA 2008 - SNE,2019,6
SNEQ.SG04SD075000S600,2019.09,-159,Experimental,Dollars,6,S,Consolidated accounts - table 1.2,D075,"Current transfers from the rest of the world,",,,6,Rest of world,National Accounts - SNA 2008 - SNE,2019,9
SNEQ.SG04SD075000S600,2019.12,6,Experimental,Dollars,6,S,Consolidated accounts - table 1.2,D075,"Current transfers from the rest of the world,",,,6,Rest of world,National Accounts - SNA 2008 - SNE,2019,12
SNEQ.SG04SD075000S600,2020.03,-18,Experimental,Dollars,6,S,Consolidated accounts - table 1.2,D075,"Current transfers from the rest of the world,",,,6,Rest of world,National Accounts - SNA 2008 - SNE,2020,3
SNEQ.SG04SD075000S600,2020.06,-228,Experimental,Dollars,6,S,Consolidated accounts - table 1.2,D075,"Current transfers from the rest of the world,",,,6,Rest of world,National Accounts - SNA 2008 - SNE,2020,6
SNEQ.SG04SD075000S600,2020.09,-190,Experimental,Dollars,6,S,Consolidated accounts - table 1.2,D075,"Current transfers from the rest of the world,",,,6,Rest of world,National Accounts - SNA 2008 - SNE,2020,9
SNEQ.SG04SD075000S600,2020.12,-43,Experimental,Dollars,6,S,Consolidated accounts - table 1.2,D075,"Current transfers from the rest of the world,",,,6,Rest of world,National Accounts - SNA 2008 - SNE,2020,12
SNEQ.SG04SD075000S600,2021.03,-44,Experimental,Dollars,6,S,Consolidated accounts - table 1.2,D075,"Current transfers from the rest of the world,",,,6,Rest of world,National Accounts - SNA 2008 - SNE,2021,3
SNEQ.SG04SD075000S600,2021.06,30,Experimental,Dollars,6,S,Consolidated accounts - table 1.2,D075,"Current transfers from the rest of the world,",,,6,Rest of world,National Accounts - SNA 2008 - SNE,2021,6
SNEQ.SG04SD075000S600,2021.09,-234,Experimental,Dollars,6,S,Consolidated accounts - table 1.2,D075,"Current transfers from the rest of the world,",,,6,Rest of world,National Accounts - SNA 2008 - SNE,2021,9
SNEQ.SG04SD075000S600,2021.12,-225,Experimental,Dollars,6,S,Consolidated accounts - table 1.2,D075,"Current transfers from the rest of the world,",,,6,Rest of world,National Accounts - SNA 2008 - SNE,2021,12
SNEQ.SG04SD075000S600,2022.03,-191,Experimental,Dollars,6,S,Consolidated accounts - table 1.2,D075,"Current transfers from the rest of the world,",,,6,Rest of world,National Accounts - SNA 2008 - SNE,2022,3
SNEQ.SG04SD075000S600,2022.06,2,Experimental,Dollars,6,S,Consolidated accounts - table 1.2,D075,"Current transfers from the rest of the world,",,,6,Rest of world,National Accounts - SNA 2008 - SNE,2022,6
SNEQ.SG04SD075000S600,2022.09,-106,Experimental,Dollars,6,S,Consolidated accounts - table 1.2,D075,"Current transfers from the rest of the world,",,,6,Rest of world,National Accounts - SNA 2008 - SNE,2022,9
SNEQ.SG04SD075000S600,2022.12,109,Experimental,Dollars,6,S,Consolidated accounts - table 1.2,D075,"Current transfers from the rest of the world,",,,6,Rest of world,National Accounts - SNA 2008 - SNE,2022,12
SNEQ.SG04SD075000S600,2023.03,301,Experimental,Dollars,6,S,Consolidated accounts - table 1.2,D075,"Current transfers from the rest of the world,",,,6,Rest of world,National Accounts - SNA 2008 - SNE,2023,3
SNEQ.SG04SD075000S600,2023.06,-14,Experimental,Dollars,6,S,Consolidated accounts - table 1.2,D075,"Current transfers from the rest of the world,",,,6,Rest of world,National Accounts - SNA 2008 - SNE,2023,6
SNEQ.SG04SD075000S600,2023.09,-211,Experimental,Dollars,6,S,Consolidated accounts - table 1.2,D075,"Current transfers from the rest of the world,",,,6,Rest of world,National Accounts - SNA 2008 - SNE,2023,9
SNEQ.SG04SD075000S600,2023.12,-297,Experimental,Dollars,6,S,Consolidated accounts - table 1.2,D075,"Current transfers from the rest of the world,",,,6,Rest of world,National Accounts - SNA 2008 - SNE,2023,12
SNEQ.SG04SD075000S600,2024.03,-405,Experimental,Dollars,6,S,Consolidated accounts - table 1.2,D075,"Current transfers from the rest of the world,",,,6,Rest of world,National Accounts - SNA 2008 - SNE,2024,3
SNEQ.SG04SD075000S600,2024.06,-108,Experimental,Dollars,6,S,Consolidated accounts - table 1.2,D075,"Current transfers from the rest of the world,",,,6,Rest of world,National Accounts - SNA 2008 - SNE,2024,6
SNEQ.SG04SD075000S600,2024.09,-423,Experimental,Dollars,6,S,Consolidated accounts - table 1.2,D075,"Current transfers from the rest of the world,",,,6,Rest of world,National Accounts - SNA 2008 - SNE,2024,9
SNEQ.SG04SD075000S600,2024.12,-121,Experimental,Dollars,6,S,Consolidated accounts - table 1.2,D075,"Current transfers from the rest of the world,",,,6,Rest of world,National Accounts - SNA 2008 - SNE,2024,12
SNEQ.SG04SD075000S600,2025.03,-111,Experimental,Dollars,6,S,Consolidated accounts - table 1.2,D075,"Current transfers from the rest of the world,",,,6,Rest of world,National Accounts - SNA 2008 - SNE,2025,3
SNEQ.SG05SB08N000S800,2016.06,4718,Experimental,Dollars,6,S,Consolidated accounts - table 1.3,B08N,Saving,,,,,National Accounts - SNA 2008 - SNE,2016,6
SNEQ.SG05SB08N000S800,2016.09,4107,Experimental,Dollars,6,S,Consolidated accounts - table 1.3,B08N,Saving,,,,,National Accounts - SNA 2008 - SNE,2016,9
SNEQ.SG05SB08N000S800,2016.12,4882,Experimental,Dollars,6,S,Consolidated accounts - table 1.3,B08N,Saving,,,,,National Accounts - SNA 2008 - SNE,2016,12
SNEQ.SG05SB08N000S800,2017.03,4445,Experimental,Dollars,6,S,Consolidated accounts - table 1.3,B08N,Saving,,,,,National Accounts - SNA 2008 - SNE,2017,3
SNEQ.SG05SB08N000S800,2017.06,4856,Experimental,Dollars,6,S,Consolidated accounts - table 1.3,B08N,Saving,,,,,National Accounts - SNA 2008 - SNE,2017,6
SNEQ.SG05SB08N000S800,2017.09,4615,Experimental,Dollars,6,S,Consolidated accounts - table 1.3,B08N,Saving,,,,,National Accounts - SNA 2008 - SNE,2017,9
SNEQ.SG05SB08N000S800,2017.12,5516,Experimental,Dollars,6,S,Consolidated accounts - table 1.3,B08N,Saving,,,,,National Accounts - SNA 2008 - SNE,2017,12
SNEQ.SG05SB08N000S800,2018.03,5322,Experimental,Dollars,6,S,Consolidated accounts - table 1.3,B08N,Saving,,,,,National Accounts - SNA 2008 - SNE,2018,3
SNEQ.SG05SB08N000S800,2018.06,4373,Experimental,Dollars,6,S,Consolidated accounts - table 1.3,B08N,Saving,,,,,National Accounts - SNA 2008 - SNE,2018,6
SNEQ.SG05SB08N000S800,2018.09,3530,Experimental,Dollars,6,S,Consolidated accounts - table 1.3,B08N,Saving,,,,,National Accounts - SNA 2008 - SNE,2018,9
SNEQ.SG05SB08N000S800,2018.12,3712,Experimental,Dollars,6,S,Consolidated accounts - table 1.3,B08N,Saving,,,,,National Accounts - SNA 2008 - SNE,2018,12
SNEQ.SG05SB08N000S800,2019.03,4984,Experimental,Dollars,6,S,Consolidated accounts - table 1.3,B08N,Saving,,,,,National Accounts - SNA 2008 - SNE,2019,3
SNEQ.SG05SB08N000S800,2019.06,5806,Experimental,Dollars,6,S,Consolidated accounts - table 1.3,B08N,Saving,,,,,National Accounts - SNA 2008 - SNE,2019,6
SNEQ.SG05SB08N000S800,2019.09,5813,Experimental,Dollars,6,S,Consolidated accounts - table 1.3,B08N,Saving,,,,,National Accounts - SNA 2008 - SNE,2019,9
SNEQ.SG05SB08N000S800,2019.12,6516,Experimental,Dollars,6,S,Consolidated accounts - table 1.3,B08N,Saving,,,,,National Accounts - SNA 2008 - SNE,2019,12
SNEQ.SG05SB08N000S800,2020.03,6476,Experimental,Dollars,6,S,Consolidated accounts - table 1.3,B08N,Saving,,,,,National Accounts - SNA 2008 - SNE,2020,3
SNEQ.SG05SB08N000S800,2020.06,3468,Experimental,Dollars,6,S,Consolidated accounts - table 1.3,B08N,Saving,,,,,National Accounts - SNA 2008 - SNE,2020,6
SNEQ.SG05SB08N000S800,2020.09,6762,Experimental,Dollars,6,S,Consolidated accounts - table 1.3,B08N,Saving,,,,,National Accounts - SNA 2008 - SNE,2020,9
SNEQ.SG05SB08N000S800,2020.12,5967,Experimental,Dollars,6,S,Consolidated accounts - table 1.3,B08N,Saving,,,,,National Accounts - SNA 2008 - SNE,2020,12
SNEQ.SG05SB08N000S800,2021.03,4016,Experimental,Dollars,6,S,Consolidated accounts - table 1.3,B08N,Saving,,,,,National Accounts - SNA 2008 - SNE,2021,3
SNEQ.SG05SB08N000S800,2021.06,4889,Experimental,Dollars,6,S,Consolidated accounts - table 1.3,B08N,Saving,,,,,National Accounts - SNA 2008 - SNE,2021,6
SNEQ.SG05SB08N000S800,2021.09,4670,Experimental,Dollars,6,S,Consolidated accounts - table 1.3,B08N,Saving,,,,,National Accounts - SNA 2008 - SNE,2021,9
SNEQ.SG05SB08N000S800,2021.12,4015,Experimental,Dollars,6,S,Consolidated accounts - table 1.3,B08N,Saving,,,,,National Accounts - SNA 2008 - SNE,2021,12
SNEQ.SG05SB08N000S800,2022.03,1123,Experimental,Dollars,6,S,Consolidated accounts - table 1.3,B08N,Saving,,,,,National Accounts - SNA 2008 - SNE,2022,3
SNEQ.SG05SB08N000S800,2022.06,3015,Experimental,Dollars,6,S,Consolidated accounts - table 1.3,B08N,Saving,,,,,National Accounts - SNA 2008 - SNE,2022,6
SNEQ.SG05SB08N000S800,2022.09,3103,Experimental,Dollars,6,S,Consolidated accounts - table 1.3,B08N,Saving,,,,,National Accounts - SNA 2008 - SNE,2022,9
SNEQ.SG05SB08N000S800,2022.12,3218,Experimental,Dollars,6,S,Consolidated accounts - table 1.3,B08N,Saving,,,,,National Accounts - SNA 2008 - SNE,2022,12
SNEQ.SG05SB08N000S800,2023.03,2403,Experimental,Dollars,6,S,Consolidated accounts - table 1.3,B08N,Saving,,,,,National Accounts - SNA 2008 - SNE,2023,3
SNEQ.SG05SB08N000S800,2023.06,2610,Experimental,Dollars,6,S,Consolidated accounts - table 1.3,B08N,Saving,,,,,National Accounts - SNA 2008 - SNE,2023,6
SNEQ.SG05SB08N000S800,2023.09,2263,Experimental,Dollars,6,S,Consolidated accounts - table 1.3,B08N,Saving,,,,,National Accounts - SNA 2008 - SNE,2023,9
SNEQ.SG05SB08N000S800,2023.12,839,Experimental,Dollars,6,S,Consolidated accounts - table 1.3,B08N,Saving,,,,,National Accounts - SNA 2008 - SNE,2023,12
SNEQ.SG05SB08N000S800,2024.03,1436,Experimental,Dollars,6,S,Consolidated accounts - table 1.3,B08N,Saving,,,,,National Accounts - SNA 2008 - SNE,2024,3
SNEQ.SG05SB08N000S800,2024.06,1001,Experimental,Dollars,6,S,Consolidated accounts - table 1.3,B08N,Saving,,,,,National Accounts - SNA 2008 - SNE,2024,6
SNEQ.SG05SB08N000S800,2024.09,309,Experimental,Dollars,6,S,Consolidated accounts - table 1.3,B08N,Saving,,,,,National Accounts - SNA 2008 - SNE,2024,9
SNEQ.SG05SB08N000S800,2024.12,1810,Experimental,Dollars,6,S,Consolidated accounts - table 1.3,B08N,Saving,,,,,National Accounts - SNA 2008 - SNE,2024,12
SNEQ.SG05SB08N000S800,2025.03,1680,Experimental,Dollars,6,S,Consolidated accounts - table 1.3,B08N,Saving,,,,,National Accounts - SNA 2008 - SNE,2025,3
SNEQ.SG05SB090000S800,2016.06,-1116,Experimental,Dollars,6,S,Consolidated accounts - table 1.3,B09,Net lending to the rest of the world,,,,,National Accounts - SNA 2008 - SNE,2016,6
SNEQ.SG05SB090000S800,2016.09,-1884,Experimental,Dollars,6,S,Consolidated accounts - table 1.3,B09,Net lending to the rest of the world,,,,,National Accounts - SNA 2008 - SNE,2016,9
SNEQ.SG05SB090000S800,2016.12,478,Experimental,Dollars,6,S,Consolidated accounts - table 1.3,B09,Net lending to the rest of the world,,,,,National Accounts - SNA 2008 - SNE,2016,12
SNEQ.SG05SB090000S800,2017.03,-2374,Experimental,Dollars,6,S,Consolidated accounts - table 1.3,B09,Net lending to the rest of the world,,,,,National Accounts - SNA 2008 - SNE,2017,3
SNEQ.SG05SB090000S800,2017.06,-1494,Experimental,Dollars,6,S,Consolidated accounts - table 1.3,B09,Net lending to the rest of the world,,,,,National Accounts - SNA 2008 - SNE,2017,6
SNEQ.SG05SB090000S800,2017.09,-1882,Experimental,Dollars,6,S,Consolidated accounts - table 1.3,B09,Net lending to the rest of the world,,,,,National Accounts - SNA 2008 - SNE,2017,9
SNEQ.SG05SB090000S800,2017.12,-2252,Experimental,Dollars,6,S,Consolidated accounts - table 1.3,B09,Net lending to the rest of the world,,,,,National Accounts - SNA 2008 - SNE,2017,12
SNEQ.SG05SB090000S800,2018.03,-3285,Experimental,Dollars,6,S,Consolidated accounts - table 1.3,B09,Net lending to the rest of the world,,,,,National Accounts - SNA 2008 - SNE,2018,3
SNEQ.SG05SB090000S800,2018.06,-3262,Experimental,Dollars,6,S,Consolidated accounts - table 1.3,B09,Net lending to the rest of the world,,,,,National Accounts - SNA 2008 - SNE,2018,6
SNEQ.SG05SB090000S800,2018.09,-3029,Experimental,Dollars,6,S,Consolidated accounts - table 1.3,B09,Net lending to the rest of the world,,,,,National Accounts - SNA 2008 - SNE,2018,9
SNEQ.SG05SB090000S800,2018.12,-3123,Experimental,Dollars,6,S,Consolidated accounts - table 1.3,B09,Net lending to the rest of the world,,,,,National Accounts - SNA 2008 - SNE,2018,12
SNEQ.SG05SB090000S800,2019.03,-2476,Experimental,Dollars,6,S,Consolidated accounts - table 1.3,B09,Net lending to the rest of the world,,,,,National Accounts - SNA 2008 - SNE,2019,3
SNEQ.SG05SB090000S800,2019.06,-2413,Experimental,Dollars,6,S,Consolidated accounts - table 1.3,B09,Net lending to the rest of the world,,,,,National Accounts - SNA 2008 - SNE,2019,6
SNEQ.SG05SB090000S800,2019.09,-2438,Experimental,Dollars,6,S,Consolidated accounts - table 1.3,B09,Net lending to the rest of the world,,,,,National Accounts - SNA 2008 - SNE,2019,9
SNEQ.SG05SB090000S800,2019.12,-1815,Experimental,Dollars,6,S,Consolidated accounts - table 1.3,B09,Net lending to the rest of the world,,,,,National Accounts - SNA 2008 - SNE,2019,12
SNEQ.SG05SB090000S800,2020.03,-1099,Experimental,Dollars,6,S,Consolidated accounts - table 1.3,B09,Net lending to the rest of the world,,,,,National Accounts - SNA 2008 - SNE,2020,3
SNEQ.SG05SB090000S800,2020.06,398,Experimental,Dollars,6,S,Consolidated accounts - table 1.3,B09,Net lending to the rest of the world,,,,,National Accounts - SNA 2008 - SNE,2020,6
SNEQ.SG05SB090000S800,2020.09,-1100,Experimental,Dollars,6,S,Consolidated accounts - table 1.3,B09,Net lending to the rest of the world,,,,,National Accounts - SNA 2008 - SNE,2020,9
SNEQ.SG05SB090000S800,2020.12,-2181,Experimental,Dollars,6,S,Consolidated accounts - table 1.3,B09,Net lending to the rest of the world,,,,,National Accounts - SNA 2008 - SNE,2020,12
SNEQ.SG05SB090000S800,2021.03,-6008,Experimental,Dollars,6,S,Consolidated accounts - table 1.3,B09,Net lending to the rest of the world,,,,,National Accounts - SNA 2008 - SNE,2021,3
SNEQ.SG05SB090000S800,2021.06,-2555,Experimental,Dollars,6,S,Consolidated accounts - table 1.3,B09,Net lending to the rest of the world,,,,,National Accounts - SNA 2008 - SNE,2021,6
SNEQ.SG05SB090000S800,2021.09,-5303,Experimental,Dollars,6,S,Consolidated accounts - table 1.3,B09,Net lending to the rest of the world,,,,,National Accounts - SNA 2008 - SNE,2021,9
SNEQ.SG05SB090000S800,2021.12,-6991,Experimental,Dollars,6,S,Consolidated accounts - table 1.3,B09,Net lending to the rest of the world,,,,,National Accounts - SNA 2008 - SNE,2021,12
SNEQ.SG05SB090000S800,2022.03,-9714,Experimental,Dollars,6,S,Consolidated accounts - table 1.3,B09,Net lending to the rest of the world,,,,,National Accounts - SNA 2008 - SNE,2022,3
SNEQ.SG05SB090000S800,2022.06,-8474,Experimental,Dollars,6,S,Consolidated accounts - table 1.3,B09,Net lending to the rest of the world,,,,,National Accounts - SNA 2008 - SNE,2022,6
SNEQ.SG05SB090000S800,2022.09,-7566,Experimental,Dollars,6,S,Consolidated accounts - table 1.3,B09,Net lending to the rest of the world,,,,,National Accounts - SNA 2008 - SNE,2022,9
SNEQ.SG05SB090000S800,2022.12,-9519,Experimental,Dollars,6,S,Consolidated accounts - table 1.3,B09,Net lending to the rest of the world,,,,,National Accounts - SNA 2008 - SNE,2022,12
SNEQ.SG05SB090000S800,2023.03,-4359,Experimental,Dollars,6,S,Consolidated accounts - table 1.3,B09,Net lending to the rest of the world,,,,,National Accounts - SNA 2008 - SNE,2023,3
SNEQ.SG05SB090000S800,2023.06,-6508,Experimental,Dollars,6,S,Consolidated accounts - table 1.3,B09,Net lending to the rest of the world,,,,,National Accounts - SNA 2008 - SNE,2023,6
SNEQ.SG05SB090000S800,2023.09,-7311,Experimental,Dollars,6,S,Consolidated accounts - table 1.3,B09,Net lending to the rest of the world,,,,,National Accounts - SNA 2008 - SNE,2023,9
SNEQ.SG05SB090000S800,2023.12,-7197,Experimental,Dollars,6,S,Consolidated accounts - table 1.3,B09,Net lending to the rest of the world,,,,,National Accounts - SNA 2008 - SNE,2023,12
SNEQ.SG05SB090000S800,2024.03,-7253,Experimental,Dollars,6,S,Consolidated accounts - table 1.3,B09,Net lending to the rest of the world,,,,,National Accounts - SNA 2008 - SNE,2024,3
SNEQ.SG05SB090000S800,2024.06,-6707,Experimental,Dollars,6,S,Consolidated accounts - table 1.3,B09,Net lending to the rest of the world,,,,,National Accounts - SNA 2008 - SNE,2024,6
SNEQ.SG05SB090000S800,2024.09,-6877,Experimental,Dollars,6,S,Consolidated accounts - table 1.3,B09,Net lending to the rest of the world,,,,,National Accounts - SNA 2008 - SNE,2024,9
SNEQ.SG05SB090000S800,2024.12,-5934,Experimental,Dollars,6,S,Consolidated accounts - table 1.3,B09,Net lending to the rest of the world,,,,,National Accounts - SNA 2008 - SNE,2024,12
SNEQ.SG05SB090000S800,2025.03,-5998,Experimental,Dollars,6,S,Consolidated accounts - table 1.3,B09,Net lending to the rest of the world,,,,,National Accounts - SNA 2008 - SNE,2025,3
SNEQ.SG05SB091NR0S800,2016.06,13973,Experimental,Dollars,6,S,Consolidated accounts - table 1.3,B091NR,Finance of capital accumulation,,,,,National Accounts - SNA 2008 - SNE,2016,6
SNEQ.SG05SB091NR0S800,2016.09,13510,Experimental,Dollars,6,S,Consolidated accounts - table 1.3,B091NR,Finance of capital accumulation,,,,,National Accounts - SNA 2008 - SNE,2016,9
SNEQ.SG05SB091NR0S800,2016.12,16471,Experimental,Dollars,6,S,Consolidated accounts - table 1.3,B091NR,Finance of capital accumulation,,,,,National Accounts - SNA 2008 - SNE,2016,12
SNEQ.SG05SB091NR0S800,2017.03,14143,Experimental,Dollars,6,S,Consolidated accounts - table 1.3,B091NR,Finance of capital accumulation,,,,,National Accounts - SNA 2008 - SNE,2017,3
SNEQ.SG05SB091NR0S800,2017.06,14554,Experimental,Dollars,6,S,Consolidated accounts - table 1.3,B091NR,Finance of capital accumulation,,,,,National Accounts - SNA 2008 - SNE,2017,6
SNEQ.SG05SB091NR0S800,2017.09,14459,Experimental,Dollars,6,S,Consolidated accounts - table 1.3,B091NR,Finance of capital accumulation,,,,,National Accounts - SNA 2008 - SNE,2017,9
SNEQ.SG05SB091NR0S800,2017.12,15514,Experimental,Dollars,6,S,Consolidated accounts - table 1.3,B091NR,Finance of capital accumulation,,,,,National Accounts - SNA 2008 - SNE,2017,12
SNEQ.SG05SB091NR0S800,2018.03,15554,Experimental,Dollars,6,S,Consolidated accounts - table 1.3,B091NR,Finance of capital accumulation,,,,,National Accounts - SNA 2008 - SNE,2018,3
SNEQ.SG05SB091NR0S800,2018.06,15431,Experimental,Dollars,6,S,Consolidated accounts - table 1.3,B091NR,Finance of capital accumulation,,,,,National Accounts - SNA 2008 - SNE,2018,6
SNEQ.SG05SB091NR0S800,2018.09,14753,Experimental,Dollars,6,S,Consolidated accounts - table 1.3,B091NR,Finance of capital accumulation,,,,,National Accounts - SNA 2008 - SNE,2018,9
SNEQ.SG05SB091NR0S800,2018.12,15125,Experimental,Dollars,6,S,Consolidated accounts - table 1.3,B091NR,Finance of capital accumulation,,,,,National Accounts - SNA 2008 - SNE,2018,12
SNEQ.SG05SB091NR0S800,2019.03,16490,Experimental,Dollars,6,S,Consolidated accounts - table 1.3,B091NR,Finance of capital accumulation,,,,,National Accounts - SNA 2008 - SNE,2019,3
SNEQ.SG05SB091NR0S800,2019.06,16748,Experimental,Dollars,6,S,Consolidated accounts - table 1.3,B091NR,Finance of capital accumulation,,,,,National Accounts - SNA 2008 - SNE,2019,6
SNEQ.SG05SB091NR0S800,2019.09,16914,Experimental,Dollars,6,S,Consolidated accounts - table 1.3,B091NR,Finance of capital accumulation,,,,,National Accounts - SNA 2008 - SNE,2019,9
SNEQ.SG05SB091NR0S800,2019.12,17815,Experimental,Dollars,6,S,Consolidated accounts - table 1.3,B091NR,Finance of capital accumulation,,,,,National Accounts - SNA 2008 - SNE,2019,12
SNEQ.SG05SB091NR0S800,2020.03,17988,Experimental,Dollars,6,S,Consolidated accounts - table 1.3,B091NR,Finance of capital accumulation,,,,,National Accounts - SNA 2008 - SNE,2020,3
SNEQ.SG05SB091NR0S800,2020.06,15046,Experimental,Dollars,6,S,Consolidated accounts - table 1.3,B091NR,Finance of capital accumulation,,,,,National Accounts - SNA 2008 - SNE,2020,6
SNEQ.SG05SB091NR0S800,2020.09,18446,Experimental,Dollars,6,S,Consolidated accounts - table 1.3,B091NR,Finance of capital accumulation,,,,,National Accounts - SNA 2008 - SNE,2020,9
SNEQ.SG05SB091NR0S800,2020.12,17770,Experimental,Dollars,6,S,Consolidated accounts - table 1.3,B091NR,Finance of capital accumulation,,,,,National Accounts - SNA 2008 - SNE,2020,12
SNEQ.SG05SB091NR0S800,2021.03,15893,Experimental,Dollars,6,S,Consolidated accounts - table 1.3,B091NR,Finance of capital accumulation,,,,,National Accounts - SNA 2008 - SNE,2021,3
SNEQ.SG05SB091NR0S800,2021.06,17107,Experimental,Dollars,6,S,Consolidated accounts - table 1.3,B091NR,Finance of capital accumulation,,,,,National Accounts - SNA 2008 - SNE,2021,6
SNEQ.SG05SB091NR0S800,2021.09,17138,Experimental,Dollars,6,S,Consolidated accounts - table 1.3,B091NR,Finance of capital accumulation,,,,,National Accounts - SNA 2008 - SNE,2021,9
SNEQ.SG05SB091NR0S800,2021.12,16762,Experimental,Dollars,6,S,Consolidated accounts - table 1.3,B091NR,Finance of capital accumulation,,,,,National Accounts - SNA 2008 - SNE,2021,12
SNEQ.SG05SB091NR0S800,2022.03,14297,Experimental,Dollars,6,S,Consolidated accounts - table 1.3,B091NR,Finance of capital accumulation,,,,,National Accounts - SNA 2008 - SNE,2022,3
SNEQ.SG05SB091NR0S800,2022.06,16635,Experimental,Dollars,6,S,Consolidated accounts - table 1.3,B091NR,Finance of capital accumulation,,,,,National Accounts - SNA 2008 - SNE,2022,6
SNEQ.SG05SB091NR0S800,2022.09,17279,Experimental,Dollars,6,S,Consolidated accounts - table 1.3,B091NR,Finance of capital accumulation,,,,,National Accounts - SNA 2008 - SNE,2022,9
SNEQ.SG05SB091NR0S800,2022.12,17872,Experimental,Dollars,6,S,Consolidated accounts - table 1.3,B091NR,Finance of capital accumulation,,,,,National Accounts - SNA 2008 - SNE,2022,12
SNEQ.SG05SB091NR0S800,2023.03,21511,Experimental,Dollars,6,S,Consolidated accounts - table 1.3,B091NR,Finance of capital accumulation,,,,,National Accounts - SNA 2008 - SNE,2023,3
SNEQ.SG05SB091NR0S800,2023.06,17780,Experimental,Dollars,6,S,Consolidated accounts - table 1.3,B091NR,Finance of capital accumulation,,,,,National Accounts - SNA 2008 - SNE,2023,6
SNEQ.SG05SB091NR0S800,2023.09,17853,Experimental,Dollars,6,S,Consolidated accounts - table 1.3,B091NR,Finance of capital accumulation,,,,,National Accounts - SNA 2008 - SNE,2023,9
SNEQ.SG05SB091NR0S800,2023.12,16750,Experimental,Dollars,6,S,Consolidated accounts - table 1.3,B091NR,Finance of capital accumulation,,,,,National Accounts - SNA 2008 - SNE,2023,12
SNEQ.SG05SB091NR0S800,2024.03,17659,Experimental,Dollars,6,S,Consolidated accounts - table 1.3,B091NR,Finance of capital accumulation,,,,,National Accounts - SNA 2008 - SNE,2024,3
SNEQ.SG05SB091NR0S800,2024.06,17226,Experimental,Dollars,6,S,Consolidated accounts - table 1.3,B091NR,Finance of capital accumulation,,,,,National Accounts - SNA 2008 - SNE,2024,6
SNEQ.SG05SB091NR0S800,2024.09,16773,Experimental,Dollars,6,S,Consolidated accounts - table 1.3,B091NR,Finance of capital accumulation,,,,,National Accounts - SNA 2008 - SNE,2024,9
SNEQ.SG05SB091NR0S800,2024.12,18404,Experimental,Dollars,6,S,Consolidated accounts - table 1.3,B091NR,Finance of capital accumulation,,,,,National Accounts - SNA 2008 - SNE,2024,12
SNEQ.SG05SB091NR0S800,2025.03,18446,Experimental,Dollars,6,S,Consolidated accounts - table 1.3,B091NR,Finance of capital accumulation,,,,,National Accounts - SNA 2008 - SNE,2025,3
SNEQ.SG05SB091NU0S800,2016.06,14083,Experimental,Dollars,6,S,Consolidated accounts - table 1.3,B091NU,Capital accumulation,,,,,National Accounts - SNA 2008 - SNE,2016,6
SNEQ.SG05SB091NU0S800,2016.09,13681,Experimental,Dollars,6,S,Consolidated accounts - table 1.3,B091NU,Capital accumulation,,,,,National Accounts - SNA 2008 - SNE,2016,9
SNEQ.SG05SB091NU0S800,2016.12,16148,Experimental,Dollars,6,S,Consolidated accounts - table 1.3,B091NU,Capital accumulation,,,,,National Accounts - SNA 2008 - SNE,2016,12
SNEQ.SG05SB091NU0S800,2017.03,14011,Experimental,Dollars,6,S,Consolidated accounts - table 1.3,B091NU,Capital accumulation,,,,,National Accounts - SNA 2008 - SNE,2017,3
SNEQ.SG05SB091NU0S800,2017.06,14642,Experimental,Dollars,6,S,Consolidated accounts - table 1.3,B091NU,Capital accumulation,,,,,National Accounts - SNA 2008 - SNE,2017,6
SNEQ.SG05SB091NU0S800,2017.09,14728,Experimental,Dollars,6,S,Consolidated accounts - table 1.3,B091NU,Capital accumulation,,,,,National Accounts - SNA 2008 - SNE,2017,9
SNEQ.SG05SB091NU0S800,2017.12,15388,Experimental,Dollars,6,S,Consolidated accounts - table 1.3,B091NU,Capital accumulation,,,,,National Accounts - SNA 2008 - SNE,2017,12
SNEQ.SG05SB091NU0S800,2018.03,15077,Experimental,Dollars,6,S,Consolidated accounts - table 1.3,B091NU,Capital accumulation,,,,,National Accounts - SNA 2008 - SNE,2018,3
SNEQ.SG05SB091NU0S800,2018.06,15527,Experimental,Dollars,6,S,Consolidated accounts - table 1.3,B091NU,Capital accumulation,,,,,National Accounts - SNA 2008 - SNE,2018,6
SNEQ.SG05SB091NU0S800,2018.09,15099,Experimental,Dollars,6,S,Consolidated accounts - table 1.3,B091NU,Capital accumulation,,,,,National Accounts - SNA 2008 - SNE,2018,9
SNEQ.SG05SB091NU0S800,2018.12,14984,Experimental,Dollars,6,S,Consolidated accounts - table 1.3,B091NU,Capital accumulation,,,,,National Accounts - SNA 2008 - SNE,2018,12
SNEQ.SG05SB091NU0S800,2019.03,15983,Experimental,Dollars,6,S,Consolidated accounts - table 1.3,B091NU,Capital accumulation,,,,,National Accounts - SNA 2008 - SNE,2019,3
SNEQ.SG05SB091NU0S800,2019.06,17029,Experimental,Dollars,6,S,Consolidated accounts - table 1.3,B091NU,Capital accumulation,,,,,National Accounts - SNA 2008 - SNE,2019,6
SNEQ.SG05SB091NU0S800,2019.09,17105,Experimental,Dollars,6,S,Consolidated accounts - table 1.3,B091NU,Capital accumulation,,,,,National Accounts - SNA 2008 - SNE,2019,9
SNEQ.SG05SB091NU0S800,2019.12,17789,Experimental,Dollars,6,S,Consolidated accounts - table 1.3,B091NU,Capital accumulation,,,,,National Accounts - SNA 2008 - SNE,2019,12
SNEQ.SG05SB091NU0S800,2020.03,17127,Experimental,Dollars,6,S,Consolidated accounts - table 1.3,B091NU,Capital accumulation,,,,,National Accounts - SNA 2008 - SNE,2020,3
SNEQ.SG05SB091NU0S800,2020.06,15624,Experimental,Dollars,6,S,Consolidated accounts - table 1.3,B091NU,Capital accumulation,,,,,National Accounts - SNA 2008 - SNE,2020,6
SNEQ.SG05SB091NU0S800,2020.09,17839,Experimental,Dollars,6,S,Consolidated accounts - table 1.3,B091NU,Capital accumulation,,,,,National Accounts - SNA 2008 - SNE,2020,9
SNEQ.SG05SB091NU0S800,2020.12,17493,Experimental,Dollars,6,S,Consolidated accounts - table 1.3,B091NU,Capital accumulation,,,,,National Accounts - SNA 2008 - SNE,2020,12
SNEQ.SG05SB091NU0S800,2021.03,16096,Experimental,Dollars,6,S,Consolidated accounts - table 1.3,B091NU,Capital accumulation,,,,,National Accounts - SNA 2008 - SNE,2021,3
SNEQ.SG05SB091NU0S800,2021.06,17836,Experimental,Dollars,6,S,Consolidated accounts - table 1.3,B091NU,Capital accumulation,,,,,National Accounts - SNA 2008 - SNE,2021,6
SNEQ.SG05SB091NU0S800,2021.09,16869,Experimental,Dollars,6,S,Consolidated accounts - table 1.3,B091NU,Capital accumulation,,,,,National Accounts - SNA 2008 - SNE,2021,9
SNEQ.SG05SB091NU0S800,2021.12,16700,Experimental,Dollars,6,S,Consolidated accounts - table 1.3,B091NU,Capital accumulation,,,,,National Accounts - SNA 2008 - SNE,2021,12
SNEQ.SG05SB091NU0S800,2022.03,14335,Experimental,Dollars,6,S,Consolidated accounts - table 1.3,B091NU,Capital accumulation,,,,,National Accounts - SNA 2008 - SNE,2022,3
SNEQ.SG05SB091NU0S800,2022.06,17320,Experimental,Dollars,6,S,Consolidated accounts - table 1.3,B091NU,Capital accumulation,,,,,National Accounts - SNA 2008 - SNE,2022,6
SNEQ.SG05SB091NU0S800,2022.09,17335,Experimental,Dollars,6,S,Consolidated accounts - table 1.3,B091NU,Capital accumulation,,,,,National Accounts - SNA 2008 - SNE,2022,9
SNEQ.SG05SB091NU0S800,2022.12,17699,Experimental,Dollars,6,S,Consolidated accounts - table 1.3,B091NU,Capital accumulation,,,,,National Accounts - SNA 2008 - SNE,2022,12
SNEQ.SG05SB091NU0S800,2023.03,21449,Experimental,Dollars,6,S,Consolidated accounts - table 1.3,B091NU,Capital accumulation,,,,,National Accounts - SNA 2008 - SNE,2023,3
SNEQ.SG05SB091NU0S800,2023.06,18599,Experimental,Dollars,6,S,Consolidated accounts - table 1.3,B091NU,Capital accumulation,,,,,National Accounts - SNA 2008 - SNE,2023,6
SNEQ.SG05SB091NU0S800,2023.09,18256,Experimental,Dollars,6,S,Consolidated accounts - table 1.3,B091NU,Capital accumulation,,,,,National Accounts - SNA 2008 - SNE,2023,9
SNEQ.SG05SB091NU0S800,2023.12,17055,Experimental,Dollars,6,S,Consolidated accounts - table 1.3,B091NU,Capital accumulation,,,,,National Accounts - SNA 2008 - SNE,2023,12
SNEQ.SG05SB091NU0S800,2024.03,18262,Experimental,Dollars,6,S,Consolidated accounts - table 1.3,B091NU,Capital accumulation,,,,,National Accounts - SNA 2008 - SNE,2024,3
SNEQ.SG05SB091NU0S800,2024.06,17985,Experimental,Dollars,6,S,Consolidated accounts - table 1.3,B091NU,Capital accumulation,,,,,National Accounts - SNA 2008 - SNE,2024,6
SNEQ.SG05SB091NU0S800,2024.09,17154,Experimental,Dollars,6,S,Consolidated accounts - table 1.3,B091NU,Capital accumulation,,,,,National Accounts - SNA 2008 - SNE,2024,9
SNEQ.SG05SB091NU0S800,2024.12,18885,Experimental,Dollars,6,S,Consolidated accounts - table 1.3,B091NU,Capital accumulation,,,,,National Accounts - SNA 2008 - SNE,2024,12
SNEQ.SG05SB091NU0S800,2025.03,18791,Experimental,Dollars,6,S,Consolidated accounts - table 1.3,B091NU,Capital accumulation,,,,,National Accounts - SNA 2008 - SNE,2025,3
SNEQ.SG05SD099000S800,2016.06,0,Experimental,Dollars,6,S,Consolidated accounts - table 1.3,D099,"Capital transfers from the rest of the world,",,,,,National Accounts - SNA 2008 - SNE,2016,6
SNEQ.SG05SD099000S800,2016.09,1,Experimental,Dollars,6,S,Consolidated accounts - table 1.3,D099,"Capital transfers from the rest of the world,",,,,,National Accounts - SNA 2008 - SNE,2016,9
SNEQ.SG05SD099000S800,2016.12,2041,Experimental,Dollars,6,S,Consolidated accounts - table 1.3,D099,"Capital transfers from the rest of the world,",,,,,National Accounts - SNA 2008 - SNE,2016,12
SNEQ.SG05SD099000S800,2017.03,0,Experimental,Dollars,6,S,Consolidated accounts - table 1.3,D099,"Capital transfers from the rest of the world,",,,,,National Accounts - SNA 2008 - SNE,2017,3
SNEQ.SG05SD099000S800,2017.06,0,Experimental,Dollars,6,S,Consolidated accounts - table 1.3,D099,"Capital transfers from the rest of the world,",,,,,National Accounts - SNA 2008 - SNE,2017,6
SNEQ.SG05SD099000S800,2017.09,0,Experimental,Dollars,6,S,Consolidated accounts - table 1.3,D099,"Capital transfers from the rest of the world,",,,,,National Accounts - SNA 2008 - SNE,2017,9
SNEQ.SG05SD099000S800,2017.12,0,Experimental,Dollars,6,S,Consolidated accounts - table 1.3,D099,"Capital transfers from the rest of the world,",,,,,National Accounts - SNA 2008 - SNE,2017,12
SNEQ.SG05SD099000S800,2018.03,0,Experimental,Dollars,6,S,Consolidated accounts - table 1.3,D099,"Capital transfers from the rest of the world,",,,,,National Accounts - SNA 2008 - SNE,2018,3
SNEQ.SG05SD099000S800,2018.06,1,Experimental,Dollars,6,S,Consolidated accounts - table 1.3,D099,"Capital transfers from the rest of the world,",,,,,National Accounts - SNA 2008 - SNE,2018,6
SNEQ.SG05SD099000S800,2018.09,1,Experimental,Dollars,6,S,Consolidated accounts - table 1.3,D099,"Capital transfers from the rest of the world,",,,,,National Accounts - SNA 2008 - SNE,2018,9
SNEQ.SG05SD099000S800,2018.12,0,Experimental,Dollars,6,S,Consolidated accounts - table 1.3,D099,"Capital transfers from the rest of the world,",,,,,National Accounts - SNA 2008 - SNE,2018,12
SNEQ.SG05SD099000S800,2019.03,0,Experimental,Dollars,6,S,Consolidated accounts - table 1.3,D099,"Capital transfers from the rest of the world,",,,,,National Accounts - SNA 2008 - SNE,2019,3
SNEQ.SG05SD099000S800,2019.06,0,Experimental,Dollars,6,S,Consolidated accounts - table 1.3,D099,"Capital transfers from the rest of the world,",,,,,National Accounts - SNA 2008 - SNE,2019,6
SNEQ.SG05SD099000S800,2019.09,0,Experimental,Dollars,6,S,Consolidated accounts - table 1.3,D099,"Capital transfers from the rest of the world,",,,,,National Accounts - SNA 2008 - SNE,2019,9
SNEQ.SG05SD099000S800,2019.12,-1,Experimental,Dollars,6,S,Consolidated accounts - table 1.3,D099,"Capital transfers from the rest of the world,",,,,,National Accounts - SNA 2008 - SNE,2019,12
SNEQ.SG05SD099000S800,2020.03,0,Experimental,Dollars,6,S,Consolidated accounts - table 1.3,D099,"Capital transfers from the rest of the world,",,,,,National Accounts - SNA 2008 - SNE,2020,3
SNEQ.SG05SD099000S800,2020.06,1,Experimental,Dollars,6,S,Consolidated accounts - table 1.3,D099,"Capital transfers from the rest of the world,",,,,,National Accounts - SNA 2008 - SNE,2020,6
SNEQ.SG05SD099000S800,2020.09,0,Experimental,Dollars,6,S,Consolidated accounts - table 1.3,D099,"Capital transfers from the rest of the world,",,,,,National Accounts - SNA 2008 - SNE,2020,9
SNEQ.SG05SD099000S800,2020.12,1,Experimental,Dollars,6,S,Consolidated accounts - table 1.3,D099,"Capital transfers from the rest of the world,",,,,,National Accounts - SNA 2008 - SNE,2020,12
SNEQ.SG05SD099000S800,2021.03,-1,Experimental,Dollars,6,S,Consolidated accounts - table 1.3,D099,"Capital transfers from the rest of the world,",,,,,National Accounts - SNA 2008 - SNE,2021,3
SNEQ.SG05SD099000S800,2021.06,0,Experimental,Dollars,6,S,Consolidated accounts - table 1.3,D099,"Capital transfers from the rest of the world,",,,,,National Accounts - SNA 2008 - SNE,2021,6
SNEQ.SG05SD099000S800,2021.09,0,Experimental,Dollars,6,S,Consolidated accounts - table 1.3,D099,"Capital transfers from the rest of the world,",,,,,National Accounts - SNA 2008 - SNE,2021,9
SNEQ.SG05SD099000S800,2021.12,0,Experimental,Dollars,6,S,Consolidated accounts - table 1.3,D099,"Capital transfers from the rest of the world,",,,,,National Accounts - SNA 2008 - SNE,2021,12
SNEQ.SG05SD099000S800,2022.03,1,Experimental,Dollars,6,S,Consolidated accounts - table 1.3,D099,"Capital transfers from the rest of the world,",,,,,National Accounts - SNA 2008 - SNE,2022,3
SNEQ.SG05SD099000S800,2022.06,0,Experimental,Dollars,6,S,Consolidated accounts - table 1.3,D099,"Capital transfers from the rest of the world,",,,,,National Accounts - SNA 2008 - SNE,2022,6
SNEQ.SG05SD099000S800,2022.09,-1,Experimental,Dollars,6,S,Consolidated accounts - table 1.3,D099,"Capital transfers from the rest of the world,",,,,,National Accounts - SNA 2008 - SNE,2022,9
SNEQ.SG05SD099000S800,2022.12,0,Experimental,Dollars,6,S,Consolidated accounts - table 1.3,D099,"Capital transfers from the rest of the world,",,,,,National Accounts - SNA 2008 - SNE,2022,12
SNEQ.SG05SD099000S800,2023.03,3810,Experimental,Dollars,6,S,Consolidated accounts - table 1.3,D099,"Capital transfers from the rest of the world,",,,,,National Accounts - SNA 2008 - SNE,2023,3
SNEQ.SG05SD099000S800,2023.06,0,Experimental,Dollars,6,S,Consolidated accounts - table 1.3,D099,"Capital transfers from the rest of the world,",,,,,National Accounts - SNA 2008 - SNE,2023,6
SNEQ.SG05SD099000S800,2023.09,0,Experimental,Dollars,6,S,Consolidated accounts - table 1.3,D099,"Capital transfers from the rest of the world,",,,,,National Accounts - SNA 2008 - SNE,2023,9
SNEQ.SG05SD099000S800,2023.12,0,Experimental,Dollars,6,S,Consolidated accounts - table 1.3,D099,"Capital transfers from the rest of the world,",,,,,National Accounts - SNA 2008 - SNE,2023,12
SNEQ.SG05SD099000S800,2024.03,0,Experimental,Dollars,6,S,Consolidated accounts - table 1.3,D099,"Capital transfers from the rest of the world,",,,,,National Accounts - SNA 2008 - SNE,2024,3
SNEQ.SG05SD099000S800,2024.06,-1,Experimental,Dollars,6,S,Consolidated accounts - table 1.3,D099,"Capital transfers from the rest of the world,",,,,,National Accounts - SNA 2008 - SNE,2024,6
SNEQ.SG05SD099000S800,2024.09,-1,Experimental,Dollars,6,S,Consolidated accounts - table 1.3,D099,"Capital transfers from the rest of the world,",,,,,National Accounts - SNA 2008 - SNE,2024,9
SNEQ.SG05SD099000S800,2024.12,-1,Experimental,Dollars,6,S,Consolidated accounts - table 1.3,D099,"Capital transfers from the rest of the world,",,,,,National Accounts - SNA 2008 - SNE,2024,12
SNEQ.SG05SD099000S800,2025.03,0,Experimental,Dollars,6,S,Consolidated accounts - table 1.3,D099,"Capital transfers from the rest of the world,",,,,,National Accounts - SNA 2008 - SNE,2025,3
SNEQ.SG05SNP02000S800,2016.06,-73,Experimental,Dollars,6,S,Consolidated accounts - table 1.3,NP02,Purchase of non-produced non-financial assets,,,,,National Accounts - SNA 2008 - SNE,2016,6
SNEQ.SG05SNP02000S800,2016.09,11,Experimental,Dollars,6,S,Consolidated accounts - table 1.3,NP02,Purchase of non-produced non-financial assets,,,,,National Accounts - SNA 2008 - SNE,2016,9
SNEQ.SG05SNP02000S800,2016.12,13,Experimental,Dollars,6,S,Consolidated accounts - table 1.3,NP02,Purchase of non-produced non-financial assets,,,,,National Accounts - SNA 2008 - SNE,2016,12
SNEQ.SG05SNP02000S800,2017.03,-4,Experimental,Dollars,6,S,Consolidated accounts - table 1.3,NP02,Purchase of non-produced non-financial assets,,,,,National Accounts - SNA 2008 - SNE,2017,3
SNEQ.SG05SNP02000S800,2017.06,14,Experimental,Dollars,6,S,Consolidated accounts - table 1.3,NP02,Purchase of non-produced non-financial assets,,,,,National Accounts - SNA 2008 - SNE,2017,6
SNEQ.SG05SNP02000S800,2017.09,14,Experimental,Dollars,6,S,Consolidated accounts - table 1.3,NP02,Purchase of non-produced non-financial assets,,,,,National Accounts - SNA 2008 - SNE,2017,9
SNEQ.SG05SNP02000S800,2017.12,-171,Experimental,Dollars,6,S,Consolidated accounts - table 1.3,NP02,Purchase of non-produced non-financial assets,,,,,National Accounts - SNA 2008 - SNE,2017,12
SNEQ.SG05SNP02000S800,2018.03,21,Experimental,Dollars,6,S,Consolidated accounts - table 1.3,NP02,Purchase of non-produced non-financial assets,,,,,National Accounts - SNA 2008 - SNE,2018,3
SNEQ.SG05SNP02000S800,2018.06,22,Experimental,Dollars,6,S,Consolidated accounts - table 1.3,NP02,Purchase of non-produced non-financial assets,,,,,National Accounts - SNA 2008 - SNE,2018,6
SNEQ.SG05SNP02000S800,2018.09,15,Experimental,Dollars,6,S,Consolidated accounts - table 1.3,NP02,Purchase of non-produced non-financial assets,,,,,National Accounts - SNA 2008 - SNE,2018,9
SNEQ.SG05SNP02000S800,2018.12,0,Experimental,Dollars,6,S,Consolidated accounts - table 1.3,NP02,Purchase of non-produced non-financial assets,,,,,National Accounts - SNA 2008 - SNE,2018,12
SNEQ.SG05SNP02000S800,2019.03,0,Experimental,Dollars,6,S,Consolidated accounts - table 1.3,NP02,Purchase of non-produced non-financial assets,,,,,National Accounts - SNA 2008 - SNE,2019,3
SNEQ.SG05SNP02000S800,2019.06,12,Experimental,Dollars,6,S,Consolidated accounts - table 1.3,NP02,Purchase of non-produced non-financial assets,,,,,National Accounts - SNA 2008 - SNE,2019,6
SNEQ.SG05SNP02000S800,2019.09,20,Experimental,Dollars,6,S,Consolidated accounts - table 1.3,NP02,Purchase of non-produced non-financial assets,,,,,National Accounts - SNA 2008 - SNE,2019,9
SNEQ.SG05SNP02000S800,2019.12,3,Experimental,Dollars,6,S,Consolidated accounts - table 1.3,NP02,Purchase of non-produced non-financial assets,,,,,National Accounts - SNA 2008 - SNE,2019,12
SNEQ.SG05SNP02000S800,2020.03,23,Experimental,Dollars,6,S,Consolidated accounts - table 1.3,NP02,Purchase of non-produced non-financial assets,,,,,National Accounts - SNA 2008 - SNE,2020,3
SNEQ.SG05SNP02000S800,2020.06,19,Experimental,Dollars,6,S,Consolidated accounts - table 1.3,NP02,Purchase of non-produced non-financial assets,,,,,National Accounts - SNA 2008 - SNE,2020,6
SNEQ.SG05SNP02000S800,2020.09,19,Experimental,Dollars,6,S,Consolidated accounts - table 1.3,NP02,Purchase of non-produced non-financial assets,,,,,National Accounts - SNA 2008 - SNE,2020,9
SNEQ.SG05SNP02000S800,2020.12,-12,Experimental,Dollars,6,S,Consolidated accounts - table 1.3,NP02,Purchase of non-produced non-financial assets,,,,,National Accounts - SNA 2008 - SNE,2020,12
SNEQ.SG05SNP02000S800,2021.03,5,Experimental,Dollars,6,S,Consolidated accounts - table 1.3,NP02,Purchase of non-produced non-financial assets,,,,,National Accounts - SNA 2008 - SNE,2021,3
SNEQ.SG05SNP02000S800,2021.06,-6,Experimental,Dollars,6,S,Consolidated accounts - table 1.3,NP02,Purchase of non-produced non-financial assets,,,,,National Accounts - SNA 2008 - SNE,2021,6
SNEQ.SG05SNP02000S800,2021.09,-59,Experimental,Dollars,6,S,Consolidated accounts - table 1.3,NP02,Purchase of non-produced non-financial assets,,,,,National Accounts - SNA 2008 - SNE,2021,9
SNEQ.SG05SNP02000S800,2021.12,149,Experimental,Dollars,6,S,Consolidated accounts - table 1.3,NP02,Purchase of non-produced non-financial assets,,,,,National Accounts - SNA 2008 - SNE,2021,12
SNEQ.SG05SNP02000S800,2022.03,92,Experimental,Dollars,6,S,Consolidated accounts - table 1.3,NP02,Purchase of non-produced non-financial assets,,,,,National Accounts - SNA 2008 - SNE,2022,3
SNEQ.SG05SNP02000S800,2022.06,267,Experimental,Dollars,6,S,Consolidated accounts - table 1.3,NP02,Purchase of non-produced non-financial assets,,,,,National Accounts - SNA 2008 - SNE,2022,6
SNEQ.SG05SNP02000S800,2022.09,51,Experimental,Dollars,6,S,Consolidated accounts - table 1.3,NP02,Purchase of non-produced non-financial assets,,,,,National Accounts - SNA 2008 - SNE,2022,9
SNEQ.SG05SNP02000S800,2022.12,46,Experimental,Dollars,6,S,Consolidated accounts - table 1.3,NP02,Purchase of non-produced non-financial assets,,,,,National Accounts - SNA 2008 - SNE,2022,12
SNEQ.SG05SNP02000S800,2023.03,24,Experimental,Dollars,6,S,Consolidated accounts - table 1.3,NP02,Purchase of non-produced non-financial assets,,,,,National Accounts - SNA 2008 - SNE,2023,3
SNEQ.SG05SNP02000S800,2023.06,17,Experimental,Dollars,6,S,Consolidated accounts - table 1.3,NP02,Purchase of non-produced non-financial assets,,,,,National Accounts - SNA 2008 - SNE,2023,6
SNEQ.SG05SNP02000S800,2023.09,157,Experimental,Dollars,6,S,Consolidated accounts - table 1.3,NP02,Purchase of non-produced non-financial assets,,,,,National Accounts - SNA 2008 - SNE,2023,9
SNEQ.SG05SNP02000S800,2023.12,295,Experimental,Dollars,6,S,Consolidated accounts - table 1.3,NP02,Purchase of non-produced non-financial assets,,,,,National Accounts - SNA 2008 - SNE,2023,12
SNEQ.SG05SNP02000S800,2024.03,149,Experimental,Dollars,6,S,Consolidated accounts - table 1.3,NP02,Purchase of non-produced non-financial assets,,,,,National Accounts - SNA 2008 - SNE,2024,3
SNEQ.SG05SNP02000S800,2024.06,140,Experimental,Dollars,6,S,Consolidated accounts - table 1.3,NP02,Purchase of non-produced non-financial assets,,,,,National Accounts - SNA 2008 - SNE,2024,6
SNEQ.SG05SNP02000S800,2024.09,142,Experimental,Dollars,6,S,Consolidated accounts - table 1.3,NP02,Purchase of non-produced non-financial assets,,,,,National Accounts - SNA 2008 - SNE,2024,9
SNEQ.SG05SNP02000S800,2024.12,174,Experimental,Dollars,6,S,Consolidated accounts - table 1.3,NP02,Purchase of non-produced non-financial assets,,,,,National Accounts - SNA 2008 - SNE,2024,12
SNEQ.SG05SNP02000S800,2025.03,129,Experimental,Dollars,6,S,Consolidated accounts - table 1.3,NP02,Purchase of non-produced non-financial assets,,,,,National Accounts - SNA 2008 - SNE,2025,3
SNEQ.SG05SP051C00S900,2016.06,9255,Experimental,Dollars,6,S,Consolidated accounts - table 1.3,P051C,Consumption of fixed catpital,AN1,Produced non-financial assets,,,National Accounts - SNA 2008 - SNE,2016,6
SNEQ.SG05SP051C00S900,2016.09,9403,Experimental,Dollars,6,S,Consolidated accounts - table 1.3,P051C,Consumption of fixed catpital,AN1,Produced non-financial assets,,,National Accounts - SNA 2008 - SNE,2016,9
SNEQ.SG05SP051C00S900,2016.12,9548,Experimental,Dollars,6,S,Consolidated accounts - table 1.3,P051C,Consumption of fixed catpital,AN1,Produced non-financial assets,,,National Accounts - SNA 2008 - SNE,2016,12
SNEQ.SG05SP051C00S900,2017.03,9698,Experimental,Dollars,6,S,Consolidated accounts - table 1.3,P051C,Consumption of fixed catpital,AN1,Produced non-financial assets,,,National Accounts - SNA 2008 - SNE,2017,3
SNEQ.SG05SP051C00S900,2017.06,9698,Experimental,Dollars,6,S,Consolidated accounts - table 1.3,P051C,Consumption of fixed catpital,AN1,Produced non-financial assets,,,National Accounts - SNA 2008 - SNE,2017,6
SNEQ.SG05SP051C00S900,2017.09,9844,Experimental,Dollars,6,S,Consolidated accounts - table 1.3,P051C,Consumption of fixed catpital,AN1,Produced non-financial assets,,,National Accounts - SNA 2008 - SNE,2017,9
SNEQ.SG05SP051C00S900,2017.12,9998,Experimental,Dollars,6,S,Consolidated accounts - table 1.3,P051C,Consumption of fixed catpital,AN1,Produced non-financial assets,,,National Accounts - SNA 2008 - SNE,2017,12
SNEQ.SG05SP051C00S900,2018.03,10232,Experimental,Dollars,6,S,Consolidated accounts - table 1.3,P051C,Consumption of fixed catpital,AN1,Produced non-financial assets,,,National Accounts - SNA 2008 - SNE,2018,3
SNEQ.SG05SP051C00S900,2018.06,11058,Experimental,Dollars,6,S,Consolidated accounts - table 1.3,P051C,Consumption of fixed catpital,AN1,Produced non-financial assets,,,National Accounts - SNA 2008 - SNE,2018,6
SNEQ.SG05SP051C00S900,2018.09,11223,Experimental,Dollars,6,S,Consolidated accounts - table 1.3,P051C,Consumption of fixed catpital,AN1,Produced non-financial assets,,,National Accounts - SNA 2008 - SNE,2018,9
SNEQ.SG05SP051C00S900,2018.12,11413,Experimental,Dollars,6,S,Consolidated accounts - table 1.3,P051C,Consumption of fixed catpital,AN1,Produced non-financial assets,,,National Accounts - SNA 2008 - SNE,2018,12
SNEQ.SG05SP051C00S900,2019.03,11506,Experimental,Dollars,6,S,Consolidated accounts - table 1.3,P051C,Consumption of fixed catpital,AN1,Produced non-financial assets,,,National Accounts - SNA 2008 - SNE,2019,3
SNEQ.SG05SP051C00S900,2019.06,10942,Experimental,Dollars,6,S,Consolidated accounts - table 1.3,P051C,Consumption of fixed catpital,AN1,Produced non-financial assets,,,National Accounts - SNA 2008 - SNE,2019,6
SNEQ.SG05SP051C00S900,2019.09,11101,Experimental,Dollars,6,S,Consolidated accounts - table 1.3,P051C,Consumption of fixed catpital,AN1,Produced non-financial assets,,,National Accounts - SNA 2008 - SNE,2019,9
SNEQ.SG05SP051C00S900,2019.12,11299,Experimental,Dollars,6,S,Consolidated accounts - table 1.3,P051C,Consumption of fixed catpital,AN1,Produced non-financial assets,,,National Accounts - SNA 2008 - SNE,2019,12
SNEQ.SG05SP051C00S900,2020.03,11512,Experimental,Dollars,6,S,Consolidated accounts - table 1.3,P051C,Consumption of fixed catpital,AN1,Produced non-financial assets,,,National Accounts - SNA 2008 - SNE,2020,3
SNEQ.SG05SP051C00S900,2020.06,11578,Experimental,Dollars,6,S,Consolidated accounts - table 1.3,P051C,Consumption of fixed catpital,AN1,Produced non-financial assets,,,National Accounts - SNA 2008 - SNE,2020,6
SNEQ.SG05SP051C00S900,2020.09,11684,Experimental,Dollars,6,S,Consolidated accounts - table 1.3,P051C,Consumption of fixed catpital,AN1,Produced non-financial assets,,,National Accounts - SNA 2008 - SNE,2020,9
SNEQ.SG05SP051C00S900,2020.12,11803,Experimental,Dollars,6,S,Consolidated accounts - table 1.3,P051C,Consumption of fixed catpital,AN1,Produced non-financial assets,,,National Accounts - SNA 2008 - SNE,2020,12
SNEQ.SG05SP051C00S900,2021.03,11877,Experimental,Dollars,6,S,Consolidated accounts - table 1.3,P051C,Consumption of fixed catpital,AN1,Produced non-financial assets,,,National Accounts - SNA 2008 - SNE,2021,3
SNEQ.SG05SP051C00S900,2021.06,12218,Experimental,Dollars,6,S,Consolidated accounts - table 1.3,P051C,Consumption of fixed catpital,AN1,Produced non-financial assets,,,National Accounts - SNA 2008 - SNE,2021,6
SNEQ.SG05SP051C00S900,2021.09,12468,Experimental,Dollars,6,S,Consolidated accounts - table 1.3,P051C,Consumption of fixed catpital,AN1,Produced non-financial assets,,,National Accounts - SNA 2008 - SNE,2021,9
SNEQ.SG05SP051C00S900,2021.12,12747,Experimental,Dollars,6,S,Consolidated accounts - table 1.3,P051C,Consumption of fixed catpital,AN1,Produced non-financial assets,,,National Accounts - SNA 2008 - SNE,2021,12
SNEQ.SG05SP051C00S900,2022.03,13174,Experimental,Dollars,6,S,Consolidated accounts - table 1.3,P051C,Consumption of fixed catpital,AN1,Produced non-financial assets,,,National Accounts - SNA 2008 - SNE,2022,3
SNEQ.SG05SP051C00S900,2022.06,13620,Experimental,Dollars,6,S,Consolidated accounts - table 1.3,P051C,Consumption of fixed catpital,AN1,Produced non-financial assets,,,National Accounts - SNA 2008 - SNE,2022,6
SNEQ.SG05SP051C00S900,2022.09,14176,Experimental,Dollars,6,S,Consolidated accounts - table 1.3,P051C,Consumption of fixed catpital,AN1,Produced non-financial assets,,,National Accounts - SNA 2008 - SNE,2022,9
SNEQ.SG05SP051C00S900,2022.12,14654,Experimental,Dollars,6,S,Consolidated accounts - table 1.3,P051C,Consumption of fixed catpital,AN1,Produced non-financial assets,,,National Accounts - SNA 2008 - SNE,2022,12
SNEQ.SG05SP051C00S900,2023.03,15298,Experimental,Dollars,6,S,Consolidated accounts - table 1.3,P051C,Consumption of fixed catpital,AN1,Produced non-financial assets,,,National Accounts - SNA 2008 - SNE,2023,3
SNEQ.SG05SP051C00S900,2023.06,15170,Experimental,Dollars,6,S,Consolidated accounts - table 1.3,P051C,Consumption of fixed catpital,AN1,Produced non-financial assets,,,National Accounts - SNA 2008 - SNE,2023,6
SNEQ.SG05SP051C00S900,2023.09,15590,Experimental,Dollars,6,S,Consolidated accounts - table 1.3,P051C,Consumption of fixed catpital,AN1,Produced non-financial assets,,,National Accounts - SNA 2008 - SNE,2023,9
SNEQ.SG05SP051C00S900,2023.12,15911,Experimental,Dollars,6,S,Consolidated accounts - table 1.3,P051C,Consumption of fixed catpital,AN1,Produced non-financial assets,,,National Accounts - SNA 2008 - SNE,2023,12
SNEQ.SG05SP051C00S900,2024.03,16223,Experimental,Dollars,6,S,Consolidated accounts - table 1.3,P051C,Consumption of fixed catpital,AN1,Produced non-financial assets,,,National Accounts - SNA 2008 - SNE,2024,3
SNEQ.SG05SP051C00S900,2024.06,16225,Experimental,Dollars,6,S,Consolidated accounts - table 1.3,P051C,Consumption of fixed catpital,AN1,Produced non-financial assets,,,National Accounts - SNA 2008 - SNE,2024,6
SNEQ.SG05SP051C00S900,2024.09,16464,Experimental,Dollars,6,S,Consolidated accounts - table 1.3,P051C,Consumption of fixed catpital,AN1,Produced non-financial assets,,,National Accounts - SNA 2008 - SNE,2024,9
SNEQ.SG05SP051C00S900,2024.12,16594,Experimental,Dollars,6,S,Consolidated accounts - table 1.3,P051C,Consumption of fixed catpital,AN1,Produced non-financial assets,,,National Accounts - SNA 2008 - SNE,2024,12
SNEQ.SG05SP051C00S900,2025.03,16766,Experimental,Dollars,6,S,Consolidated accounts - table 1.3,P051C,Consumption of fixed catpital,AN1,Produced non-financial assets,,,National Accounts - SNA 2008 - SNE,2025,3
SNEQ.SG05SP051G00S900,2016.06,15184,Experimental,Dollars,6,S,Consolidated accounts - table 1.3,P051G,Gross fixed capital formation,,,,,National Accounts - SNA 2008 - SNE,2016,6
SNEQ.SG05SP051G00S900,2016.09,15443,Experimental,Dollars,6,S,Consolidated accounts - table 1.3,P051G,Gross fixed capital formation,,,,,National Accounts - SNA 2008 - SNE,2016,9
SNEQ.SG05SP051G00S900,2016.12,15287,Experimental,Dollars,6,S,Consolidated accounts - table 1.3,P051G,Gross fixed capital formation,,,,,National Accounts - SNA 2008 - SNE,2016,12
SNEQ.SG05SP051G00S900,2017.03,15541,Experimental,Dollars,6,S,Consolidated accounts - table 1.3,P051G,Gross fixed capital formation,,,,,National Accounts - SNA 2008 - SNE,2017,3
SNEQ.SG05SP051G00S900,2017.06,15977,Experimental,Dollars,6,S,Consolidated accounts - table 1.3,P051G,Gross fixed capital formation,,,,,National Accounts - SNA 2008 - SNE,2017,6
SNEQ.SG05SP051G00S900,2017.09,16427,Experimental,Dollars,6,S,Consolidated accounts - table 1.3,P051G,Gross fixed capital formation,,,,,National Accounts - SNA 2008 - SNE,2017,9
SNEQ.SG05SP051G00S900,2017.12,17138,Experimental,Dollars,6,S,Consolidated accounts - table 1.3,P051G,Gross fixed capital formation,,,,,National Accounts - SNA 2008 - SNE,2017,12
SNEQ.SG05SP051G00S900,2018.03,17294,Experimental,Dollars,6,S,Consolidated accounts - table 1.3,P051G,Gross fixed capital formation,,,,,National Accounts - SNA 2008 - SNE,2018,3
SNEQ.SG05SP051G00S900,2018.06,17738,Experimental,Dollars,6,S,Consolidated accounts - table 1.3,P051G,Gross fixed capital formation,,,,,National Accounts - SNA 2008 - SNE,2018,6
SNEQ.SG05SP051G00S900,2018.09,17646,Experimental,Dollars,6,S,Consolidated accounts - table 1.3,P051G,Gross fixed capital formation,,,,,National Accounts - SNA 2008 - SNE,2018,9
SNEQ.SG05SP051G00S900,2018.12,18077,Experimental,Dollars,6,S,Consolidated accounts - table 1.3,P051G,Gross fixed capital formation,,,,,National Accounts - SNA 2008 - SNE,2018,12
SNEQ.SG05SP051G00S900,2019.03,18585,Experimental,Dollars,6,S,Consolidated accounts - table 1.3,P051G,Gross fixed capital formation,,,,,National Accounts - SNA 2008 - SNE,2019,3
SNEQ.SG05SP051G00S900,2019.06,18884,Experimental,Dollars,6,S,Consolidated accounts - table 1.3,P051G,Gross fixed capital formation,,,,,National Accounts - SNA 2008 - SNE,2019,6
SNEQ.SG05SP051G00S900,2019.09,18996,Experimental,Dollars,6,S,Consolidated accounts - table 1.3,P051G,Gross fixed capital formation,,,,,National Accounts - SNA 2008 - SNE,2019,9
SNEQ.SG05SP051G00S900,2019.12,19355,Experimental,Dollars,6,S,Consolidated accounts - table 1.3,P051G,Gross fixed capital formation,,,,,National Accounts - SNA 2008 - SNE,2019,12
SNEQ.SG05SP051G00S900,2020.03,18784,Experimental,Dollars,6,S,Consolidated accounts - table 1.3,P051G,Gross fixed capital formation,,,,,National Accounts - SNA 2008 - SNE,2020,3
SNEQ.SG05SP051G00S900,2020.06,15563,Experimental,Dollars,6,S,Consolidated accounts - table 1.3,P051G,Gross fixed capital formation,,,,,National Accounts - SNA 2008 - SNE,2020,6
SNEQ.SG05SP051G00S900,2020.09,19741,Experimental,Dollars,6,S,Consolidated accounts - table 1.3,P051G,Gross fixed capital formation,,,,,National Accounts - SNA 2008 - SNE,2020,9
SNEQ.SG05SP051G00S900,2020.12,20010,Experimental,Dollars,6,S,Consolidated accounts - table 1.3,P051G,Gross fixed capital formation,,,,,National Accounts - SNA 2008 - SNE,2020,12
SNEQ.SG05SP051G00S900,2021.03,21033,Experimental,Dollars,6,S,Consolidated accounts - table 1.3,P051G,Gross fixed capital formation,,,,,National Accounts - SNA 2008 - SNE,2021,3
SNEQ.SG05SP051G00S900,2021.06,21015,Experimental,Dollars,6,S,Consolidated accounts - table 1.3,P051G,Gross fixed capital formation,,,,,National Accounts - SNA 2008 - SNE,2021,6
SNEQ.SG05SP051G00S900,2021.09,20465,Experimental,Dollars,6,S,Consolidated accounts - table 1.3,P051G,Gross fixed capital formation,,,,,National Accounts - SNA 2008 - SNE,2021,9
SNEQ.SG05SP051G00S900,2021.12,23159,Experimental,Dollars,6,S,Consolidated accounts - table 1.3,P051G,Gross fixed capital formation,,,,,National Accounts - SNA 2008 - SNE,2021,12
SNEQ.SG05SP051G00S900,2022.03,23774,Experimental,Dollars,6,S,Consolidated accounts - table 1.3,P051G,Gross fixed capital formation,,,,,National Accounts - SNA 2008 - SNE,2022,3
SNEQ.SG05SP051G00S900,2022.06,23446,Experimental,Dollars,6,S,Consolidated accounts - table 1.3,P051G,Gross fixed capital formation,,,,,National Accounts - SNA 2008 - SNE,2022,6
SNEQ.SG05SP051G00S900,2022.09,25317,Experimental,Dollars,6,S,Consolidated accounts - table 1.3,P051G,Gross fixed capital formation,,,,,National Accounts - SNA 2008 - SNE,2022,9
SNEQ.SG05SP051G00S900,2022.12,25272,Experimental,Dollars,6,S,Consolidated accounts - table 1.3,P051G,Gross fixed capital formation,,,,,National Accounts - SNA 2008 - SNE,2022,12
SNEQ.SG05SP051G00S900,2023.03,25809,Experimental,Dollars,6,S,Consolidated accounts - table 1.3,P051G,Gross fixed capital formation,,,,,National Accounts - SNA 2008 - SNE,2023,3
SNEQ.SG05SP051G00S900,2023.06,25960,Experimental,Dollars,6,S,Consolidated accounts - table 1.3,P051G,Gross fixed capital formation,,,,,National Accounts - SNA 2008 - SNE,2023,6
SNEQ.SG05SP051G00S900,2023.09,25648,Experimental,Dollars,6,S,Consolidated accounts - table 1.3,P051G,Gross fixed capital formation,,,,,National Accounts - SNA 2008 - SNE,2023,9
SNEQ.SG05SP051G00S900,2023.12,25775,Experimental,Dollars,6,S,Consolidated accounts - table 1.3,P051G,Gross fixed capital formation,,,,,National Accounts - SNA 2008 - SNE,2023,12
SNEQ.SG05SP051G00S900,2024.03,25691,Experimental,Dollars,6,S,Consolidated accounts - table 1.3,P051G,Gross fixed capital formation,,,,,National Accounts - SNA 2008 - SNE,2024,3
SNEQ.SG05SP051G00S900,2024.06,25457,Experimental,Dollars,6,S,Consolidated accounts - table 1.3,P051G,Gross fixed capital formation,,,,,National Accounts - SNA 2008 - SNE,2024,6
SNEQ.SG05SP051G00S900,2024.09,24688,Experimental,Dollars,6,S,Consolidated accounts - table 1.3,P051G,Gross fixed capital formation,,,,,National Accounts - SNA 2008 - SNE,2024,9
SNEQ.SG05SP051G00S900,2024.12,24769,Experimental,Dollars,6,S,Consolidated accounts - table 1.3,P051G,Gross fixed capital formation,,,,,National Accounts - SNA 2008 - SNE,2024,12
SNEQ.SG05SP051G00S900,2025.03,25175,Experimental,Dollars,6,S,Consolidated accounts - table 1.3,P051G,Gross fixed capital formation,,,,,National Accounts - SNA 2008 - SNE,2025,3
SNEQ.SG05SP052000S900,2016.06,89,Experimental,Dollars,6,S,Consolidated accounts - table 1.3,P052,Change in inventories,,,,,National Accounts - SNA 2008 - SNE,2016,6
SNEQ.SG05SP052000S900,2016.09,112,Experimental,Dollars,6,S,Consolidated accounts - table 1.3,P052,Change in inventories,,,,,National Accounts - SNA 2008 - SNE,2016,9
SNEQ.SG05SP052000S900,2016.12,372,Experimental,Dollars,6,S,Consolidated accounts - table 1.3,P052,Change in inventories,,,,,National Accounts - SNA 2008 - SNE,2016,12
SNEQ.SG05SP052000S900,2017.03,846,Experimental,Dollars,6,S,Consolidated accounts - table 1.3,P052,Change in inventories,,,,,National Accounts - SNA 2008 - SNE,2017,3
SNEQ.SG05SP052000S900,2017.06,146,Experimental,Dollars,6,S,Consolidated accounts - table 1.3,P052,Change in inventories,,,,,National Accounts - SNA 2008 - SNE,2017,6
SNEQ.SG05SP052000S900,2017.09,168,Experimental,Dollars,6,S,Consolidated accounts - table 1.3,P052,Change in inventories,,,,,National Accounts - SNA 2008 - SNE,2017,9
SNEQ.SG05SP052000S900,2017.12,673,Experimental,Dollars,6,S,Consolidated accounts - table 1.3,P052,Change in inventories,,,,,National Accounts - SNA 2008 - SNE,2017,12
SNEQ.SG05SP052000S900,2018.03,1047,Experimental,Dollars,6,S,Consolidated accounts - table 1.3,P052,Change in inventories,,,,,National Accounts - SNA 2008 - SNE,2018,3
SNEQ.SG05SP052000S900,2018.06,1028,Experimental,Dollars,6,S,Consolidated accounts - table 1.3,P052,Change in inventories,,,,,National Accounts - SNA 2008 - SNE,2018,6
SNEQ.SG05SP052000S900,2018.09,467,Experimental,Dollars,6,S,Consolidated accounts - table 1.3,P052,Change in inventories,,,,,National Accounts - SNA 2008 - SNE,2018,9
SNEQ.SG05SP052000S900,2018.12,31,Experimental,Dollars,6,S,Consolidated accounts - table 1.3,P052,Change in inventories,,,,,National Accounts - SNA 2008 - SNE,2018,12
SNEQ.SG05SP052000S900,2019.03,-128,Experimental,Dollars,6,S,Consolidated accounts - table 1.3,P052,Change in inventories,,,,,National Accounts - SNA 2008 - SNE,2019,3
SNEQ.SG05SP052000S900,2019.06,545,Experimental,Dollars,6,S,Consolidated accounts - table 1.3,P052,Change in inventories,,,,,National Accounts - SNA 2008 - SNE,2019,6
SNEQ.SG05SP052000S900,2019.09,526,Experimental,Dollars,6,S,Consolidated accounts - table 1.3,P052,Change in inventories,,,,,National Accounts - SNA 2008 - SNE,2019,9
SNEQ.SG05SP052000S900,2019.12,246,Experimental,Dollars,6,S,Consolidated accounts - table 1.3,P052,Change in inventories,,,,,National Accounts - SNA 2008 - SNE,2019,12
SNEQ.SG05SP052000S900,2020.03,-581,Experimental,Dollars,6,S,Consolidated accounts - table 1.3,P052,Change in inventories,,,,,National Accounts - SNA 2008 - SNE,2020,3
SNEQ.SG05SP052000S900,2020.06,-354,Experimental,Dollars,6,S,Consolidated accounts - table 1.3,P052,Change in inventories,,,,,National Accounts - SNA 2008 - SNE,2020,6
SNEQ.SG05SP052000S900,2020.09,-821,Experimental,Dollars,6,S,Consolidated accounts - table 1.3,P052,Change in inventories,,,,,National Accounts - SNA 2008 - SNE,2020,9
SNEQ.SG05SP052000S900,2020.12,-323,Experimental,Dollars,6,S,Consolidated accounts - table 1.3,P052,Change in inventories,,,,,National Accounts - SNA 2008 - SNE,2020,12
SNEQ.SG05SP052000S900,2021.03,1067,Experimental,Dollars,6,S,Consolidated accounts - table 1.3,P052,Change in inventories,,,,,National Accounts - SNA 2008 - SNE,2021,3
SNEQ.SG05SP052000S900,2021.06,-618,Experimental,Dollars,6,S,Consolidated accounts - table 1.3,P052,Change in inventories,,,,,National Accounts - SNA 2008 - SNE,2021,6
SNEQ.SG05SP052000S900,2021.09,1767,Experimental,Dollars,6,S,Consolidated accounts - table 1.3,P052,Change in inventories,,,,,National Accounts - SNA 2008 - SNE,2021,9
SNEQ.SG05SP052000S900,2021.12,382,Experimental,Dollars,6,S,Consolidated accounts - table 1.3,P052,Change in inventories,,,,,National Accounts - SNA 2008 - SNE,2021,12
SNEQ.SG05SP052000S900,2022.03,182,Experimental,Dollars,6,S,Consolidated accounts - table 1.3,P052,Change in inventories,,,,,National Accounts - SNA 2008 - SNE,2022,3
SNEQ.SG05SP052000S900,2022.06,2080,Experimental,Dollars,6,S,Consolidated accounts - table 1.3,P052,Change in inventories,,,,,National Accounts - SNA 2008 - SNE,2022,6
SNEQ.SG05SP052000S900,2022.09,-465,Experimental,Dollars,6,S,Consolidated accounts - table 1.3,P052,Change in inventories,,,,,National Accounts - SNA 2008 - SNE,2022,9
SNEQ.SG05SP052000S900,2022.12,1901,Experimental,Dollars,6,S,Consolidated accounts - table 1.3,P052,Change in inventories,,,,,National Accounts - SNA 2008 - SNE,2022,12
SNEQ.SG05SP052000S900,2023.03,-25,Experimental,Dollars,6,S,Consolidated accounts - table 1.3,P052,Change in inventories,,,,,National Accounts - SNA 2008 - SNE,2023,3
SNEQ.SG05SP052000S900,2023.06,-869,Experimental,Dollars,6,S,Consolidated accounts - table 1.3,P052,Change in inventories,,,,,National Accounts - SNA 2008 - SNE,2023,6
SNEQ.SG05SP052000S900,2023.09,-239,Experimental,Dollars,6,S,Consolidated accounts - table 1.3,P052,Change in inventories,,,,,National Accounts - SNA 2008 - SNE,2023,9
SNEQ.SG05SP052000S900,2023.12,-1818,Experimental,Dollars,6,S,Consolidated accounts - table 1.3,P052,Change in inventories,,,,,National Accounts - SNA 2008 - SNE,2023,12
SNEQ.SG05SP052000S900,2024.03,-325,Experimental,Dollars,6,S,Consolidated accounts - table 1.3,P052,Change in inventories,,,,,National Accounts - SNA 2008 - SNE,2024,3
SNEQ.SG05SP052000S900,2024.06,-904,Experimental,Dollars,6,S,Consolidated accounts - table 1.3,P052,Change in inventories,,,,,National Accounts - SNA 2008 - SNE,2024,6
SNEQ.SG05SP052000S900,2024.09,-799,Experimental,Dollars,6,S,Consolidated accounts - table 1.3,P052,Change in inventories,,,,,National Accounts - SNA 2008 - SNE,2024,9
SNEQ.SG05SP052000S900,2024.12,-125,Experimental,Dollars,6,S,Consolidated accounts - table 1.3,P052,Change in inventories,,,,,National Accounts - SNA 2008 - SNE,2024,12
SNEQ.SG05SP052000S900,2025.03,-515,Experimental,Dollars,6,S,Consolidated accounts - table 1.3,P052,Change in inventories,,,,,National Accounts - SNA 2008 - SNE,2025,3
