Series_reference,Period,Value,Unit,Series_name,Group,RBNZ_seriesID
DDEQ.SHA,1998.12,1383400,no,Number of households (at end of quarter),Housing stock,PDWEL.Q.H1.na
DDEQ.SKA,1998.12,1456000,no,Number of private dwellings (at end of quarter),Housing stock,PDWEL.Q.D1.na
SNEA.SG15AD041P00AFL0471S500,1998.12,0,NZDm,Interest payments on housing loans (including rental properties),Memo item: Household debt servicing (year ended),HHAL.QD2.ZZH1rt12
SNEA.SG15AD041P00ANA0000S500,1998.12,0,NZDm,Total interest payments,Memo item: Household debt servicing (year ended),HHAL.QD2.ZZHrt12
SNEQ.SG15AB01GE00ANA0000S900,1998.12,28621,NZDm,Expenditure GDP (quarterly),Nominal Gross Domestic Product (GDP),GDE.Q.EY.NA
SNEQ.SG15AD041P00AFL0471S500,1998.12,1127,NZDm,Interest payments on housing loans (including rental properties),Memo item: Household debt servicing (quarterly),HHAL.QD2.ZZH1
SNEQ.SG15AD041P00AFL0481S500,1998.12,263,NZDm,Interest payments on consumer loans,Memo item: Household debt servicing (quarterly),HHAL.QD2.ZZH2
SNEQ.SG15AD041P00ANA0000S500,1998.12,1390,NZDm,Total interest payments,Memo item: Household debt servicing (quarterly),HHAL.QD2.ZZH
SNEQ.SG15ALE00000AFA0000S500,1998.12,304578,NZDm,Household financial assets,Household net financial wealth,HHAL.QA
SNEQ.SG15ALE00000AFA0586S500,1998.12,136556,NZDm,Net equity in housing,Net equity in housing,HHAL.QC2
SNEQ.SG15ALE00000AFL0000S500,1998.12,49227,NZDm,Household financial liabilities,Household net financial wealth,HHAL.QB
SNEQ.SG15ALE00000AFL0461S500,1998.12,39848,NZDm,Housing loans,Net equity in housing,HHAL.QB11
SNEQ.SG15ALE00000AFL7000S500,1998.12,65568,NZDm,Household financial liabilities (including rental properties),Memo item: Household debt including rental properties,HHAL.QM21
SNEQ.SG15ALE00000AN60000S500,1998.12,176404,NZDm,Housing and land value,Household net wealth,HHAL.QC6
SNEQ.SG15ALE00000B900000S500,1998.12,431754,NZDm,Household net wealth,Household net wealth,HHAL.QC3
SNEQ.SG15ALE00000B910000S500,1998.12,255350,NZDm,Household net financial wealth,Household net financial wealth,HHAL.QC5
DDEQ.SHA,1999.03,1387000,no,Number of households (at end of quarter),Housing stock,PDWEL.Q.H1.na
DDEQ.SKA,1999.03,1460900,no,Number of private dwellings (at end of quarter),Housing stock,PDWEL.Q.D1.na
SNEA.SG15AB01GE00ANA0000S900,1999.03,106826,NZDm,Expenditure GDP (annual),Nominal Gross Domestic Product (GDP),NATE.Y.E0Y.na
SNEA.SG15AB01GP00ANA0000S900,1999.03,106826,NZDm,Production GDP (annual),Nominal Gross Domestic Product (GDP),NATA.Y.G0.na
SNEA.SG15AD041P00AFL0471S500,1999.03,0,NZDm,Interest payments on housing loans (including rental properties),Memo item: Household debt servicing (year ended),HHAL.QD2.ZZH1rt12
SNEA.SG15AD041P00ANA0000S500,1999.03,0,NZDm,Total interest payments,Memo item: Household debt servicing (year ended),HHAL.QD2.ZZHrt12
SNEQ.SG15AB01GE00ANA0000S900,1999.03,27187,NZDm,Expenditure GDP (quarterly),Nominal Gross Domestic Product (GDP),GDE.Q.EY.NA
SNEQ.SG15AD041P00AFL0471S500,1999.03,1084,NZDm,Interest payments on housing loans (including rental properties),Memo item: Household debt servicing (quarterly),HHAL.QD2.ZZH1
SNEQ.SG15AD041P00AFL0481S500,1999.03,252,NZDm,Interest payments on consumer loans,Memo item: Household debt servicing (quarterly),HHAL.QD2.ZZH2
SNEQ.SG15AD041P00ANA0000S500,1999.03,1336,NZDm,Total interest payments,Memo item: Household debt servicing (quarterly),HHAL.QD2.ZZH
SNEQ.SG15ALE00000AFA0000S500,1999.03,312655,NZDm,Household financial assets,Household net financial wealth,HHAL.QA
SNEQ.SG15ALE00000AFA0586S500,1999.03,137047,NZDm,Net equity in housing,Net equity in housing,HHAL.QC2
SNEQ.SG15ALE00000AFL0000S500,1999.03,50283,NZDm,Household financial liabilities,Household net financial wealth,HHAL.QB
SNEQ.SG15ALE00000AFL0461S500,1999.03,40954,NZDm,Housing loans,Net equity in housing,HHAL.QB11
SNEQ.SG15ALE00000AFL7000S500,1999.03,67064,NZDm,Household financial liabilities (including rental properties),Memo item: Household debt including rental properties,HHAL.QM21
SNEQ.SG15ALE00000AN60000S500,1999.03,178000,NZDm,Housing and land value,Household net wealth,HHAL.QC6
SNEQ.SG15ALE00000B900000S500,1999.03,440372,NZDm,Household net wealth,Household net wealth,HHAL.QC3
SNEQ.SG15ALE00000B910000S500,1999.03,262372,NZDm,Household net financial wealth,Household net financial wealth,HHAL.QC5
DDEQ.SHA,1999.06,1390900,no,Number of households (at end of quarter),Housing stock,PDWEL.Q.H1.na
DDEQ.SKA,1999.06,1466300,no,Number of private dwellings (at end of quarter),Housing stock,PDWEL.Q.D1.na
SNEA.SG15AD041P00AFL0471S500,1999.06,0,NZDm,Interest payments on housing loans (including rental properties),Memo item: Household debt servicing (year ended),HHAL.QD2.ZZH1rt12
SNEA.SG15AD041P00ANA0000S500,1999.06,0,NZDm,Total interest payments,Memo item: Household debt servicing (year ended),HHAL.QD2.ZZHrt12
SNEQ.SG15AB01GE00ANA0000S900,1999.06,27372,NZDm,Expenditure GDP (quarterly),Nominal Gross Domestic Product (GDP),GDE.Q.EY.NA
SNEQ.SG15AB06NR00ANA0000S500,1999.06,16645,NZDm,Household disposable income (quarterly),Household disposable income,HHAL.QC4
SNEQ.SG15AD041P00AFL0471S500,1999.06,1078,NZDm,Interest payments on housing loans (including rental properties),Memo item: Household debt servicing (quarterly),HHAL.QD2.ZZH1
SNEQ.SG15AD041P00AFL0481S500,1999.06,252,NZDm,Interest payments on consumer loans,Memo item: Household debt servicing (quarterly),HHAL.QD2.ZZH2
SNEQ.SG15AD041P00ANA0000S500,1999.06,1330,NZDm,Total interest payments,Memo item: Household debt servicing (quarterly),HHAL.QD2.ZZH
SNEQ.SG15AD041P00ANA0000S500N,1999.06,8,%,Total interest payments as a percentage of household disposable income,Memo item: Household debt servicing (quarterly),HHAL.QR7.ZZH
SNEQ.SG15ALE00000AFA0000S500,1999.06,319493,NZDm,Household financial assets,Household net financial wealth,HHAL.QA
SNEQ.SG15ALE00000AFA0586S500,1999.06,138383,NZDm,Net equity in housing,Net equity in housing,HHAL.QC2
SNEQ.SG15ALE00000AFL0000S500,1999.06,51896,NZDm,Household financial liabilities,Household net financial wealth,HHAL.QB
SNEQ.SG15ALE00000AFL0461S500,1999.06,42012,NZDm,Housing loans,Net equity in housing,HHAL.QB11
SNEQ.SG15ALE00000AFL7000S500,1999.06,69124,NZDm,Household financial liabilities (including rental properties),Memo item: Household debt including rental properties,HHAL.QM21
SNEQ.SG15ALE00000AN60000S500,1999.06,180395,NZDm,Housing and land value,Household net wealth,HHAL.QC6
SNEQ.SG15ALE00000B900000S500,1999.06,447993,NZDm,Household net wealth,Household net wealth,HHAL.QC3
SNEQ.SG15ALE00000B910000S500,1999.06,267598,NZDm,Household net financial wealth,Household net financial wealth,HHAL.QC5
DDEQ.SHA,1999.09,1395100,no,Number of households (at end of quarter),Housing stock,PDWEL.Q.H1.na
DDEQ.SKA,1999.09,1472100,no,Number of private dwellings (at end of quarter),Housing stock,PDWEL.Q.D1.na
SNEA.SG15AD041P00AFL0471S500,1999.09,4381,NZDm,Interest payments on housing loans (including rental properties),Memo item: Household debt servicing (year ended),HHAL.QD2.ZZH1rt12
SNEA.SG15AD041P00AFL0481S500,1999.09,1019,NZDm,Interest payments on consumer loans,Memo item: Household debt servicing (year ended),HHAL.QD2.ZZH2rt12
SNEA.SG15AD041P00ANA0000S500,1999.09,5400,NZDm,Total interest payments,Memo item: Household debt servicing (year ended),HHAL.QD2.ZZHrt12
SNEQ.SG15AB01GE00ANA0000S900,1999.09,26753,NZDm,Expenditure GDP (quarterly),Nominal Gross Domestic Product (GDP),GDE.Q.EY.NA
SNEQ.SG15AB06NR00ANA0000S500,1999.09,16841,NZDm,Household disposable income (quarterly),Household disposable income,HHAL.QC4
SNEQ.SG15AD041P00AFL0471S500,1999.09,1092,NZDm,Interest payments on housing loans (including rental properties),Memo item: Household debt servicing (quarterly),HHAL.QD2.ZZH1
SNEQ.SG15AD041P00AFL0481S500,1999.09,253,NZDm,Interest payments on consumer loans,Memo item: Household debt servicing (quarterly),HHAL.QD2.ZZH2
SNEQ.SG15AD041P00ANA0000S500,1999.09,1345,NZDm,Total interest payments,Memo item: Household debt servicing (quarterly),HHAL.QD2.ZZH
SNEQ.SG15AD041P00ANA0000S500N,1999.09,8,%,Total interest payments as a percentage of household disposable income,Memo item: Household debt servicing (quarterly),HHAL.QR7.ZZH
SNEQ.SG15ALE00000AFA0000S500,1999.09,326341,NZDm,Household financial assets,Household net financial wealth,HHAL.QA
SNEQ.SG15ALE00000AFA0586S500,1999.09,138003,NZDm,Net equity in housing,Net equity in housing,HHAL.QC2
SNEQ.SG15ALE00000AFL0000S500,1999.09,53144,NZDm,Household financial liabilities,Household net financial wealth,HHAL.QB
SNEQ.SG15ALE00000AFL0461S500,1999.09,43190,NZDm,Housing loans,Net equity in housing,HHAL.QB11
SNEQ.SG15ALE00000AFL7000S500,1999.09,70750,NZDm,Household financial liabilities (including rental properties),Memo item: Household debt including rental properties,HHAL.QM21
SNEQ.SG15ALE00000AN60000S500,1999.09,181193,NZDm,Housing and land value,Household net wealth,HHAL.QC6
SNEQ.SG15ALE00000B900000S500,1999.09,454390,NZDm,Household net wealth,Household net wealth,HHAL.QC3
SNEQ.SG15ALE00000B910000S500,1999.09,273197,NZDm,Household net financial wealth,Household net financial wealth,HHAL.QC5
DDEQ.SHA,1999.12,1400100,no,Number of households (at end of quarter),Housing stock,PDWEL.Q.H1.na
DDEQ.SKA,1999.12,1478900,no,Number of private dwellings (at end of quarter),Housing stock,PDWEL.Q.D1.na
SNEA.SG15AD041P00AFL0471S500,1999.12,4370,NZDm,Interest payments on housing loans (including rental properties),Memo item: Household debt servicing (year ended),HHAL.QD2.ZZH1rt12
SNEA.SG15AD041P00AFL0481S500,1999.12,1024,NZDm,Interest payments on consumer loans,Memo item: Household debt servicing (year ended),HHAL.QD2.ZZH2rt12
SNEA.SG15AD041P00ANA0000S500,1999.12,5394,NZDm,Total interest payments,Memo item: Household debt servicing (year ended),HHAL.QD2.ZZHrt12
SNEQ.SG15AB01GE00ANA0000S900,1999.12,29912,NZDm,Expenditure GDP (quarterly),Nominal Gross Domestic Product (GDP),GDE.Q.EY.NA
SNEQ.SG15AB06NR00ANA0000S500,1999.12,16931,NZDm,Household disposable income (quarterly),Household disposable income,HHAL.QC4
SNEQ.SG15AD041P00AFL0471S500,1999.12,1116,NZDm,Interest payments on housing loans (including rental properties),Memo item: Household debt servicing (quarterly),HHAL.QD2.ZZH1
SNEQ.SG15AD041P00AFL0481S500,1999.12,268,NZDm,Interest payments on consumer loans,Memo item: Household debt servicing (quarterly),HHAL.QD2.ZZH2
SNEQ.SG15AD041P00ANA0000S500,1999.12,1384,NZDm,Total interest payments,Memo item: Household debt servicing (quarterly),HHAL.QD2.ZZH
SNEQ.SG15AD041P00ANA0000S500N,1999.12,8,%,Total interest payments as a percentage of household disposable income,Memo item: Household debt servicing (quarterly),HHAL.QR7.ZZH
SNEQ.SG15ALE00000AFA0000S500,1999.12,333924,NZDm,Household financial assets,Household net financial wealth,HHAL.QA
SNEQ.SG15ALE00000AFA0586S500,1999.12,137114,NZDm,Net equity in housing,Net equity in housing,HHAL.QC2
SNEQ.SG15ALE00000AFL0000S500,1999.12,54438,NZDm,Household financial liabilities,Household net financial wealth,HHAL.QB
SNEQ.SG15ALE00000AFL0461S500,1999.12,44079,NZDm,Housing loans,Net equity in housing,HHAL.QB11
SNEQ.SG15ALE00000AFL7000S500,1999.12,72425,NZDm,Household financial liabilities (including rental properties),Memo item: Household debt including rental properties,HHAL.QM21
SNEQ.SG15ALE00000AN60000S500,1999.12,181193,NZDm,Housing and land value,Household net wealth,HHAL.QC6
SNEQ.SG15ALE00000B900000S500,1999.12,460679,NZDm,Household net wealth,Household net wealth,HHAL.QC3
SNEQ.SG15ALE00000B910000S500,1999.12,279486,NZDm,Household net financial wealth,Household net financial wealth,HHAL.QC5
DDEQ.SHA,2000.03,1405700,no,Number of households (at end of quarter),Housing stock,PDWEL.Q.H1.na
DDEQ.SKA,2000.03,1486600,no,Number of private dwellings (at end of quarter),Housing stock,PDWEL.Q.D1.na
SNEA.SG15AB01GE00ANA0000S900,2000.03,113229,NZDm,Expenditure GDP (annual),Nominal Gross Domestic Product (GDP),NATE.Y.E0Y.na
SNEA.SG15AB01GP00ANA0000S900,2000.03,113229,NZDm,Production GDP (annual),Nominal Gross Domestic Product (GDP),NATA.Y.G0.na
SNEA.SG15AB06NR00ANA0000S500,2000.03,67333,NZDm,Household disposable income (year ended),Household disposable income,HHAL.QC4rt12
SNEA.SG15AD041P00AFL0471S500,2000.03,4477,NZDm,Interest payments on housing loans (including rental properties),Memo item: Household debt servicing (year ended),HHAL.QD2.ZZH1rt12
SNEA.SG15AD041P00AFL0481S500,2000.03,1047,NZDm,Interest payments on consumer loans,Memo item: Household debt servicing (year ended),HHAL.QD2.ZZH2rt12
SNEA.SG15AD041P00ANA0000S500,2000.03,5524,NZDm,Total interest payments,Memo item: Household debt servicing (year ended),HHAL.QD2.ZZHrt12
SNEA.SG15AD041P00ANA0000S500N,2000.03,8,%,Total interest payments as a percentage of household disposable income,Memo item: Household debt servicing (year ended),HHAL.QR7.ZZHrt12
SNEQ.SG15AB01GE00ANA0000S900,2000.03,29192,NZDm,Expenditure GDP (quarterly),Nominal Gross Domestic Product (GDP),GDE.Q.EY.NA
SNEQ.SG15AB06NR00ANA0000S500,2000.03,16916,NZDm,Household disposable income (quarterly),Household disposable income,HHAL.QC4
SNEQ.SG15AD041P00AFL0471S500,2000.03,1191,NZDm,Interest payments on housing loans (including rental properties),Memo item: Household debt servicing (quarterly),HHAL.QD2.ZZH1
SNEQ.SG15AD041P00AFL0481S500,2000.03,275,NZDm,Interest payments on consumer loans,Memo item: Household debt servicing (quarterly),HHAL.QD2.ZZH2
SNEQ.SG15AD041P00ANA0000S500,2000.03,1466,NZDm,Total interest payments,Memo item: Household debt servicing (quarterly),HHAL.QD2.ZZH
SNEQ.SG15AD041P00ANA0000S500N,2000.03,9,%,Total interest payments as a percentage of household disposable income,Memo item: Household debt servicing (quarterly),HHAL.QR7.ZZH
SNEQ.SG15ALE00000AFA0000S500,2000.03,339057,NZDm,Household financial assets,Household net financial wealth,HHAL.QA
SNEQ.SG15ALE00000AFA0000S500N,2000.03,504,%,Household financial assets,As a percentage of household disposable income,HHAL.QR1
SNEQ.SG15ALE00000AFA0586S500,2000.03,137066,NZDm,Net equity in housing,Net equity in housing,HHAL.QC2
SNEQ.SG15ALE00000AFA0586S500N,2000.03,204,%,Net equity in housing,As a percentage of household disposable income,HHAL.QR5
SNEQ.SG15ALE00000AFL0000S500,2000.03,55230,NZDm,Household financial liabilities,Household net financial wealth,HHAL.QB
SNEQ.SG15ALE00000AFL0000S500N,2000.03,82,%,Household financial liabilities,As a percentage of household disposable income,HHAL.QR2
SNEQ.SG15ALE00000AFL0461S500,2000.03,44854,NZDm,Housing loans,Net equity in housing,HHAL.QB11
SNEQ.SG15ALE00000AFL7000S500,2000.03,73533,NZDm,Household financial liabilities (including rental properties),Memo item: Household debt including rental properties,HHAL.QM21
SNEQ.SG15ALE00000AFL7000S500N,2000.03,109,%,Household financial liabilities (including rental properties) as a percentage of household disposable income,Memo item: Household debt including rental properties,HHAL.QM23
SNEQ.SG15ALE00000AN60000S500,2000.03,181920,NZDm,Housing and land value,Household net wealth,HHAL.QC6
SNEQ.SG15ALE00000AN60000S500N,2000.03,270,%,Housing and land value,As a percentage of household disposable income,HHAL.QR4
SNEQ.SG15ALE00000B900000S500,2000.03,465747,NZDm,Household net wealth,Household net wealth,HHAL.QC3
SNEQ.SG15ALE00000B900000S500N,2000.03,692,%,Household net wealth,As a percentage of household disposable income,HHAL.QR6
SNEQ.SG15ALE00000B910000S500,2000.03,283827,NZDm,Household net financial wealth,Household net financial wealth,HHAL.QC5
SNEQ.SG15ALE00000B910000S500N,2000.03,422,%,Household net financial wealth,As a percentage of household disposable income,HHAL.QR3
DDEQ.SHA,2000.06,1410400,no,Number of households (at end of quarter),Housing stock,PDWEL.Q.H1.na
DDEQ.SKA,2000.06,1493000,no,Number of private dwellings (at end of quarter),Housing stock,PDWEL.Q.D1.na
SNEA.SG15AB06NR00ANA0000S500,2000.06,67121,NZDm,Household disposable income (year ended),Household disposable income,HHAL.QC4rt12
SNEA.SG15AD041P00AFL0471S500,2000.06,4680,NZDm,Interest payments on housing loans (including rental properties),Memo item: Household debt servicing (year ended),HHAL.QD2.ZZH1rt12
SNEA.SG15AD041P00AFL0481S500,2000.06,1085,NZDm,Interest payments on consumer loans,Memo item: Household debt servicing (year ended),HHAL.QD2.ZZH2rt12
SNEA.SG15AD041P00ANA0000S500,2000.06,5765,NZDm,Total interest payments,Memo item: Household debt servicing (year ended),HHAL.QD2.ZZHrt12
SNEA.SG15AD041P00ANA0000S500N,2000.06,9,%,Total interest payments as a percentage of household disposable income,Memo item: Household debt servicing (year ended),HHAL.QR7.ZZHrt12
SNEQ.SG15AB01GE00ANA0000S900,2000.06,28807,NZDm,Expenditure GDP (quarterly),Nominal Gross Domestic Product (GDP),GDE.Q.EY.NA
SNEQ.SG15AB06NR00ANA0000S500,2000.06,16433,NZDm,Household disposable income (quarterly),Household disposable income,HHAL.QC4
SNEQ.SG15AD041P00AFL0471S500,2000.06,1282,NZDm,Interest payments on housing loans (including rental properties),Memo item: Household debt servicing (quarterly),HHAL.QD2.ZZH1
SNEQ.SG15AD041P00AFL0481S500,2000.06,290,NZDm,Interest payments on consumer loans,Memo item: Household debt servicing (quarterly),HHAL.QD2.ZZH2
SNEQ.SG15AD041P00ANA0000S500,2000.06,1572,NZDm,Total interest payments,Memo item: Household debt servicing (quarterly),HHAL.QD2.ZZH
SNEQ.SG15AD041P00ANA0000S500N,2000.06,10,%,Total interest payments as a percentage of household disposable income,Memo item: Household debt servicing (quarterly),HHAL.QR7.ZZH
SNEQ.SG15ALE00000AFA0000S500,2000.06,341076,NZDm,Household financial assets,Household net financial wealth,HHAL.QA
SNEQ.SG15ALE00000AFA0000S500N,2000.06,508,%,Household financial assets,As a percentage of household disposable income,HHAL.QR1
SNEQ.SG15ALE00000AFA0586S500,2000.06,136372,NZDm,Net equity in housing,Net equity in housing,HHAL.QC2
SNEQ.SG15ALE00000AFA0586S500N,2000.06,203,%,Net equity in housing,As a percentage of household disposable income,HHAL.QR5
SNEQ.SG15ALE00000AFL0000S500,2000.06,56648,NZDm,Household financial liabilities,Household net financial wealth,HHAL.QB
SNEQ.SG15ALE00000AFL0000S500N,2000.06,84,%,Household financial liabilities,As a percentage of household disposable income,HHAL.QR2
SNEQ.SG15ALE00000AFL0461S500,2000.06,45548,NZDm,Housing loans,Net equity in housing,HHAL.QB11
SNEQ.SG15ALE00000AFL7000S500,2000.06,75238,NZDm,Household financial liabilities (including rental properties),Memo item: Household debt including rental properties,HHAL.QM21
SNEQ.SG15ALE00000AFL7000S500N,2000.06,112,%,Household financial liabilities (including rental properties) as a percentage of household disposable income,Memo item: Household debt including rental properties,HHAL.QM23
SNEQ.SG15ALE00000AN60000S500,2000.06,181920,NZDm,Housing and land value,Household net wealth,HHAL.QC6
SNEQ.SG15ALE00000AN60000S500N,2000.06,271,%,Housing and land value,As a percentage of household disposable income,HHAL.QR4
SNEQ.SG15ALE00000B900000S500,2000.06,466348,NZDm,Household net wealth,Household net wealth,HHAL.QC3
SNEQ.SG15ALE00000B900000S500N,2000.06,695,%,Household net wealth,As a percentage of household disposable income,HHAL.QR6
SNEQ.SG15ALE00000B910000S500,2000.06,284428,NZDm,Household net financial wealth,Household net financial wealth,HHAL.QC5
SNEQ.SG15ALE00000B910000S500N,2000.06,424,%,Household net financial wealth,As a percentage of household disposable income,HHAL.QR3
DDEQ.SHA,2000.09,1414200,no,Number of households (at end of quarter),Housing stock,PDWEL.Q.H1.na
DDEQ.SKA,2000.09,1498300,no,Number of private dwellings (at end of quarter),Housing stock,PDWEL.Q.D1.na
SNEA.SG15AB06NR00ANA0000S500,2000.09,66694,NZDm,Household disposable income (year ended),Household disposable income,HHAL.QC4rt12
SNEA.SG15AD041P00AFL0471S500,2000.09,4925,NZDm,Interest payments on housing loans (including rental properties),Memo item: Household debt servicing (year ended),HHAL.QD2.ZZH1rt12
SNEA.SG15AD041P00AFL0481S500,2000.09,1135,NZDm,Interest payments on consumer loans,Memo item: Household debt servicing (year ended),HHAL.QD2.ZZH2rt12
SNEA.SG15AD041P00ANA0000S500,2000.09,6060,NZDm,Total interest payments,Memo item: Household debt servicing (year ended),HHAL.QD2.ZZHrt12
SNEA.SG15AD041P00ANA0000S500N,2000.09,9,%,Total interest payments as a percentage of household disposable income,Memo item: Household debt servicing (year ended),HHAL.QR7.ZZHrt12
SNEQ.SG15AB01GE00ANA0000S900,2000.09,28220,NZDm,Expenditure GDP (quarterly),Nominal Gross Domestic Product (GDP),GDE.Q.EY.NA
SNEQ.SG15AB06NR00ANA0000S500,2000.09,16414,NZDm,Household disposable income (quarterly),Household disposable income,HHAL.QC4
SNEQ.SG15AD041P00AFL0471S500,2000.09,1337,NZDm,Interest payments on housing loans (including rental properties),Memo item: Household debt servicing (quarterly),HHAL.QD2.ZZH1
SNEQ.SG15AD041P00AFL0481S500,2000.09,302,NZDm,Interest payments on consumer loans,Memo item: Household debt servicing (quarterly),HHAL.QD2.ZZH2
SNEQ.SG15AD041P00ANA0000S500,2000.09,1639,NZDm,Total interest payments,Memo item: Household debt servicing (quarterly),HHAL.QD2.ZZH
SNEQ.SG15AD041P00ANA0000S500N,2000.09,10,%,Total interest payments as a percentage of household disposable income,Memo item: Household debt servicing (quarterly),HHAL.QR7.ZZH
SNEQ.SG15ALE00000AFA0000S500,2000.09,342670,NZDm,Household financial assets,Household net financial wealth,HHAL.QA
SNEQ.SG15ALE00000AFA0000S500N,2000.09,514,%,Household financial assets,As a percentage of household disposable income,HHAL.QR1
SNEQ.SG15ALE00000AFA0586S500,2000.09,138217,NZDm,Net equity in housing,Net equity in housing,HHAL.QC2
SNEQ.SG15ALE00000AFA0586S500N,2000.09,207,%,Net equity in housing,As a percentage of household disposable income,HHAL.QR5
SNEQ.SG15ALE00000AFL0000S500,2000.09,57394,NZDm,Household financial liabilities,Household net financial wealth,HHAL.QB
SNEQ.SG15ALE00000AFL0000S500N,2000.09,86,%,Household financial liabilities,As a percentage of household disposable income,HHAL.QR2
SNEQ.SG15ALE00000AFL0461S500,2000.09,46086,NZDm,Housing loans,Net equity in housing,HHAL.QB11
SNEQ.SG15ALE00000AFL7000S500,2000.09,76208,NZDm,Household financial liabilities (including rental properties),Memo item: Household debt including rental properties,HHAL.QM21
SNEQ.SG15ALE00000AFL7000S500N,2000.09,114,%,Household financial liabilities (including rental properties) as a percentage of household disposable income,Memo item: Household debt including rental properties,HHAL.QM23
SNEQ.SG15ALE00000AN60000S500,2000.09,184303,NZDm,Housing and land value,Household net wealth,HHAL.QC6
SNEQ.SG15ALE00000AN60000S500N,2000.09,276,%,Housing and land value,As a percentage of household disposable income,HHAL.QR4
SNEQ.SG15ALE00000B900000S500,2000.09,469579,NZDm,Household net wealth,Household net wealth,HHAL.QC3
SNEQ.SG15ALE00000B900000S500N,2000.09,704,%,Household net wealth,As a percentage of household disposable income,HHAL.QR6
SNEQ.SG15ALE00000B910000S500,2000.09,285276,NZDm,Household net financial wealth,Household net financial wealth,HHAL.QC5
SNEQ.SG15ALE00000B910000S500N,2000.09,428,%,Household net financial wealth,As a percentage of household disposable income,HHAL.QR3
DDEQ.SHA,2000.12,1418000,no,Number of households (at end of quarter),Housing stock,PDWEL.Q.H1.na
DDEQ.SKA,2000.12,1503400,no,Number of private dwellings (at end of quarter),Housing stock,PDWEL.Q.D1.na
SNEA.SG15AB06NR00ANA0000S500,2000.12,66258,NZDm,Household disposable income (year ended),Household disposable income,HHAL.QC4rt12
SNEA.SG15AD041P00AFL0471S500,2000.12,5158,NZDm,Interest payments on housing loans (including rental properties),Memo item: Household debt servicing (year ended),HHAL.QD2.ZZH1rt12
SNEA.SG15AD041P00AFL0481S500,2000.12,1190,NZDm,Interest payments on consumer loans,Memo item: Household debt servicing (year ended),HHAL.QD2.ZZH2rt12
SNEA.SG15AD041P00ANA0000S500,2000.12,6348,NZDm,Total interest payments,Memo item: Household debt servicing (year ended),HHAL.QD2.ZZHrt12
SNEA.SG15AD041P00ANA0000S500N,2000.12,10,%,Total interest payments as a percentage of household disposable income,Memo item: Household debt servicing (year ended),HHAL.QR7.ZZHrt12
SNEQ.SG15AB01GE00ANA0000S900,2000.12,32125,NZDm,Expenditure GDP (quarterly),Nominal Gross Domestic Product (GDP),GDE.Q.EY.NA
SNEQ.SG15AB06NR00ANA0000S500,2000.12,16495,NZDm,Household disposable income (quarterly),Household disposable income,HHAL.QC4
SNEQ.SG15AD041P00AFL0471S500,2000.12,1348,NZDm,Interest payments on housing loans (including rental properties),Memo item: Household debt servicing (quarterly),HHAL.QD2.ZZH1
SNEQ.SG15AD041P00AFL0481S500,2000.12,323,NZDm,Interest payments on consumer loans,Memo item: Household debt servicing (quarterly),HHAL.QD2.ZZH2
SNEQ.SG15AD041P00ANA0000S500,2000.12,1671,NZDm,Total interest payments,Memo item: Household debt servicing (quarterly),HHAL.QD2.ZZH
SNEQ.SG15AD041P00ANA0000S500N,2000.12,10,%,Total interest payments as a percentage of household disposable income,Memo item: Household debt servicing (quarterly),HHAL.QR7.ZZH
SNEQ.SG15ALE00000AFA0000S500,2000.12,345734,NZDm,Household financial assets,Household net financial wealth,HHAL.QA
SNEQ.SG15ALE00000AFA0000S500N,2000.12,522,%,Household financial assets,As a percentage of household disposable income,HHAL.QR1
SNEQ.SG15ALE00000AFA0586S500,2000.12,137508,NZDm,Net equity in housing,Net equity in housing,HHAL.QC2
SNEQ.SG15ALE00000AFA0586S500N,2000.12,208,%,Net equity in housing,As a percentage of household disposable income,HHAL.QR5
SNEQ.SG15ALE00000AFL0000S500,2000.12,58656,NZDm,Household financial liabilities,Household net financial wealth,HHAL.QB
SNEQ.SG15ALE00000AFL0000S500N,2000.12,89,%,Household financial liabilities,As a percentage of household disposable income,HHAL.QR2
SNEQ.SG15ALE00000AFL0461S500,2000.12,46795,NZDm,Housing loans,Net equity in housing,HHAL.QB11
SNEQ.SG15ALE00000AFL7000S500,2000.12,77732,NZDm,Household financial liabilities (including rental properties),Memo item: Household debt including rental properties,HHAL.QM21
SNEQ.SG15ALE00000AFL7000S500N,2000.12,117,%,Household financial liabilities (including rental properties) as a percentage of household disposable income,Memo item: Household debt including rental properties,HHAL.QM23
SNEQ.SG15ALE00000AN60000S500,2000.12,184303,NZDm,Housing and land value,Household net wealth,HHAL.QC6
SNEQ.SG15ALE00000AN60000S500N,2000.12,278,%,Housing and land value,As a percentage of household disposable income,HHAL.QR4
SNEQ.SG15ALE00000B900000S500,2000.12,471380,NZDm,Household net wealth,Household net wealth,HHAL.QC3
SNEQ.SG15ALE00000B900000S500N,2000.12,711,%,Household net wealth,As a percentage of household disposable income,HHAL.QR6
SNEQ.SG15ALE00000B910000S500,2000.12,287077,NZDm,Household net financial wealth,Household net financial wealth,HHAL.QC5
SNEQ.SG15ALE00000B910000S500N,2000.12,433,%,Household net financial wealth,As a percentage of household disposable income,HHAL.QR3
DDEQ.SHA,2001.03,1421800,no,Number of households (at end of quarter),Housing stock,PDWEL.Q.H1.na
DDEQ.SKA,2001.03,1508600,no,Number of private dwellings (at end of quarter),Housing stock,PDWEL.Q.D1.na
SNEA.SG15AB01GE00ANA0000S900,2001.03,119839,NZDm,Expenditure GDP (annual),Nominal Gross Domestic Product (GDP),NATE.Y.E0Y.na
SNEA.SG15AB01GP00ANA0000S900,2001.03,119839,NZDm,Production GDP (annual),Nominal Gross Domestic Product (GDP),NATA.Y.G0.na
SNEA.SG15AB06NR00ANA0000S500,2001.03,66016,NZDm,Household disposable income (year ended),Household disposable income,HHAL.QC4rt12
SNEA.SG15AD041P00AFL0471S500,2001.03,5327,NZDm,Interest payments on housing loans (including rental properties),Memo item: Household debt servicing (year ended),HHAL.QD2.ZZH1rt12
SNEA.SG15AD041P00AFL0481S500,2001.03,1239,NZDm,Interest payments on consumer loans,Memo item: Household debt servicing (year ended),HHAL.QD2.ZZH2rt12
SNEA.SG15AD041P00ANA0000S500,2001.03,6566,NZDm,Total interest payments,Memo item: Household debt servicing (year ended),HHAL.QD2.ZZHrt12
SNEA.SG15AD041P00ANA0000S500N,2001.03,10,%,Total interest payments as a percentage of household disposable income,Memo item: Household debt servicing (year ended),HHAL.QR7.ZZHrt12
SNEQ.SG15AB01GE00ANA0000S900,2001.03,30687,NZDm,Expenditure GDP (quarterly),Nominal Gross Domestic Product (GDP),GDE.Q.EY.NA
SNEQ.SG15AB06NR00ANA0000S500,2001.03,16674,NZDm,Household disposable income (quarterly),Household disposable income,HHAL.QC4
SNEQ.SG15AD041P00AFL0471S500,2001.03,1361,NZDm,Interest payments on housing loans (including rental properties),Memo item: Household debt servicing (quarterly),HHAL.QD2.ZZH1
SNEQ.SG15AD041P00AFL0481S500,2001.03,323,NZDm,Interest payments on consumer loans,Memo item: Household debt servicing (quarterly),HHAL.QD2.ZZH2
SNEQ.SG15AD041P00ANA0000S500,2001.03,1684,NZDm,Total interest payments,Memo item: Household debt servicing (quarterly),HHAL.QD2.ZZH
SNEQ.SG15AD041P00ANA0000S500N,2001.03,10,%,Total interest payments as a percentage of household disposable income,Memo item: Household debt servicing (quarterly),HHAL.QR7.ZZH
SNEQ.SG15ALE00000AFA0000S500,2001.03,347270,NZDm,Household financial assets,Household net financial wealth,HHAL.QA
SNEQ.SG15ALE00000AFA0000S500N,2001.03,526,%,Household financial assets,As a percentage of household disposable income,HHAL.QR1
SNEQ.SG15ALE00000AFA0586S500,2001.03,139044,NZDm,Net equity in housing,Net equity in housing,HHAL.QC2
SNEQ.SG15ALE00000AFA0586S500N,2001.03,211,%,Net equity in housing,As a percentage of household disposable income,HHAL.QR5
SNEQ.SG15ALE00000AFL0000S500,2001.03,59433,NZDm,Household financial liabilities,Household net financial wealth,HHAL.QB
SNEQ.SG15ALE00000AFL0000S500N,2001.03,90,%,Household financial liabilities,As a percentage of household disposable income,HHAL.QR2
SNEQ.SG15ALE00000AFL0461S500,2001.03,47552,NZDm,Housing loans,Net equity in housing,HHAL.QB11
SNEQ.SG15ALE00000AFL7000S500,2001.03,78820,NZDm,Household financial liabilities (including rental properties),Memo item: Household debt including rental properties,HHAL.QM21
SNEQ.SG15ALE00000AFL7000S500N,2001.03,119,%,Household financial liabilities (including rental properties) as a percentage of household disposable income,Memo item: Household debt including rental properties,HHAL.QM23
SNEQ.SG15ALE00000AN60000S500,2001.03,186596,NZDm,Housing and land value,Household net wealth,HHAL.QC6
SNEQ.SG15ALE00000AN60000S500N,2001.03,283,%,Housing and land value,As a percentage of household disposable income,HHAL.QR4
SNEQ.SG15ALE00000B900000S500,2001.03,474433,NZDm,Household net wealth,Household net wealth,HHAL.QC3
SNEQ.SG15ALE00000B900000S500N,2001.03,719,%,Household net wealth,As a percentage of household disposable income,HHAL.QR6
SNEQ.SG15ALE00000B910000S500,2001.03,287837,NZDm,Household net financial wealth,Household net financial wealth,HHAL.QC5
SNEQ.SG15ALE00000B910000S500N,2001.03,436,%,Household net financial wealth,As a percentage of household disposable income,HHAL.QR3
DDEQ.SHA,2001.06,1425200,no,Number of households (at end of quarter),Housing stock,PDWEL.Q.H1.na
DDEQ.SKA,2001.06,1512800,no,Number of private dwellings (at end of quarter),Housing stock,PDWEL.Q.D1.na
SNEA.SG15AB06NR00ANA0000S500,2001.06,66796,NZDm,Household disposable income (year ended),Household disposable income,HHAL.QC4rt12
SNEA.SG15AD041P00AFL0471S500,2001.06,5380,NZDm,Interest payments on housing loans (including rental properties),Memo item: Household debt servicing (year ended),HHAL.QD2.ZZH1rt12
SNEA.SG15AD041P00AFL0481S500,2001.06,1272,NZDm,Interest payments on consumer loans,Memo item: Household debt servicing (year ended),HHAL.QD2.ZZH2rt12
SNEA.SG15AD041P00ANA0000S500,2001.06,6652,NZDm,Total interest payments,Memo item: Household debt servicing (year ended),HHAL.QD2.ZZHrt12
SNEA.SG15AD041P00ANA0000S500N,2001.06,10,%,Total interest payments as a percentage of household disposable income,Memo item: Household debt servicing (year ended),HHAL.QR7.ZZHrt12
SNEQ.SG15AB01GE00ANA0000S900,2001.06,31177,NZDm,Expenditure GDP (quarterly),Nominal Gross Domestic Product (GDP),GDE.Q.EY.NA
SNEQ.SG15AB06NR00ANA0000S500,2001.06,17213,NZDm,Household disposable income (quarterly),Household disposable income,HHAL.QC4
SNEQ.SG15AD041P00AFL0471S500,2001.06,1334,NZDm,Interest payments on housing loans (including rental properties),Memo item: Household debt servicing (quarterly),HHAL.QD2.ZZH1
SNEQ.SG15AD041P00AFL0481S500,2001.06,323,NZDm,Interest payments on consumer loans,Memo item: Household debt servicing (quarterly),HHAL.QD2.ZZH2
SNEQ.SG15AD041P00ANA0000S500,2001.06,1657,NZDm,Total interest payments,Memo item: Household debt servicing (quarterly),HHAL.QD2.ZZH
SNEQ.SG15AD041P00ANA0000S500N,2001.06,10,%,Total interest payments as a percentage of household disposable income,Memo item: Household debt servicing (quarterly),HHAL.QR7.ZZH
SNEQ.SG15ALE00000AFA0000S500,2001.06,350906,NZDm,Household financial assets,Household net financial wealth,HHAL.QA
SNEQ.SG15ALE00000AFA0000S500N,2001.06,525,%,Household financial assets,As a percentage of household disposable income,HHAL.QR1
SNEQ.SG15ALE00000AFA0586S500,2001.06,139717,NZDm,Net equity in housing,Net equity in housing,HHAL.QC2
SNEQ.SG15ALE00000AFA0586S500N,2001.06,209,%,Net equity in housing,As a percentage of household disposable income,HHAL.QR5
SNEQ.SG15ALE00000AFL0000S500,2001.06,61127,NZDm,Household financial liabilities,Household net financial wealth,HHAL.QB
SNEQ.SG15ALE00000AFL0000S500N,2001.06,92,%,Household financial liabilities,As a percentage of household disposable income,HHAL.QR2
SNEQ.SG15ALE00000AFL0461S500,2001.06,48461,NZDm,Housing loans,Net equity in housing,HHAL.QB11
SNEQ.SG15ALE00000AFL7000S500,2001.06,80883,NZDm,Household financial liabilities (including rental properties),Memo item: Household debt including rental properties,HHAL.QM21
SNEQ.SG15ALE00000AFL7000S500N,2001.06,121,%,Household financial liabilities (including rental properties) as a percentage of household disposable income,Memo item: Household debt including rental properties,HHAL.QM23
SNEQ.SG15ALE00000AN60000S500,2001.06,188178,NZDm,Housing and land value,Household net wealth,HHAL.QC6
SNEQ.SG15ALE00000AN60000S500N,2001.06,282,%,Housing and land value,As a percentage of household disposable income,HHAL.QR4
SNEQ.SG15ALE00000B900000S500,2001.06,477957,NZDm,Household net wealth,Household net wealth,HHAL.QC3
SNEQ.SG15ALE00000B900000S500N,2001.06,716,%,Household net wealth,As a percentage of household disposable income,HHAL.QR6
SNEQ.SG15ALE00000B910000S500,2001.06,289779,NZDm,Household net financial wealth,Household net financial wealth,HHAL.QC5
SNEQ.SG15ALE00000B910000S500N,2001.06,434,%,Household net financial wealth,As a percentage of household disposable income,HHAL.QR3
DDEQ.SHA,2001.09,1429400,no,Number of households (at end of quarter),Housing stock,PDWEL.Q.H1.na
DDEQ.SKA,2001.09,1517000,no,Number of private dwellings (at end of quarter),Housing stock,PDWEL.Q.D1.na
SNEA.SG15AB06NR00ANA0000S500,2001.09,67815,NZDm,Household disposable income (year ended),Household disposable income,HHAL.QC4rt12
SNEA.SG15AD041P00AFL0471S500,2001.09,5358,NZDm,Interest payments on housing loans (including rental properties),Memo item: Household debt servicing (year ended),HHAL.QD2.ZZH1rt12
SNEA.SG15AD041P00AFL0481S500,2001.09,1295,NZDm,Interest payments on consumer loans,Memo item: Household debt servicing (year ended),HHAL.QD2.ZZH2rt12
SNEA.SG15AD041P00ANA0000S500,2001.09,6653,NZDm,Total interest payments,Memo item: Household debt servicing (year ended),HHAL.QD2.ZZHrt12
SNEA.SG15AD041P00ANA0000S500N,2001.09,10,%,Total interest payments as a percentage of household disposable income,Memo item: Household debt servicing (year ended),HHAL.QR7.ZZHrt12
SNEQ.SG15AB01GE00ANA0000S900,2001.09,30156,NZDm,Expenditure GDP (quarterly),Nominal Gross Domestic Product (GDP),GDE.Q.EY.NA
SNEQ.SG15AB06NR00ANA0000S500,2001.09,17434,NZDm,Household disposable income (quarterly),Household disposable income,HHAL.QC4
SNEQ.SG15AD041P00AFL0471S500,2001.09,1315,NZDm,Interest payments on housing loans (including rental properties),Memo item: Household debt servicing (quarterly),HHAL.QD2.ZZH1
SNEQ.SG15AD041P00AFL0481S500,2001.09,326,NZDm,Interest payments on consumer loans,Memo item: Household debt servicing (quarterly),HHAL.QD2.ZZH2
SNEQ.SG15AD041P00ANA0000S500,2001.09,1641,NZDm,Total interest payments,Memo item: Household debt servicing (quarterly),HHAL.QD2.ZZH
SNEQ.SG15AD041P00ANA0000S500N,2001.09,9,%,Total interest payments as a percentage of household disposable income,Memo item: Household debt servicing (quarterly),HHAL.QR7.ZZH
SNEQ.SG15ALE00000AFA0000S500,2001.09,354094,NZDm,Household financial assets,Household net financial wealth,HHAL.QA
SNEQ.SG15ALE00000AFA0000S500N,2001.09,522,%,Household financial assets,As a percentage of household disposable income,HHAL.QR1
SNEQ.SG15ALE00000AFA0586S500,2001.09,141424,NZDm,Net equity in housing,Net equity in housing,HHAL.QC2
SNEQ.SG15ALE00000AFA0586S500N,2001.09,209,%,Net equity in housing,As a percentage of household disposable income,HHAL.QR5
SNEQ.SG15ALE00000AFL0000S500,2001.09,61987,NZDm,Household financial liabilities,Household net financial wealth,HHAL.QB
SNEQ.SG15ALE00000AFL0000S500N,2001.09,91,%,Household financial liabilities,As a percentage of household disposable income,HHAL.QR2
SNEQ.SG15ALE00000AFL0461S500,2001.09,49126,NZDm,Housing loans,Net equity in housing,HHAL.QB11
SNEQ.SG15ALE00000AFL7000S500,2001.09,82019,NZDm,Household financial liabilities (including rental properties),Memo item: Household debt including rental properties,HHAL.QM21
SNEQ.SG15ALE00000AFL7000S500N,2001.09,121,%,Household financial liabilities (including rental properties) as a percentage of household disposable income,Memo item: Household debt including rental properties,HHAL.QM23
SNEQ.SG15ALE00000AN60000S500,2001.09,190550,NZDm,Housing and land value,Household net wealth,HHAL.QC6
SNEQ.SG15ALE00000AN60000S500N,2001.09,281,%,Housing and land value,As a percentage of household disposable income,HHAL.QR4
SNEQ.SG15ALE00000B900000S500,2001.09,482657,NZDm,Household net wealth,Household net wealth,HHAL.QC3
SNEQ.SG15ALE00000B900000S500N,2001.09,712,%,Household net wealth,As a percentage of household disposable income,HHAL.QR6
SNEQ.SG15ALE00000B910000S500,2001.09,292107,NZDm,Household net financial wealth,Household net financial wealth,HHAL.QC5
SNEQ.SG15ALE00000B910000S500N,2001.09,431,%,Household net financial wealth,As a percentage of household disposable income,HHAL.QR3
DDEQ.SHA,2001.12,1434200,no,Number of households (at end of quarter),Housing stock,PDWEL.Q.H1.na
DDEQ.SKA,2001.12,1521800,no,Number of private dwellings (at end of quarter),Housing stock,PDWEL.Q.D1.na
SNEA.SG15AB06NR00ANA0000S500,2001.12,68915,NZDm,Household disposable income (year ended),Household disposable income,HHAL.QC4rt12
SNEA.SG15AD041P00AFL0471S500,2001.12,5285,NZDm,Interest payments on housing loans (including rental properties),Memo item: Household debt servicing (year ended),HHAL.QD2.ZZH1rt12
SNEA.SG15AD041P00AFL0481S500,2001.12,1307,NZDm,Interest payments on consumer loans,Memo item: Household debt servicing (year ended),HHAL.QD2.ZZH2rt12
SNEA.SG15AD041P00ANA0000S500,2001.12,6592,NZDm,Total interest payments,Memo item: Household debt servicing (year ended),HHAL.QD2.ZZHrt12
SNEA.SG15AD041P00ANA0000S500N,2001.12,10,%,Total interest payments as a percentage of household disposable income,Memo item: Household debt servicing (year ended),HHAL.QR7.ZZHrt12
SNEQ.SG15AB01GE00ANA0000S900,2001.12,34281,NZDm,Expenditure GDP (quarterly),Nominal Gross Domestic Product (GDP),GDE.Q.EY.NA
SNEQ.SG15AB06NR00ANA0000S500,2001.12,17594,NZDm,Household disposable income (quarterly),Household disposable income,HHAL.QC4
SNEQ.SG15AD041P00AFL0471S500,2001.12,1275,NZDm,Interest payments on housing loans (including rental properties),Memo item: Household debt servicing (quarterly),HHAL.QD2.ZZH1
SNEQ.SG15AD041P00AFL0481S500,2001.12,335,NZDm,Interest payments on consumer loans,Memo item: Household debt servicing (quarterly),HHAL.QD2.ZZH2
SNEQ.SG15AD041P00ANA0000S500,2001.12,1610,NZDm,Total interest payments,Memo item: Household debt servicing (quarterly),HHAL.QD2.ZZH
SNEQ.SG15AD041P00ANA0000S500N,2001.12,9,%,Total interest payments as a percentage of household disposable income,Memo item: Household debt servicing (quarterly),HHAL.QR7.ZZH
SNEQ.SG15ALE00000AFA0000S500,2001.12,358140,NZDm,Household financial assets,Household net financial wealth,HHAL.QA
SNEQ.SG15ALE00000AFA0000S500N,2001.12,520,%,Household financial assets,As a percentage of household disposable income,HHAL.QR1
SNEQ.SG15ALE00000AFA0586S500,2001.12,144370,NZDm,Net equity in housing,Net equity in housing,HHAL.QC2
SNEQ.SG15ALE00000AFA0586S500N,2001.12,210,%,Net equity in housing,As a percentage of household disposable income,HHAL.QR5
SNEQ.SG15ALE00000AFL0000S500,2001.12,63463,NZDm,Household financial liabilities,Household net financial wealth,HHAL.QB
SNEQ.SG15ALE00000AFL0000S500N,2001.12,92,%,Household financial liabilities,As a percentage of household disposable income,HHAL.QR2
SNEQ.SG15ALE00000AFL0461S500,2001.12,50133,NZDm,Housing loans,Net equity in housing,HHAL.QB11
SNEQ.SG15ALE00000AFL7000S500,2001.12,83917,NZDm,Household financial liabilities (including rental properties),Memo item: Household debt including rental properties,HHAL.QM21
SNEQ.SG15ALE00000AFL7000S500N,2001.12,122,%,Household financial liabilities (including rental properties) as a percentage of household disposable income,Memo item: Household debt including rental properties,HHAL.QM23
SNEQ.SG15ALE00000AN60000S500,2001.12,194503,NZDm,Housing and land value,Household net wealth,HHAL.QC6
SNEQ.SG15ALE00000AN60000S500N,2001.12,282,%,Housing and land value,As a percentage of household disposable income,HHAL.QR4
SNEQ.SG15ALE00000B900000S500,2001.12,489180,NZDm,Household net wealth,Household net wealth,HHAL.QC3
SNEQ.SG15ALE00000B900000S500N,2001.12,710,%,Household net wealth,As a percentage of household disposable income,HHAL.QR6
SNEQ.SG15ALE00000B910000S500,2001.12,294677,NZDm,Household net financial wealth,Household net financial wealth,HHAL.QC5
SNEQ.SG15ALE00000B910000S500N,2001.12,428,%,Household net financial wealth,As a percentage of household disposable income,HHAL.QR3
DDEQ.SHA,2002.03,1439300,no,Number of households (at end of quarter),Housing stock,PDWEL.Q.H1.na
DDEQ.SKA,2002.03,1526800,no,Number of private dwellings (at end of quarter),Housing stock,PDWEL.Q.D1.na
SNEA.SG15AB01GE00ANA0000S900,2002.03,128712,NZDm,Expenditure GDP (annual),Nominal Gross Domestic Product (GDP),NATE.Y.E0Y.na
SNEA.SG15AB01GP00ANA0000S900,2002.03,128712,NZDm,Production GDP (annual),Nominal Gross Domestic Product (GDP),NATA.Y.G0.na
SNEA.SG15AB06NR00ANA0000S500,2002.03,69933,NZDm,Household disposable income (year ended),Household disposable income,HHAL.QC4rt12
SNEA.SG15AD041P00AFL0471S500,2002.03,5179,NZDm,Interest payments on housing loans (including rental properties),Memo item: Household debt servicing (year ended),HHAL.QD2.ZZH1rt12
SNEA.SG15AD041P00AFL0481S500,2002.03,1313,NZDm,Interest payments on consumer loans,Memo item: Household debt servicing (year ended),HHAL.QD2.ZZH2rt12
SNEA.SG15AD041P00ANA0000S500,2002.03,6492,NZDm,Total interest payments,Memo item: Household debt servicing (year ended),HHAL.QD2.ZZHrt12
SNEA.SG15AD041P00ANA0000S500N,2002.03,9,%,Total interest payments as a percentage of household disposable income,Memo item: Household debt servicing (year ended),HHAL.QR7.ZZHrt12
SNEQ.SG15AB01GE00ANA0000S900,2002.03,33097,NZDm,Expenditure GDP (quarterly),Nominal Gross Domestic Product (GDP),GDE.Q.EY.NA
SNEQ.SG15AB06NR00ANA0000S500,2002.03,17692,NZDm,Household disposable income (quarterly),Household disposable income,HHAL.QC4
SNEQ.SG15AD041P00AFL0471S500,2002.03,1254,NZDm,Interest payments on housing loans (including rental properties),Memo item: Household debt servicing (quarterly),HHAL.QD2.ZZH1
SNEQ.SG15AD041P00AFL0481S500,2002.03,329,NZDm,Interest payments on consumer loans,Memo item: Household debt servicing (quarterly),HHAL.QD2.ZZH2
SNEQ.SG15AD041P00ANA0000S500,2002.03,1583,NZDm,Total interest payments,Memo item: Household debt servicing (quarterly),HHAL.QD2.ZZH
SNEQ.SG15AD041P00ANA0000S500N,2002.03,9,%,Total interest payments as a percentage of household disposable income,Memo item: Household debt servicing (quarterly),HHAL.QR7.ZZH
SNEQ.SG15ALE00000AFA0000S500,2002.03,360208,NZDm,Household financial assets,Household net financial wealth,HHAL.QA
SNEQ.SG15ALE00000AFA0000S500N,2002.03,515,%,Household financial assets,As a percentage of household disposable income,HHAL.QR1
SNEQ.SG15ALE00000AFA0586S500,2002.03,149610,NZDm,Net equity in housing,Net equity in housing,HHAL.QC2
SNEQ.SG15ALE00000AFA0586S500N,2002.03,214,%,Net equity in housing,As a percentage of household disposable income,HHAL.QR5
SNEQ.SG15ALE00000AFL0000S500,2002.03,64614,NZDm,Household financial liabilities,Household net financial wealth,HHAL.QB
SNEQ.SG15ALE00000AFL0000S500N,2002.03,92,%,Household financial liabilities,As a percentage of household disposable income,HHAL.QR2
SNEQ.SG15ALE00000AFL0461S500,2002.03,51271,NZDm,Housing loans,Net equity in housing,HHAL.QB11
SNEQ.SG15ALE00000AFL7000S500,2002.03,85524,NZDm,Household financial liabilities (including rental properties),Memo item: Household debt including rental properties,HHAL.QM21
SNEQ.SG15ALE00000AFL7000S500N,2002.03,122,%,Household financial liabilities (including rental properties) as a percentage of household disposable income,Memo item: Household debt including rental properties,HHAL.QM23
SNEQ.SG15ALE00000AN60000S500,2002.03,200881,NZDm,Housing and land value,Household net wealth,HHAL.QC6
SNEQ.SG15ALE00000AN60000S500N,2002.03,287,%,Housing and land value,As a percentage of household disposable income,HHAL.QR4
SNEQ.SG15ALE00000B900000S500,2002.03,496475,NZDm,Household net wealth,Household net wealth,HHAL.QC3
SNEQ.SG15ALE00000B900000S500N,2002.03,710,%,Household net wealth,As a percentage of household disposable income,HHAL.QR6
SNEQ.SG15ALE00000B910000S500,2002.03,295594,NZDm,Household net financial wealth,Household net financial wealth,HHAL.QC5
SNEQ.SG15ALE00000B910000S500N,2002.03,423,%,Household net financial wealth,As a percentage of household disposable income,HHAL.QR3
DDEQ.SHA,2002.06,1444600,no,Number of households (at end of quarter),Housing stock,PDWEL.Q.H1.na
DDEQ.SKA,2002.06,1532000,no,Number of private dwellings (at end of quarter),Housing stock,PDWEL.Q.D1.na
SNEA.SG15AB06NR00ANA0000S500,2002.06,70159,NZDm,Household disposable income (year ended),Household disposable income,HHAL.QC4rt12
SNEA.SG15AD041P00AFL0471S500,2002.06,5179,NZDm,Interest payments on housing loans (including rental properties),Memo item: Household debt servicing (year ended),HHAL.QD2.ZZH1rt12
SNEA.SG15AD041P00AFL0481S500,2002.06,1332,NZDm,Interest payments on consumer loans,Memo item: Household debt servicing (year ended),HHAL.QD2.ZZH2rt12
SNEA.SG15AD041P00ANA0000S500,2002.06,6511,NZDm,Total interest payments,Memo item: Household debt servicing (year ended),HHAL.QD2.ZZHrt12
SNEA.SG15AD041P00ANA0000S500N,2002.06,9,%,Total interest payments as a percentage of household disposable income,Memo item: Household debt servicing (year ended),HHAL.QR7.ZZHrt12
SNEQ.SG15AB01GE00ANA0000S900,2002.06,32409,NZDm,Expenditure GDP (quarterly),Nominal Gross Domestic Product (GDP),GDE.Q.EY.NA
SNEQ.SG15AB06NR00ANA0000S500,2002.06,17439,NZDm,Household disposable income (quarterly),Household disposable income,HHAL.QC4
SNEQ.SG15AD041P00AFL0471S500,2002.06,1334,NZDm,Interest payments on housing loans (including rental properties),Memo item: Household debt servicing (quarterly),HHAL.QD2.ZZH1
SNEQ.SG15AD041P00AFL0481S500,2002.06,342,NZDm,Interest payments on consumer loans,Memo item: Household debt servicing (quarterly),HHAL.QD2.ZZH2
SNEQ.SG15AD041P00ANA0000S500,2002.06,1676,NZDm,Total interest payments,Memo item: Household debt servicing (quarterly),HHAL.QD2.ZZH
SNEQ.SG15AD041P00ANA0000S500N,2002.06,10,%,Total interest payments as a percentage of household disposable income,Memo item: Household debt servicing (quarterly),HHAL.QR7.ZZH
SNEQ.SG15ALE00000AFA0000S500,2002.06,364452,NZDm,Household financial assets,Household net financial wealth,HHAL.QA
SNEQ.SG15ALE00000AFA0000S500N,2002.06,520,%,Household financial assets,As a percentage of household disposable income,HHAL.QR1
SNEQ.SG15ALE00000AFA0586S500,2002.06,152414,NZDm,Net equity in housing,Net equity in housing,HHAL.QC2
SNEQ.SG15ALE00000AFA0586S500N,2002.06,217,%,Net equity in housing,As a percentage of household disposable income,HHAL.QR5
SNEQ.SG15ALE00000AFL0000S500,2002.06,67280,NZDm,Household financial liabilities,Household net financial wealth,HHAL.QB
SNEQ.SG15ALE00000AFL0000S500N,2002.06,96,%,Household financial liabilities,As a percentage of household disposable income,HHAL.QR2
SNEQ.SG15ALE00000AFL0461S500,2002.06,52406,NZDm,Housing loans,Net equity in housing,HHAL.QB11
SNEQ.SG15ALE00000AFL7000S500,2002.06,88657,NZDm,Household financial liabilities (including rental properties),Memo item: Household debt including rental properties,HHAL.QM21
SNEQ.SG15ALE00000AFL7000S500N,2002.06,126,%,Household financial liabilities (including rental properties) as a percentage of household disposable income,Memo item: Household debt including rental properties,HHAL.QM23
SNEQ.SG15ALE00000AN60000S500,2002.06,204820,NZDm,Housing and land value,Household net wealth,HHAL.QC6
SNEQ.SG15ALE00000AN60000S500N,2002.06,292,%,Housing and land value,As a percentage of household disposable income,HHAL.QR4
SNEQ.SG15ALE00000B900000S500,2002.06,501991,NZDm,Household net wealth,Household net wealth,HHAL.QC3
SNEQ.SG15ALE00000B900000S500N,2002.06,716,%,Household net wealth,As a percentage of household disposable income,HHAL.QR6
SNEQ.SG15ALE00000B910000S500,2002.06,297171,NZDm,Household net financial wealth,Household net financial wealth,HHAL.QC5
SNEQ.SG15ALE00000B910000S500N,2002.06,424,%,Household net financial wealth,As a percentage of household disposable income,HHAL.QR3
DDEQ.SHA,2002.09,1449500,no,Number of households (at end of quarter),Housing stock,PDWEL.Q.H1.na
DDEQ.SKA,2002.09,1536900,no,Number of private dwellings (at end of quarter),Housing stock,PDWEL.Q.D1.na
SNEA.SG15AB06NR00ANA0000S500,2002.09,70300,NZDm,Household disposable income (year ended),Household disposable income,HHAL.QC4rt12
SNEA.SG15AD041P00AFL0471S500,2002.09,5269,NZDm,Interest payments on housing loans (including rental properties),Memo item: Household debt servicing (year ended),HHAL.QD2.ZZH1rt12
SNEA.SG15AD041P00AFL0481S500,2002.09,1366,NZDm,Interest payments on consumer loans,Memo item: Household debt servicing (year ended),HHAL.QD2.ZZH2rt12
SNEA.SG15AD041P00ANA0000S500,2002.09,6635,NZDm,Total interest payments,Memo item: Household debt servicing (year ended),HHAL.QD2.ZZHrt12
SNEA.SG15AD041P00ANA0000S500N,2002.09,9,%,Total interest payments as a percentage of household disposable income,Memo item: Household debt servicing (year ended),HHAL.QR7.ZZHrt12
SNEQ.SG15AB01GE00ANA0000S900,2002.09,32446,NZDm,Expenditure GDP (quarterly),Nominal Gross Domestic Product (GDP),GDE.Q.EY.NA
SNEQ.SG15AB06NR00ANA0000S500,2002.09,17574,NZDm,Household disposable income (quarterly),Household disposable income,HHAL.QC4
SNEQ.SG15AD041P00AFL0471S500,2002.09,1406,NZDm,Interest payments on housing loans (including rental properties),Memo item: Household debt servicing (quarterly),HHAL.QD2.ZZH1
SNEQ.SG15AD041P00AFL0481S500,2002.09,360,NZDm,Interest payments on consumer loans,Memo item: Household debt servicing (quarterly),HHAL.QD2.ZZH2
SNEQ.SG15AD041P00ANA0000S500,2002.09,1766,NZDm,Total interest payments,Memo item: Household debt servicing (quarterly),HHAL.QD2.ZZH
SNEQ.SG15AD041P00ANA0000S500N,2002.09,10,%,Total interest payments as a percentage of household disposable income,Memo item: Household debt servicing (quarterly),HHAL.QR7.ZZH
SNEQ.SG15ALE00000AFA0000S500,2002.09,368103,NZDm,Household financial assets,Household net financial wealth,HHAL.QA
SNEQ.SG15ALE00000AFA0000S500N,2002.09,524,%,Household financial assets,As a percentage of household disposable income,HHAL.QR1
SNEQ.SG15ALE00000AFA0586S500,2002.09,159336,NZDm,Net equity in housing,Net equity in housing,HHAL.QC2
SNEQ.SG15ALE00000AFA0586S500N,2002.09,227,%,Net equity in housing,As a percentage of household disposable income,HHAL.QR5
SNEQ.SG15ALE00000AFL0000S500,2002.09,68545,NZDm,Household financial liabilities,Household net financial wealth,HHAL.QB
SNEQ.SG15ALE00000AFL0000S500N,2002.09,98,%,Household financial liabilities,As a percentage of household disposable income,HHAL.QR2
SNEQ.SG15ALE00000AFL0461S500,2002.09,53362,NZDm,Housing loans,Net equity in housing,HHAL.QB11
SNEQ.SG15ALE00000AFL7000S500,2002.09,90318,NZDm,Household financial liabilities (including rental properties),Memo item: Household debt including rental properties,HHAL.QM21
SNEQ.SG15ALE00000AFL7000S500N,2002.09,129,%,Household financial liabilities (including rental properties) as a percentage of household disposable income,Memo item: Household debt including rental properties,HHAL.QM23
SNEQ.SG15ALE00000AN60000S500,2002.09,212698,NZDm,Housing and land value,Household net wealth,HHAL.QC6
SNEQ.SG15ALE00000AN60000S500N,2002.09,303,%,Housing and land value,As a percentage of household disposable income,HHAL.QR4
SNEQ.SG15ALE00000B900000S500,2002.09,512255,NZDm,Household net wealth,Household net wealth,HHAL.QC3
SNEQ.SG15ALE00000B900000S500N,2002.09,729,%,Household net wealth,As a percentage of household disposable income,HHAL.QR6
SNEQ.SG15ALE00000B910000S500,2002.09,299557,NZDm,Household net financial wealth,Household net financial wealth,HHAL.QC5
SNEQ.SG15ALE00000B910000S500N,2002.09,426,%,Household net financial wealth,As a percentage of household disposable income,HHAL.QR3
DDEQ.SHA,2002.12,1455500,no,Number of households (at end of quarter),Housing stock,PDWEL.Q.H1.na
DDEQ.SKA,2002.12,1542800,no,Number of private dwellings (at end of quarter),Housing stock,PDWEL.Q.D1.na
SNEA.SG15AB06NR00ANA0000S500,2002.12,70511,NZDm,Household disposable income (year ended),Household disposable income,HHAL.QC4rt12
SNEA.SG15AD041P00AFL0471S500,2002.12,5435,NZDm,Interest payments on housing loans (including rental properties),Memo item: Household debt servicing (year ended),HHAL.QD2.ZZH1rt12
SNEA.SG15AD041P00AFL0481S500,2002.12,1405,NZDm,Interest payments on consumer loans,Memo item: Household debt servicing (year ended),HHAL.QD2.ZZH2rt12
SNEA.SG15AD041P00ANA0000S500,2002.12,6840,NZDm,Total interest payments,Memo item: Household debt servicing (year ended),HHAL.QD2.ZZHrt12
SNEA.SG15AD041P00ANA0000S500N,2002.12,10,%,Total interest payments as a percentage of household disposable income,Memo item: Household debt servicing (year ended),HHAL.QR7.ZZHrt12
SNEQ.SG15AB01GE00ANA0000S900,2002.12,35736,NZDm,Expenditure GDP (quarterly),Nominal Gross Domestic Product (GDP),GDE.Q.EY.NA
SNEQ.SG15AB06NR00ANA0000S500,2002.12,17806,NZDm,Household disposable income (quarterly),Household disposable income,HHAL.QC4
SNEQ.SG15AD041P00AFL0471S500,2002.12,1441,NZDm,Interest payments on housing loans (including rental properties),Memo item: Household debt servicing (quarterly),HHAL.QD2.ZZH1
SNEQ.SG15AD041P00AFL0481S500,2002.12,374,NZDm,Interest payments on consumer loans,Memo item: Household debt servicing (quarterly),HHAL.QD2.ZZH2
SNEQ.SG15AD041P00ANA0000S500,2002.12,1815,NZDm,Total interest payments,Memo item: Household debt servicing (quarterly),HHAL.QD2.ZZH
SNEQ.SG15AD041P00ANA0000S500N,2002.12,10,%,Total interest payments as a percentage of household disposable income,Memo item: Household debt servicing (quarterly),HHAL.QR7.ZZH
SNEQ.SG15ALE00000AFA0000S500,2002.12,371582,NZDm,Household financial assets,Household net financial wealth,HHAL.QA
SNEQ.SG15ALE00000AFA0000S500N,2002.12,527,%,Household financial assets,As a percentage of household disposable income,HHAL.QR1
SNEQ.SG15ALE00000AFA0586S500,2002.12,167170,NZDm,Net equity in housing,Net equity in housing,HHAL.QC2
SNEQ.SG15ALE00000AFA0586S500N,2002.12,237,%,Net equity in housing,As a percentage of household disposable income,HHAL.QR5
SNEQ.SG15ALE00000AFL0000S500,2002.12,70611,NZDm,Household financial liabilities,Household net financial wealth,HHAL.QB
SNEQ.SG15ALE00000AFL0000S500N,2002.12,100,%,Household financial liabilities,As a percentage of household disposable income,HHAL.QR2
SNEQ.SG15ALE00000AFL0461S500,2002.12,54981,NZDm,Housing loans,Net equity in housing,HHAL.QB11
SNEQ.SG15ALE00000AFL7000S500,2002.12,93041,NZDm,Household financial liabilities (including rental properties),Memo item: Household debt including rental properties,HHAL.QM21
SNEQ.SG15ALE00000AFL7000S500N,2002.12,132,%,Household financial liabilities (including rental properties) as a percentage of household disposable income,Memo item: Household debt including rental properties,HHAL.QM23
SNEQ.SG15ALE00000AN60000S500,2002.12,222151,NZDm,Housing and land value,Household net wealth,HHAL.QC6
SNEQ.SG15ALE00000AN60000S500N,2002.12,315,%,Housing and land value,As a percentage of household disposable income,HHAL.QR4
SNEQ.SG15ALE00000B900000S500,2002.12,523122,NZDm,Household net wealth,Household net wealth,HHAL.QC3
SNEQ.SG15ALE00000B900000S500N,2002.12,742,%,Household net wealth,As a percentage of household disposable income,HHAL.QR6
SNEQ.SG15ALE00000B910000S500,2002.12,300971,NZDm,Household net financial wealth,Household net financial wealth,HHAL.QC5
SNEQ.SG15ALE00000B910000S500N,2002.12,427,%,Household net financial wealth,As a percentage of household disposable income,HHAL.QR3
DDEQ.SHA,2003.03,1462300,no,Number of households (at end of quarter),Housing stock,PDWEL.Q.H1.na
DDEQ.SKA,2003.03,1549600,no,Number of private dwellings (at end of quarter),Housing stock,PDWEL.Q.D1.na
SNEA.SG15AB01GE00ANA0000S900,2003.03,135181,NZDm,Expenditure GDP (annual),Nominal Gross Domestic Product (GDP),NATE.Y.E0Y.na
SNEA.SG15AB01GP00ANA0000S900,2003.03,135181,NZDm,Production GDP (annual),Nominal Gross Domestic Product (GDP),NATA.Y.G0.na
SNEA.SG15AB06NR00ANA0000S500,2003.03,70957,NZDm,Household disposable income (year ended),Household disposable income,HHAL.QC4rt12
SNEA.SG15AD041P00AFL0471S500,2003.03,5660,NZDm,Interest payments on housing loans (including rental properties),Memo item: Household debt servicing (year ended),HHAL.QD2.ZZH1rt12
SNEA.SG15AD041P00AFL0481S500,2003.03,1452,NZDm,Interest payments on consumer loans,Memo item: Household debt servicing (year ended),HHAL.QD2.ZZH2rt12
SNEA.SG15AD041P00ANA0000S500,2003.03,7112,NZDm,Total interest payments,Memo item: Household debt servicing (year ended),HHAL.QD2.ZZHrt12
SNEA.SG15AD041P00ANA0000S500N,2003.03,10,%,Total interest payments as a percentage of household disposable income,Memo item: Household debt servicing (year ended),HHAL.QR7.ZZHrt12
SNEQ.SG15AB01GE00ANA0000S900,2003.03,34591,NZDm,Expenditure GDP (quarterly),Nominal Gross Domestic Product (GDP),GDE.Q.EY.NA
SNEQ.SG15AB06NR00ANA0000S500,2003.03,18138,NZDm,Household disposable income (quarterly),Household disposable income,HHAL.QC4
SNEQ.SG15AD041P00AFL0471S500,2003.03,1479,NZDm,Interest payments on housing loans (including rental properties),Memo item: Household debt servicing (quarterly),HHAL.QD2.ZZH1
SNEQ.SG15AD041P00AFL0481S500,2003.03,376,NZDm,Interest payments on consumer loans,Memo item: Household debt servicing (quarterly),HHAL.QD2.ZZH2
SNEQ.SG15AD041P00ANA0000S500,2003.03,1855,NZDm,Total interest payments,Memo item: Household debt servicing (quarterly),HHAL.QD2.ZZH
SNEQ.SG15AD041P00ANA0000S500N,2003.03,10,%,Total interest payments as a percentage of household disposable income,Memo item: Household debt servicing (quarterly),HHAL.QR7.ZZH
SNEQ.SG15ALE00000AFA0000S500,2003.03,377318,NZDm,Household financial assets,Household net financial wealth,HHAL.QA
SNEQ.SG15ALE00000AFA0000S500N,2003.03,532,%,Household financial assets,As a percentage of household disposable income,HHAL.QR1
SNEQ.SG15ALE00000AFA0586S500,2003.03,177112,NZDm,Net equity in housing,Net equity in housing,HHAL.QC2
SNEQ.SG15ALE00000AFA0586S500N,2003.03,250,%,Net equity in housing,As a percentage of household disposable income,HHAL.QR5
SNEQ.SG15ALE00000AFL0000S500,2003.03,72506,NZDm,Household financial liabilities,Household net financial wealth,HHAL.QB
SNEQ.SG15ALE00000AFL0000S500N,2003.03,102,%,Household financial liabilities,As a percentage of household disposable income,HHAL.QR2
SNEQ.SG15ALE00000AFL0461S500,2003.03,56802,NZDm,Housing loans,Net equity in housing,HHAL.QB11
SNEQ.SG15ALE00000AFL7000S500,2003.03,95686,NZDm,Household financial liabilities (including rental properties),Memo item: Household debt including rental properties,HHAL.QM21
SNEQ.SG15ALE00000AFL7000S500N,2003.03,135,%,Household financial liabilities (including rental properties) as a percentage of household disposable income,Memo item: Household debt including rental properties,HHAL.QM23
SNEQ.SG15ALE00000AN60000S500,2003.03,233914,NZDm,Housing and land value,Household net wealth,HHAL.QC6
SNEQ.SG15ALE00000AN60000S500N,2003.03,330,%,Housing and land value,As a percentage of household disposable income,HHAL.QR4
SNEQ.SG15ALE00000B900000S500,2003.03,538726,NZDm,Household net wealth,Household net wealth,HHAL.QC3
SNEQ.SG15ALE00000B900000S500N,2003.03,759,%,Household net wealth,As a percentage of household disposable income,HHAL.QR6
SNEQ.SG15ALE00000B910000S500,2003.03,304812,NZDm,Household net financial wealth,Household net financial wealth,HHAL.QC5
SNEQ.SG15ALE00000B910000S500N,2003.03,430,%,Household net financial wealth,As a percentage of household disposable income,HHAL.QR3
DDEQ.SHA,2003.06,1470200,no,Number of households (at end of quarter),Housing stock,PDWEL.Q.H1.na
DDEQ.SKA,2003.06,1557400,no,Number of private dwellings (at end of quarter),Housing stock,PDWEL.Q.D1.na
SNEA.SG15AB06NR00ANA0000S500,2003.06,72268,NZDm,Household disposable income (year ended),Household disposable income,HHAL.QC4rt12
SNEA.SG15AD041P00AFL0471S500,2003.06,5825,NZDm,Interest payments on housing loans (including rental properties),Memo item: Household debt servicing (year ended),HHAL.QD2.ZZH1rt12
SNEA.SG15AD041P00AFL0481S500,2003.06,1489,NZDm,Interest payments on consumer loans,Memo item: Household debt servicing (year ended),HHAL.QD2.ZZH2rt12
SNEA.SG15AD041P00ANA0000S500,2003.06,7314,NZDm,Total interest payments,Memo item: Household debt servicing (year ended),HHAL.QD2.ZZHrt12
SNEA.SG15AD041P00ANA0000S500N,2003.06,10,%,Total interest payments as a percentage of household disposable income,Memo item: Household debt servicing (year ended),HHAL.QR7.ZZHrt12
SNEQ.SG15AB01GE00ANA0000S900,2003.06,34403,NZDm,Expenditure GDP (quarterly),Nominal Gross Domestic Product (GDP),GDE.Q.EY.NA
SNEQ.SG15AB06NR00ANA0000S500,2003.06,18750,NZDm,Household disposable income (quarterly),Household disposable income,HHAL.QC4
SNEQ.SG15AD041P00AFL0471S500,2003.06,1500,NZDm,Interest payments on housing loans (including rental properties),Memo item: Household debt servicing (quarterly),HHAL.QD2.ZZH1
SNEQ.SG15AD041P00AFL0481S500,2003.06,380,NZDm,Interest payments on consumer loans,Memo item: Household debt servicing (quarterly),HHAL.QD2.ZZH2
SNEQ.SG15AD041P00ANA0000S500,2003.06,1880,NZDm,Total interest payments,Memo item: Household debt servicing (quarterly),HHAL.QD2.ZZH
SNEQ.SG15AD041P00ANA0000S500N,2003.06,10,%,Total interest payments as a percentage of household disposable income,Memo item: Household debt servicing (quarterly),HHAL.QR7.ZZH
SNEQ.SG15ALE00000AFA0000S500,2003.06,392771,NZDm,Household financial assets,Household net financial wealth,HHAL.QA
SNEQ.SG15ALE00000AFA0000S500N,2003.06,544,%,Household financial assets,As a percentage of household disposable income,HHAL.QR1
SNEQ.SG15ALE00000AFA0586S500,2003.06,186096,NZDm,Net equity in housing,Net equity in housing,HHAL.QC2
SNEQ.SG15ALE00000AFA0586S500N,2003.06,258,%,Net equity in housing,As a percentage of household disposable income,HHAL.QR5
SNEQ.SG15ALE00000AFL0000S500,2003.06,75133,NZDm,Household financial liabilities,Household net financial wealth,HHAL.QB
SNEQ.SG15ALE00000AFL0000S500N,2003.06,104,%,Household financial liabilities,As a percentage of household disposable income,HHAL.QR2
SNEQ.SG15ALE00000AFL0461S500,2003.06,58807,NZDm,Housing loans,Net equity in housing,HHAL.QB11
SNEQ.SG15ALE00000AFL7000S500,2003.06,99162,NZDm,Household financial liabilities (including rental properties),Memo item: Household debt including rental properties,HHAL.QM21
SNEQ.SG15ALE00000AFL7000S500N,2003.06,137,%,Household financial liabilities (including rental properties) as a percentage of household disposable income,Memo item: Household debt including rental properties,HHAL.QM23
SNEQ.SG15ALE00000AN60000S500,2003.06,244903,NZDm,Housing and land value,Household net wealth,HHAL.QC6
SNEQ.SG15ALE00000AN60000S500N,2003.06,339,%,Housing and land value,As a percentage of household disposable income,HHAL.QR4
SNEQ.SG15ALE00000B900000S500,2003.06,562541,NZDm,Household net wealth,Household net wealth,HHAL.QC3
SNEQ.SG15ALE00000B900000S500N,2003.06,778,%,Household net wealth,As a percentage of household disposable income,HHAL.QR6
SNEQ.SG15ALE00000B910000S500,2003.06,317638,NZDm,Household net financial wealth,Household net financial wealth,HHAL.QC5
SNEQ.SG15ALE00000B910000S500N,2003.06,440,%,Household net financial wealth,As a percentage of household disposable income,HHAL.QR3
DDEQ.SHA,2003.09,1476200,no,Number of households (at end of quarter),Housing stock,PDWEL.Q.H1.na
DDEQ.SKA,2003.09,1563300,no,Number of private dwellings (at end of quarter),Housing stock,PDWEL.Q.D1.na
SNEA.SG15AB06NR00ANA0000S500,2003.09,73860,NZDm,Household disposable income (year ended),Household disposable income,HHAL.QC4rt12
SNEA.SG15AD041P00AFL0471S500,2003.09,5909,NZDm,Interest payments on housing loans (including rental properties),Memo item: Household debt servicing (year ended),HHAL.QD2.ZZH1rt12
SNEA.SG15AD041P00AFL0481S500,2003.09,1512,NZDm,Interest payments on consumer loans,Memo item: Household debt servicing (year ended),HHAL.QD2.ZZH2rt12
SNEA.SG15AD041P00ANA0000S500,2003.09,7421,NZDm,Total interest payments,Memo item: Household debt servicing (year ended),HHAL.QD2.ZZHrt12
SNEA.SG15AD041P00ANA0000S500N,2003.09,10,%,Total interest payments as a percentage of household disposable income,Memo item: Household debt servicing (year ended),HHAL.QR7.ZZHrt12
SNEQ.SG15AB01GE00ANA0000S900,2003.09,34298,NZDm,Expenditure GDP (quarterly),Nominal Gross Domestic Product (GDP),GDE.Q.EY.NA
SNEQ.SG15AB06NR00ANA0000S500,2003.09,19166,NZDm,Household disposable income (quarterly),Household disposable income,HHAL.QC4
SNEQ.SG15AD041P00AFL0471S500,2003.09,1489,NZDm,Interest payments on housing loans (including rental properties),Memo item: Household debt servicing (quarterly),HHAL.QD2.ZZH1
SNEQ.SG15AD041P00AFL0481S500,2003.09,382,NZDm,Interest payments on consumer loans,Memo item: Household debt servicing (quarterly),HHAL.QD2.ZZH2
SNEQ.SG15AD041P00ANA0000S500,2003.09,1871,NZDm,Total interest payments,Memo item: Household debt servicing (quarterly),HHAL.QD2.ZZH
SNEQ.SG15AD041P00ANA0000S500N,2003.09,10,%,Total interest payments as a percentage of household disposable income,Memo item: Household debt servicing (quarterly),HHAL.QR7.ZZH
SNEQ.SG15ALE00000AFA0000S500,2003.09,408524,NZDm,Household financial assets,Household net financial wealth,HHAL.QA
SNEQ.SG15ALE00000AFA0000S500N,2003.09,553,%,Household financial assets,As a percentage of household disposable income,HHAL.QR1
SNEQ.SG15ALE00000AFA0586S500,2003.09,205037,NZDm,Net equity in housing,Net equity in housing,HHAL.QC2
SNEQ.SG15ALE00000AFA0586S500N,2003.09,278,%,Net equity in housing,As a percentage of household disposable income,HHAL.QR5
SNEQ.SG15ALE00000AFL0000S500,2003.09,77685,NZDm,Household financial liabilities,Household net financial wealth,HHAL.QB
SNEQ.SG15ALE00000AFL0000S500N,2003.09,105,%,Household financial liabilities,As a percentage of household disposable income,HHAL.QR2
SNEQ.SG15ALE00000AFL0461S500,2003.09,61059,NZDm,Housing loans,Net equity in housing,HHAL.QB11
SNEQ.SG15ALE00000AFL7000S500,2003.09,102643,NZDm,Household financial liabilities (including rental properties),Memo item: Household debt including rental properties,HHAL.QM21
SNEQ.SG15ALE00000AFL7000S500N,2003.09,139,%,Household financial liabilities (including rental properties) as a percentage of household disposable income,Memo item: Household debt including rental properties,HHAL.QM23
SNEQ.SG15ALE00000AN60000S500,2003.09,266096,NZDm,Housing and land value,Household net wealth,HHAL.QC6
SNEQ.SG15ALE00000AN60000S500N,2003.09,360,%,Housing and land value,As a percentage of household disposable income,HHAL.QR4
SNEQ.SG15ALE00000B900000S500,2003.09,596935,NZDm,Household net wealth,Household net wealth,HHAL.QC3
SNEQ.SG15ALE00000B900000S500N,2003.09,808,%,Household net wealth,As a percentage of household disposable income,HHAL.QR6
SNEQ.SG15ALE00000B910000S500,2003.09,330839,NZDm,Household net financial wealth,Household net financial wealth,HHAL.QC5
SNEQ.SG15ALE00000B910000S500N,2003.09,448,%,Household net financial wealth,As a percentage of household disposable income,HHAL.QR3
DDEQ.SHA,2003.12,1482900,no,Number of households (at end of quarter),Housing stock,PDWEL.Q.H1.na
DDEQ.SKA,2003.12,1569900,no,Number of private dwellings (at end of quarter),Housing stock,PDWEL.Q.D1.na
SNEA.SG15AB06NR00ANA0000S500,2003.12,75620,NZDm,Household disposable income (year ended),Household disposable income,HHAL.QC4rt12
SNEA.SG15AD041P00AFL0471S500,2003.12,6005,NZDm,Interest payments on housing loans (including rental properties),Memo item: Household debt servicing (year ended),HHAL.QD2.ZZH1rt12
SNEA.SG15AD041P00AFL0481S500,2003.12,1537,NZDm,Interest payments on consumer loans,Memo item: Household debt servicing (year ended),HHAL.QD2.ZZH2rt12
SNEA.SG15AD041P00ANA0000S500,2003.12,7542,NZDm,Total interest payments,Memo item: Household debt servicing (year ended),HHAL.QD2.ZZHrt12
SNEA.SG15AD041P00ANA0000S500N,2003.12,10,%,Total interest payments as a percentage of household disposable income,Memo item: Household debt servicing (year ended),HHAL.QR7.ZZHrt12
SNEQ.SG15AB01GE00ANA0000S900,2003.12,38238,NZDm,Expenditure GDP (quarterly),Nominal Gross Domestic Product (GDP),GDE.Q.EY.NA
SNEQ.SG15AB06NR00ANA0000S500,2003.12,19566,NZDm,Household disposable income (quarterly),Household disposable income,HHAL.QC4
SNEQ.SG15AD041P00AFL0471S500,2003.12,1537,NZDm,Interest payments on housing loans (including rental properties),Memo item: Household debt servicing (quarterly),HHAL.QD2.ZZH1
SNEQ.SG15AD041P00AFL0481S500,2003.12,399,NZDm,Interest payments on consumer loans,Memo item: Household debt servicing (quarterly),HHAL.QD2.ZZH2
SNEQ.SG15AD041P00ANA0000S500,2003.12,1936,NZDm,Total interest payments,Memo item: Household debt servicing (quarterly),HHAL.QD2.ZZH
SNEQ.SG15AD041P00ANA0000S500N,2003.12,10,%,Total interest payments as a percentage of household disposable income,Memo item: Household debt servicing (quarterly),HHAL.QR7.ZZH
SNEQ.SG15ALE00000AFA0000S500,2003.12,425259,NZDm,Household financial assets,Household net financial wealth,HHAL.QA
SNEQ.SG15ALE00000AFA0000S500N,2003.12,562,%,Household financial assets,As a percentage of household disposable income,HHAL.QR1
SNEQ.SG15ALE00000AFA0586S500,2003.12,226516,NZDm,Net equity in housing,Net equity in housing,HHAL.QC2
SNEQ.SG15ALE00000AFA0586S500N,2003.12,300,%,Net equity in housing,As a percentage of household disposable income,HHAL.QR5
SNEQ.SG15ALE00000AFL0000S500,2003.12,81074,NZDm,Household financial liabilities,Household net financial wealth,HHAL.QB
SNEQ.SG15ALE00000AFL0000S500N,2003.12,107,%,Household financial liabilities,As a percentage of household disposable income,HHAL.QR2
SNEQ.SG15ALE00000AFL0461S500,2003.12,63914,NZDm,Housing loans,Net equity in housing,HHAL.QB11
SNEQ.SG15ALE00000AFL7000S500,2003.12,107231,NZDm,Household financial liabilities (including rental properties),Memo item: Household debt including rental properties,HHAL.QM21
SNEQ.SG15ALE00000AFL7000S500N,2003.12,142,%,Household financial liabilities (including rental properties) as a percentage of household disposable income,Memo item: Household debt including rental properties,HHAL.QM23
SNEQ.SG15ALE00000AN60000S500,2003.12,290430,NZDm,Housing and land value,Household net wealth,HHAL.QC6
SNEQ.SG15ALE00000AN60000S500N,2003.12,384,%,Housing and land value,As a percentage of household disposable income,HHAL.QR4
SNEQ.SG15ALE00000B900000S500,2003.12,634614,NZDm,Household net wealth,Household net wealth,HHAL.QC3
SNEQ.SG15ALE00000B900000S500N,2003.12,839,%,Household net wealth,As a percentage of household disposable income,HHAL.QR6
SNEQ.SG15ALE00000B910000S500,2003.12,344184,NZDm,Household net financial wealth,Household net financial wealth,HHAL.QC5
SNEQ.SG15ALE00000B910000S500N,2003.12,455,%,Household net financial wealth,As a percentage of household disposable income,HHAL.QR3
DDEQ.SHA,2004.03,1490700,no,Number of households (at end of quarter),Housing stock,PDWEL.Q.H1.na
DDEQ.SKA,2004.03,1577700,no,Number of private dwellings (at end of quarter),Housing stock,PDWEL.Q.D1.na
SNEA.SG15AB01GE00ANA0000S900,2004.03,144502,NZDm,Expenditure GDP (annual),Nominal Gross Domestic Product (GDP),NATE.Y.E0Y.na
SNEA.SG15AB01GP00ANA0000S900,2004.03,144502,NZDm,Production GDP (annual),Nominal Gross Domestic Product (GDP),NATA.Y.G0.na
SNEA.SG15AB06NR00ANA0000S500,2004.03,77429,NZDm,Household disposable income (year ended),Household disposable income,HHAL.QC4rt12
SNEA.SG15AD041P00AFL0471S500,2004.03,6157,NZDm,Interest payments on housing loans (including rental properties),Memo item: Household debt servicing (year ended),HHAL.QD2.ZZH1rt12
SNEA.SG15AD041P00AFL0481S500,2004.03,1565,NZDm,Interest payments on consumer loans,Memo item: Household debt servicing (year ended),HHAL.QD2.ZZH2rt12
SNEA.SG15AD041P00ANA0000S500,2004.03,7722,NZDm,Total interest payments,Memo item: Household debt servicing (year ended),HHAL.QD2.ZZHrt12
SNEA.SG15AD041P00ANA0000S500N,2004.03,10,%,Total interest payments as a percentage of household disposable income,Memo item: Household debt servicing (year ended),HHAL.QR7.ZZHrt12
SNEQ.SG15AB01GE00ANA0000S900,2004.03,37564,NZDm,Expenditure GDP (quarterly),Nominal Gross Domestic Product (GDP),GDE.Q.EY.NA
SNEQ.SG15AB06NR00ANA0000S500,2004.03,19946,NZDm,Household disposable income (quarterly),Household disposable income,HHAL.QC4
SNEQ.SG15AD041P00AFL0471S500,2004.03,1631,NZDm,Interest payments on housing loans (including rental properties),Memo item: Household debt servicing (quarterly),HHAL.QD2.ZZH1
SNEQ.SG15AD041P00AFL0481S500,2004.03,404,NZDm,Interest payments on consumer loans,Memo item: Household debt servicing (quarterly),HHAL.QD2.ZZH2
SNEQ.SG15AD041P00ANA0000S500,2004.03,2035,NZDm,Total interest payments,Memo item: Household debt servicing (quarterly),HHAL.QD2.ZZH
SNEQ.SG15AD041P00ANA0000S500N,2004.03,10,%,Total interest payments as a percentage of household disposable income,Memo item: Household debt servicing (quarterly),HHAL.QR7.ZZH
SNEQ.SG15ALE00000AFA0000S500,2004.03,440459,NZDm,Household financial assets,Household net financial wealth,HHAL.QA
SNEQ.SG15ALE00000AFA0000S500N,2004.03,569,%,Household financial assets,As a percentage of household disposable income,HHAL.QR1
SNEQ.SG15ALE00000AFA0586S500,2004.03,236234,NZDm,Net equity in housing,Net equity in housing,HHAL.QC2
SNEQ.SG15ALE00000AFA0586S500N,2004.03,305,%,Net equity in housing,As a percentage of household disposable income,HHAL.QR5
SNEQ.SG15ALE00000AFL0000S500,2004.03,83649,NZDm,Household financial liabilities,Household net financial wealth,HHAL.QB
SNEQ.SG15ALE00000AFL0000S500N,2004.03,108,%,Household financial liabilities,As a percentage of household disposable income,HHAL.QR2
SNEQ.SG15ALE00000AFL0461S500,2004.03,66441,NZDm,Housing loans,Net equity in housing,HHAL.QB11
SNEQ.SG15ALE00000AFL7000S500,2004.03,110845,NZDm,Household financial liabilities (including rental properties),Memo item: Household debt including rental properties,HHAL.QM21
SNEQ.SG15ALE00000AFL7000S500N,2004.03,143,%,Household financial liabilities (including rental properties) as a percentage of household disposable income,Memo item: Household debt including rental properties,HHAL.QM23
SNEQ.SG15ALE00000AN60000S500,2004.03,302675,NZDm,Housing and land value,Household net wealth,HHAL.QC6
SNEQ.SG15ALE00000AN60000S500N,2004.03,391,%,Housing and land value,As a percentage of household disposable income,HHAL.QR4
SNEQ.SG15ALE00000B900000S500,2004.03,659485,NZDm,Household net wealth,Household net wealth,HHAL.QC3
SNEQ.SG15ALE00000B900000S500N,2004.03,852,%,Household net wealth,As a percentage of household disposable income,HHAL.QR6
SNEQ.SG15ALE00000B910000S500,2004.03,356810,NZDm,Household net financial wealth,Household net financial wealth,HHAL.QC5
SNEQ.SG15ALE00000B910000S500N,2004.03,461,%,Household net financial wealth,As a percentage of household disposable income,HHAL.QR3
DDEQ.SHA,2004.06,1498400,no,Number of households (at end of quarter),Housing stock,PDWEL.Q.H1.na
DDEQ.SKA,2004.06,1585300,no,Number of private dwellings (at end of quarter),Housing stock,PDWEL.Q.D1.na
SNEA.SG15AB06NR00ANA0000S500,2004.06,79049,NZDm,Household disposable income (year ended),Household disposable income,HHAL.QC4rt12
SNEA.SG15AD041P00AFL0471S500,2004.06,6368,NZDm,Interest payments on housing loans (including rental properties),Memo item: Household debt servicing (year ended),HHAL.QD2.ZZH1rt12
SNEA.SG15AD041P00AFL0481S500,2004.06,1594,NZDm,Interest payments on consumer loans,Memo item: Household debt servicing (year ended),HHAL.QD2.ZZH2rt12
SNEA.SG15AD041P00ANA0000S500,2004.06,7962,NZDm,Total interest payments,Memo item: Household debt servicing (year ended),HHAL.QD2.ZZHrt12
SNEA.SG15AD041P00ANA0000S500N,2004.06,10,%,Total interest payments as a percentage of household disposable income,Memo item: Household debt servicing (year ended),HHAL.QR7.ZZHrt12
SNEQ.SG15AB01GE00ANA0000S900,2004.06,37465,NZDm,Expenditure GDP (quarterly),Nominal Gross Domestic Product (GDP),GDE.Q.EY.NA
SNEQ.SG15AB06NR00ANA0000S500,2004.06,20370,NZDm,Household disposable income (quarterly),Household disposable income,HHAL.QC4
SNEQ.SG15AD041P00AFL0471S500,2004.06,1711,NZDm,Interest payments on housing loans (including rental properties),Memo item: Household debt servicing (quarterly),HHAL.QD2.ZZH1
SNEQ.SG15AD041P00AFL0481S500,2004.06,408,NZDm,Interest payments on consumer loans,Memo item: Household debt servicing (quarterly),HHAL.QD2.ZZH2
SNEQ.SG15AD041P00ANA0000S500,2004.06,2119,NZDm,Total interest payments,Memo item: Household debt servicing (quarterly),HHAL.QD2.ZZH
SNEQ.SG15AD041P00ANA0000S500N,2004.06,10,%,Total interest payments as a percentage of household disposable income,Memo item: Household debt servicing (quarterly),HHAL.QR7.ZZH
SNEQ.SG15ALE00000AFA0000S500,2004.06,447325,NZDm,Household financial assets,Household net financial wealth,HHAL.QA
SNEQ.SG15ALE00000AFA0000S500N,2004.06,566,%,Household financial assets,As a percentage of household disposable income,HHAL.QR1
SNEQ.SG15ALE00000AFA0586S500,2004.06,240750,NZDm,Net equity in housing,Net equity in housing,HHAL.QC2
SNEQ.SG15ALE00000AFA0586S500N,2004.06,305,%,Net equity in housing,As a percentage of household disposable income,HHAL.QR5
SNEQ.SG15ALE00000AFL0000S500,2004.06,86963,NZDm,Household financial liabilities,Household net financial wealth,HHAL.QB
SNEQ.SG15ALE00000AFL0000S500N,2004.06,110,%,Household financial liabilities,As a percentage of household disposable income,HHAL.QR2
SNEQ.SG15ALE00000AFL0461S500,2004.06,68964,NZDm,Housing loans,Net equity in housing,HHAL.QB11
SNEQ.SG15ALE00000AFL7000S500,2004.06,115204,NZDm,Household financial liabilities (including rental properties),Memo item: Household debt including rental properties,HHAL.QM21
SNEQ.SG15ALE00000AFL7000S500N,2004.06,146,%,Household financial liabilities (including rental properties) as a percentage of household disposable income,Memo item: Household debt including rental properties,HHAL.QM23
SNEQ.SG15ALE00000AN60000S500,2004.06,309714,NZDm,Housing and land value,Household net wealth,HHAL.QC6
SNEQ.SG15ALE00000AN60000S500N,2004.06,392,%,Housing and land value,As a percentage of household disposable income,HHAL.QR4
SNEQ.SG15ALE00000B900000S500,2004.06,670076,NZDm,Household net wealth,Household net wealth,HHAL.QC3
SNEQ.SG15ALE00000B900000S500N,2004.06,848,%,Household net wealth,As a percentage of household disposable income,HHAL.QR6
SNEQ.SG15ALE00000B910000S500,2004.06,360362,NZDm,Household net financial wealth,Household net financial wealth,HHAL.QC5
SNEQ.SG15ALE00000B910000S500N,2004.06,456,%,Household net financial wealth,As a percentage of household disposable income,HHAL.QR3
DDEQ.SHA,2004.09,1506200,no,Number of households (at end of quarter),Housing stock,PDWEL.Q.H1.na
DDEQ.SKA,2004.09,1593000,no,Number of private dwellings (at end of quarter),Housing stock,PDWEL.Q.D1.na
SNEA.SG15AB06NR00ANA0000S500,2004.09,80582,NZDm,Household disposable income (year ended),Household disposable income,HHAL.QC4rt12
SNEA.SG15AD041P00AFL0471S500,2004.09,6692,NZDm,Interest payments on housing loans (including rental properties),Memo item: Household debt servicing (year ended),HHAL.QD2.ZZH1rt12
SNEA.SG15AD041P00AFL0481S500,2004.09,1631,NZDm,Interest payments on consumer loans,Memo item: Household debt servicing (year ended),HHAL.QD2.ZZH2rt12
SNEA.SG15AD041P00ANA0000S500,2004.09,8323,NZDm,Total interest payments,Memo item: Household debt servicing (year ended),HHAL.QD2.ZZHrt12
SNEA.SG15AD041P00ANA0000S500N,2004.09,10,%,Total interest payments as a percentage of household disposable income,Memo item: Household debt servicing (year ended),HHAL.QR7.ZZHrt12
SNEQ.SG15AB01GE00ANA0000S900,2004.09,37182,NZDm,Expenditure GDP (quarterly),Nominal Gross Domestic Product (GDP),GDE.Q.EY.NA
SNEQ.SG15AB06NR00ANA0000S500,2004.09,20700,NZDm,Household disposable income (quarterly),Household disposable income,HHAL.QC4
SNEQ.SG15AD041P00AFL0471S500,2004.09,1813,NZDm,Interest payments on housing loans (including rental properties),Memo item: Household debt servicing (quarterly),HHAL.QD2.ZZH1
SNEQ.SG15AD041P00AFL0481S500,2004.09,419,NZDm,Interest payments on consumer loans,Memo item: Household debt servicing (quarterly),HHAL.QD2.ZZH2
SNEQ.SG15AD041P00ANA0000S500,2004.09,2232,NZDm,Total interest payments,Memo item: Household debt servicing (quarterly),HHAL.QD2.ZZH
SNEQ.SG15AD041P00ANA0000S500N,2004.09,11,%,Total interest payments as a percentage of household disposable income,Memo item: Household debt servicing (quarterly),HHAL.QR7.ZZH
SNEQ.SG15ALE00000AFA0000S500,2004.09,455394,NZDm,Household financial assets,Household net financial wealth,HHAL.QA
SNEQ.SG15ALE00000AFA0000S500N,2004.09,565,%,Household financial assets,As a percentage of household disposable income,HHAL.QR1
SNEQ.SG15ALE00000AFA0586S500,2004.09,251762,NZDm,Net equity in housing,Net equity in housing,HHAL.QC2
SNEQ.SG15ALE00000AFA0586S500N,2004.09,312,%,Net equity in housing,As a percentage of household disposable income,HHAL.QR5
SNEQ.SG15ALE00000AFL0000S500,2004.09,89407,NZDm,Household financial liabilities,Household net financial wealth,HHAL.QB
SNEQ.SG15ALE00000AFL0000S500N,2004.09,111,%,Household financial liabilities,As a percentage of household disposable income,HHAL.QR2
SNEQ.SG15ALE00000AFL0461S500,2004.09,71248,NZDm,Housing loans,Net equity in housing,HHAL.QB11
SNEQ.SG15ALE00000AFL7000S500,2004.09,118593,NZDm,Household financial liabilities (including rental properties),Memo item: Household debt including rental properties,HHAL.QM21
SNEQ.SG15ALE00000AFL7000S500N,2004.09,147,%,Household financial liabilities (including rental properties) as a percentage of household disposable income,Memo item: Household debt including rental properties,HHAL.QM23
SNEQ.SG15ALE00000AN60000S500,2004.09,323010,NZDm,Housing and land value,Household net wealth,HHAL.QC6
SNEQ.SG15ALE00000AN60000S500N,2004.09,401,%,Housing and land value,As a percentage of household disposable income,HHAL.QR4
SNEQ.SG15ALE00000B900000S500,2004.09,688997,NZDm,Household net wealth,Household net wealth,HHAL.QC3
SNEQ.SG15ALE00000B900000S500N,2004.09,855,%,Household net wealth,As a percentage of household disposable income,HHAL.QR6
SNEQ.SG15ALE00000B910000S500,2004.09,365987,NZDm,Household net financial wealth,Household net financial wealth,HHAL.QC5
SNEQ.SG15ALE00000B910000S500N,2004.09,454,%,Household net financial wealth,As a percentage of household disposable income,HHAL.QR3
DDEQ.SHA,2004.12,1514200,no,Number of households (at end of quarter),Housing stock,PDWEL.Q.H1.na
DDEQ.SKA,2004.12,1600900,no,Number of private dwellings (at end of quarter),Housing stock,PDWEL.Q.D1.na
SNEA.SG15AB06NR00ANA0000S500,2004.12,82012,NZDm,Household disposable income (year ended),Household disposable income,HHAL.QC4rt12
SNEA.SG15AD041P00AFL0471S500,2004.12,7082,NZDm,Interest payments on housing loans (including rental properties),Memo item: Household debt servicing (year ended),HHAL.QD2.ZZH1rt12
SNEA.SG15AD041P00AFL0481S500,2004.12,1678,NZDm,Interest payments on consumer loans,Memo item: Household debt servicing (year ended),HHAL.QD2.ZZH2rt12
SNEA.SG15AD041P00ANA0000S500,2004.12,8760,NZDm,Total interest payments,Memo item: Household debt servicing (year ended),HHAL.QD2.ZZHrt12
SNEA.SG15AD041P00ANA0000S500N,2004.12,11,%,Total interest payments as a percentage of household disposable income,Memo item: Household debt servicing (year ended),HHAL.QR7.ZZHrt12
SNEQ.SG15AB01GE00ANA0000S900,2004.12,40800,NZDm,Expenditure GDP (quarterly),Nominal Gross Domestic Product (GDP),GDE.Q.EY.NA
SNEQ.SG15AB06NR00ANA0000S500,2004.12,20996,NZDm,Household disposable income (quarterly),Household disposable income,HHAL.QC4
SNEQ.SG15AD041P00AFL0471S500,2004.12,1926,NZDm,Interest payments on housing loans (including rental properties),Memo item: Household debt servicing (quarterly),HHAL.QD2.ZZH1
SNEQ.SG15AD041P00AFL0481S500,2004.12,446,NZDm,Interest payments on consumer loans,Memo item: Household debt servicing (quarterly),HHAL.QD2.ZZH2
SNEQ.SG15AD041P00ANA0000S500,2004.12,2372,NZDm,Total interest payments,Memo item: Household debt servicing (quarterly),HHAL.QD2.ZZH
SNEQ.SG15AD041P00ANA0000S500N,2004.12,11,%,Total interest payments as a percentage of household disposable income,Memo item: Household debt servicing (quarterly),HHAL.QR7.ZZH
SNEQ.SG15ALE00000AFA0000S500,2004.12,465162,NZDm,Household financial assets,Household net financial wealth,HHAL.QA
SNEQ.SG15ALE00000AFA0000S500N,2004.12,567,%,Household financial assets,As a percentage of household disposable income,HHAL.QR1
SNEQ.SG15ALE00000AFA0586S500,2004.12,261234,NZDm,Net equity in housing,Net equity in housing,HHAL.QC2
SNEQ.SG15ALE00000AFA0586S500N,2004.12,319,%,Net equity in housing,As a percentage of household disposable income,HHAL.QR5
SNEQ.SG15ALE00000AFL0000S500,2004.12,92821,NZDm,Household financial liabilities,Household net financial wealth,HHAL.QB
SNEQ.SG15ALE00000AFL0000S500N,2004.12,113,%,Household financial liabilities,As a percentage of household disposable income,HHAL.QR2
SNEQ.SG15ALE00000AFL0461S500,2004.12,74127,NZDm,Housing loans,Net equity in housing,HHAL.QB11
SNEQ.SG15ALE00000AFL7000S500,2004.12,123289,NZDm,Household financial liabilities (including rental properties),Memo item: Household debt including rental properties,HHAL.QM21
SNEQ.SG15ALE00000AFL7000S500N,2004.12,150,%,Household financial liabilities (including rental properties) as a percentage of household disposable income,Memo item: Household debt including rental properties,HHAL.QM23
SNEQ.SG15ALE00000AN60000S500,2004.12,335360,NZDm,Housing and land value,Household net wealth,HHAL.QC6
SNEQ.SG15ALE00000AN60000S500N,2004.12,409,%,Housing and land value,As a percentage of household disposable income,HHAL.QR4
SNEQ.SG15ALE00000B900000S500,2004.12,707701,NZDm,Household net wealth,Household net wealth,HHAL.QC3
SNEQ.SG15ALE00000B900000S500N,2004.12,863,%,Household net wealth,As a percentage of household disposable income,HHAL.QR6
SNEQ.SG15ALE00000B910000S500,2004.12,372341,NZDm,Household net financial wealth,Household net financial wealth,HHAL.QC5
SNEQ.SG15ALE00000B910000S500N,2004.12,454,%,Household net financial wealth,As a percentage of household disposable income,HHAL.QR3
DDEQ.SHA,2005.03,1520800,no,Number of households (at end of quarter),Housing stock,PDWEL.Q.H1.na
DDEQ.SKA,2005.03,1607400,no,Number of private dwellings (at end of quarter),Housing stock,PDWEL.Q.D1.na
SNEA.SG15AB01GE00ANA0000S900,2005.03,154559,NZDm,Expenditure GDP (annual),Nominal Gross Domestic Product (GDP),NATE.Y.E0Y.na
SNEA.SG15AB01GP00ANA0000S900,2005.03,154559,NZDm,Production GDP (annual),Nominal Gross Domestic Product (GDP),NATA.Y.G0.na
SNEA.SG15AB06NR00ANA0000S500,2005.03,83327,NZDm,Household disposable income (year ended),Household disposable income,HHAL.QC4rt12
SNEA.SG15AD041P00AFL0471S500,2005.03,7470,NZDm,Interest payments on housing loans (including rental properties),Memo item: Household debt servicing (year ended),HHAL.QD2.ZZH1rt12
SNEA.SG15AD041P00AFL0481S500,2005.03,1730,NZDm,Interest payments on consumer loans,Memo item: Household debt servicing (year ended),HHAL.QD2.ZZH2rt12
SNEA.SG15AD041P00ANA0000S500,2005.03,9200,NZDm,Total interest payments,Memo item: Household debt servicing (year ended),HHAL.QD2.ZZHrt12
SNEA.SG15AD041P00ANA0000S500N,2005.03,11,%,Total interest payments as a percentage of household disposable income,Memo item: Household debt servicing (year ended),HHAL.QR7.ZZHrt12
SNEQ.SG15AB01GE00ANA0000S900,2005.03,39112,NZDm,Expenditure GDP (quarterly),Nominal Gross Domestic Product (GDP),GDE.Q.EY.NA
SNEQ.SG15AB06NR00ANA0000S500,2005.03,21262,NZDm,Household disposable income (quarterly),Household disposable income,HHAL.QC4
SNEQ.SG15AD041P00AFL0471S500,2005.03,2019,NZDm,Interest payments on housing loans (including rental properties),Memo item: Household debt servicing (quarterly),HHAL.QD2.ZZH1
SNEQ.SG15AD041P00AFL0481S500,2005.03,456,NZDm,Interest payments on consumer loans,Memo item: Household debt servicing (quarterly),HHAL.QD2.ZZH2
SNEQ.SG15AD041P00ANA0000S500,2005.03,2475,NZDm,Total interest payments,Memo item: Household debt servicing (quarterly),HHAL.QD2.ZZH
SNEQ.SG15AD041P00ANA0000S500N,2005.03,12,%,Total interest payments as a percentage of household disposable income,Memo item: Household debt servicing (quarterly),HHAL.QR7.ZZH
SNEQ.SG15ALE00000AFA0000S500,2005.03,472696,NZDm,Household financial assets,Household net financial wealth,HHAL.QA
SNEQ.SG15ALE00000AFA0000S500N,2005.03,567,%,Household financial assets,As a percentage of household disposable income,HHAL.QR1
SNEQ.SG15ALE00000AFA0586S500,2005.03,275462,NZDm,Net equity in housing,Net equity in housing,HHAL.QC2
SNEQ.SG15ALE00000AFA0586S500N,2005.03,331,%,Net equity in housing,As a percentage of household disposable income,HHAL.QR5
SNEQ.SG15ALE00000AFL0000S500,2005.03,95874,NZDm,Household financial liabilities,Household net financial wealth,HHAL.QB
SNEQ.SG15ALE00000AFL0000S500N,2005.03,115,%,Household financial liabilities,As a percentage of household disposable income,HHAL.QR2
SNEQ.SG15ALE00000AFL0461S500,2005.03,76996,NZDm,Housing loans,Net equity in housing,HHAL.QB11
SNEQ.SG15ALE00000AFL7000S500,2005.03,127536,NZDm,Household financial liabilities (including rental properties),Memo item: Household debt including rental properties,HHAL.QM21
SNEQ.SG15ALE00000AFL7000S500N,2005.03,153,%,Household financial liabilities (including rental properties) as a percentage of household disposable income,Memo item: Household debt including rental properties,HHAL.QM23
SNEQ.SG15ALE00000AN60000S500,2005.03,352458,NZDm,Housing and land value,Household net wealth,HHAL.QC6
SNEQ.SG15ALE00000AN60000S500N,2005.03,423,%,Housing and land value,As a percentage of household disposable income,HHAL.QR4
SNEQ.SG15ALE00000B900000S500,2005.03,729280,NZDm,Household net wealth,Household net wealth,HHAL.QC3
SNEQ.SG15ALE00000B900000S500N,2005.03,875,%,Household net wealth,As a percentage of household disposable income,HHAL.QR6
SNEQ.SG15ALE00000B910000S500,2005.03,376822,NZDm,Household net financial wealth,Household net financial wealth,HHAL.QC5
SNEQ.SG15ALE00000B910000S500N,2005.03,452,%,Household net financial wealth,As a percentage of household disposable income,HHAL.QR3
DDEQ.SHA,2005.06,1528000,no,Number of households (at end of quarter),Housing stock,PDWEL.Q.H1.na
DDEQ.SKA,2005.06,1614600,no,Number of private dwellings (at end of quarter),Housing stock,PDWEL.Q.D1.na
SNEA.SG15AB06NR00ANA0000S500,2005.06,84277,NZDm,Household disposable income (year ended),Household disposable income,HHAL.QC4rt12
SNEA.SG15AD041P00AFL0471S500,2005.06,7885,NZDm,Interest payments on housing loans (including rental properties),Memo item: Household debt servicing (year ended),HHAL.QD2.ZZH1rt12
SNEA.SG15AD041P00AFL0481S500,2005.06,1783,NZDm,Interest payments on consumer loans,Memo item: Household debt servicing (year ended),HHAL.QD2.ZZH2rt12
SNEA.SG15AD041P00ANA0000S500,2005.06,9668,NZDm,Total interest payments,Memo item: Household debt servicing (year ended),HHAL.QD2.ZZHrt12
SNEA.SG15AD041P00ANA0000S500N,2005.06,12,%,Total interest payments as a percentage of household disposable income,Memo item: Household debt servicing (year ended),HHAL.QR7.ZZHrt12
SNEQ.SG15AB01GE00ANA0000S900,2005.06,39709,NZDm,Expenditure GDP (quarterly),Nominal Gross Domestic Product (GDP),GDE.Q.EY.NA
SNEQ.SG15AB06NR00ANA0000S500,2005.06,21320,NZDm,Household disposable income (quarterly),Household disposable income,HHAL.QC4
SNEQ.SG15AD041P00AFL0471S500,2005.06,2127,NZDm,Interest payments on housing loans (including rental properties),Memo item: Household debt servicing (quarterly),HHAL.QD2.ZZH1
SNEQ.SG15AD041P00AFL0481S500,2005.06,461,NZDm,Interest payments on consumer loans,Memo item: Household debt servicing (quarterly),HHAL.QD2.ZZH2
SNEQ.SG15AD041P00ANA0000S500,2005.06,2588,NZDm,Total interest payments,Memo item: Household debt servicing (quarterly),HHAL.QD2.ZZH
SNEQ.SG15AD041P00ANA0000S500N,2005.06,12,%,Total interest payments as a percentage of household disposable income,Memo item: Household debt servicing (quarterly),HHAL.QR7.ZZH
SNEQ.SG15ALE00000AFA0000S500,2005.06,489502,NZDm,Household financial assets,Household net financial wealth,HHAL.QA
SNEQ.SG15ALE00000AFA0000S500N,2005.06,581,%,Household financial assets,As a percentage of household disposable income,HHAL.QR1
SNEQ.SG15ALE00000AFA0586S500,2005.06,284642,NZDm,Net equity in housing,Net equity in housing,HHAL.QC2
SNEQ.SG15ALE00000AFA0586S500N,2005.06,338,%,Net equity in housing,As a percentage of household disposable income,HHAL.QR5
SNEQ.SG15ALE00000AFL0000S500,2005.06,99594,NZDm,Household financial liabilities,Household net financial wealth,HHAL.QB
SNEQ.SG15ALE00000AFL0000S500N,2005.06,118,%,Household financial liabilities,As a percentage of household disposable income,HHAL.QR2
SNEQ.SG15ALE00000AFL0461S500,2005.06,79916,NZDm,Housing loans,Net equity in housing,HHAL.QB11
SNEQ.SG15ALE00000AFL7000S500,2005.06,132402,NZDm,Household financial liabilities (including rental properties),Memo item: Household debt including rental properties,HHAL.QM21
SNEQ.SG15ALE00000AFL7000S500N,2005.06,157,%,Household financial liabilities (including rental properties) as a percentage of household disposable income,Memo item: Household debt including rental properties,HHAL.QM23
SNEQ.SG15ALE00000AN60000S500,2005.06,364558,NZDm,Housing and land value,Household net wealth,HHAL.QC6
SNEQ.SG15ALE00000AN60000S500N,2005.06,433,%,Housing and land value,As a percentage of household disposable income,HHAL.QR4
SNEQ.SG15ALE00000B900000S500,2005.06,754466,NZDm,Household net wealth,Household net wealth,HHAL.QC3
SNEQ.SG15ALE00000B900000S500N,2005.06,895,%,Household net wealth,As a percentage of household disposable income,HHAL.QR6
SNEQ.SG15ALE00000B910000S500,2005.06,389908,NZDm,Household net financial wealth,Household net financial wealth,HHAL.QC5
SNEQ.SG15ALE00000B910000S500N,2005.06,463,%,Household net financial wealth,As a percentage of household disposable income,HHAL.QR3
DDEQ.SHA,2005.09,1534700,no,Number of households (at end of quarter),Housing stock,PDWEL.Q.H1.na
DDEQ.SKA,2005.09,1621200,no,Number of private dwellings (at end of quarter),Housing stock,PDWEL.Q.D1.na
SNEA.SG15AB06NR00ANA0000S500,2005.09,85178,NZDm,Household disposable income (year ended),Household disposable income,HHAL.QC4rt12
SNEA.SG15AD041P00AFL0471S500,2005.09,8297,NZDm,Interest payments on housing loans (including rental properties),Memo item: Household debt servicing (year ended),HHAL.QD2.ZZH1rt12
SNEA.SG15AD041P00AFL0481S500,2005.09,1832,NZDm,Interest payments on consumer loans,Memo item: Household debt servicing (year ended),HHAL.QD2.ZZH2rt12
SNEA.SG15AD041P00ANA0000S500,2005.09,10129,NZDm,Total interest payments,Memo item: Household debt servicing (year ended),HHAL.QD2.ZZHrt12
SNEA.SG15AD041P00ANA0000S500N,2005.09,12,%,Total interest payments as a percentage of household disposable income,Memo item: Household debt servicing (year ended),HHAL.QR7.ZZHrt12
SNEQ.SG15AB01GE00ANA0000S900,2005.09,39273,NZDm,Expenditure GDP (quarterly),Nominal Gross Domestic Product (GDP),GDE.Q.EY.NA
SNEQ.SG15AB06NR00ANA0000S500,2005.09,21601,NZDm,Household disposable income (quarterly),Household disposable income,HHAL.QC4
SNEQ.SG15AD041P00AFL0471S500,2005.09,2225,NZDm,Interest payments on housing loans (including rental properties),Memo item: Household debt servicing (quarterly),HHAL.QD2.ZZH1
SNEQ.SG15AD041P00AFL0481S500,2005.09,468,NZDm,Interest payments on consumer loans,Memo item: Household debt servicing (quarterly),HHAL.QD2.ZZH2
SNEQ.SG15AD041P00ANA0000S500,2005.09,2693,NZDm,Total interest payments,Memo item: Household debt servicing (quarterly),HHAL.QD2.ZZH
SNEQ.SG15AD041P00ANA0000S500N,2005.09,13,%,Total interest payments as a percentage of household disposable income,Memo item: Household debt servicing (quarterly),HHAL.QR7.ZZH
SNEQ.SG15ALE00000AFA0000S500,2005.09,505758,NZDm,Household financial assets,Household net financial wealth,HHAL.QA
SNEQ.SG15ALE00000AFA0000S500N,2005.09,594,%,Household financial assets,As a percentage of household disposable income,HHAL.QR1
SNEQ.SG15ALE00000AFA0586S500,2005.09,294658,NZDm,Net equity in housing,Net equity in housing,HHAL.QC2
SNEQ.SG15ALE00000AFA0586S500N,2005.09,346,%,Net equity in housing,As a percentage of household disposable income,HHAL.QR5
SNEQ.SG15ALE00000AFL0000S500,2005.09,102632,NZDm,Household financial liabilities,Household net financial wealth,HHAL.QB
SNEQ.SG15ALE00000AFL0000S500N,2005.09,121,%,Household financial liabilities,As a percentage of household disposable income,HHAL.QR2
SNEQ.SG15ALE00000AFL0461S500,2005.09,82827,NZDm,Housing loans,Net equity in housing,HHAL.QB11
SNEQ.SG15ALE00000AFL7000S500,2005.09,136650,NZDm,Household financial liabilities (including rental properties),Memo item: Household debt including rental properties,HHAL.QM21
SNEQ.SG15ALE00000AFL7000S500N,2005.09,160,%,Household financial liabilities (including rental properties) as a percentage of household disposable income,Memo item: Household debt including rental properties,HHAL.QM23
SNEQ.SG15ALE00000AN60000S500,2005.09,377485,NZDm,Housing and land value,Household net wealth,HHAL.QC6
SNEQ.SG15ALE00000AN60000S500N,2005.09,443,%,Housing and land value,As a percentage of household disposable income,HHAL.QR4
SNEQ.SG15ALE00000B900000S500,2005.09,780611,NZDm,Household net wealth,Household net wealth,HHAL.QC3
SNEQ.SG15ALE00000B900000S500N,2005.09,916,%,Household net wealth,As a percentage of household disposable income,HHAL.QR6
SNEQ.SG15ALE00000B910000S500,2005.09,403126,NZDm,Household net financial wealth,Household net financial wealth,HHAL.QC5
SNEQ.SG15ALE00000B910000S500N,2005.09,473,%,Household net financial wealth,As a percentage of household disposable income,HHAL.QR3
DDEQ.SHA,2005.12,1540100,no,Number of households (at end of quarter),Housing stock,PDWEL.Q.H1.na
DDEQ.SKA,2005.12,1626500,no,Number of private dwellings (at end of quarter),Housing stock,PDWEL.Q.D1.na
SNEA.SG15AB06NR00ANA0000S500,2005.12,86114,NZDm,Household disposable income (year ended),Household disposable income,HHAL.QC4rt12
SNEA.SG15AD041P00AFL0471S500,2005.12,8701,NZDm,Interest payments on housing loans (including rental properties),Memo item: Household debt servicing (year ended),HHAL.QD2.ZZH1rt12
SNEA.SG15AD041P00AFL0481S500,2005.12,1874,NZDm,Interest payments on consumer loans,Memo item: Household debt servicing (year ended),HHAL.QD2.ZZH2rt12
SNEA.SG15AD041P00ANA0000S500,2005.12,10575,NZDm,Total interest payments,Memo item: Household debt servicing (year ended),HHAL.QD2.ZZHrt12
SNEA.SG15AD041P00ANA0000S500N,2005.12,12,%,Total interest payments as a percentage of household disposable income,Memo item: Household debt servicing (year ended),HHAL.QR7.ZZHrt12
SNEQ.SG15AB01GE00ANA0000S900,2005.12,42710,NZDm,Expenditure GDP (quarterly),Nominal Gross Domestic Product (GDP),GDE.Q.EY.NA
SNEQ.SG15AB06NR00ANA0000S500,2005.12,21932,NZDm,Household disposable income (quarterly),Household disposable income,HHAL.QC4
SNEQ.SG15AD041P00AFL0471S500,2005.12,2330,NZDm,Interest payments on housing loans (including rental properties),Memo item: Household debt servicing (quarterly),HHAL.QD2.ZZH1
SNEQ.SG15AD041P00AFL0481S500,2005.12,489,NZDm,Interest payments on consumer loans,Memo item: Household debt servicing (quarterly),HHAL.QD2.ZZH2
SNEQ.SG15AD041P00ANA0000S500,2005.12,2819,NZDm,Total interest payments,Memo item: Household debt servicing (quarterly),HHAL.QD2.ZZH
SNEQ.SG15AD041P00ANA0000S500N,2005.12,13,%,Total interest payments as a percentage of household disposable income,Memo item: Household debt servicing (quarterly),HHAL.QR7.ZZH
SNEQ.SG15ALE00000AFA0000S500,2005.12,522432,NZDm,Household financial assets,Household net financial wealth,HHAL.QA
SNEQ.SG15ALE00000AFA0000S500N,2005.12,607,%,Household financial assets,As a percentage of household disposable income,HHAL.QR1
SNEQ.SG15ALE00000AFA0586S500,2005.12,308167,NZDm,Net equity in housing,Net equity in housing,HHAL.QC2
SNEQ.SG15ALE00000AFA0586S500N,2005.12,358,%,Net equity in housing,As a percentage of household disposable income,HHAL.QR5
SNEQ.SG15ALE00000AFL0000S500,2005.12,106265,NZDm,Household financial liabilities,Household net financial wealth,HHAL.QB
SNEQ.SG15ALE00000AFL0000S500N,2005.12,123,%,Household financial liabilities,As a percentage of household disposable income,HHAL.QR2
SNEQ.SG15ALE00000AFL0461S500,2005.12,85968,NZDm,Housing loans,Net equity in housing,HHAL.QB11
SNEQ.SG15ALE00000AFL7000S500,2005.12,141590,NZDm,Household financial liabilities (including rental properties),Memo item: Household debt including rental properties,HHAL.QM21
SNEQ.SG15ALE00000AFL7000S500N,2005.12,164,%,Household financial liabilities (including rental properties) as a percentage of household disposable income,Memo item: Household debt including rental properties,HHAL.QM23
SNEQ.SG15ALE00000AN60000S500,2005.12,394135,NZDm,Housing and land value,Household net wealth,HHAL.QC6
SNEQ.SG15ALE00000AN60000S500N,2005.12,458,%,Housing and land value,As a percentage of household disposable income,HHAL.QR4
SNEQ.SG15ALE00000B900000S500,2005.12,810302,NZDm,Household net wealth,Household net wealth,HHAL.QC3
SNEQ.SG15ALE00000B900000S500N,2005.12,941,%,Household net wealth,As a percentage of household disposable income,HHAL.QR6
SNEQ.SG15ALE00000B910000S500,2005.12,416167,NZDm,Household net financial wealth,Household net financial wealth,HHAL.QC5
SNEQ.SG15ALE00000B910000S500N,2005.12,483,%,Household net financial wealth,As a percentage of household disposable income,HHAL.QR3
DDEQ.SHA,2006.03,1546300,no,Number of households (at end of quarter),Housing stock,PDWEL.Q.H1.na
DDEQ.SKA,2006.03,1632600,no,Number of private dwellings (at end of quarter),Housing stock,PDWEL.Q.D1.na
SNEA.SG15AB01GE00ANA0000S900,2006.03,162937,NZDm,Expenditure GDP (annual),Nominal Gross Domestic Product (GDP),NATE.Y.E0Y.na
SNEA.SG15AB01GP00ANA0000S900,2006.03,162937,NZDm,Production GDP (annual),Nominal Gross Domestic Product (GDP),NATA.Y.G0.na
SNEA.SG15AB06NR00ANA0000S500,2006.03,87164,NZDm,Household disposable income (year ended),Household disposable income,HHAL.QC4rt12
SNEA.SG15AD041P00AFL0471S500,2006.03,9128,NZDm,Interest payments on housing loans (including rental properties),Memo item: Household debt servicing (year ended),HHAL.QD2.ZZH1rt12
SNEA.SG15AD041P00AFL0481S500,2006.03,1912,NZDm,Interest payments on consumer loans,Memo item: Household debt servicing (year ended),HHAL.QD2.ZZH2rt12
SNEA.SG15AD041P00ANA0000S500,2006.03,11040,NZDm,Total interest payments,Memo item: Household debt servicing (year ended),HHAL.QD2.ZZHrt12
SNEA.SG15AD041P00ANA0000S500N,2006.03,13,%,Total interest payments as a percentage of household disposable income,Memo item: Household debt servicing (year ended),HHAL.QR7.ZZHrt12
SNEQ.SG15AB01GE00ANA0000S900,2006.03,41245,NZDm,Expenditure GDP (quarterly),Nominal Gross Domestic Product (GDP),GDE.Q.EY.NA
SNEQ.SG15AB06NR00ANA0000S500,2006.03,22311,NZDm,Household disposable income (quarterly),Household disposable income,HHAL.QC4
SNEQ.SG15AD041P00AFL0471S500,2006.03,2446,NZDm,Interest payments on housing loans (including rental properties),Memo item: Household debt servicing (quarterly),HHAL.QD2.ZZH1
SNEQ.SG15AD041P00AFL0481S500,2006.03,494,NZDm,Interest payments on consumer loans,Memo item: Household debt servicing (quarterly),HHAL.QD2.ZZH2
SNEQ.SG15AD041P00ANA0000S500,2006.03,2940,NZDm,Total interest payments,Memo item: Household debt servicing (quarterly),HHAL.QD2.ZZH
SNEQ.SG15AD041P00ANA0000S500N,2006.03,13,%,Total interest payments as a percentage of household disposable income,Memo item: Household debt servicing (quarterly),HHAL.QR7.ZZH
SNEQ.SG15ALE00000AFA0000S500,2006.03,541302,NZDm,Household financial assets,Household net financial wealth,HHAL.QA
SNEQ.SG15ALE00000AFA0000S500N,2006.03,621,%,Household financial assets,As a percentage of household disposable income,HHAL.QR1
SNEQ.SG15ALE00000AFA0586S500,2006.03,316104,NZDm,Net equity in housing,Net equity in housing,HHAL.QC2
SNEQ.SG15ALE00000AFA0586S500N,2006.03,363,%,Net equity in housing,As a percentage of household disposable income,HHAL.QR5
SNEQ.SG15ALE00000AFL0000S500,2006.03,109072,NZDm,Household financial liabilities,Household net financial wealth,HHAL.QB
SNEQ.SG15ALE00000AFL0000S500N,2006.03,125,%,Household financial liabilities,As a percentage of household disposable income,HHAL.QR2
SNEQ.SG15ALE00000AFL0461S500,2006.03,88757,NZDm,Housing loans,Net equity in housing,HHAL.QB11
SNEQ.SG15ALE00000AFL7000S500,2006.03,145587,NZDm,Household financial liabilities (including rental properties),Memo item: Household debt including rental properties,HHAL.QM21
SNEQ.SG15ALE00000AFL7000S500N,2006.03,167,%,Household financial liabilities (including rental properties) as a percentage of household disposable income,Memo item: Household debt including rental properties,HHAL.QM23
SNEQ.SG15ALE00000AN60000S500,2006.03,404861,NZDm,Housing and land value,Household net wealth,HHAL.QC6
SNEQ.SG15ALE00000AN60000S500N,2006.03,465,%,Housing and land value,As a percentage of household disposable income,HHAL.QR4
SNEQ.SG15ALE00000B900000S500,2006.03,837091,NZDm,Household net wealth,Household net wealth,HHAL.QC3
SNEQ.SG15ALE00000B900000S500N,2006.03,960,%,Household net wealth,As a percentage of household disposable income,HHAL.QR6
SNEQ.SG15ALE00000B910000S500,2006.03,432230,NZDm,Household net financial wealth,Household net financial wealth,HHAL.QC5
SNEQ.SG15ALE00000B910000S500N,2006.03,496,%,Household net financial wealth,As a percentage of household disposable income,HHAL.QR3
DDEQ.SHA,2006.06,1552600,no,Number of households (at end of quarter),Housing stock,PDWEL.Q.H1.na
DDEQ.SKA,2006.06,1638400,no,Number of private dwellings (at end of quarter),Housing stock,PDWEL.Q.D1.na
SNEA.SG15AB06NR00ANA0000S500,2006.06,88633,NZDm,Household disposable income (year ended),Household disposable income,HHAL.QC4rt12
SNEA.SG15AD041P00AFL0471S500,2006.06,9542,NZDm,Interest payments on housing loans (including rental properties),Memo item: Household debt servicing (year ended),HHAL.QD2.ZZH1rt12
SNEA.SG15AD041P00AFL0481S500,2006.06,1948,NZDm,Interest payments on consumer loans,Memo item: Household debt servicing (year ended),HHAL.QD2.ZZH2rt12
SNEA.SG15AD041P00ANA0000S500,2006.06,11490,NZDm,Total interest payments,Memo item: Household debt servicing (year ended),HHAL.QD2.ZZHrt12
SNEA.SG15AD041P00ANA0000S500N,2006.06,13,%,Total interest payments as a percentage of household disposable income,Memo item: Household debt servicing (year ended),HHAL.QR7.ZZHrt12
SNEQ.SG15AB01GE00ANA0000S900,2006.06,41235,NZDm,Expenditure GDP (quarterly),Nominal Gross Domestic Product (GDP),GDE.Q.EY.NA
SNEQ.SG15AB06NR00ANA0000S500,2006.06,22789,NZDm,Household disposable income (quarterly),Household disposable income,HHAL.QC4
SNEQ.SG15AD041P00AFL0471S500,2006.06,2541,NZDm,Interest payments on housing loans (including rental properties),Memo item: Household debt servicing (quarterly),HHAL.QD2.ZZH1
SNEQ.SG15AD041P00AFL0481S500,2006.06,497,NZDm,Interest payments on consumer loans,Memo item: Household debt servicing (quarterly),HHAL.QD2.ZZH2
SNEQ.SG15AD041P00ANA0000S500,2006.06,3038,NZDm,Total interest payments,Memo item: Household debt servicing (quarterly),HHAL.QD2.ZZH
SNEQ.SG15AD041P00ANA0000S500N,2006.06,13,%,Total interest payments as a percentage of household disposable income,Memo item: Household debt servicing (quarterly),HHAL.QR7.ZZH
SNEQ.SG15ALE00000AFA0000S500,2006.06,558878,NZDm,Household financial assets,Household net financial wealth,HHAL.QA
SNEQ.SG15ALE00000AFA0000S500N,2006.06,631,%,Household financial assets,As a percentage of household disposable income,HHAL.QR1
SNEQ.SG15ALE00000AFA0586S500,2006.06,317631,NZDm,Net equity in housing,Net equity in housing,HHAL.QC2
SNEQ.SG15ALE00000AFA0586S500N,2006.06,358,%,Net equity in housing,As a percentage of household disposable income,HHAL.QR5
SNEQ.SG15ALE00000AFL0000S500,2006.06,112884,NZDm,Household financial liabilities,Household net financial wealth,HHAL.QB
SNEQ.SG15ALE00000AFL0000S500N,2006.06,127,%,Household financial liabilities,As a percentage of household disposable income,HHAL.QR2
SNEQ.SG15ALE00000AFL0461S500,2006.06,91655,NZDm,Housing loans,Net equity in housing,HHAL.QB11
SNEQ.SG15ALE00000AFL7000S500,2006.06,150611,NZDm,Household financial liabilities (including rental properties),Memo item: Household debt including rental properties,HHAL.QM21
SNEQ.SG15ALE00000AFL7000S500N,2006.06,170,%,Household financial liabilities (including rental properties) as a percentage of household disposable income,Memo item: Household debt including rental properties,HHAL.QM23
SNEQ.SG15ALE00000AN60000S500,2006.06,409285,NZDm,Housing and land value,Household net wealth,HHAL.QC6
SNEQ.SG15ALE00000AN60000S500N,2006.06,462,%,Housing and land value,As a percentage of household disposable income,HHAL.QR4
SNEQ.SG15ALE00000B900000S500,2006.06,855280,NZDm,Household net wealth,Household net wealth,HHAL.QC3
SNEQ.SG15ALE00000B900000S500N,2006.06,965,%,Household net wealth,As a percentage of household disposable income,HHAL.QR6
SNEQ.SG15ALE00000B910000S500,2006.06,445995,NZDm,Household net financial wealth,Household net financial wealth,HHAL.QC5
SNEQ.SG15ALE00000B910000S500N,2006.06,503,%,Household net financial wealth,As a percentage of household disposable income,HHAL.QR3
DDEQ.SHA,2006.09,1557300,no,Number of households (at end of quarter),Housing stock,PDWEL.Q.H1.na
DDEQ.SKA,2006.09,1644000,no,Number of private dwellings (at end of quarter),Housing stock,PDWEL.Q.D1.na
SNEA.SG15AB06NR00ANA0000S500,2006.09,90280,NZDm,Household disposable income (year ended),Household disposable income,HHAL.QC4rt12
SNEA.SG15AD041P00AFL0471S500,2006.09,9943,NZDm,Interest payments on housing loans (including rental properties),Memo item: Household debt servicing (year ended),HHAL.QD2.ZZH1rt12
SNEA.SG15AD041P00AFL0481S500,2006.09,1977,NZDm,Interest payments on consumer loans,Memo item: Household debt servicing (year ended),HHAL.QD2.ZZH2rt12
SNEA.SG15AD041P00ANA0000S500,2006.09,11920,NZDm,Total interest payments,Memo item: Household debt servicing (year ended),HHAL.QD2.ZZHrt12
SNEA.SG15AD041P00ANA0000S500N,2006.09,13,%,Total interest payments as a percentage of household disposable income,Memo item: Household debt servicing (year ended),HHAL.QR7.ZZHrt12
SNEQ.SG15AB01GE00ANA0000S900,2006.09,40638,NZDm,Expenditure GDP (quarterly),Nominal Gross Domestic Product (GDP),GDE.Q.EY.NA
SNEQ.SG15AB06NR00ANA0000S500,2006.09,23248,NZDm,Household disposable income (quarterly),Household disposable income,HHAL.QC4
SNEQ.SG15AD041P00AFL0471S500,2006.09,2626,NZDm,Interest payments on housing loans (including rental properties),Memo item: Household debt servicing (quarterly),HHAL.QD2.ZZH1
SNEQ.SG15AD041P00AFL0481S500,2006.09,497,NZDm,Interest payments on consumer loans,Memo item: Household debt servicing (quarterly),HHAL.QD2.ZZH2
SNEQ.SG15AD041P00ANA0000S500,2006.09,3123,NZDm,Total interest payments,Memo item: Household debt servicing (quarterly),HHAL.QD2.ZZH
SNEQ.SG15AD041P00ANA0000S500N,2006.09,13,%,Total interest payments as a percentage of household disposable income,Memo item: Household debt servicing (quarterly),HHAL.QR7.ZZH
SNEQ.SG15ALE00000AFA0000S500,2006.09,575263,NZDm,Household financial assets,Household net financial wealth,HHAL.QA
SNEQ.SG15ALE00000AFA0000S500N,2006.09,637,%,Household financial assets,As a percentage of household disposable income,HHAL.QR1
SNEQ.SG15ALE00000AFA0586S500,2006.09,325340,NZDm,Net equity in housing,Net equity in housing,HHAL.QC2
SNEQ.SG15ALE00000AFA0586S500N,2006.09,360,%,Net equity in housing,As a percentage of household disposable income,HHAL.QR5
SNEQ.SG15ALE00000AFL0000S500,2006.09,115510,NZDm,Household financial liabilities,Household net financial wealth,HHAL.QB
SNEQ.SG15ALE00000AFL0000S500N,2006.09,128,%,Household financial liabilities,As a percentage of household disposable income,HHAL.QR2
SNEQ.SG15ALE00000AFL0461S500,2006.09,94289,NZDm,Housing loans,Net equity in housing,HHAL.QB11
SNEQ.SG15ALE00000AFL7000S500,2006.09,154380,NZDm,Household financial liabilities (including rental properties),Memo item: Household debt including rental properties,HHAL.QM21
SNEQ.SG15ALE00000AFL7000S500N,2006.09,171,%,Household financial liabilities (including rental properties) as a percentage of household disposable income,Memo item: Household debt including rental properties,HHAL.QM23
SNEQ.SG15ALE00000AN60000S500,2006.09,419629,NZDm,Housing and land value,Household net wealth,HHAL.QC6
SNEQ.SG15ALE00000AN60000S500N,2006.09,465,%,Housing and land value,As a percentage of household disposable income,HHAL.QR4
SNEQ.SG15ALE00000B900000S500,2006.09,879382,NZDm,Household net wealth,Household net wealth,HHAL.QC3
SNEQ.SG15ALE00000B900000S500N,2006.09,974,%,Household net wealth,As a percentage of household disposable income,HHAL.QR6
SNEQ.SG15ALE00000B910000S500,2006.09,459753,NZDm,Household net financial wealth,Household net financial wealth,HHAL.QC5
SNEQ.SG15ALE00000B910000S500N,2006.09,509,%,Household net financial wealth,As a percentage of household disposable income,HHAL.QR3
DDEQ.SHA,2006.12,1561600,no,Number of households (at end of quarter),Housing stock,PDWEL.Q.H1.na
DDEQ.SKA,2006.12,1649200,no,Number of private dwellings (at end of quarter),Housing stock,PDWEL.Q.D1.na
SNEA.SG15AB06NR00ANA0000S500,2006.12,92087,NZDm,Household disposable income (year ended),Household disposable income,HHAL.QC4rt12
SNEA.SG15AD041P00AFL0471S500,2006.12,10347,NZDm,Interest payments on housing loans (including rental properties),Memo item: Household debt servicing (year ended),HHAL.QD2.ZZH1rt12
SNEA.SG15AD041P00AFL0481S500,2006.12,2003,NZDm,Interest payments on consumer loans,Memo item: Household debt servicing (year ended),HHAL.QD2.ZZH2rt12
SNEA.SG15AD041P00ANA0000S500,2006.12,12350,NZDm,Total interest payments,Memo item: Household debt servicing (year ended),HHAL.QD2.ZZHrt12
SNEA.SG15AD041P00ANA0000S500N,2006.12,13,%,Total interest payments as a percentage of household disposable income,Memo item: Household debt servicing (year ended),HHAL.QR7.ZZHrt12
SNEQ.SG15AB01GE00ANA0000S900,2006.12,45842,NZDm,Expenditure GDP (quarterly),Nominal Gross Domestic Product (GDP),GDE.Q.EY.NA
SNEQ.SG15AB06NR00ANA0000S500,2006.12,23738,NZDm,Household disposable income (quarterly),Household disposable income,HHAL.QC4
SNEQ.SG15AD041P00AFL0471S500,2006.12,2734,NZDm,Interest payments on housing loans (including rental properties),Memo item: Household debt servicing (quarterly),HHAL.QD2.ZZH1
SNEQ.SG15AD041P00AFL0481S500,2006.12,515,NZDm,Interest payments on consumer loans,Memo item: Household debt servicing (quarterly),HHAL.QD2.ZZH2
SNEQ.SG15AD041P00ANA0000S500,2006.12,3249,NZDm,Total interest payments,Memo item: Household debt servicing (quarterly),HHAL.QD2.ZZH
SNEQ.SG15AD041P00ANA0000S500N,2006.12,14,%,Total interest payments as a percentage of household disposable income,Memo item: Household debt servicing (quarterly),HHAL.QR7.ZZH
SNEQ.SG15ALE00000AFA0000S500,2006.12,593984,NZDm,Household financial assets,Household net financial wealth,HHAL.QA
SNEQ.SG15ALE00000AFA0000S500N,2006.12,645,%,Household financial assets,As a percentage of household disposable income,HHAL.QR1
SNEQ.SG15ALE00000AFA0586S500,2006.12,338221,NZDm,Net equity in housing,Net equity in housing,HHAL.QC2
SNEQ.SG15ALE00000AFA0586S500N,2006.12,367,%,Net equity in housing,As a percentage of household disposable income,HHAL.QR5
SNEQ.SG15ALE00000AFL0000S500,2006.12,119189,NZDm,Household financial liabilities,Household net financial wealth,HHAL.QB
SNEQ.SG15ALE00000AFL0000S500N,2006.12,129,%,Household financial liabilities,As a percentage of household disposable income,HHAL.QR2
SNEQ.SG15ALE00000AFL0461S500,2006.12,97535,NZDm,Housing loans,Net equity in housing,HHAL.QB11
SNEQ.SG15ALE00000AFL7000S500,2006.12,159371,NZDm,Household financial liabilities (including rental properties),Memo item: Household debt including rental properties,HHAL.QM21
SNEQ.SG15ALE00000AFL7000S500N,2006.12,173,%,Household financial liabilities (including rental properties) as a percentage of household disposable income,Memo item: Household debt including rental properties,HHAL.QM23
SNEQ.SG15ALE00000AN60000S500,2006.12,435756,NZDm,Housing and land value,Household net wealth,HHAL.QC6
SNEQ.SG15ALE00000AN60000S500N,2006.12,473,%,Housing and land value,As a percentage of household disposable income,HHAL.QR4
SNEQ.SG15ALE00000B900000S500,2006.12,910551,NZDm,Household net wealth,Household net wealth,HHAL.QC3
SNEQ.SG15ALE00000B900000S500N,2006.12,989,%,Household net wealth,As a percentage of household disposable income,HHAL.QR6
SNEQ.SG15ALE00000B910000S500,2006.12,474795,NZDm,Household net financial wealth,Household net financial wealth,HHAL.QC5
SNEQ.SG15ALE00000B910000S500N,2006.12,516,%,Household net financial wealth,As a percentage of household disposable income,HHAL.QR3
DDEQ.SHA,2007.03,1566900,no,Number of households (at end of quarter),Housing stock,PDWEL.Q.H1.na
DDEQ.SKA,2007.03,1655400,no,Number of private dwellings (at end of quarter),Housing stock,PDWEL.Q.D1.na
SNEA.SG15AB01GE00ANA0000S900,2007.03,172004,NZDm,Expenditure GDP (annual),Nominal Gross Domestic Product (GDP),NATE.Y.E0Y.na
SNEA.SG15AB01GP00ANA0000S900,2007.03,172004,NZDm,Production GDP (annual),Nominal Gross Domestic Product (GDP),NATA.Y.G0.na
SNEA.SG15AB06NR00ANA0000S500,2007.03,94033,NZDm,Household disposable income (year ended),Household disposable income,HHAL.QC4rt12
SNEA.SG15AD041P00AFL0471S500,2007.03,10757,NZDm,Interest payments on housing loans (including rental properties),Memo item: Household debt servicing (year ended),HHAL.QD2.ZZH1rt12
SNEA.SG15AD041P00AFL0481S500,2007.03,2027,NZDm,Interest payments on consumer loans,Memo item: Household debt servicing (year ended),HHAL.QD2.ZZH2rt12
SNEA.SG15AD041P00ANA0000S500,2007.03,12784,NZDm,Total interest payments,Memo item: Household debt servicing (year ended),HHAL.QD2.ZZHrt12
SNEA.SG15AD041P00ANA0000S500N,2007.03,14,%,Total interest payments as a percentage of household disposable income,Memo item: Household debt servicing (year ended),HHAL.QR7.ZZHrt12
SNEQ.SG15AB01GE00ANA0000S900,2007.03,44289,NZDm,Expenditure GDP (quarterly),Nominal Gross Domestic Product (GDP),GDE.Q.EY.NA
SNEQ.SG15AB06NR00ANA0000S500,2007.03,24258,NZDm,Household disposable income (quarterly),Household disposable income,HHAL.QC4
SNEQ.SG15AD041P00AFL0471S500,2007.03,2856,NZDm,Interest payments on housing loans (including rental properties),Memo item: Household debt servicing (quarterly),HHAL.QD2.ZZH1
SNEQ.SG15AD041P00AFL0481S500,2007.03,518,NZDm,Interest payments on consumer loans,Memo item: Household debt servicing (quarterly),HHAL.QD2.ZZH2
SNEQ.SG15AD041P00ANA0000S500,2007.03,3374,NZDm,Total interest payments,Memo item: Household debt servicing (quarterly),HHAL.QD2.ZZH
SNEQ.SG15AD041P00ANA0000S500N,2007.03,14,%,Total interest payments as a percentage of household disposable income,Memo item: Household debt servicing (quarterly),HHAL.QR7.ZZH
SNEQ.SG15ALE00000AFA0000S500,2007.03,615160,NZDm,Household financial assets,Household net financial wealth,HHAL.QA
SNEQ.SG15ALE00000AFA0000S500N,2007.03,654,%,Household financial assets,As a percentage of household disposable income,HHAL.QR1
SNEQ.SG15ALE00000AFA0586S500,2007.03,355477,NZDm,Net equity in housing,Net equity in housing,HHAL.QC2
SNEQ.SG15ALE00000AFA0586S500N,2007.03,378,%,Net equity in housing,As a percentage of household disposable income,HHAL.QR5
SNEQ.SG15ALE00000AFL0000S500,2007.03,122864,NZDm,Household financial liabilities,Household net financial wealth,HHAL.QB
SNEQ.SG15ALE00000AFL0000S500N,2007.03,131,%,Household financial liabilities,As a percentage of household disposable income,HHAL.QR2
SNEQ.SG15ALE00000AFL0461S500,2007.03,101205,NZDm,Housing loans,Net equity in housing,HHAL.QB11
SNEQ.SG15ALE00000AFL7000S500,2007.03,164538,NZDm,Household financial liabilities (including rental properties),Memo item: Household debt including rental properties,HHAL.QM21
SNEQ.SG15ALE00000AFL7000S500N,2007.03,175,%,Household financial liabilities (including rental properties) as a percentage of household disposable income,Memo item: Household debt including rental properties,HHAL.QM23
SNEQ.SG15ALE00000AN60000S500,2007.03,456682,NZDm,Housing and land value,Household net wealth,HHAL.QC6
SNEQ.SG15ALE00000AN60000S500N,2007.03,486,%,Housing and land value,As a percentage of household disposable income,HHAL.QR4
SNEQ.SG15ALE00000B900000S500,2007.03,948977,NZDm,Household net wealth,Household net wealth,HHAL.QC3
SNEQ.SG15ALE00000B900000S500N,2007.03,1009,%,Household net wealth,As a percentage of household disposable income,HHAL.QR6
SNEQ.SG15ALE00000B910000S500,2007.03,492295,NZDm,Household net financial wealth,Household net financial wealth,HHAL.QC5
SNEQ.SG15ALE00000B910000S500N,2007.03,524,%,Household net financial wealth,As a percentage of household disposable income,HHAL.QR3
DDEQ.SHA,2007.06,1571600,no,Number of households (at end of quarter),Housing stock,PDWEL.Q.H1.na
DDEQ.SKA,2007.06,1661100,no,Number of private dwellings (at end of quarter),Housing stock,PDWEL.Q.D1.na
SNEA.SG15AB06NR00ANA0000S500,2007.06,96478,NZDm,Household disposable income (year ended),Household disposable income,HHAL.QC4rt12
SNEA.SG15AD041P00AFL0471S500,2007.06,11217,NZDm,Interest payments on housing loans (including rental properties),Memo item: Household debt servicing (year ended),HHAL.QD2.ZZH1rt12
SNEA.SG15AD041P00AFL0481S500,2007.06,2052,NZDm,Interest payments on consumer loans,Memo item: Household debt servicing (year ended),HHAL.QD2.ZZH2rt12
SNEA.SG15AD041P00ANA0000S500,2007.06,13269,NZDm,Total interest payments,Memo item: Household debt servicing (year ended),HHAL.QD2.ZZHrt12
SNEA.SG15AD041P00ANA0000S500N,2007.06,14,%,Total interest payments as a percentage of household disposable income,Memo item: Household debt servicing (year ended),HHAL.QR7.ZZHrt12
SNEQ.SG15AB01GE00ANA0000S900,2007.06,44648,NZDm,Expenditure GDP (quarterly),Nominal Gross Domestic Product (GDP),GDE.Q.EY.NA
SNEQ.SG15AB06NR00ANA0000S500,2007.06,25234,NZDm,Household disposable income (quarterly),Household disposable income,HHAL.QC4
SNEQ.SG15AD041P00AFL0471S500,2007.06,3001,NZDm,Interest payments on housing loans (including rental properties),Memo item: Household debt servicing (quarterly),HHAL.QD2.ZZH1
SNEQ.SG15AD041P00AFL0481S500,2007.06,522,NZDm,Interest payments on consumer loans,Memo item: Household debt servicing (quarterly),HHAL.QD2.ZZH2
SNEQ.SG15AD041P00ANA0000S500,2007.06,3523,NZDm,Total interest payments,Memo item: Household debt servicing (quarterly),HHAL.QD2.ZZH
SNEQ.SG15AD041P00ANA0000S500N,2007.06,14,%,Total interest payments as a percentage of household disposable income,Memo item: Household debt servicing (quarterly),HHAL.QR7.ZZH
SNEQ.SG15ALE00000AFA0000S500,2007.06,619152,NZDm,Household financial assets,Household net financial wealth,HHAL.QA
SNEQ.SG15ALE00000AFA0000S500N,2007.06,642,%,Household financial assets,As a percentage of household disposable income,HHAL.QR1
SNEQ.SG15ALE00000AFA0586S500,2007.06,366393,NZDm,Net equity in housing,Net equity in housing,HHAL.QC2
SNEQ.SG15ALE00000AFA0586S500N,2007.06,380,%,Net equity in housing,As a percentage of household disposable income,HHAL.QR5
SNEQ.SG15ALE00000AFL0000S500,2007.06,127338,NZDm,Household financial liabilities,Household net financial wealth,HHAL.QB
SNEQ.SG15ALE00000AFL0000S500N,2007.06,132,%,Household financial liabilities,As a percentage of household disposable income,HHAL.QR2
SNEQ.SG15ALE00000AFL0461S500,2007.06,104652,NZDm,Housing loans,Net equity in housing,HHAL.QB11
SNEQ.SG15ALE00000AFL7000S500,2007.06,170445,NZDm,Household financial liabilities (including rental properties),Memo item: Household debt including rental properties,HHAL.QM21
SNEQ.SG15ALE00000AFL7000S500N,2007.06,177,%,Household financial liabilities (including rental properties) as a percentage of household disposable income,Memo item: Household debt including rental properties,HHAL.QM23
SNEQ.SG15ALE00000AN60000S500,2007.06,471045,NZDm,Housing and land value,Household net wealth,HHAL.QC6
SNEQ.SG15ALE00000AN60000S500N,2007.06,488,%,Housing and land value,As a percentage of household disposable income,HHAL.QR4
SNEQ.SG15ALE00000B900000S500,2007.06,962859,NZDm,Household net wealth,Household net wealth,HHAL.QC3
SNEQ.SG15ALE00000B900000S500N,2007.06,998,%,Household net wealth,As a percentage of household disposable income,HHAL.QR6
SNEQ.SG15ALE00000B910000S500,2007.06,491814,NZDm,Household net financial wealth,Household net financial wealth,HHAL.QC5
SNEQ.SG15ALE00000B910000S500N,2007.06,510,%,Household net financial wealth,As a percentage of household disposable income,HHAL.QR3
DDEQ.SHA,2007.09,1576200,no,Number of households (at end of quarter),Housing stock,PDWEL.Q.H1.na
DDEQ.SKA,2007.09,1666500,no,Number of private dwellings (at end of quarter),Housing stock,PDWEL.Q.D1.na
SNEA.SG15AB06NR00ANA0000S500,2007.09,98874,NZDm,Household disposable income (year ended),Household disposable income,HHAL.QC4rt12
SNEA.SG15AD041P00AFL0471S500,2007.09,11733,NZDm,Interest payments on housing loans (including rental properties),Memo item: Household debt servicing (year ended),HHAL.QD2.ZZH1rt12
SNEA.SG15AD041P00AFL0481S500,2007.09,2087,NZDm,Interest payments on consumer loans,Memo item: Household debt servicing (year ended),HHAL.QD2.ZZH2rt12
SNEA.SG15AD041P00ANA0000S500,2007.09,13820,NZDm,Total interest payments,Memo item: Household debt servicing (year ended),HHAL.QD2.ZZHrt12
SNEA.SG15AD041P00ANA0000S500N,2007.09,14,%,Total interest payments as a percentage of household disposable income,Memo item: Household debt servicing (year ended),HHAL.QR7.ZZHrt12
SNEQ.SG15AB01GE00ANA0000S900,2007.09,44671,NZDm,Expenditure GDP (quarterly),Nominal Gross Domestic Product (GDP),GDE.Q.EY.NA
SNEQ.SG15AB06NR00ANA0000S500,2007.09,25644,NZDm,Household disposable income (quarterly),Household disposable income,HHAL.QC4
SNEQ.SG15AD041P00AFL0471S500,2007.09,3142,NZDm,Interest payments on housing loans (including rental properties),Memo item: Household debt servicing (quarterly),HHAL.QD2.ZZH1
SNEQ.SG15AD041P00AFL0481S500,2007.09,532,NZDm,Interest payments on consumer loans,Memo item: Household debt servicing (quarterly),HHAL.QD2.ZZH2
SNEQ.SG15AD041P00ANA0000S500,2007.09,3674,NZDm,Total interest payments,Memo item: Household debt servicing (quarterly),HHAL.QD2.ZZH
SNEQ.SG15AD041P00ANA0000S500N,2007.09,14,%,Total interest payments as a percentage of household disposable income,Memo item: Household debt servicing (quarterly),HHAL.QR7.ZZH
SNEQ.SG15ALE00000AFA0000S500,2007.09,627841,NZDm,Household financial assets,Household net financial wealth,HHAL.QA
SNEQ.SG15ALE00000AFA0000S500N,2007.09,635,%,Household financial assets,As a percentage of household disposable income,HHAL.QR1
SNEQ.SG15ALE00000AFA0586S500,2007.09,368421,NZDm,Net equity in housing,Net equity in housing,HHAL.QC2
SNEQ.SG15ALE00000AFA0586S500N,2007.09,373,%,Net equity in housing,As a percentage of household disposable income,HHAL.QR5
SNEQ.SG15ALE00000AFL0000S500,2007.09,129969,NZDm,Household financial liabilities,Household net financial wealth,HHAL.QB
SNEQ.SG15ALE00000AFL0000S500N,2007.09,131,%,Household financial liabilities,As a percentage of household disposable income,HHAL.QR2
SNEQ.SG15ALE00000AFL0461S500,2007.09,107162,NZDm,Housing loans,Net equity in housing,HHAL.QB11
SNEQ.SG15ALE00000AFL7000S500,2007.09,174100,NZDm,Household financial liabilities (including rental properties),Memo item: Household debt including rental properties,HHAL.QM21
SNEQ.SG15ALE00000AFL7000S500N,2007.09,176,%,Household financial liabilities (including rental properties) as a percentage of household disposable income,Memo item: Household debt including rental properties,HHAL.QM23
SNEQ.SG15ALE00000AN60000S500,2007.09,475583,NZDm,Housing and land value,Household net wealth,HHAL.QC6
SNEQ.SG15ALE00000AN60000S500N,2007.09,481,%,Housing and land value,As a percentage of household disposable income,HHAL.QR4
SNEQ.SG15ALE00000B900000S500,2007.09,973455,NZDm,Household net wealth,Household net wealth,HHAL.QC3
SNEQ.SG15ALE00000B900000S500N,2007.09,985,%,Household net wealth,As a percentage of household disposable income,HHAL.QR6
SNEQ.SG15ALE00000B910000S500,2007.09,497872,NZDm,Household net financial wealth,Household net financial wealth,HHAL.QC5
SNEQ.SG15ALE00000B910000S500N,2007.09,504,%,Household net financial wealth,As a percentage of household disposable income,HHAL.QR3
DDEQ.SHA,2007.12,1581100,no,Number of households (at end of quarter),Housing stock,PDWEL.Q.H1.na
DDEQ.SKA,2007.12,1672400,no,Number of private dwellings (at end of quarter),Housing stock,PDWEL.Q.D1.na
SNEA.SG15AB06NR00ANA0000S500,2007.12,101052,NZDm,Household disposable income (year ended),Household disposable income,HHAL.QC4rt12
SNEA.SG15AD041P00AFL0471S500,2007.12,12272,NZDm,Interest payments on housing loans (including rental properties),Memo item: Household debt servicing (year ended),HHAL.QD2.ZZH1rt12
SNEA.SG15AD041P00AFL0481S500,2007.12,2127,NZDm,Interest payments on consumer loans,Memo item: Household debt servicing (year ended),HHAL.QD2.ZZH2rt12
SNEA.SG15AD041P00ANA0000S500,2007.12,14399,NZDm,Total interest payments,Memo item: Household debt servicing (year ended),HHAL.QD2.ZZHrt12
SNEA.SG15AD041P00ANA0000S500N,2007.12,14,%,Total interest payments as a percentage of household disposable income,Memo item: Household debt servicing (year ended),HHAL.QR7.ZZHrt12
SNEQ.SG15AB01GE00ANA0000S900,2007.12,49594,NZDm,Expenditure GDP (quarterly),Nominal Gross Domestic Product (GDP),GDE.Q.EY.NA
SNEQ.SG15AB06NR00ANA0000S500,2007.12,25916,NZDm,Household disposable income (quarterly),Household disposable income,HHAL.QC4
SNEQ.SG15AD041P00AFL0471S500,2007.12,3273,NZDm,Interest payments on housing loans (including rental properties),Memo item: Household debt servicing (quarterly),HHAL.QD2.ZZH1
SNEQ.SG15AD041P00AFL0481S500,2007.12,556,NZDm,Interest payments on consumer loans,Memo item: Household debt servicing (quarterly),HHAL.QD2.ZZH2
SNEQ.SG15AD041P00ANA0000S500,2007.12,3829,NZDm,Total interest payments,Memo item: Household debt servicing (quarterly),HHAL.QD2.ZZH
SNEQ.SG15AD041P00ANA0000S500N,2007.12,15,%,Total interest payments as a percentage of household disposable income,Memo item: Household debt servicing (quarterly),HHAL.QR7.ZZH
SNEQ.SG15ALE00000AFA0000S500,2007.12,632100,NZDm,Household financial assets,Household net financial wealth,HHAL.QA
SNEQ.SG15ALE00000AFA0000S500N,2007.12,626,%,Household financial assets,As a percentage of household disposable income,HHAL.QR1
SNEQ.SG15ALE00000AFA0586S500,2007.12,367841,NZDm,Net equity in housing,Net equity in housing,HHAL.QC2
SNEQ.SG15ALE00000AFA0586S500N,2007.12,364,%,Net equity in housing,As a percentage of household disposable income,HHAL.QR5
SNEQ.SG15ALE00000AFL0000S500,2007.12,133244,NZDm,Household financial liabilities,Household net financial wealth,HHAL.QB
SNEQ.SG15ALE00000AFL0000S500N,2007.12,132,%,Household financial liabilities,As a percentage of household disposable income,HHAL.QR2
SNEQ.SG15ALE00000AFL0461S500,2007.12,109957,NZDm,Housing loans,Net equity in housing,HHAL.QB11
SNEQ.SG15ALE00000AFL7000S500,2007.12,178509,NZDm,Household financial liabilities (including rental properties),Memo item: Household debt including rental properties,HHAL.QM21
SNEQ.SG15ALE00000AFL7000S500N,2007.12,177,%,Household financial liabilities (including rental properties) as a percentage of household disposable income,Memo item: Household debt including rental properties,HHAL.QM23
SNEQ.SG15ALE00000AN60000S500,2007.12,477798,NZDm,Housing and land value,Household net wealth,HHAL.QC6
SNEQ.SG15ALE00000AN60000S500N,2007.12,473,%,Housing and land value,As a percentage of household disposable income,HHAL.QR4
SNEQ.SG15ALE00000B900000S500,2007.12,976654,NZDm,Household net wealth,Household net wealth,HHAL.QC3
SNEQ.SG15ALE00000B900000S500N,2007.12,967,%,Household net wealth,As a percentage of household disposable income,HHAL.QR6
SNEQ.SG15ALE00000B910000S500,2007.12,498856,NZDm,Household net financial wealth,Household net financial wealth,HHAL.QC5
SNEQ.SG15ALE00000B910000S500N,2007.12,494,%,Household net financial wealth,As a percentage of household disposable income,HHAL.QR3
DDEQ.SHA,2008.03,1586000,no,Number of households (at end of quarter),Housing stock,PDWEL.Q.H1.na
DDEQ.SKA,2008.03,1678200,no,Number of private dwellings (at end of quarter),Housing stock,PDWEL.Q.D1.na
SNEA.SG15AB01GE00ANA0000S900,2008.03,186673,NZDm,Expenditure GDP (annual),Nominal Gross Domestic Product (GDP),NATE.Y.E0Y.na
SNEA.SG15AB01GP00ANA0000S900,2008.03,186673,NZDm,Production GDP (annual),Nominal Gross Domestic Product (GDP),NATA.Y.G0.na
SNEA.SG15AB06NR00ANA0000S500,2008.03,102847,NZDm,Household disposable income (year ended),Household disposable income,HHAL.QC4rt12
SNEA.SG15AD041P00AFL0471S500,2008.03,12801,NZDm,Interest payments on housing loans (including rental properties),Memo item: Household debt servicing (year ended),HHAL.QD2.ZZH1rt12
SNEA.SG15AD041P00AFL0481S500,2008.03,2169,NZDm,Interest payments on consumer loans,Memo item: Household debt servicing (year ended),HHAL.QD2.ZZH2rt12
SNEA.SG15AD041P00ANA0000S500,2008.03,14970,NZDm,Total interest payments,Memo item: Household debt servicing (year ended),HHAL.QD2.ZZHrt12
SNEA.SG15AD041P00ANA0000S500N,2008.03,15,%,Total interest payments as a percentage of household disposable income,Memo item: Household debt servicing (year ended),HHAL.QR7.ZZHrt12
SNEQ.SG15AB01GE00ANA0000S900,2008.03,47761,NZDm,Expenditure GDP (quarterly),Nominal Gross Domestic Product (GDP),GDE.Q.EY.NA
SNEQ.SG15AB06NR00ANA0000S500,2008.03,26053,NZDm,Household disposable income (quarterly),Household disposable income,HHAL.QC4
SNEQ.SG15AD041P00AFL0471S500,2008.03,3385,NZDm,Interest payments on housing loans (including rental properties),Memo item: Household debt servicing (quarterly),HHAL.QD2.ZZH1
SNEQ.SG15AD041P00AFL0481S500,2008.03,559,NZDm,Interest payments on consumer loans,Memo item: Household debt servicing (quarterly),HHAL.QD2.ZZH2
SNEQ.SG15AD041P00ANA0000S500,2008.03,3944,NZDm,Total interest payments,Memo item: Household debt servicing (quarterly),HHAL.QD2.ZZH
SNEQ.SG15AD041P00ANA0000S500N,2008.03,15,%,Total interest payments as a percentage of household disposable income,Memo item: Household debt servicing (quarterly),HHAL.QR7.ZZH
SNEQ.SG15ALE00000AFA0000S500,2008.03,636315,NZDm,Household financial assets,Household net financial wealth,HHAL.QA
SNEQ.SG15ALE00000AFA0000S500N,2008.03,619,%,Household financial assets,As a percentage of household disposable income,HHAL.QR1
SNEQ.SG15ALE00000AFA0586S500,2008.03,365570,NZDm,Net equity in housing,Net equity in housing,HHAL.QC2
SNEQ.SG15ALE00000AFA0586S500N,2008.03,356,%,Net equity in housing,As a percentage of household disposable income,HHAL.QR5
SNEQ.SG15ALE00000AFL0000S500,2008.03,135746,NZDm,Household financial liabilities,Household net financial wealth,HHAL.QB
SNEQ.SG15ALE00000AFL0000S500N,2008.03,132,%,Household financial liabilities,As a percentage of household disposable income,HHAL.QR2
SNEQ.SG15ALE00000AFL0461S500,2008.03,112456,NZDm,Housing loans,Net equity in housing,HHAL.QB11
SNEQ.SG15ALE00000AFL7000S500,2008.03,181987,NZDm,Household financial liabilities (including rental properties),Memo item: Household debt including rental properties,HHAL.QM21
SNEQ.SG15ALE00000AFL7000S500N,2008.03,177,%,Household financial liabilities (including rental properties) as a percentage of household disposable income,Memo item: Household debt including rental properties,HHAL.QM23
SNEQ.SG15ALE00000AN60000S500,2008.03,478026,NZDm,Housing and land value,Household net wealth,HHAL.QC6
SNEQ.SG15ALE00000AN60000S500N,2008.03,465,%,Housing and land value,As a percentage of household disposable income,HHAL.QR4
SNEQ.SG15ALE00000B900000S500,2008.03,978596,NZDm,Household net wealth,Household net wealth,HHAL.QC3
SNEQ.SG15ALE00000B900000S500N,2008.03,952,%,Household net wealth,As a percentage of household disposable income,HHAL.QR6
SNEQ.SG15ALE00000B910000S500,2008.03,500570,NZDm,Household net financial wealth,Household net financial wealth,HHAL.QC5
SNEQ.SG15ALE00000B910000S500N,2008.03,487,%,Household net financial wealth,As a percentage of household disposable income,HHAL.QR3
DDEQ.SHA,2008.06,1590400,no,Number of households (at end of quarter),Housing stock,PDWEL.Q.H1.na
DDEQ.SKA,2008.06,1683500,no,Number of private dwellings (at end of quarter),Housing stock,PDWEL.Q.D1.na
SNEA.SG15AB06NR00ANA0000S500,2008.06,103251,NZDm,Household disposable income (year ended),Household disposable income,HHAL.QC4rt12
SNEA.SG15AD041P00AFL0471S500,2008.06,13285,NZDm,Interest payments on housing loans (including rental properties),Memo item: Household debt servicing (year ended),HHAL.QD2.ZZH1rt12
SNEA.SG15AD041P00AFL0481S500,2008.06,2205,NZDm,Interest payments on consumer loans,Memo item: Household debt servicing (year ended),HHAL.QD2.ZZH2rt12
SNEA.SG15AD041P00ANA0000S500,2008.06,15490,NZDm,Total interest payments,Memo item: Household debt servicing (year ended),HHAL.QD2.ZZHrt12
SNEA.SG15AD041P00ANA0000S500N,2008.06,15,%,Total interest payments as a percentage of household disposable income,Memo item: Household debt servicing (year ended),HHAL.QR7.ZZHrt12
SNEQ.SG15AB01GE00ANA0000S900,2008.06,46902,NZDm,Expenditure GDP (quarterly),Nominal Gross Domestic Product (GDP),GDE.Q.EY.NA
SNEQ.SG15AB06NR00ANA0000S500,2008.06,25638,NZDm,Household disposable income (quarterly),Household disposable income,HHAL.QC4
SNEQ.SG15AD041P00AFL0471S500,2008.06,3485,NZDm,Interest payments on housing loans (including rental properties),Memo item: Household debt servicing (quarterly),HHAL.QD2.ZZH1
SNEQ.SG15AD041P00AFL0481S500,2008.06,558,NZDm,Interest payments on consumer loans,Memo item: Household debt servicing (quarterly),HHAL.QD2.ZZH2
SNEQ.SG15AD041P00ANA0000S500,2008.06,4043,NZDm,Total interest payments,Memo item: Household debt servicing (quarterly),HHAL.QD2.ZZH
SNEQ.SG15AD041P00ANA0000S500N,2008.06,16,%,Total interest payments as a percentage of household disposable income,Memo item: Household debt servicing (quarterly),HHAL.QR7.ZZH
SNEQ.SG15ALE00000AFA0000S500,2008.06,632317,NZDm,Household financial assets,Household net financial wealth,HHAL.QA
SNEQ.SG15ALE00000AFA0000S500N,2008.06,612,%,Household financial assets,As a percentage of household disposable income,HHAL.QR1
SNEQ.SG15ALE00000AFA0586S500,2008.06,345613,NZDm,Net equity in housing,Net equity in housing,HHAL.QC2
SNEQ.SG15ALE00000AFA0586S500N,2008.06,335,%,Net equity in housing,As a percentage of household disposable income,HHAL.QR5
SNEQ.SG15ALE00000AFL0000S500,2008.06,136924,NZDm,Household financial liabilities,Household net financial wealth,HHAL.QB
SNEQ.SG15ALE00000AFL0000S500N,2008.06,133,%,Household financial liabilities,As a percentage of household disposable income,HHAL.QR2
SNEQ.SG15ALE00000AFL0461S500,2008.06,113622,NZDm,Housing loans,Net equity in housing,HHAL.QB11
SNEQ.SG15ALE00000AFL7000S500,2008.06,183597,NZDm,Household financial liabilities (including rental properties),Memo item: Household debt including rental properties,HHAL.QM21
SNEQ.SG15ALE00000AFL7000S500N,2008.06,178,%,Household financial liabilities (including rental properties) as a percentage of household disposable income,Memo item: Household debt including rental properties,HHAL.QM23
SNEQ.SG15ALE00000AN60000S500,2008.06,459235,NZDm,Housing and land value,Household net wealth,HHAL.QC6
SNEQ.SG15ALE00000AN60000S500N,2008.06,445,%,Housing and land value,As a percentage of household disposable income,HHAL.QR4
SNEQ.SG15ALE00000B900000S500,2008.06,954628,NZDm,Household net wealth,Household net wealth,HHAL.QC3
SNEQ.SG15ALE00000B900000S500N,2008.06,925,%,Household net wealth,As a percentage of household disposable income,HHAL.QR6
SNEQ.SG15ALE00000B910000S500,2008.06,495393,NZDm,Household net financial wealth,Household net financial wealth,HHAL.QC5
SNEQ.SG15ALE00000B910000S500N,2008.06,480,%,Household net financial wealth,As a percentage of household disposable income,HHAL.QR3
DDEQ.SHA,2008.09,1594200,no,Number of households (at end of quarter),Housing stock,PDWEL.Q.H1.na
DDEQ.SKA,2008.09,1688000,no,Number of private dwellings (at end of quarter),Housing stock,PDWEL.Q.D1.na
SNEA.SG15AB06NR00ANA0000S500,2008.09,103397,NZDm,Household disposable income (year ended),Household disposable income,HHAL.QC4rt12
SNEA.SG15AD041P00AFL0471S500,2008.09,13695,NZDm,Interest payments on housing loans (including rental properties),Memo item: Household debt servicing (year ended),HHAL.QD2.ZZH1rt12
SNEA.SG15AD041P00AFL0481S500,2008.09,2236,NZDm,Interest payments on consumer loans,Memo item: Household debt servicing (year ended),HHAL.QD2.ZZH2rt12
SNEA.SG15AD041P00ANA0000S500,2008.09,15931,NZDm,Total interest payments,Memo item: Household debt servicing (year ended),HHAL.QD2.ZZHrt12
SNEA.SG15AD041P00ANA0000S500N,2008.09,15,%,Total interest payments as a percentage of household disposable income,Memo item: Household debt servicing (year ended),HHAL.QR7.ZZHrt12
SNEQ.SG15AB01GE00ANA0000S900,2008.09,45059,NZDm,Expenditure GDP (quarterly),Nominal Gross Domestic Product (GDP),GDE.Q.EY.NA
SNEQ.SG15AB06NR00ANA0000S500,2008.09,25791,NZDm,Household disposable income (quarterly),Household disposable income,HHAL.QC4
SNEQ.SG15AD041P00AFL0471S500,2008.09,3553,NZDm,Interest payments on housing loans (including rental properties),Memo item: Household debt servicing (quarterly),HHAL.QD2.ZZH1
SNEQ.SG15AD041P00AFL0481S500,2008.09,564,NZDm,Interest payments on consumer loans,Memo item: Household debt servicing (quarterly),HHAL.QD2.ZZH2
SNEQ.SG15AD041P00ANA0000S500,2008.09,4117,NZDm,Total interest payments,Memo item: Household debt servicing (quarterly),HHAL.QD2.ZZH
SNEQ.SG15AD041P00ANA0000S500N,2008.09,16,%,Total interest payments as a percentage of household disposable income,Memo item: Household debt servicing (quarterly),HHAL.QR7.ZZH
SNEQ.SG15ALE00000AFA0000S500,2008.09,628499,NZDm,Household financial assets,Household net financial wealth,HHAL.QA
SNEQ.SG15ALE00000AFA0000S500N,2008.09,608,%,Household financial assets,As a percentage of household disposable income,HHAL.QR1
SNEQ.SG15ALE00000AFA0586S500,2008.09,337071,NZDm,Net equity in housing,Net equity in housing,HHAL.QC2
SNEQ.SG15ALE00000AFA0586S500N,2008.09,326,%,Net equity in housing,As a percentage of household disposable income,HHAL.QR5
SNEQ.SG15ALE00000AFL0000S500,2008.09,137678,NZDm,Household financial liabilities,Household net financial wealth,HHAL.QB
SNEQ.SG15ALE00000AFL0000S500N,2008.09,133,%,Household financial liabilities,As a percentage of household disposable income,HHAL.QR2
SNEQ.SG15ALE00000AFL0461S500,2008.09,114370,NZDm,Housing loans,Net equity in housing,HHAL.QB11
SNEQ.SG15ALE00000AFL7000S500,2008.09,184657,NZDm,Household financial liabilities (including rental properties),Memo item: Household debt including rental properties,HHAL.QM21
SNEQ.SG15ALE00000AFL7000S500N,2008.09,179,%,Household financial liabilities (including rental properties) as a percentage of household disposable income,Memo item: Household debt including rental properties,HHAL.QM23
SNEQ.SG15ALE00000AN60000S500,2008.09,451441,NZDm,Housing and land value,Household net wealth,HHAL.QC6
SNEQ.SG15ALE00000AN60000S500N,2008.09,437,%,Housing and land value,As a percentage of household disposable income,HHAL.QR4
SNEQ.SG15ALE00000B900000S500,2008.09,942261,NZDm,Household net wealth,Household net wealth,HHAL.QC3
SNEQ.SG15ALE00000B900000S500N,2008.09,911,%,Household net wealth,As a percentage of household disposable income,HHAL.QR6
SNEQ.SG15ALE00000B910000S500,2008.09,490820,NZDm,Household net financial wealth,Household net financial wealth,HHAL.QC5
SNEQ.SG15ALE00000B910000S500N,2008.09,475,%,Household net financial wealth,As a percentage of household disposable income,HHAL.QR3
DDEQ.SHA,2008.12,1598200,no,Number of households (at end of quarter),Housing stock,PDWEL.Q.H1.na
DDEQ.SKA,2008.12,1692700,no,Number of private dwellings (at end of quarter),Housing stock,PDWEL.Q.D1.na
SNEA.SG15AB06NR00ANA0000S500,2008.12,103580,NZDm,Household disposable income (year ended),Household disposable income,HHAL.QC4rt12
SNEA.SG15AD041P00AFL0471S500,2008.12,13924,NZDm,Interest payments on housing loans (including rental properties),Memo item: Household debt servicing (year ended),HHAL.QD2.ZZH1rt12
SNEA.SG15AD041P00AFL0481S500,2008.12,2240,NZDm,Interest payments on consumer loans,Memo item: Household debt servicing (year ended),HHAL.QD2.ZZH2rt12
SNEA.SG15AD041P00ANA0000S500,2008.12,16164,NZDm,Total interest payments,Memo item: Household debt servicing (year ended),HHAL.QD2.ZZHrt12
SNEA.SG15AD041P00ANA0000S500N,2008.12,16,%,Total interest payments as a percentage of household disposable income,Memo item: Household debt servicing (year ended),HHAL.QR7.ZZHrt12
SNEQ.SG15AB01GE00ANA0000S900,2008.12,50050,NZDm,Expenditure GDP (quarterly),Nominal Gross Domestic Product (GDP),GDE.Q.EY.NA
SNEQ.SG15AB06NR00ANA0000S500,2008.12,26098,NZDm,Household disposable income (quarterly),Household disposable income,HHAL.QC4
SNEQ.SG15AD041P00AFL0471S500,2008.12,3502,NZDm,Interest payments on housing loans (including rental properties),Memo item: Household debt servicing (quarterly),HHAL.QD2.ZZH1
SNEQ.SG15AD041P00AFL0481S500,2008.12,560,NZDm,Interest payments on consumer loans,Memo item: Household debt servicing (quarterly),HHAL.QD2.ZZH2
SNEQ.SG15AD041P00ANA0000S500,2008.12,4062,NZDm,Total interest payments,Memo item: Household debt servicing (quarterly),HHAL.QD2.ZZH
SNEQ.SG15AD041P00ANA0000S500N,2008.12,16,%,Total interest payments as a percentage of household disposable income,Memo item: Household debt servicing (quarterly),HHAL.QR7.ZZH
SNEQ.SG15ALE00000AFA0000S500,2008.12,624267,NZDm,Household financial assets,Household net financial wealth,HHAL.QA
SNEQ.SG15ALE00000AFA0000S500N,2008.12,603,%,Household financial assets,As a percentage of household disposable income,HHAL.QR1
SNEQ.SG15ALE00000AFA0586S500,2008.12,326366,NZDm,Net equity in housing,Net equity in housing,HHAL.QC2
SNEQ.SG15ALE00000AFA0586S500N,2008.12,315,%,Net equity in housing,As a percentage of household disposable income,HHAL.QR5
SNEQ.SG15ALE00000AFL0000S500,2008.12,138146,NZDm,Household financial liabilities,Household net financial wealth,HHAL.QB
SNEQ.SG15ALE00000AFL0000S500N,2008.12,133,%,Household financial liabilities,As a percentage of household disposable income,HHAL.QR2
SNEQ.SG15ALE00000AFL0461S500,2008.12,114828,NZDm,Housing loans,Net equity in housing,HHAL.QB11
SNEQ.SG15ALE00000AFL7000S500,2008.12,185078,NZDm,Household financial liabilities (including rental properties),Memo item: Household debt including rental properties,HHAL.QM21
SNEQ.SG15ALE00000AFL7000S500N,2008.12,179,%,Household financial liabilities (including rental properties) as a percentage of household disposable income,Memo item: Household debt including rental properties,HHAL.QM23
SNEQ.SG15ALE00000AN60000S500,2008.12,441194,NZDm,Housing and land value,Household net wealth,HHAL.QC6
SNEQ.SG15ALE00000AN60000S500N,2008.12,426,%,Housing and land value,As a percentage of household disposable income,HHAL.QR4
SNEQ.SG15ALE00000B900000S500,2008.12,927315,NZDm,Household net wealth,Household net wealth,HHAL.QC3
SNEQ.SG15ALE00000B900000S500N,2008.12,895,%,Household net wealth,As a percentage of household disposable income,HHAL.QR6
SNEQ.SG15ALE00000B910000S500,2008.12,486121,NZDm,Household net financial wealth,Household net financial wealth,HHAL.QC5
SNEQ.SG15ALE00000B910000S500N,2008.12,469,%,Household net financial wealth,As a percentage of household disposable income,HHAL.QR3
DDEQ.SHA,2009.03,1601400,no,Number of households (at end of quarter),Housing stock,PDWEL.Q.H1.na
DDEQ.SKA,2009.03,1696600,no,Number of private dwellings (at end of quarter),Housing stock,PDWEL.Q.D1.na
SNEA.SG15AB01GE00ANA0000S900,2009.03,189841,NZDm,Expenditure GDP (annual),Nominal Gross Domestic Product (GDP),NATE.Y.E0Y.na
SNEA.SG15AB01GP00ANA0000S900,2009.03,189841,NZDm,Production GDP (annual),Nominal Gross Domestic Product (GDP),NATA.Y.G0.na
SNEA.SG15AB06NR00ANA0000S500,2009.03,104089,NZDm,Household disposable income (year ended),Household disposable income,HHAL.QC4rt12
SNEA.SG15AD041P00AFL0471S500,2009.03,13832,NZDm,Interest payments on housing loans (including rental properties),Memo item: Household debt servicing (year ended),HHAL.QD2.ZZH1rt12
SNEA.SG15AD041P00AFL0481S500,2009.03,2207,NZDm,Interest payments on consumer loans,Memo item: Household debt servicing (year ended),HHAL.QD2.ZZH2rt12
SNEA.SG15AD041P00ANA0000S500,2009.03,16039,NZDm,Total interest payments,Memo item: Household debt servicing (year ended),HHAL.QD2.ZZHrt12
SNEA.SG15AD041P00ANA0000S500N,2009.03,15,%,Total interest payments as a percentage of household disposable income,Memo item: Household debt servicing (year ended),HHAL.QR7.ZZHrt12
SNEQ.SG15AB01GE00ANA0000S900,2009.03,47830,NZDm,Expenditure GDP (quarterly),Nominal Gross Domestic Product (GDP),GDE.Q.EY.NA
SNEQ.SG15AB06NR00ANA0000S500,2009.03,26562,NZDm,Household disposable income (quarterly),Household disposable income,HHAL.QC4
SNEQ.SG15AD041P00AFL0471S500,2009.03,3293,NZDm,Interest payments on housing loans (including rental properties),Memo item: Household debt servicing (quarterly),HHAL.QD2.ZZH1
SNEQ.SG15AD041P00AFL0481S500,2009.03,525,NZDm,Interest payments on consumer loans,Memo item: Household debt servicing (quarterly),HHAL.QD2.ZZH2
SNEQ.SG15AD041P00ANA0000S500,2009.03,3818,NZDm,Total interest payments,Memo item: Household debt servicing (quarterly),HHAL.QD2.ZZH
SNEQ.SG15AD041P00ANA0000S500N,2009.03,14,%,Total interest payments as a percentage of household disposable income,Memo item: Household debt servicing (quarterly),HHAL.QR7.ZZH
SNEQ.SG15ALE00000AFA0000S500,2009.03,637955,NZDm,Household financial assets,Household net financial wealth,HHAL.QA
SNEQ.SG15ALE00000AFA0000S500N,2009.03,613,%,Household financial assets,As a percentage of household disposable income,HHAL.QR1
SNEQ.SG15ALE00000AFA0586S500,2009.03,321570,NZDm,Net equity in housing,Net equity in housing,HHAL.QC2
SNEQ.SG15ALE00000AFA0586S500N,2009.03,309,%,Net equity in housing,As a percentage of household disposable income,HHAL.QR5
SNEQ.SG15ALE00000AFL0000S500,2009.03,138782,NZDm,Household financial liabilities,Household net financial wealth,HHAL.QB
SNEQ.SG15ALE00000AFL0000S500N,2009.03,133,%,Household financial liabilities,As a percentage of household disposable income,HHAL.QR2
SNEQ.SG15ALE00000AFL0461S500,2009.03,115804,NZDm,Housing loans,Net equity in housing,HHAL.QB11
SNEQ.SG15ALE00000AFL7000S500,2009.03,186029,NZDm,Household financial liabilities (including rental properties),Memo item: Household debt including rental properties,HHAL.QM21
SNEQ.SG15ALE00000AFL7000S500N,2009.03,179,%,Household financial liabilities (including rental properties) as a percentage of household disposable income,Memo item: Household debt including rental properties,HHAL.QM23
SNEQ.SG15ALE00000AN60000S500,2009.03,437374,NZDm,Housing and land value,Household net wealth,HHAL.QC6
SNEQ.SG15ALE00000AN60000S500N,2009.03,420,%,Housing and land value,As a percentage of household disposable income,HHAL.QR4
SNEQ.SG15ALE00000B900000S500,2009.03,936547,NZDm,Household net wealth,Household net wealth,HHAL.QC3
SNEQ.SG15ALE00000B900000S500N,2009.03,900,%,Household net wealth,As a percentage of household disposable income,HHAL.QR6
SNEQ.SG15ALE00000B910000S500,2009.03,499173,NZDm,Household net financial wealth,Household net financial wealth,HHAL.QC5
SNEQ.SG15ALE00000B910000S500N,2009.03,480,%,Household net financial wealth,As a percentage of household disposable income,HHAL.QR3
DDEQ.SHA,2009.06,1604000,no,Number of households (at end of quarter),Housing stock,PDWEL.Q.H1.na
DDEQ.SKA,2009.06,1699600,no,Number of private dwellings (at end of quarter),Housing stock,PDWEL.Q.D1.na
SNEA.SG15AB06NR00ANA0000S500,2009.06,105726,NZDm,Household disposable income (year ended),Household disposable income,HHAL.QC4rt12
SNEA.SG15AD041P00AFL0471S500,2009.06,13436,NZDm,Interest payments on housing loans (including rental properties),Memo item: Household debt servicing (year ended),HHAL.QD2.ZZH1rt12
SNEA.SG15AD041P00AFL0481S500,2009.06,2142,NZDm,Interest payments on consumer loans,Memo item: Household debt servicing (year ended),HHAL.QD2.ZZH2rt12
SNEA.SG15AD041P00ANA0000S500,2009.06,15578,NZDm,Total interest payments,Memo item: Household debt servicing (year ended),HHAL.QD2.ZZHrt12
SNEA.SG15AD041P00ANA0000S500N,2009.06,15,%,Total interest payments as a percentage of household disposable income,Memo item: Household debt servicing (year ended),HHAL.QR7.ZZHrt12
SNEQ.SG15AB01GE00ANA0000S900,2009.06,46938,NZDm,Expenditure GDP (quarterly),Nominal Gross Domestic Product (GDP),GDE.Q.EY.NA
SNEQ.SG15AB06NR00ANA0000S500,2009.06,27274,NZDm,Household disposable income (quarterly),Household disposable income,HHAL.QC4
SNEQ.SG15AD041P00AFL0471S500,2009.06,3089,NZDm,Interest payments on housing loans (including rental properties),Memo item: Household debt servicing (quarterly),HHAL.QD2.ZZH1
SNEQ.SG15AD041P00AFL0481S500,2009.06,493,NZDm,Interest payments on consumer loans,Memo item: Household debt servicing (quarterly),HHAL.QD2.ZZH2
SNEQ.SG15AD041P00ANA0000S500,2009.06,3582,NZDm,Total interest payments,Memo item: Household debt servicing (quarterly),HHAL.QD2.ZZH
SNEQ.SG15AD041P00ANA0000S500N,2009.06,13,%,Total interest payments as a percentage of household disposable income,Memo item: Household debt servicing (quarterly),HHAL.QR7.ZZH
SNEQ.SG15ALE00000AFA0000S500,2009.06,631185,NZDm,Household financial assets,Household net financial wealth,HHAL.QA
SNEQ.SG15ALE00000AFA0000S500N,2009.06,597,%,Household financial assets,As a percentage of household disposable income,HHAL.QR1
SNEQ.SG15ALE00000AFA0586S500,2009.06,327962,NZDm,Net equity in housing,Net equity in housing,HHAL.QC2
SNEQ.SG15ALE00000AFA0586S500N,2009.06,310,%,Net equity in housing,As a percentage of household disposable income,HHAL.QR5
SNEQ.SG15ALE00000AFL0000S500,2009.06,140302,NZDm,Household financial liabilities,Household net financial wealth,HHAL.QB
SNEQ.SG15ALE00000AFL0000S500N,2009.06,133,%,Household financial liabilities,As a percentage of household disposable income,HHAL.QR2
SNEQ.SG15ALE00000AFL0461S500,2009.06,116961,NZDm,Housing loans,Net equity in housing,HHAL.QB11
SNEQ.SG15ALE00000AFL7000S500,2009.06,187967,NZDm,Household financial liabilities (including rental properties),Memo item: Household debt including rental properties,HHAL.QM21
SNEQ.SG15ALE00000AFL7000S500N,2009.06,178,%,Household financial liabilities (including rental properties) as a percentage of household disposable income,Memo item: Household debt including rental properties,HHAL.QM23
SNEQ.SG15ALE00000AN60000S500,2009.06,444923,NZDm,Housing and land value,Household net wealth,HHAL.QC6
SNEQ.SG15ALE00000AN60000S500N,2009.06,421,%,Housing and land value,As a percentage of household disposable income,HHAL.QR4
SNEQ.SG15ALE00000B900000S500,2009.06,935806,NZDm,Household net wealth,Household net wealth,HHAL.QC3
SNEQ.SG15ALE00000B900000S500N,2009.06,885,%,Household net wealth,As a percentage of household disposable income,HHAL.QR6
SNEQ.SG15ALE00000B910000S500,2009.06,490883,NZDm,Household net financial wealth,Household net financial wealth,HHAL.QC5
SNEQ.SG15ALE00000B910000S500N,2009.06,464,%,Household net financial wealth,As a percentage of household disposable income,HHAL.QR3
DDEQ.SHA,2009.09,1606100,no,Number of households (at end of quarter),Housing stock,PDWEL.Q.H1.na
DDEQ.SKA,2009.09,1702200,no,Number of private dwellings (at end of quarter),Housing stock,PDWEL.Q.D1.na
SNEA.SG15AB06NR00ANA0000S500,2009.09,107698,NZDm,Household disposable income (year ended),Household disposable income,HHAL.QC4rt12
SNEA.SG15AD041P00AFL0471S500,2009.09,12843,NZDm,Interest payments on housing loans (including rental properties),Memo item: Household debt servicing (year ended),HHAL.QD2.ZZH1rt12
SNEA.SG15AD041P00AFL0481S500,2009.09,2050,NZDm,Interest payments on consumer loans,Memo item: Household debt servicing (year ended),HHAL.QD2.ZZH2rt12
SNEA.SG15AD041P00ANA0000S500,2009.09,14893,NZDm,Total interest payments,Memo item: Household debt servicing (year ended),HHAL.QD2.ZZHrt12
SNEA.SG15AD041P00ANA0000S500N,2009.09,14,%,Total interest payments as a percentage of household disposable income,Memo item: Household debt servicing (year ended),HHAL.QR7.ZZHrt12
SNEQ.SG15AB01GE00ANA0000S900,2009.09,46334,NZDm,Expenditure GDP (quarterly),Nominal Gross Domestic Product (GDP),GDE.Q.EY.NA
SNEQ.SG15AB06NR00ANA0000S500,2009.09,27763,NZDm,Household disposable income (quarterly),Household disposable income,HHAL.QC4
SNEQ.SG15AD041P00AFL0471S500,2009.09,2960,NZDm,Interest payments on housing loans (including rental properties),Memo item: Household debt servicing (quarterly),HHAL.QD2.ZZH1
SNEQ.SG15AD041P00AFL0481S500,2009.09,472,NZDm,Interest payments on consumer loans,Memo item: Household debt servicing (quarterly),HHAL.QD2.ZZH2
SNEQ.SG15AD041P00ANA0000S500,2009.09,3432,NZDm,Total interest payments,Memo item: Household debt servicing (quarterly),HHAL.QD2.ZZH
SNEQ.SG15AD041P00ANA0000S500N,2009.09,12,%,Total interest payments as a percentage of household disposable income,Memo item: Household debt servicing (quarterly),HHAL.QR7.ZZH
SNEQ.SG15ALE00000AFA0000S500,2009.09,640134,NZDm,Household financial assets,Household net financial wealth,HHAL.QA
SNEQ.SG15ALE00000AFA0000S500N,2009.09,594,%,Household financial assets,As a percentage of household disposable income,HHAL.QR1
SNEQ.SG15ALE00000AFA0586S500,2009.09,339670,NZDm,Net equity in housing,Net equity in housing,HHAL.QC2
SNEQ.SG15ALE00000AFA0586S500N,2009.09,315,%,Net equity in housing,As a percentage of household disposable income,HHAL.QR5
SNEQ.SG15ALE00000AFL0000S500,2009.09,140942,NZDm,Household financial liabilities,Household net financial wealth,HHAL.QB
SNEQ.SG15ALE00000AFL0000S500N,2009.09,131,%,Household financial liabilities,As a percentage of household disposable income,HHAL.QR2
SNEQ.SG15ALE00000AFL0461S500,2009.09,117883,NZDm,Housing loans,Net equity in housing,HHAL.QB11
SNEQ.SG15ALE00000AFL7000S500,2009.09,188961,NZDm,Household financial liabilities (including rental properties),Memo item: Household debt including rental properties,HHAL.QM21
SNEQ.SG15ALE00000AFL7000S500N,2009.09,176,%,Household financial liabilities (including rental properties) as a percentage of household disposable income,Memo item: Household debt including rental properties,HHAL.QM23
SNEQ.SG15ALE00000AN60000S500,2009.09,457553,NZDm,Housing and land value,Household net wealth,HHAL.QC6
SNEQ.SG15ALE00000AN60000S500N,2009.09,425,%,Housing and land value,As a percentage of household disposable income,HHAL.QR4
SNEQ.SG15ALE00000B900000S500,2009.09,956745,NZDm,Household net wealth,Household net wealth,HHAL.QC3
SNEQ.SG15ALE00000B900000S500N,2009.09,888,%,Household net wealth,As a percentage of household disposable income,HHAL.QR6
SNEQ.SG15ALE00000B910000S500,2009.09,499192,NZDm,Household net financial wealth,Household net financial wealth,HHAL.QC5
SNEQ.SG15ALE00000B910000S500N,2009.09,464,%,Household net financial wealth,As a percentage of household disposable income,HHAL.QR3
DDEQ.SHA,2009.12,1608600,no,Number of households (at end of quarter),Housing stock,PDWEL.Q.H1.na
DDEQ.SKA,2009.12,1705100,no,Number of private dwellings (at end of quarter),Housing stock,PDWEL.Q.D1.na
SNEA.SG15AB06NR00ANA0000S500,2009.12,109707,NZDm,Household disposable income (year ended),Household disposable income,HHAL.QC4rt12
SNEA.SG15AD041P00AFL0471S500,2009.12,12190,NZDm,Interest payments on housing loans (including rental properties),Memo item: Household debt servicing (year ended),HHAL.QD2.ZZH1rt12
SNEA.SG15AD041P00AFL0481S500,2009.12,1959,NZDm,Interest payments on consumer loans,Memo item: Household debt servicing (year ended),HHAL.QD2.ZZH2rt12
SNEA.SG15AD041P00ANA0000S500,2009.12,14149,NZDm,Total interest payments,Memo item: Household debt servicing (year ended),HHAL.QD2.ZZHrt12
SNEA.SG15AD041P00ANA0000S500N,2009.12,13,%,Total interest payments as a percentage of household disposable income,Memo item: Household debt servicing (year ended),HHAL.QR7.ZZHrt12
SNEQ.SG15AB01GE00ANA0000S900,2009.12,51262,NZDm,Expenditure GDP (quarterly),Nominal Gross Domestic Product (GDP),GDE.Q.EY.NA
SNEQ.SG15AB06NR00ANA0000S500,2009.12,28107,NZDm,Household disposable income (quarterly),Household disposable income,HHAL.QC4
SNEQ.SG15AD041P00AFL0471S500,2009.12,2849,NZDm,Interest payments on housing loans (including rental properties),Memo item: Household debt servicing (quarterly),HHAL.QD2.ZZH1
SNEQ.SG15AD041P00AFL0481S500,2009.12,469,NZDm,Interest payments on consumer loans,Memo item: Household debt servicing (quarterly),HHAL.QD2.ZZH2
SNEQ.SG15AD041P00ANA0000S500,2009.12,3318,NZDm,Total interest payments,Memo item: Household debt servicing (quarterly),HHAL.QD2.ZZH
SNEQ.SG15AD041P00ANA0000S500N,2009.12,12,%,Total interest payments as a percentage of household disposable income,Memo item: Household debt servicing (quarterly),HHAL.QR7.ZZH
SNEQ.SG15ALE00000AFA0000S500,2009.12,646728,NZDm,Household financial assets,Household net financial wealth,HHAL.QA
SNEQ.SG15ALE00000AFA0000S500N,2009.12,590,%,Household financial assets,As a percentage of household disposable income,HHAL.QR1
SNEQ.SG15ALE00000AFA0586S500,2009.12,347649,NZDm,Net equity in housing,Net equity in housing,HHAL.QC2
SNEQ.SG15ALE00000AFA0586S500N,2009.12,317,%,Net equity in housing,As a percentage of household disposable income,HHAL.QR5
SNEQ.SG15ALE00000AFL0000S500,2009.12,141947,NZDm,Household financial liabilities,Household net financial wealth,HHAL.QB
SNEQ.SG15ALE00000AFL0000S500N,2009.12,129,%,Household financial liabilities,As a percentage of household disposable income,HHAL.QR2
SNEQ.SG15ALE00000AFL0461S500,2009.12,118715,NZDm,Housing loans,Net equity in housing,HHAL.QB11
SNEQ.SG15ALE00000AFL7000S500,2009.12,190246,NZDm,Household financial liabilities (including rental properties),Memo item: Household debt including rental properties,HHAL.QM21
SNEQ.SG15ALE00000AFL7000S500N,2009.12,173,%,Household financial liabilities (including rental properties) as a percentage of household disposable income,Memo item: Household debt including rental properties,HHAL.QM23
SNEQ.SG15ALE00000AN60000S500,2009.12,466364,NZDm,Housing and land value,Household net wealth,HHAL.QC6
SNEQ.SG15ALE00000AN60000S500N,2009.12,425,%,Housing and land value,As a percentage of household disposable income,HHAL.QR4
SNEQ.SG15ALE00000B900000S500,2009.12,971145,NZDm,Household net wealth,Household net wealth,HHAL.QC3
SNEQ.SG15ALE00000B900000S500N,2009.12,885,%,Household net wealth,As a percentage of household disposable income,HHAL.QR6
SNEQ.SG15ALE00000B910000S500,2009.12,504781,NZDm,Household net financial wealth,Household net financial wealth,HHAL.QC5
SNEQ.SG15ALE00000B910000S500N,2009.12,460,%,Household net financial wealth,As a percentage of household disposable income,HHAL.QR3
DDEQ.SHA,2010.03,1611400,no,Number of households (at end of quarter),Housing stock,PDWEL.Q.H1.na
DDEQ.SKA,2010.03,1708500,no,Number of private dwellings (at end of quarter),Housing stock,PDWEL.Q.D1.na
SNEA.SG15AB01GE00ANA0000S900,2010.03,194770,NZDm,Expenditure GDP (annual),Nominal Gross Domestic Product (GDP),NATE.Y.E0Y.na
SNEA.SG15AB01GP00ANA0000S900,2010.03,194771,NZDm,Production GDP (annual),Nominal Gross Domestic Product (GDP),NATA.Y.G0.na
SNEA.SG15AB06NR00ANA0000S500,2010.03,111443,NZDm,Household disposable income (year ended),Household disposable income,HHAL.QC4rt12
SNEA.SG15AD041P00AFL0471S500,2010.03,11705,NZDm,Interest payments on housing loans (including rental properties),Memo item: Household debt servicing (year ended),HHAL.QD2.ZZH1rt12
SNEA.SG15AD041P00AFL0481S500,2010.03,1891,NZDm,Interest payments on consumer loans,Memo item: Household debt servicing (year ended),HHAL.QD2.ZZH2rt12
SNEA.SG15AD041P00ANA0000S500,2010.03,13596,NZDm,Total interest payments,Memo item: Household debt servicing (year ended),HHAL.QD2.ZZHrt12
SNEA.SG15AD041P00ANA0000S500N,2010.03,12,%,Total interest payments as a percentage of household disposable income,Memo item: Household debt servicing (year ended),HHAL.QR7.ZZHrt12
SNEQ.SG15AB01GE00ANA0000S900,2010.03,50236,NZDm,Expenditure GDP (quarterly),Nominal Gross Domestic Product (GDP),GDE.Q.EY.NA
SNEQ.SG15AB06NR00ANA0000S500,2010.03,28298,NZDm,Household disposable income (quarterly),Household disposable income,HHAL.QC4
SNEQ.SG15AD041P00AFL0471S500,2010.03,2807,NZDm,Interest payments on housing loans (including rental properties),Memo item: Household debt servicing (quarterly),HHAL.QD2.ZZH1
SNEQ.SG15AD041P00AFL0481S500,2010.03,458,NZDm,Interest payments on consumer loans,Memo item: Household debt servicing (quarterly),HHAL.QD2.ZZH2
SNEQ.SG15AD041P00ANA0000S500,2010.03,3265,NZDm,Total interest payments,Memo item: Household debt servicing (quarterly),HHAL.QD2.ZZH
SNEQ.SG15AD041P00ANA0000S500N,2010.03,12,%,Total interest payments as a percentage of household disposable income,Memo item: Household debt servicing (quarterly),HHAL.QR7.ZZH
SNEQ.SG15ALE00000AFA0000S500,2010.03,652057,NZDm,Household financial assets,Household net financial wealth,HHAL.QA
SNEQ.SG15ALE00000AFA0000S500N,2010.03,585,%,Household financial assets,As a percentage of household disposable income,HHAL.QR1
SNEQ.SG15ALE00000AFA0586S500,2010.03,348380,NZDm,Net equity in housing,Net equity in housing,HHAL.QC2
SNEQ.SG15ALE00000AFA0586S500N,2010.03,313,%,Net equity in housing,As a percentage of household disposable income,HHAL.QR5
SNEQ.SG15ALE00000AFL0000S500,2010.03,142697,NZDm,Household financial liabilities,Household net financial wealth,HHAL.QB
SNEQ.SG15ALE00000AFL0000S500N,2010.03,128,%,Household financial liabilities,As a percentage of household disposable income,HHAL.QR2
SNEQ.SG15ALE00000AFL0461S500,2010.03,119636,NZDm,Housing loans,Net equity in housing,HHAL.QB11
SNEQ.SG15ALE00000AFL7000S500,2010.03,191348,NZDm,Household financial liabilities (including rental properties),Memo item: Household debt including rental properties,HHAL.QM21
SNEQ.SG15ALE00000AFL7000S500N,2010.03,172,%,Household financial liabilities (including rental properties) as a percentage of household disposable income,Memo item: Household debt including rental properties,HHAL.QM23
SNEQ.SG15ALE00000AN60000S500,2010.03,468016,NZDm,Housing and land value,Household net wealth,HHAL.QC6
SNEQ.SG15ALE00000AN60000S500N,2010.03,420,%,Housing and land value,As a percentage of household disposable income,HHAL.QR4
SNEQ.SG15ALE00000B900000S500,2010.03,977375,NZDm,Household net wealth,Household net wealth,HHAL.QC3
SNEQ.SG15ALE00000B900000S500N,2010.03,877,%,Household net wealth,As a percentage of household disposable income,HHAL.QR6
SNEQ.SG15ALE00000B910000S500,2010.03,509359,NZDm,Household net financial wealth,Household net financial wealth,HHAL.QC5
SNEQ.SG15ALE00000B910000S500N,2010.03,457,%,Household net financial wealth,As a percentage of household disposable income,HHAL.QR3
DDEQ.SHA,2010.06,1614600,no,Number of households (at end of quarter),Housing stock,PDWEL.Q.H1.na
DDEQ.SKA,2010.06,1712200,no,Number of private dwellings (at end of quarter),Housing stock,PDWEL.Q.D1.na
SNEA.SG15AB06NR00ANA0000S500,2010.06,112524,NZDm,Household disposable income (year ended),Household disposable income,HHAL.QC4rt12
SNEA.SG15AD041P00AFL0471S500,2010.06,11390,NZDm,Interest payments on housing loans (including rental properties),Memo item: Household debt servicing (year ended),HHAL.QD2.ZZH1rt12
SNEA.SG15AD041P00AFL0481S500,2010.06,1849,NZDm,Interest payments on consumer loans,Memo item: Household debt servicing (year ended),HHAL.QD2.ZZH2rt12
SNEA.SG15AD041P00ANA0000S500,2010.06,13239,NZDm,Total interest payments,Memo item: Household debt servicing (year ended),HHAL.QD2.ZZHrt12
SNEA.SG15AD041P00ANA0000S500N,2010.06,12,%,Total interest payments as a percentage of household disposable income,Memo item: Household debt servicing (year ended),HHAL.QR7.ZZHrt12
SNEQ.SG15AB01GE00ANA0000S900,2010.06,49522,NZDm,Expenditure GDP (quarterly),Nominal Gross Domestic Product (GDP),GDE.Q.EY.NA
SNEQ.SG15AB06NR00ANA0000S500,2010.06,28355,NZDm,Household disposable income (quarterly),Household disposable income,HHAL.QC4
SNEQ.SG15AD041P00AFL0471S500,2010.06,2774,NZDm,Interest payments on housing loans (including rental properties),Memo item: Household debt servicing (quarterly),HHAL.QD2.ZZH1
SNEQ.SG15AD041P00AFL0481S500,2010.06,451,NZDm,Interest payments on consumer loans,Memo item: Household debt servicing (quarterly),HHAL.QD2.ZZH2
SNEQ.SG15AD041P00ANA0000S500,2010.06,3225,NZDm,Total interest payments,Memo item: Household debt servicing (quarterly),HHAL.QD2.ZZH
SNEQ.SG15AD041P00ANA0000S500N,2010.06,11,%,Total interest payments as a percentage of household disposable income,Memo item: Household debt servicing (quarterly),HHAL.QR7.ZZH
SNEQ.SG15ALE00000AFA0000S500,2010.06,653892,NZDm,Household financial assets,Household net financial wealth,HHAL.QA
SNEQ.SG15ALE00000AFA0000S500N,2010.06,581,%,Household financial assets,As a percentage of household disposable income,HHAL.QR1
SNEQ.SG15ALE00000AFA0586S500,2010.06,343704,NZDm,Net equity in housing,Net equity in housing,HHAL.QC2
SNEQ.SG15ALE00000AFA0586S500N,2010.06,305,%,Net equity in housing,As a percentage of household disposable income,HHAL.QR5
SNEQ.SG15ALE00000AFL0000S500,2010.06,144090,NZDm,Household financial liabilities,Household net financial wealth,HHAL.QB
SNEQ.SG15ALE00000AFL0000S500N,2010.06,128,%,Household financial liabilities,As a percentage of household disposable income,HHAL.QR2
SNEQ.SG15ALE00000AFL0461S500,2010.06,120219,NZDm,Housing loans,Net equity in housing,HHAL.QB11
SNEQ.SG15ALE00000AFL7000S500,2010.06,192934,NZDm,Household financial liabilities (including rental properties),Memo item: Household debt including rental properties,HHAL.QM21
SNEQ.SG15ALE00000AFL7000S500N,2010.06,172,%,Household financial liabilities (including rental properties) as a percentage of household disposable income,Memo item: Household debt including rental properties,HHAL.QM23
SNEQ.SG15ALE00000AN60000S500,2010.06,463923,NZDm,Housing and land value,Household net wealth,HHAL.QC6
SNEQ.SG15ALE00000AN60000S500N,2010.06,412,%,Housing and land value,As a percentage of household disposable income,HHAL.QR4
SNEQ.SG15ALE00000B900000S500,2010.06,973725,NZDm,Household net wealth,Household net wealth,HHAL.QC3
SNEQ.SG15ALE00000B900000S500N,2010.06,865,%,Household net wealth,As a percentage of household disposable income,HHAL.QR6
SNEQ.SG15ALE00000B910000S500,2010.06,509802,NZDm,Household net financial wealth,Household net financial wealth,HHAL.QC5
SNEQ.SG15ALE00000B910000S500N,2010.06,453,%,Household net financial wealth,As a percentage of household disposable income,HHAL.QR3
DDEQ.SHA,2010.09,1617400,no,Number of households (at end of quarter),Housing stock,PDWEL.Q.H1.na
DDEQ.SKA,2010.09,1715600,no,Number of private dwellings (at end of quarter),Housing stock,PDWEL.Q.D1.na
SNEA.SG15AB06NR00ANA0000S500,2010.09,113530,NZDm,Household disposable income (year ended),Household disposable income,HHAL.QC4rt12
SNEA.SG15AD041P00AFL0471S500,2010.09,11236,NZDm,Interest payments on housing loans (including rental properties),Memo item: Household debt servicing (year ended),HHAL.QD2.ZZH1rt12
SNEA.SG15AD041P00AFL0481S500,2010.09,1824,NZDm,Interest payments on consumer loans,Memo item: Household debt servicing (year ended),HHAL.QD2.ZZH2rt12
SNEA.SG15AD041P00ANA0000S500,2010.09,13060,NZDm,Total interest payments,Memo item: Household debt servicing (year ended),HHAL.QD2.ZZHrt12
SNEA.SG15AD041P00ANA0000S500N,2010.09,12,%,Total interest payments as a percentage of household disposable income,Memo item: Household debt servicing (year ended),HHAL.QR7.ZZHrt12
SNEQ.SG15AB01GE00ANA0000S900,2010.09,48440,NZDm,Expenditure GDP (quarterly),Nominal Gross Domestic Product (GDP),GDE.Q.EY.NA
SNEQ.SG15AB06NR00ANA0000S500,2010.09,28769,NZDm,Household disposable income (quarterly),Household disposable income,HHAL.QC4
SNEQ.SG15AD041P00AFL0471S500,2010.09,2806,NZDm,Interest payments on housing loans (including rental properties),Memo item: Household debt servicing (quarterly),HHAL.QD2.ZZH1
SNEQ.SG15AD041P00AFL0481S500,2010.09,448,NZDm,Interest payments on consumer loans,Memo item: Household debt servicing (quarterly),HHAL.QD2.ZZH2
SNEQ.SG15AD041P00ANA0000S500,2010.09,3254,NZDm,Total interest payments,Memo item: Household debt servicing (quarterly),HHAL.QD2.ZZH
SNEQ.SG15AD041P00ANA0000S500N,2010.09,11,%,Total interest payments as a percentage of household disposable income,Memo item: Household debt servicing (quarterly),HHAL.QR7.ZZH
SNEQ.SG15ALE00000AFA0000S500,2010.09,658985,NZDm,Household financial assets,Household net financial wealth,HHAL.QA
SNEQ.SG15ALE00000AFA0000S500N,2010.09,581,%,Household financial assets,As a percentage of household disposable income,HHAL.QR1
SNEQ.SG15ALE00000AFA0586S500,2010.09,341357,NZDm,Net equity in housing,Net equity in housing,HHAL.QC2
SNEQ.SG15ALE00000AFA0586S500N,2010.09,301,%,Net equity in housing,As a percentage of household disposable income,HHAL.QR5
SNEQ.SG15ALE00000AFL0000S500,2010.09,144398,NZDm,Household financial liabilities,Household net financial wealth,HHAL.QB
SNEQ.SG15ALE00000AFL0000S500N,2010.09,127,%,Household financial liabilities,As a percentage of household disposable income,HHAL.QR2
SNEQ.SG15ALE00000AFL0461S500,2010.09,120656,NZDm,Housing loans,Net equity in housing,HHAL.QB11
SNEQ.SG15ALE00000AFL7000S500,2010.09,193388,NZDm,Household financial liabilities (including rental properties),Memo item: Household debt including rental properties,HHAL.QM21
SNEQ.SG15ALE00000AFL7000S500N,2010.09,170,%,Household financial liabilities (including rental properties) as a percentage of household disposable income,Memo item: Household debt including rental properties,HHAL.QM23
SNEQ.SG15ALE00000AN60000S500,2010.09,462013,NZDm,Housing and land value,Household net wealth,HHAL.QC6
SNEQ.SG15ALE00000AN60000S500N,2010.09,407,%,Housing and land value,As a percentage of household disposable income,HHAL.QR4
SNEQ.SG15ALE00000B900000S500,2010.09,976600,NZDm,Household net wealth,Household net wealth,HHAL.QC3
SNEQ.SG15ALE00000B900000S500N,2010.09,860,%,Household net wealth,As a percentage of household disposable income,HHAL.QR6
SNEQ.SG15ALE00000B910000S500,2010.09,514587,NZDm,Household net financial wealth,Household net financial wealth,HHAL.QC5
SNEQ.SG15ALE00000B910000S500N,2010.09,453,%,Household net financial wealth,As a percentage of household disposable income,HHAL.QR3
DDEQ.SHA,2010.12,1620500,no,Number of households (at end of quarter),Housing stock,PDWEL.Q.H1.na
DDEQ.SKA,2010.12,1719300,no,Number of private dwellings (at end of quarter),Housing stock,PDWEL.Q.D1.na
SNEA.SG15AB06NR00ANA0000S500,2010.12,115011,NZDm,Household disposable income (year ended),Household disposable income,HHAL.QC4rt12
SNEA.SG15AD041P00AFL0471S500,2010.12,11194,NZDm,Interest payments on housing loans (including rental properties),Memo item: Household debt servicing (year ended),HHAL.QD2.ZZH1rt12
SNEA.SG15AD041P00AFL0481S500,2010.12,1808,NZDm,Interest payments on consumer loans,Memo item: Household debt servicing (year ended),HHAL.QD2.ZZH2rt12
SNEA.SG15AD041P00ANA0000S500,2010.12,13002,NZDm,Total interest payments,Memo item: Household debt servicing (year ended),HHAL.QD2.ZZHrt12
SNEA.SG15AD041P00ANA0000S500N,2010.12,11,%,Total interest payments as a percentage of household disposable income,Memo item: Household debt servicing (year ended),HHAL.QR7.ZZHrt12
SNEQ.SG15AB01GE00ANA0000S900,2010.12,53849,NZDm,Expenditure GDP (quarterly),Nominal Gross Domestic Product (GDP),GDE.Q.EY.NA
SNEQ.SG15AB06NR00ANA0000S500,2010.12,29587,NZDm,Household disposable income (quarterly),Household disposable income,HHAL.QC4
SNEQ.SG15AD041P00AFL0471S500,2010.12,2806,NZDm,Interest payments on housing loans (including rental properties),Memo item: Household debt servicing (quarterly),HHAL.QD2.ZZH1
SNEQ.SG15AD041P00AFL0481S500,2010.12,452,NZDm,Interest payments on consumer loans,Memo item: Household debt servicing (quarterly),HHAL.QD2.ZZH2
SNEQ.SG15AD041P00ANA0000S500,2010.12,3258,NZDm,Total interest payments,Memo item: Household debt servicing (quarterly),HHAL.QD2.ZZH
SNEQ.SG15AD041P00ANA0000S500N,2010.12,11,%,Total interest payments as a percentage of household disposable income,Memo item: Household debt servicing (quarterly),HHAL.QR7.ZZH
SNEQ.SG15ALE00000AFA0000S500,2010.12,664398,NZDm,Household financial assets,Household net financial wealth,HHAL.QA
SNEQ.SG15ALE00000AFA0000S500N,2010.12,578,%,Household financial assets,As a percentage of household disposable income,HHAL.QR1
SNEQ.SG15ALE00000AFA0586S500,2010.12,341929,NZDm,Net equity in housing,Net equity in housing,HHAL.QC2
SNEQ.SG15ALE00000AFA0586S500N,2010.12,297,%,Net equity in housing,As a percentage of household disposable income,HHAL.QR5
SNEQ.SG15ALE00000AFL0000S500,2010.12,144697,NZDm,Household financial liabilities,Household net financial wealth,HHAL.QB
SNEQ.SG15ALE00000AFL0000S500N,2010.12,126,%,Household financial liabilities,As a percentage of household disposable income,HHAL.QR2
SNEQ.SG15ALE00000AFL0461S500,2010.12,120808,NZDm,Housing loans,Net equity in housing,HHAL.QB11
SNEQ.SG15ALE00000AFL7000S500,2010.12,193707,NZDm,Household financial liabilities (including rental properties),Memo item: Household debt including rental properties,HHAL.QM21
SNEQ.SG15ALE00000AFL7000S500N,2010.12,168,%,Household financial liabilities (including rental properties) as a percentage of household disposable income,Memo item: Household debt including rental properties,HHAL.QM23
SNEQ.SG15ALE00000AN60000S500,2010.12,462737,NZDm,Housing and land value,Household net wealth,HHAL.QC6
SNEQ.SG15ALE00000AN60000S500N,2010.12,402,%,Housing and land value,As a percentage of household disposable income,HHAL.QR4
SNEQ.SG15ALE00000B900000S500,2010.12,982438,NZDm,Household net wealth,Household net wealth,HHAL.QC3
SNEQ.SG15ALE00000B900000S500N,2010.12,854,%,Household net wealth,As a percentage of household disposable income,HHAL.QR6
SNEQ.SG15ALE00000B910000S500,2010.12,519701,NZDm,Household net financial wealth,Household net financial wealth,HHAL.QC5
SNEQ.SG15ALE00000B910000S500N,2010.12,452,%,Household net financial wealth,As a percentage of household disposable income,HHAL.QR3
DDEQ.SHA,2011.03,1623400,no,Number of households (at end of quarter),Housing stock,PDWEL.Q.H1.na
DDEQ.SKA,2011.03,1722700,no,Number of private dwellings (at end of quarter),Housing stock,PDWEL.Q.D1.na
SNEA.SG15AB01GE00ANA0000S900,2011.03,203856,NZDm,Expenditure GDP (annual),Nominal Gross Domestic Product (GDP),NATE.Y.E0Y.na
SNEA.SG15AB01GP00ANA0000S900,2011.03,203856,NZDm,Production GDP (annual),Nominal Gross Domestic Product (GDP),NATA.Y.G0.na
SNEA.SG15AB06NR00ANA0000S500,2011.03,117541,NZDm,Household disposable income (year ended),Household disposable income,HHAL.QC4rt12
SNEA.SG15AD041P00AFL0471S500,2011.03,11171,NZDm,Interest payments on housing loans (including rental properties),Memo item: Household debt servicing (year ended),HHAL.QD2.ZZH1rt12
SNEA.SG15AD041P00AFL0481S500,2011.03,1796,NZDm,Interest payments on consumer loans,Memo item: Household debt servicing (year ended),HHAL.QD2.ZZH2rt12
SNEA.SG15AD041P00ANA0000S500,2011.03,12967,NZDm,Total interest payments,Memo item: Household debt servicing (year ended),HHAL.QD2.ZZHrt12
SNEA.SG15AD041P00ANA0000S500N,2011.03,11,%,Total interest payments as a percentage of household disposable income,Memo item: Household debt servicing (year ended),HHAL.QR7.ZZHrt12
SNEQ.SG15AB01GE00ANA0000S900,2011.03,52044,NZDm,Expenditure GDP (quarterly),Nominal Gross Domestic Product (GDP),GDE.Q.EY.NA
SNEQ.SG15AB06NR00ANA0000S500,2011.03,30829,NZDm,Household disposable income (quarterly),Household disposable income,HHAL.QC4
SNEQ.SG15AD041P00AFL0471S500,2011.03,2784,NZDm,Interest payments on housing loans (including rental properties),Memo item: Household debt servicing (quarterly),HHAL.QD2.ZZH1
SNEQ.SG15AD041P00AFL0481S500,2011.03,445,NZDm,Interest payments on consumer loans,Memo item: Household debt servicing (quarterly),HHAL.QD2.ZZH2
SNEQ.SG15AD041P00ANA0000S500,2011.03,3229,NZDm,Total interest payments,Memo item: Household debt servicing (quarterly),HHAL.QD2.ZZH
SNEQ.SG15AD041P00ANA0000S500N,2011.03,11,%,Total interest payments as a percentage of household disposable income,Memo item: Household debt servicing (quarterly),HHAL.QR7.ZZH
SNEQ.SG15ALE00000AFA0000S500,2011.03,674508,NZDm,Household financial assets,Household net financial wealth,HHAL.QA
SNEQ.SG15ALE00000AFA0000S500N,2011.03,574,%,Household financial assets,As a percentage of household disposable income,HHAL.QR1
SNEQ.SG15ALE00000AFA0586S500,2011.03,340961,NZDm,Net equity in housing,Net equity in housing,HHAL.QC2
SNEQ.SG15ALE00000AFA0586S500N,2011.03,290,%,Net equity in housing,As a percentage of household disposable income,HHAL.QR5
SNEQ.SG15ALE00000AFL0000S500,2011.03,145107,NZDm,Household financial liabilities,Household net financial wealth,HHAL.QB
SNEQ.SG15ALE00000AFL0000S500N,2011.03,124,%,Household financial liabilities,As a percentage of household disposable income,HHAL.QR2
SNEQ.SG15ALE00000AFL0461S500,2011.03,121366,NZDm,Housing loans,Net equity in housing,HHAL.QB11
SNEQ.SG15ALE00000AFL7000S500,2011.03,194353,NZDm,Household financial liabilities (including rental properties),Memo item: Household debt including rental properties,HHAL.QM21
SNEQ.SG15ALE00000AFL7000S500N,2011.03,165,%,Household financial liabilities (including rental properties) as a percentage of household disposable income,Memo item: Household debt including rental properties,HHAL.QM23
SNEQ.SG15ALE00000AN60000S500,2011.03,462326,NZDm,Housing and land value,Household net wealth,HHAL.QC6
SNEQ.SG15ALE00000AN60000S500N,2011.03,393,%,Housing and land value,As a percentage of household disposable income,HHAL.QR4
SNEQ.SG15ALE00000B900000S500,2011.03,991727,NZDm,Household net wealth,Household net wealth,HHAL.QC3
SNEQ.SG15ALE00000B900000S500N,2011.03,844,%,Household net wealth,As a percentage of household disposable income,HHAL.QR6
SNEQ.SG15ALE00000B910000S500,2011.03,529401,NZDm,Household net financial wealth,Household net financial wealth,HHAL.QC5
SNEQ.SG15ALE00000B910000S500N,2011.03,450,%,Household net financial wealth,As a percentage of household disposable income,HHAL.QR3
DDEQ.SHA,2011.06,1626000,no,Number of households (at end of quarter),Housing stock,PDWEL.Q.H1.na
DDEQ.SKA,2011.06,1725900,no,Number of private dwellings (at end of quarter),Housing stock,PDWEL.Q.D1.na
SNEA.SG15AB06NR00ANA0000S500,2011.06,118115,NZDm,Household disposable income (year ended),Household disposable income,HHAL.QC4rt12
SNEA.SG15AD041P00AFL0471S500,2011.06,11075,NZDm,Interest payments on housing loans (including rental properties),Memo item: Household debt servicing (year ended),HHAL.QD2.ZZH1rt12
SNEA.SG15AD041P00AFL0481S500,2011.06,1782,NZDm,Interest payments on consumer loans,Memo item: Household debt servicing (year ended),HHAL.QD2.ZZH2rt12
SNEA.SG15AD041P00ANA0000S500,2011.06,12857,NZDm,Total interest payments,Memo item: Household debt servicing (year ended),HHAL.QD2.ZZHrt12
SNEA.SG15AD041P00ANA0000S500N,2011.06,11,%,Total interest payments as a percentage of household disposable income,Memo item: Household debt servicing (year ended),HHAL.QR7.ZZHrt12
SNEQ.SG15AB01GE00ANA0000S900,2011.06,51784,NZDm,Expenditure GDP (quarterly),Nominal Gross Domestic Product (GDP),GDE.Q.EY.NA
SNEQ.SG15AB06NR00ANA0000S500,2011.06,28929,NZDm,Household disposable income (quarterly),Household disposable income,HHAL.QC4
SNEQ.SG15AD041P00AFL0471S500,2011.06,2679,NZDm,Interest payments on housing loans (including rental properties),Memo item: Household debt servicing (quarterly),HHAL.QD2.ZZH1
SNEQ.SG15AD041P00AFL0481S500,2011.06,436,NZDm,Interest payments on consumer loans,Memo item: Household debt servicing (quarterly),HHAL.QD2.ZZH2
SNEQ.SG15AD041P00ANA0000S500,2011.06,3115,NZDm,Total interest payments,Memo item: Household debt servicing (quarterly),HHAL.QD2.ZZH
SNEQ.SG15AD041P00ANA0000S500N,2011.06,11,%,Total interest payments as a percentage of household disposable income,Memo item: Household debt servicing (quarterly),HHAL.QR7.ZZH
SNEQ.SG15ALE00000AFA0000S500,2011.06,675646,NZDm,Household financial assets,Household net financial wealth,HHAL.QA
SNEQ.SG15ALE00000AFA0000S500N,2011.06,572,%,Household financial assets,As a percentage of household disposable income,HHAL.QR1
SNEQ.SG15ALE00000AFA0586S500,2011.06,341189,NZDm,Net equity in housing,Net equity in housing,HHAL.QC2
SNEQ.SG15ALE00000AFA0586S500N,2011.06,289,%,Net equity in housing,As a percentage of household disposable income,HHAL.QR5
SNEQ.SG15ALE00000AFL0000S500,2011.06,146489,NZDm,Household financial liabilities,Household net financial wealth,HHAL.QB
SNEQ.SG15ALE00000AFL0000S500N,2011.06,124,%,Household financial liabilities,As a percentage of household disposable income,HHAL.QR2
SNEQ.SG15ALE00000AFL0461S500,2011.06,121847,NZDm,Housing loans,Net equity in housing,HHAL.QB11
SNEQ.SG15ALE00000AFL7000S500,2011.06,195905,NZDm,Household financial liabilities (including rental properties),Memo item: Household debt including rental properties,HHAL.QM21
SNEQ.SG15ALE00000AFL7000S500N,2011.06,166,%,Household financial liabilities (including rental properties) as a percentage of household disposable income,Memo item: Household debt including rental properties,HHAL.QM23
SNEQ.SG15ALE00000AN60000S500,2011.06,463036,NZDm,Housing and land value,Household net wealth,HHAL.QC6
SNEQ.SG15ALE00000AN60000S500N,2011.06,392,%,Housing and land value,As a percentage of household disposable income,HHAL.QR4
SNEQ.SG15ALE00000B900000S500,2011.06,992192,NZDm,Household net wealth,Household net wealth,HHAL.QC3
SNEQ.SG15ALE00000B900000S500N,2011.06,840,%,Household net wealth,As a percentage of household disposable income,HHAL.QR6
SNEQ.SG15ALE00000B910000S500,2011.06,529157,NZDm,Household net financial wealth,Household net financial wealth,HHAL.QC5
SNEQ.SG15ALE00000B910000S500N,2011.06,448,%,Household net financial wealth,As a percentage of household disposable income,HHAL.QR3
DDEQ.SHA,2011.09,1628200,no,Number of households (at end of quarter),Housing stock,PDWEL.Q.H1.na
DDEQ.SKA,2011.09,1728400,no,Number of private dwellings (at end of quarter),Housing stock,PDWEL.Q.D1.na
SNEA.SG15AB06NR00ANA0000S500,2011.09,119624,NZDm,Household disposable income (year ended),Household disposable income,HHAL.QC4rt12
SNEA.SG15AD041P00AFL0471S500,2011.09,10923,NZDm,Interest payments on housing loans (including rental properties),Memo item: Household debt servicing (year ended),HHAL.QD2.ZZH1rt12
SNEA.SG15AD041P00AFL0481S500,2011.09,1764,NZDm,Interest payments on consumer loans,Memo item: Household debt servicing (year ended),HHAL.QD2.ZZH2rt12
SNEA.SG15AD041P00ANA0000S500,2011.09,12687,NZDm,Total interest payments,Memo item: Household debt servicing (year ended),HHAL.QD2.ZZHrt12
SNEA.SG15AD041P00ANA0000S500N,2011.09,11,%,Total interest payments as a percentage of household disposable income,Memo item: Household debt servicing (year ended),HHAL.QR7.ZZHrt12
SNEQ.SG15AB01GE00ANA0000S900,2011.09,51106,NZDm,Expenditure GDP (quarterly),Nominal Gross Domestic Product (GDP),GDE.Q.EY.NA
SNEQ.SG15AB06NR00ANA0000S500,2011.09,30279,NZDm,Household disposable income (quarterly),Household disposable income,HHAL.QC4
SNEQ.SG15AD041P00AFL0471S500,2011.09,2654,NZDm,Interest payments on housing loans (including rental properties),Memo item: Household debt servicing (quarterly),HHAL.QD2.ZZH1
SNEQ.SG15AD041P00AFL0481S500,2011.09,430,NZDm,Interest payments on consumer loans,Memo item: Household debt servicing (quarterly),HHAL.QD2.ZZH2
SNEQ.SG15AD041P00ANA0000S500,2011.09,3084,NZDm,Total interest payments,Memo item: Household debt servicing (quarterly),HHAL.QD2.ZZH
SNEQ.SG15AD041P00ANA0000S500N,2011.09,10,%,Total interest payments as a percentage of household disposable income,Memo item: Household debt servicing (quarterly),HHAL.QR7.ZZH
SNEQ.SG15ALE00000AFA0000S500,2011.09,677367,NZDm,Household financial assets,Household net financial wealth,HHAL.QA
SNEQ.SG15ALE00000AFA0000S500N,2011.09,566,%,Household financial assets,As a percentage of household disposable income,HHAL.QR1
SNEQ.SG15ALE00000AFA0586S500,2011.09,343537,NZDm,Net equity in housing,Net equity in housing,HHAL.QC2
SNEQ.SG15ALE00000AFA0586S500N,2011.09,287,%,Net equity in housing,As a percentage of household disposable income,HHAL.QR5
SNEQ.SG15ALE00000AFL0000S500,2011.09,146635,NZDm,Household financial liabilities,Household net financial wealth,HHAL.QB
SNEQ.SG15ALE00000AFL0000S500N,2011.09,123,%,Household financial liabilities,As a percentage of household disposable income,HHAL.QR2
SNEQ.SG15ALE00000AFL0461S500,2011.09,122101,NZDm,Housing loans,Net equity in housing,HHAL.QB11
SNEQ.SG15ALE00000AFL7000S500,2011.09,196116,NZDm,Household financial liabilities (including rental properties),Memo item: Household debt including rental properties,HHAL.QM21
SNEQ.SG15ALE00000AFL7000S500N,2011.09,164,%,Household financial liabilities (including rental properties) as a percentage of household disposable income,Memo item: Household debt including rental properties,HHAL.QM23
SNEQ.SG15ALE00000AN60000S500,2011.09,465638,NZDm,Housing and land value,Household net wealth,HHAL.QC6
SNEQ.SG15ALE00000AN60000S500N,2011.09,389,%,Housing and land value,As a percentage of household disposable income,HHAL.QR4
SNEQ.SG15ALE00000B900000S500,2011.09,996371,NZDm,Household net wealth,Household net wealth,HHAL.QC3
SNEQ.SG15ALE00000B900000S500N,2011.09,833,%,Household net wealth,As a percentage of household disposable income,HHAL.QR6
SNEQ.SG15ALE00000B910000S500,2011.09,530733,NZDm,Household net financial wealth,Household net financial wealth,HHAL.QC5
SNEQ.SG15ALE00000B910000S500N,2011.09,444,%,Household net financial wealth,As a percentage of household disposable income,HHAL.QR3
DDEQ.SHA,2011.12,1630400,no,Number of households (at end of quarter),Housing stock,PDWEL.Q.H1.na
DDEQ.SKA,2011.12,1731100,no,Number of private dwellings (at end of quarter),Housing stock,PDWEL.Q.D1.na
SNEA.SG15AB06NR00ANA0000S500,2011.12,121889,NZDm,Household disposable income (year ended),Household disposable income,HHAL.QC4rt12
SNEA.SG15AD041P00AFL0471S500,2011.12,10746,NZDm,Interest payments on housing loans (including rental properties),Memo item: Household debt servicing (year ended),HHAL.QD2.ZZH1rt12
SNEA.SG15AD041P00AFL0481S500,2011.12,1746,NZDm,Interest payments on consumer loans,Memo item: Household debt servicing (year ended),HHAL.QD2.ZZH2rt12
SNEA.SG15AD041P00ANA0000S500,2011.12,12492,NZDm,Total interest payments,Memo item: Household debt servicing (year ended),HHAL.QD2.ZZHrt12
SNEA.SG15AD041P00ANA0000S500N,2011.12,10,%,Total interest payments as a percentage of household disposable income,Memo item: Household debt servicing (year ended),HHAL.QR7.ZZHrt12
SNEQ.SG15AB01GE00ANA0000S900,2011.12,56357,NZDm,Expenditure GDP (quarterly),Nominal Gross Domestic Product (GDP),GDE.Q.EY.NA
SNEQ.SG15AB06NR00ANA0000S500,2011.12,31852,NZDm,Household disposable income (quarterly),Household disposable income,HHAL.QC4
SNEQ.SG15AD041P00AFL0471S500,2011.12,2628,NZDm,Interest payments on housing loans (including rental properties),Memo item: Household debt servicing (quarterly),HHAL.QD2.ZZH1
SNEQ.SG15AD041P00AFL0481S500,2011.12,435,NZDm,Interest payments on consumer loans,Memo item: Household debt servicing (quarterly),HHAL.QD2.ZZH2
SNEQ.SG15AD041P00ANA0000S500,2011.12,3063,NZDm,Total interest payments,Memo item: Household debt servicing (quarterly),HHAL.QD2.ZZH
SNEQ.SG15AD041P00ANA0000S500N,2011.12,10,%,Total interest payments as a percentage of household disposable income,Memo item: Household debt servicing (quarterly),HHAL.QR7.ZZH
SNEQ.SG15ALE00000AFA0000S500,2011.12,682999,NZDm,Household financial assets,Household net financial wealth,HHAL.QA
SNEQ.SG15ALE00000AFA0000S500N,2011.12,560,%,Household financial assets,As a percentage of household disposable income,HHAL.QR1
SNEQ.SG15ALE00000AFA0586S500,2011.12,345104,NZDm,Net equity in housing,Net equity in housing,HHAL.QC2
SNEQ.SG15ALE00000AFA0586S500N,2011.12,283,%,Net equity in housing,As a percentage of household disposable income,HHAL.QR5
SNEQ.SG15ALE00000AFL0000S500,2011.12,147024,NZDm,Household financial liabilities,Household net financial wealth,HHAL.QB
SNEQ.SG15ALE00000AFL0000S500N,2011.12,121,%,Household financial liabilities,As a percentage of household disposable income,HHAL.QR2
SNEQ.SG15ALE00000AFL0461S500,2011.12,122267,NZDm,Housing loans,Net equity in housing,HHAL.QB11
SNEQ.SG15ALE00000AFL7000S500,2011.12,196409,NZDm,Household financial liabilities (including rental properties),Memo item: Household debt including rental properties,HHAL.QM21
SNEQ.SG15ALE00000AFL7000S500N,2011.12,161,%,Household financial liabilities (including rental properties) as a percentage of household disposable income,Memo item: Household debt including rental properties,HHAL.QM23
SNEQ.SG15ALE00000AN60000S500,2011.12,467371,NZDm,Housing and land value,Household net wealth,HHAL.QC6
SNEQ.SG15ALE00000AN60000S500N,2011.12,383,%,Housing and land value,As a percentage of household disposable income,HHAL.QR4
SNEQ.SG15ALE00000B900000S500,2011.12,1003347,NZDm,Household net wealth,Household net wealth,HHAL.QC3
SNEQ.SG15ALE00000B900000S500N,2011.12,823,%,Household net wealth,As a percentage of household disposable income,HHAL.QR6
SNEQ.SG15ALE00000B910000S500,2011.12,535976,NZDm,Household net financial wealth,Household net financial wealth,HHAL.QC5
SNEQ.SG15ALE00000B910000S500N,2011.12,440,%,Household net financial wealth,As a percentage of household disposable income,HHAL.QR3
DDEQ.SHA,2012.03,1633300,no,Number of households (at end of quarter),Housing stock,PDWEL.Q.H1.na
DDEQ.SKA,2012.03,1734500,no,Number of private dwellings (at end of quarter),Housing stock,PDWEL.Q.D1.na
SNEA.SG15AB01GE00ANA0000S900,2012.03,213269,NZDm,Expenditure GDP (annual),Nominal Gross Domestic Product (GDP),NATE.Y.E0Y.na
SNEA.SG15AB01GP00ANA0000S900,2012.03,213270,NZDm,Production GDP (annual),Nominal Gross Domestic Product (GDP),NATA.Y.G0.na
SNEA.SG15AB06NR00ANA0000S500,2012.03,123303,NZDm,Household disposable income (year ended),Household disposable income,HHAL.QC4rt12
SNEA.SG15AD041P00AFL0471S500,2012.03,10574,NZDm,Interest payments on housing loans (including rental properties),Memo item: Household debt servicing (year ended),HHAL.QD2.ZZH1rt12
SNEA.SG15AD041P00AFL0481S500,2012.03,1731,NZDm,Interest payments on consumer loans,Memo item: Household debt servicing (year ended),HHAL.QD2.ZZH2rt12
SNEA.SG15AD041P00ANA0000S500,2012.03,12305,NZDm,Total interest payments,Memo item: Household debt servicing (year ended),HHAL.QD2.ZZHrt12
SNEA.SG15AD041P00ANA0000S500N,2012.03,10,%,Total interest payments as a percentage of household disposable income,Memo item: Household debt servicing (year ended),HHAL.QR7.ZZHrt12
SNEQ.SG15AB01GE00ANA0000S900,2012.03,54022,NZDm,Expenditure GDP (quarterly),Nominal Gross Domestic Product (GDP),GDE.Q.EY.NA
SNEQ.SG15AB06NR00ANA0000S500,2012.03,32243,NZDm,Household disposable income (quarterly),Household disposable income,HHAL.QC4
SNEQ.SG15AD041P00AFL0471S500,2012.03,2612,NZDm,Interest payments on housing loans (including rental properties),Memo item: Household debt servicing (quarterly),HHAL.QD2.ZZH1
SNEQ.SG15AD041P00AFL0481S500,2012.03,430,NZDm,Interest payments on consumer loans,Memo item: Household debt servicing (quarterly),HHAL.QD2.ZZH2
SNEQ.SG15AD041P00ANA0000S500,2012.03,3042,NZDm,Total interest payments,Memo item: Household debt servicing (quarterly),HHAL.QD2.ZZH
SNEQ.SG15AD041P00ANA0000S500N,2012.03,9,%,Total interest payments as a percentage of household disposable income,Memo item: Household debt servicing (quarterly),HHAL.QR7.ZZH
SNEQ.SG15ALE00000AFA0000S500,2012.03,684087,NZDm,Household financial assets,Household net financial wealth,HHAL.QA
SNEQ.SG15ALE00000AFA0000S500N,2012.03,555,%,Household financial assets,As a percentage of household disposable income,HHAL.QR1
SNEQ.SG15ALE00000AFA0586S500,2012.03,346387,NZDm,Net equity in housing,Net equity in housing,HHAL.QC2
SNEQ.SG15ALE00000AFA0586S500N,2012.03,281,%,Net equity in housing,As a percentage of household disposable income,HHAL.QR5
SNEQ.SG15ALE00000AFL0000S500,2012.03,147777,NZDm,Household financial liabilities,Household net financial wealth,HHAL.QB
SNEQ.SG15ALE00000AFL0000S500N,2012.03,120,%,Household financial liabilities,As a percentage of household disposable income,HHAL.QR2
SNEQ.SG15ALE00000AFL0461S500,2012.03,123096,NZDm,Housing loans,Net equity in housing,HHAL.QB11
SNEQ.SG15ALE00000AFL7000S500,2012.03,197474,NZDm,Household financial liabilities (including rental properties),Memo item: Household debt including rental properties,HHAL.QM21
SNEQ.SG15ALE00000AFL7000S500N,2012.03,160,%,Household financial liabilities (including rental properties) as a percentage of household disposable income,Memo item: Household debt including rental properties,HHAL.QM23
SNEQ.SG15ALE00000AN60000S500,2012.03,469483,NZDm,Housing and land value,Household net wealth,HHAL.QC6
SNEQ.SG15ALE00000AN60000S500N,2012.03,381,%,Housing and land value,As a percentage of household disposable income,HHAL.QR4
SNEQ.SG15ALE00000B900000S500,2012.03,1005793,NZDm,Household net wealth,Household net wealth,HHAL.QC3
SNEQ.SG15ALE00000B900000S500N,2012.03,816,%,Household net wealth,As a percentage of household disposable income,HHAL.QR6
SNEQ.SG15ALE00000B910000S500,2012.03,536309,NZDm,Household net financial wealth,Household net financial wealth,HHAL.QC5
SNEQ.SG15ALE00000B910000S500N,2012.03,435,%,Household net financial wealth,As a percentage of household disposable income,HHAL.QR3
DDEQ.SHA,2012.06,1636000,no,Number of households (at end of quarter),Housing stock,PDWEL.Q.H1.na
DDEQ.SKA,2012.06,1737800,no,Number of private dwellings (at end of quarter),Housing stock,PDWEL.Q.D1.na
SNEA.SG15AB06NR00ANA0000S500,2012.06,125901,NZDm,Household disposable income (year ended),Household disposable income,HHAL.QC4rt12
SNEA.SG15AD041P00AFL0471S500,2012.06,10479,NZDm,Interest payments on housing loans (including rental properties),Memo item: Household debt servicing (year ended),HHAL.QD2.ZZH1rt12
SNEA.SG15AD041P00AFL0481S500,2012.06,1722,NZDm,Interest payments on consumer loans,Memo item: Household debt servicing (year ended),HHAL.QD2.ZZH2rt12
SNEA.SG15AD041P00ANA0000S500,2012.06,12201,NZDm,Total interest payments,Memo item: Household debt servicing (year ended),HHAL.QD2.ZZHrt12
SNEA.SG15AD041P00ANA0000S500N,2012.06,10,%,Total interest payments as a percentage of household disposable income,Memo item: Household debt servicing (year ended),HHAL.QR7.ZZHrt12
SNEQ.SG15AB01GE00ANA0000S900,2012.06,53708,NZDm,Expenditure GDP (quarterly),Nominal Gross Domestic Product (GDP),GDE.Q.EY.NA
SNEQ.SG15AB06NR00ANA0000S500,2012.06,31527,NZDm,Household disposable income (quarterly),Household disposable income,HHAL.QC4
SNEQ.SG15AD041P00AFL0471S500,2012.06,2584,NZDm,Interest payments on housing loans (including rental properties),Memo item: Household debt servicing (quarterly),HHAL.QD2.ZZH1
SNEQ.SG15AD041P00AFL0481S500,2012.06,427,NZDm,Interest payments on consumer loans,Memo item: Household debt servicing (quarterly),HHAL.QD2.ZZH2
SNEQ.SG15AD041P00ANA0000S500,2012.06,3011,NZDm,Total interest payments,Memo item: Household debt servicing (quarterly),HHAL.QD2.ZZH
SNEQ.SG15AD041P00ANA0000S500N,2012.06,10,%,Total interest payments as a percentage of household disposable income,Memo item: Household debt servicing (quarterly),HHAL.QR7.ZZH
SNEQ.SG15ALE00000AFA0000S500,2012.06,692816,NZDm,Household financial assets,Household net financial wealth,HHAL.QA
SNEQ.SG15ALE00000AFA0000S500N,2012.06,550,%,Household financial assets,As a percentage of household disposable income,HHAL.QR1
SNEQ.SG15ALE00000AFA0586S500,2012.06,353449,NZDm,Net equity in housing,Net equity in housing,HHAL.QC2
SNEQ.SG15ALE00000AFA0586S500N,2012.06,281,%,Net equity in housing,As a percentage of household disposable income,HHAL.QR5
SNEQ.SG15ALE00000AFL0000S500,2012.06,149772,NZDm,Household financial liabilities,Household net financial wealth,HHAL.QB
SNEQ.SG15ALE00000AFL0000S500N,2012.06,119,%,Household financial liabilities,As a percentage of household disposable income,HHAL.QR2
SNEQ.SG15ALE00000AFL0461S500,2012.06,124162,NZDm,Housing loans,Net equity in housing,HHAL.QB11
SNEQ.SG15ALE00000AFL7000S500,2012.06,199882,NZDm,Household financial liabilities (including rental properties),Memo item: Household debt including rental properties,HHAL.QM21
SNEQ.SG15ALE00000AFL7000S500N,2012.06,159,%,Household financial liabilities (including rental properties) as a percentage of household disposable income,Memo item: Household debt including rental properties,HHAL.QM23
SNEQ.SG15ALE00000AN60000S500,2012.06,477611,NZDm,Housing and land value,Household net wealth,HHAL.QC6
SNEQ.SG15ALE00000AN60000S500N,2012.06,379,%,Housing and land value,As a percentage of household disposable income,HHAL.QR4
SNEQ.SG15ALE00000B900000S500,2012.06,1020655,NZDm,Household net wealth,Household net wealth,HHAL.QC3
SNEQ.SG15ALE00000B900000S500N,2012.06,811,%,Household net wealth,As a percentage of household disposable income,HHAL.QR6
SNEQ.SG15ALE00000B910000S500,2012.06,543044,NZDm,Household net financial wealth,Household net financial wealth,HHAL.QC5
SNEQ.SG15ALE00000B910000S500N,2012.06,431,%,Household net financial wealth,As a percentage of household disposable income,HHAL.QR3
DDEQ.SHA,2012.09,1638900,no,Number of households (at end of quarter),Housing stock,PDWEL.Q.H1.na
DDEQ.SKA,2012.09,1741200,no,Number of private dwellings (at end of quarter),Housing stock,PDWEL.Q.D1.na
SNEA.SG15AB06NR00ANA0000S500,2012.09,126259,NZDm,Household disposable income (year ended),Household disposable income,HHAL.QC4rt12
SNEA.SG15AD041P00AFL0471S500,2012.09,10376,NZDm,Interest payments on housing loans (including rental properties),Memo item: Household debt servicing (year ended),HHAL.QD2.ZZH1rt12
SNEA.SG15AD041P00AFL0481S500,2012.09,1715,NZDm,Interest payments on consumer loans,Memo item: Household debt servicing (year ended),HHAL.QD2.ZZH2rt12
SNEA.SG15AD041P00ANA0000S500,2012.09,12091,NZDm,Total interest payments,Memo item: Household debt servicing (year ended),HHAL.QD2.ZZHrt12
SNEA.SG15AD041P00ANA0000S500N,2012.09,10,%,Total interest payments as a percentage of household disposable income,Memo item: Household debt servicing (year ended),HHAL.QR7.ZZHrt12
SNEQ.SG15AB01GE00ANA0000S900,2012.09,51768,NZDm,Expenditure GDP (quarterly),Nominal Gross Domestic Product (GDP),GDE.Q.EY.NA
SNEQ.SG15AB06NR00ANA0000S500,2012.09,30637,NZDm,Household disposable income (quarterly),Household disposable income,HHAL.QC4
SNEQ.SG15AD041P00AFL0471S500,2012.09,2551,NZDm,Interest payments on housing loans (including rental properties),Memo item: Household debt servicing (quarterly),HHAL.QD2.ZZH1
SNEQ.SG15AD041P00AFL0481S500,2012.09,423,NZDm,Interest payments on consumer loans,Memo item: Household debt servicing (quarterly),HHAL.QD2.ZZH2
SNEQ.SG15AD041P00ANA0000S500,2012.09,2974,NZDm,Total interest payments,Memo item: Household debt servicing (quarterly),HHAL.QD2.ZZH
SNEQ.SG15AD041P00ANA0000S500N,2012.09,10,%,Total interest payments as a percentage of household disposable income,Memo item: Household debt servicing (quarterly),HHAL.QR7.ZZH
SNEQ.SG15ALE00000AFA0000S500,2012.09,710282,NZDm,Household financial assets,Household net financial wealth,HHAL.QA
SNEQ.SG15ALE00000AFA0000S500N,2012.09,563,%,Household financial assets,As a percentage of household disposable income,HHAL.QR1
SNEQ.SG15ALE00000AFA0586S500,2012.09,362558,NZDm,Net equity in housing,Net equity in housing,HHAL.QC2
SNEQ.SG15ALE00000AFA0586S500N,2012.09,287,%,Net equity in housing,As a percentage of household disposable income,HHAL.QR5
SNEQ.SG15ALE00000AFL0000S500,2012.09,150830,NZDm,Household financial liabilities,Household net financial wealth,HHAL.QB
SNEQ.SG15ALE00000AFL0000S500N,2012.09,120,%,Household financial liabilities,As a percentage of household disposable income,HHAL.QR2
SNEQ.SG15ALE00000AFL0461S500,2012.09,125244,NZDm,Housing loans,Net equity in housing,HHAL.QB11
SNEQ.SG15ALE00000AFL7000S500,2012.09,201357,NZDm,Household financial liabilities (including rental properties),Memo item: Household debt including rental properties,HHAL.QM21
SNEQ.SG15ALE00000AFL7000S500N,2012.09,160,%,Household financial liabilities (including rental properties) as a percentage of household disposable income,Memo item: Household debt including rental properties,HHAL.QM23
SNEQ.SG15ALE00000AN60000S500,2012.09,487803,NZDm,Housing and land value,Household net wealth,HHAL.QC6
SNEQ.SG15ALE00000AN60000S500N,2012.09,386,%,Housing and land value,As a percentage of household disposable income,HHAL.QR4
SNEQ.SG15ALE00000B900000S500,2012.09,1047255,NZDm,Household net wealth,Household net wealth,HHAL.QC3
SNEQ.SG15ALE00000B900000S500N,2012.09,829,%,Household net wealth,As a percentage of household disposable income,HHAL.QR6
SNEQ.SG15ALE00000B910000S500,2012.09,559453,NZDm,Household net financial wealth,Household net financial wealth,HHAL.QC5
SNEQ.SG15ALE00000B910000S500N,2012.09,443,%,Household net financial wealth,As a percentage of household disposable income,HHAL.QR3
DDEQ.SHA,2012.12,1641700,no,Number of households (at end of quarter),Housing stock,PDWEL.Q.H1.na
DDEQ.SKA,2012.12,1744600,no,Number of private dwellings (at end of quarter),Housing stock,PDWEL.Q.D1.na
SNEA.SG15AB06NR00ANA0000S500,2012.12,125796,NZDm,Household disposable income (year ended),Household disposable income,HHAL.QC4rt12
SNEA.SG15AD041P00AFL0471S500,2012.12,10283,NZDm,Interest payments on housing loans (including rental properties),Memo item: Household debt servicing (year ended),HHAL.QD2.ZZH1rt12
SNEA.SG15AD041P00AFL0481S500,2012.12,1709,NZDm,Interest payments on consumer loans,Memo item: Household debt servicing (year ended),HHAL.QD2.ZZH2rt12
SNEA.SG15AD041P00ANA0000S500,2012.12,11992,NZDm,Total interest payments,Memo item: Household debt servicing (year ended),HHAL.QD2.ZZHrt12
SNEA.SG15AD041P00ANA0000S500N,2012.12,10,%,Total interest payments as a percentage of household disposable income,Memo item: Household debt servicing (year ended),HHAL.QR7.ZZHrt12
SNEQ.SG15AB01GE00ANA0000S900,2012.12,56843,NZDm,Expenditure GDP (quarterly),Nominal Gross Domestic Product (GDP),GDE.Q.EY.NA
SNEQ.SG15AB06NR00ANA0000S500,2012.12,31389,NZDm,Household disposable income (quarterly),Household disposable income,HHAL.QC4
SNEQ.SG15AD041P00AFL0471S500,2012.12,2536,NZDm,Interest payments on housing loans (including rental properties),Memo item: Household debt servicing (quarterly),HHAL.QD2.ZZH1
SNEQ.SG15AD041P00AFL0481S500,2012.12,429,NZDm,Interest payments on consumer loans,Memo item: Household debt servicing (quarterly),HHAL.QD2.ZZH2
SNEQ.SG15AD041P00ANA0000S500,2012.12,2965,NZDm,Total interest payments,Memo item: Household debt servicing (quarterly),HHAL.QD2.ZZH
SNEQ.SG15AD041P00ANA0000S500N,2012.12,9,%,Total interest payments as a percentage of household disposable income,Memo item: Household debt servicing (quarterly),HHAL.QR7.ZZH
SNEQ.SG15ALE00000AFA0000S500,2012.12,725588,NZDm,Household financial assets,Household net financial wealth,HHAL.QA
SNEQ.SG15ALE00000AFA0000S500N,2012.12,577,%,Household financial assets,As a percentage of household disposable income,HHAL.QR1
SNEQ.SG15ALE00000AFA0586S500,2012.12,371773,NZDm,Net equity in housing,Net equity in housing,HHAL.QC2
SNEQ.SG15ALE00000AFA0586S500N,2012.12,296,%,Net equity in housing,As a percentage of household disposable income,HHAL.QR5
SNEQ.SG15ALE00000AFL0000S500,2012.12,152684,NZDm,Household financial liabilities,Household net financial wealth,HHAL.QB
SNEQ.SG15ALE00000AFL0000S500N,2012.12,121,%,Household financial liabilities,As a percentage of household disposable income,HHAL.QR2
SNEQ.SG15ALE00000AFL0461S500,2012.12,126802,NZDm,Housing loans,Net equity in housing,HHAL.QB11
SNEQ.SG15ALE00000AFL7000S500,2012.12,203785,NZDm,Household financial liabilities (including rental properties),Memo item: Household debt including rental properties,HHAL.QM21
SNEQ.SG15ALE00000AFL7000S500N,2012.12,162,%,Household financial liabilities (including rental properties) as a percentage of household disposable income,Memo item: Household debt including rental properties,HHAL.QM23
SNEQ.SG15ALE00000AN60000S500,2012.12,498575,NZDm,Housing and land value,Household net wealth,HHAL.QC6
SNEQ.SG15ALE00000AN60000S500N,2012.12,396,%,Housing and land value,As a percentage of household disposable income,HHAL.QR4
SNEQ.SG15ALE00000B900000S500,2012.12,1071479,NZDm,Household net wealth,Household net wealth,HHAL.QC3
SNEQ.SG15ALE00000B900000S500N,2012.12,852,%,Household net wealth,As a percentage of household disposable income,HHAL.QR6
SNEQ.SG15ALE00000B910000S500,2012.12,572903,NZDm,Household net financial wealth,Household net financial wealth,HHAL.QC5
SNEQ.SG15ALE00000B910000S500N,2012.12,455,%,Household net financial wealth,As a percentage of household disposable income,HHAL.QR3
DDEQ.SHA,2013.03,1645000,no,Number of households (at end of quarter),Housing stock,PDWEL.Q.H1.na
DDEQ.SKA,2013.03,1749400,no,Number of private dwellings (at end of quarter),Housing stock,PDWEL.Q.D1.na
SNEA.SG15AB01GE00ANA0000S900,2013.03,217926,NZDm,Expenditure GDP (annual),Nominal Gross Domestic Product (GDP),NATE.Y.E0Y.na
SNEA.SG15AB01GP00ANA0000S900,2013.03,217926,NZDm,Production GDP (annual),Nominal Gross Domestic Product (GDP),NATA.Y.G0.na
SNEA.SG15AB06NR00ANA0000S500,2013.03,125208,NZDm,Household disposable income (year ended),Household disposable income,HHAL.QC4rt12
SNEA.SG15AD041P00AFL0471S500,2013.03,10208,NZDm,Interest payments on housing loans (including rental properties),Memo item: Household debt servicing (year ended),HHAL.QD2.ZZH1rt12
SNEA.SG15AD041P00AFL0481S500,2013.03,1701,NZDm,Interest payments on consumer loans,Memo item: Household debt servicing (year ended),HHAL.QD2.ZZH2rt12
SNEA.SG15AD041P00ANA0000S500,2013.03,11909,NZDm,Total interest payments,Memo item: Household debt servicing (year ended),HHAL.QD2.ZZHrt12
SNEA.SG15AD041P00ANA0000S500N,2013.03,10,%,Total interest payments as a percentage of household disposable income,Memo item: Household debt servicing (year ended),HHAL.QR7.ZZHrt12
SNEQ.SG15AB01GE00ANA0000S900,2013.03,55607,NZDm,Expenditure GDP (quarterly),Nominal Gross Domestic Product (GDP),GDE.Q.EY.NA
SNEQ.SG15AB06NR00ANA0000S500,2013.03,31655,NZDm,Household disposable income (quarterly),Household disposable income,HHAL.QC4
SNEQ.SG15AD041P00AFL0471S500,2013.03,2537,NZDm,Interest payments on housing loans (including rental properties),Memo item: Household debt servicing (quarterly),HHAL.QD2.ZZH1
SNEQ.SG15AD041P00AFL0481S500,2013.03,422,NZDm,Interest payments on consumer loans,Memo item: Household debt servicing (quarterly),HHAL.QD2.ZZH2
SNEQ.SG15AD041P00ANA0000S500,2013.03,2959,NZDm,Total interest payments,Memo item: Household debt servicing (quarterly),HHAL.QD2.ZZH
SNEQ.SG15AD041P00ANA0000S500N,2013.03,9,%,Total interest payments as a percentage of household disposable income,Memo item: Household debt servicing (quarterly),HHAL.QR7.ZZH
SNEQ.SG15ALE00000AFA0000S500,2013.03,730083,NZDm,Household financial assets,Household net financial wealth,HHAL.QA
SNEQ.SG15ALE00000AFA0000S500N,2013.03,583,%,Household financial assets,As a percentage of household disposable income,HHAL.QR1
SNEQ.SG15ALE00000AFA0586S500,2013.03,379632,NZDm,Net equity in housing,Net equity in housing,HHAL.QC2
SNEQ.SG15ALE00000AFA0586S500N,2013.03,303,%,Net equity in housing,As a percentage of household disposable income,HHAL.QR5
SNEQ.SG15ALE00000AFL0000S500,2013.03,154463,NZDm,Household financial liabilities,Household net financial wealth,HHAL.QB
SNEQ.SG15ALE00000AFL0000S500N,2013.03,123,%,Household financial liabilities,As a percentage of household disposable income,HHAL.QR2
SNEQ.SG15ALE00000AFL0461S500,2013.03,128727,NZDm,Housing loans,Net equity in housing,HHAL.QB11
SNEQ.SG15ALE00000AFL7000S500,2013.03,206327,NZDm,Household financial liabilities (including rental properties),Memo item: Household debt including rental properties,HHAL.QM21
SNEQ.SG15ALE00000AFL7000S500N,2013.03,165,%,Household financial liabilities (including rental properties) as a percentage of household disposable income,Memo item: Household debt including rental properties,HHAL.QM23
SNEQ.SG15ALE00000AN60000S500,2013.03,508359,NZDm,Housing and land value,Household net wealth,HHAL.QC6
SNEQ.SG15ALE00000AN60000S500N,2013.03,406,%,Housing and land value,As a percentage of household disposable income,HHAL.QR4
SNEQ.SG15ALE00000B900000S500,2013.03,1083979,NZDm,Household net wealth,Household net wealth,HHAL.QC3
SNEQ.SG15ALE00000B900000S500N,2013.03,866,%,Household net wealth,As a percentage of household disposable income,HHAL.QR6
SNEQ.SG15ALE00000B910000S500,2013.03,575620,NZDm,Household net financial wealth,Household net financial wealth,HHAL.QC5
SNEQ.SG15ALE00000B910000S500N,2013.03,460,%,Household net financial wealth,As a percentage of household disposable income,HHAL.QR3
DDEQ.SHA,2013.06,1648500,no,Number of households (at end of quarter),Housing stock,PDWEL.Q.H1.na
DDEQ.SKA,2013.06,1753300,no,Number of private dwellings (at end of quarter),Housing stock,PDWEL.Q.D1.na
SNEA.SG15AB06NR00ANA0000S500,2013.06,122874,NZDm,Household disposable income (year ended),Household disposable income,HHAL.QC4rt12
SNEA.SG15AD041P00AFL0471S500,2013.06,10170,NZDm,Interest payments on housing loans (including rental properties),Memo item: Household debt servicing (year ended),HHAL.QD2.ZZH1rt12
SNEA.SG15AD041P00AFL0481S500,2013.06,1696,NZDm,Interest payments on consumer loans,Memo item: Household debt servicing (year ended),HHAL.QD2.ZZH2rt12
SNEA.SG15AD041P00ANA0000S500,2013.06,11866,NZDm,Total interest payments,Memo item: Household debt servicing (year ended),HHAL.QD2.ZZHrt12
SNEA.SG15AD041P00ANA0000S500N,2013.06,10,%,Total interest payments as a percentage of household disposable income,Memo item: Household debt servicing (year ended),HHAL.QR7.ZZHrt12
SNEQ.SG15AB01GE00ANA0000S900,2013.06,54965,NZDm,Expenditure GDP (quarterly),Nominal Gross Domestic Product (GDP),GDE.Q.EY.NA
SNEQ.SG15AB06NR00ANA0000S500,2013.06,29193,NZDm,Household disposable income (quarterly),Household disposable income,HHAL.QC4
SNEQ.SG15AD041P00AFL0471S500,2013.06,2547,NZDm,Interest payments on housing loans (including rental properties),Memo item: Household debt servicing (quarterly),HHAL.QD2.ZZH1
SNEQ.SG15AD041P00AFL0481S500,2013.06,422,NZDm,Interest payments on consumer loans,Memo item: Household debt servicing (quarterly),HHAL.QD2.ZZH2
SNEQ.SG15AD041P00ANA0000S500,2013.06,2969,NZDm,Total interest payments,Memo item: Household debt servicing (quarterly),HHAL.QD2.ZZH
SNEQ.SG15AD041P00ANA0000S500N,2013.06,10,%,Total interest payments as a percentage of household disposable income,Memo item: Household debt servicing (quarterly),HHAL.QR7.ZZH
SNEQ.SG15ALE00000AFA0000S500,2013.06,732373,NZDm,Household financial assets,Household net financial wealth,HHAL.QA
SNEQ.SG15ALE00000AFA0000S500N,2013.06,596,%,Household financial assets,As a percentage of household disposable income,HHAL.QR1
SNEQ.SG15ALE00000AFA0586S500,2013.06,390926,NZDm,Net equity in housing,Net equity in housing,HHAL.QC2
SNEQ.SG15ALE00000AFA0586S500N,2013.06,318,%,Net equity in housing,As a percentage of household disposable income,HHAL.QR5
SNEQ.SG15ALE00000AFL0000S500,2013.06,157114,NZDm,Household financial liabilities,Household net financial wealth,HHAL.QB
SNEQ.SG15ALE00000AFL0000S500N,2013.06,128,%,Household financial liabilities,As a percentage of household disposable income,HHAL.QR2
SNEQ.SG15ALE00000AFL0461S500,2013.06,130717,NZDm,Housing loans,Net equity in housing,HHAL.QB11
SNEQ.SG15ALE00000AFL7000S500,2013.06,209755,NZDm,Household financial liabilities (including rental properties),Memo item: Household debt including rental properties,HHAL.QM21
SNEQ.SG15ALE00000AFL7000S500N,2013.06,171,%,Household financial liabilities (including rental properties) as a percentage of household disposable income,Memo item: Household debt including rental properties,HHAL.QM23
SNEQ.SG15ALE00000AN60000S500,2013.06,521643,NZDm,Housing and land value,Household net wealth,HHAL.QC6
SNEQ.SG15ALE00000AN60000S500N,2013.06,425,%,Housing and land value,As a percentage of household disposable income,HHAL.QR4
SNEQ.SG15ALE00000B900000S500,2013.06,1096902,NZDm,Household net wealth,Household net wealth,HHAL.QC3
SNEQ.SG15ALE00000B900000S500N,2013.06,893,%,Household net wealth,As a percentage of household disposable income,HHAL.QR6
SNEQ.SG15ALE00000B910000S500,2013.06,575259,NZDm,Household net financial wealth,Household net financial wealth,HHAL.QC5
SNEQ.SG15ALE00000B910000S500N,2013.06,468,%,Household net financial wealth,As a percentage of household disposable income,HHAL.QR3
DDEQ.SHA,2013.09,1653700,no,Number of households (at end of quarter),Housing stock,PDWEL.Q.H1.na
DDEQ.SKA,2013.09,1757000,no,Number of private dwellings (at end of quarter),Housing stock,PDWEL.Q.D1.na
SNEA.SG15AB06NR00ANA0000S500,2013.09,124588,NZDm,Household disposable income (year ended),Household disposable income,HHAL.QC4rt12
SNEA.SG15AD041P00AFL0471S500,2013.09,10181,NZDm,Interest payments on housing loans (including rental properties),Memo item: Household debt servicing (year ended),HHAL.QD2.ZZH1rt12
SNEA.SG15AD041P00AFL0481S500,2013.09,1693,NZDm,Interest payments on consumer loans,Memo item: Household debt servicing (year ended),HHAL.QD2.ZZH2rt12
SNEA.SG15AD041P00ANA0000S500,2013.09,11874,NZDm,Total interest payments,Memo item: Household debt servicing (year ended),HHAL.QD2.ZZHrt12
SNEA.SG15AD041P00ANA0000S500N,2013.09,10,%,Total interest payments as a percentage of household disposable income,Memo item: Household debt servicing (year ended),HHAL.QR7.ZZHrt12
SNEQ.SG15AB01GE00ANA0000S900,2013.09,55206,NZDm,Expenditure GDP (quarterly),Nominal Gross Domestic Product (GDP),GDE.Q.EY.NA
SNEQ.SG15AB06NR00ANA0000S500,2013.09,32351,NZDm,Household disposable income (quarterly),Household disposable income,HHAL.QC4
SNEQ.SG15AD041P00AFL0471S500,2013.09,2562,NZDm,Interest payments on housing loans (including rental properties),Memo item: Household debt servicing (quarterly),HHAL.QD2.ZZH1
SNEQ.SG15AD041P00AFL0481S500,2013.09,420,NZDm,Interest payments on consumer loans,Memo item: Household debt servicing (quarterly),HHAL.QD2.ZZH2
SNEQ.SG15AD041P00ANA0000S500,2013.09,2982,NZDm,Total interest payments,Memo item: Household debt servicing (quarterly),HHAL.QD2.ZZH
SNEQ.SG15AD041P00ANA0000S500N,2013.09,9,%,Total interest payments as a percentage of household disposable income,Memo item: Household debt servicing (quarterly),HHAL.QR7.ZZH
SNEQ.SG15ALE00000AFA0000S500,2013.09,749804,NZDm,Household financial assets,Household net financial wealth,HHAL.QA
SNEQ.SG15ALE00000AFA0000S500N,2013.09,602,%,Household financial assets,As a percentage of household disposable income,HHAL.QR1
SNEQ.SG15ALE00000AFA0586S500,2013.09,402126,NZDm,Net equity in housing,Net equity in housing,HHAL.QC2
SNEQ.SG15ALE00000AFA0586S500N,2013.09,323,%,Net equity in housing,As a percentage of household disposable income,HHAL.QR5
SNEQ.SG15ALE00000AFL0000S500,2013.09,158908,NZDm,Household financial liabilities,Household net financial wealth,HHAL.QB
SNEQ.SG15ALE00000AFL0000S500N,2013.09,128,%,Household financial liabilities,As a percentage of household disposable income,HHAL.QR2
SNEQ.SG15ALE00000AFL0461S500,2013.09,132483,NZDm,Housing loans,Net equity in housing,HHAL.QB11
SNEQ.SG15ALE00000AFL7000S500,2013.09,212247,NZDm,Household financial liabilities (including rental properties),Memo item: Household debt including rental properties,HHAL.QM21
SNEQ.SG15ALE00000AFL7000S500N,2013.09,170,%,Household financial liabilities (including rental properties) as a percentage of household disposable income,Memo item: Household debt including rental properties,HHAL.QM23
SNEQ.SG15ALE00000AN60000S500,2013.09,534609,NZDm,Housing and land value,Household net wealth,HHAL.QC6
SNEQ.SG15ALE00000AN60000S500N,2013.09,429,%,Housing and land value,As a percentage of household disposable income,HHAL.QR4
SNEQ.SG15ALE00000B900000S500,2013.09,1125505,NZDm,Household net wealth,Household net wealth,HHAL.QC3
SNEQ.SG15ALE00000B900000S500N,2013.09,903,%,Household net wealth,As a percentage of household disposable income,HHAL.QR6
SNEQ.SG15ALE00000B910000S500,2013.09,590896,NZDm,Household net financial wealth,Household net financial wealth,HHAL.QC5
SNEQ.SG15ALE00000B910000S500N,2013.09,474,%,Household net financial wealth,As a percentage of household disposable income,HHAL.QR3
DDEQ.SHA,2013.12,1658500,no,Number of households (at end of quarter),Housing stock,PDWEL.Q.H1.na
DDEQ.SKA,2013.12,1761400,no,Number of private dwellings (at end of quarter),Housing stock,PDWEL.Q.D1.na
SNEA.SG15AB06NR00ANA0000S500,2013.12,128868,NZDm,Household disposable income (year ended),Household disposable income,HHAL.QC4rt12
SNEA.SG15AD041P00AFL0471S500,2013.12,10237,NZDm,Interest payments on housing loans (including rental properties),Memo item: Household debt servicing (year ended),HHAL.QD2.ZZH1rt12
SNEA.SG15AD041P00AFL0481S500,2013.12,1700,NZDm,Interest payments on consumer loans,Memo item: Household debt servicing (year ended),HHAL.QD2.ZZH2rt12
SNEA.SG15AD041P00ANA0000S500,2013.12,11937,NZDm,Total interest payments,Memo item: Household debt servicing (year ended),HHAL.QD2.ZZHrt12
SNEA.SG15AD041P00ANA0000S500N,2013.12,9,%,Total interest payments as a percentage of household disposable income,Memo item: Household debt servicing (year ended),HHAL.QR7.ZZHrt12
SNEQ.SG15AB01GE00ANA0000S900,2013.12,62479,NZDm,Expenditure GDP (quarterly),Nominal Gross Domestic Product (GDP),GDE.Q.EY.NA
SNEQ.SG15AB06NR00ANA0000S500,2013.12,35669,NZDm,Household disposable income (quarterly),Household disposable income,HHAL.QC4
SNEQ.SG15AD041P00AFL0471S500,2013.12,2592,NZDm,Interest payments on housing loans (including rental properties),Memo item: Household debt servicing (quarterly),HHAL.QD2.ZZH1
SNEQ.SG15AD041P00AFL0481S500,2013.12,436,NZDm,Interest payments on consumer loans,Memo item: Household debt servicing (quarterly),HHAL.QD2.ZZH2
SNEQ.SG15AD041P00ANA0000S500,2013.12,3028,NZDm,Total interest payments,Memo item: Household debt servicing (quarterly),HHAL.QD2.ZZH
SNEQ.SG15AD041P00ANA0000S500N,2013.12,9,%,Total interest payments as a percentage of household disposable income,Memo item: Household debt servicing (quarterly),HHAL.QR7.ZZH
SNEQ.SG15ALE00000AFA0000S500,2013.12,750565,NZDm,Household financial assets,Household net financial wealth,HHAL.QA
SNEQ.SG15ALE00000AFA0000S500N,2013.12,582,%,Household financial assets,As a percentage of household disposable income,HHAL.QR1
SNEQ.SG15ALE00000AFA0586S500,2013.12,407857,NZDm,Net equity in housing,Net equity in housing,HHAL.QC2
SNEQ.SG15ALE00000AFA0586S500N,2013.12,317,%,Net equity in housing,As a percentage of household disposable income,HHAL.QR5
SNEQ.SG15ALE00000AFL0000S500,2013.12,161081,NZDm,Household financial liabilities,Household net financial wealth,HHAL.QB
SNEQ.SG15ALE00000AFL0000S500N,2013.12,125,%,Household financial liabilities,As a percentage of household disposable income,HHAL.QR2
SNEQ.SG15ALE00000AFL0461S500,2013.12,134219,NZDm,Housing loans,Net equity in housing,HHAL.QB11
SNEQ.SG15ALE00000AFL7000S500,2013.12,215117,NZDm,Household financial liabilities (including rental properties),Memo item: Household debt including rental properties,HHAL.QM21
SNEQ.SG15ALE00000AFL7000S500N,2013.12,167,%,Household financial liabilities (including rental properties) as a percentage of household disposable income,Memo item: Household debt including rental properties,HHAL.QM23
SNEQ.SG15ALE00000AN60000S500,2013.12,542076,NZDm,Housing and land value,Household net wealth,HHAL.QC6
SNEQ.SG15ALE00000AN60000S500N,2013.12,421,%,Housing and land value,As a percentage of household disposable income,HHAL.QR4
SNEQ.SG15ALE00000B900000S500,2013.12,1131560,NZDm,Household net wealth,Household net wealth,HHAL.QC3
SNEQ.SG15ALE00000B900000S500N,2013.12,878,%,Household net wealth,As a percentage of household disposable income,HHAL.QR6
SNEQ.SG15ALE00000B910000S500,2013.12,589484,NZDm,Household net financial wealth,Household net financial wealth,HHAL.QC5
SNEQ.SG15ALE00000B910000S500N,2013.12,457,%,Household net financial wealth,As a percentage of household disposable income,HHAL.QR3
DDEQ.SHA,2014.03,1664400,no,Number of households (at end of quarter),Housing stock,PDWEL.Q.H1.na
DDEQ.SKA,2014.03,1766000,no,Number of private dwellings (at end of quarter),Housing stock,PDWEL.Q.D1.na
SNEA.SG15AB01GE00ANA0000S900,2014.03,232922,NZDm,Expenditure GDP (annual),Nominal Gross Domestic Product (GDP),NATE.Y.E0Y.na
SNEA.SG15AB01GP00ANA0000S900,2014.03,232922,NZDm,Production GDP (annual),Nominal Gross Domestic Product (GDP),NATA.Y.G0.na
SNEA.SG15AB06NR00ANA0000S500,2014.03,130632,NZDm,Household disposable income (year ended),Household disposable income,HHAL.QC4rt12
SNEA.SG15AD041P00AFL0471S500,2014.03,10335,NZDm,Interest payments on housing loans (including rental properties),Memo item: Household debt servicing (year ended),HHAL.QD2.ZZH1rt12
SNEA.SG15AD041P00AFL0481S500,2014.03,1720,NZDm,Interest payments on consumer loans,Memo item: Household debt servicing (year ended),HHAL.QD2.ZZH2rt12
SNEA.SG15AD041P00ANA0000S500,2014.03,12055,NZDm,Total interest payments,Memo item: Household debt servicing (year ended),HHAL.QD2.ZZHrt12
SNEA.SG15AD041P00ANA0000S500N,2014.03,9,%,Total interest payments as a percentage of household disposable income,Memo item: Household debt servicing (year ended),HHAL.QR7.ZZHrt12
SNEQ.SG15AB01GE00ANA0000S900,2014.03,60271,NZDm,Expenditure GDP (quarterly),Nominal Gross Domestic Product (GDP),GDE.Q.EY.NA
SNEQ.SG15AB06NR00ANA0000S500,2014.03,33419,NZDm,Household disposable income (quarterly),Household disposable income,HHAL.QC4
SNEQ.SG15AD041P00AFL0471S500,2014.03,2634,NZDm,Interest payments on housing loans (including rental properties),Memo item: Household debt servicing (quarterly),HHAL.QD2.ZZH1
SNEQ.SG15AD041P00AFL0481S500,2014.03,442,NZDm,Interest payments on consumer loans,Memo item: Household debt servicing (quarterly),HHAL.QD2.ZZH2
SNEQ.SG15AD041P00ANA0000S500,2014.03,3076,NZDm,Total interest payments,Memo item: Household debt servicing (quarterly),HHAL.QD2.ZZH
SNEQ.SG15AD041P00ANA0000S500N,2014.03,9,%,Total interest payments as a percentage of household disposable income,Memo item: Household debt servicing (quarterly),HHAL.QR7.ZZH
SNEQ.SG15ALE00000AFA0000S500,2014.03,773590,NZDm,Household financial assets,Household net financial wealth,HHAL.QA
SNEQ.SG15ALE00000AFA0000S500N,2014.03,592,%,Household financial assets,As a percentage of household disposable income,HHAL.QR1
SNEQ.SG15ALE00000AFA0586S500,2014.03,411894,NZDm,Net equity in housing,Net equity in housing,HHAL.QC2
SNEQ.SG15ALE00000AFA0586S500N,2014.03,315,%,Net equity in housing,As a percentage of household disposable income,HHAL.QR5
SNEQ.SG15ALE00000AFL0000S500,2014.03,163473,NZDm,Household financial liabilities,Household net financial wealth,HHAL.QB
SNEQ.SG15ALE00000AFL0000S500N,2014.03,125,%,Household financial liabilities,As a percentage of household disposable income,HHAL.QR2
SNEQ.SG15ALE00000AFL0461S500,2014.03,135791,NZDm,Housing loans,Net equity in housing,HHAL.QB11
SNEQ.SG15ALE00000AFL7000S500,2014.03,218301,NZDm,Household financial liabilities (including rental properties),Memo item: Household debt including rental properties,HHAL.QM21
SNEQ.SG15ALE00000AFL7000S500N,2014.03,167,%,Household financial liabilities (including rental properties) as a percentage of household disposable income,Memo item: Household debt including rental properties,HHAL.QM23
SNEQ.SG15ALE00000AN60000S500,2014.03,547685,NZDm,Housing and land value,Household net wealth,HHAL.QC6
SNEQ.SG15ALE00000AN60000S500N,2014.03,419,%,Housing and land value,As a percentage of household disposable income,HHAL.QR4
SNEQ.SG15ALE00000B900000S500,2014.03,1157802,NZDm,Household net wealth,Household net wealth,HHAL.QC3
SNEQ.SG15ALE00000B900000S500N,2014.03,886,%,Household net wealth,As a percentage of household disposable income,HHAL.QR6
SNEQ.SG15ALE00000B910000S500,2014.03,610117,NZDm,Household net financial wealth,Household net financial wealth,HHAL.QC5
SNEQ.SG15ALE00000B910000S500N,2014.03,467,%,Household net financial wealth,As a percentage of household disposable income,HHAL.QR3
DDEQ.SHA,2014.06,1670600,no,Number of households (at end of quarter),Housing stock,PDWEL.Q.H1.na
DDEQ.SKA,2014.06,1771100,no,Number of private dwellings (at end of quarter),Housing stock,PDWEL.Q.D1.na
SNEA.SG15AB06NR00ANA0000S500,2014.06,134089,NZDm,Household disposable income (year ended),Household disposable income,HHAL.QC4rt12
SNEA.SG15AD041P00AFL0471S500,2014.06,10551,NZDm,Interest payments on housing loans (including rental properties),Memo item: Household debt servicing (year ended),HHAL.QD2.ZZH1rt12
SNEA.SG15AD041P00AFL0481S500,2014.06,1750,NZDm,Interest payments on consumer loans,Memo item: Household debt servicing (year ended),HHAL.QD2.ZZH2rt12
SNEA.SG15AD041P00ANA0000S500,2014.06,12301,NZDm,Total interest payments,Memo item: Household debt servicing (year ended),HHAL.QD2.ZZHrt12
SNEA.SG15AD041P00ANA0000S500N,2014.06,9,%,Total interest payments as a percentage of household disposable income,Memo item: Household debt servicing (year ended),HHAL.QR7.ZZHrt12
SNEQ.SG15AB01GE00ANA0000S900,2014.06,59172,NZDm,Expenditure GDP (quarterly),Nominal Gross Domestic Product (GDP),GDE.Q.EY.NA
SNEQ.SG15AB06NR00ANA0000S500,2014.06,32650,NZDm,Household disposable income (quarterly),Household disposable income,HHAL.QC4
SNEQ.SG15AD041P00AFL0471S500,2014.06,2762,NZDm,Interest payments on housing loans (including rental properties),Memo item: Household debt servicing (quarterly),HHAL.QD2.ZZH1
SNEQ.SG15AD041P00AFL0481S500,2014.06,452,NZDm,Interest payments on consumer loans,Memo item: Household debt servicing (quarterly),HHAL.QD2.ZZH2
SNEQ.SG15AD041P00ANA0000S500,2014.06,3214,NZDm,Total interest payments,Memo item: Household debt servicing (quarterly),HHAL.QD2.ZZH
SNEQ.SG15AD041P00ANA0000S500N,2014.06,10,%,Total interest payments as a percentage of household disposable income,Memo item: Household debt servicing (quarterly),HHAL.QR7.ZZH
SNEQ.SG15ALE00000AFA0000S500,2014.06,783801,NZDm,Household financial assets,Household net financial wealth,HHAL.QA
SNEQ.SG15ALE00000AFA0000S500N,2014.06,585,%,Household financial assets,As a percentage of household disposable income,HHAL.QR1
SNEQ.SG15ALE00000AFA0586S500,2014.06,421274,NZDm,Net equity in housing,Net equity in housing,HHAL.QC2
SNEQ.SG15ALE00000AFA0586S500N,2014.06,314,%,Net equity in housing,As a percentage of household disposable income,HHAL.QR5
SNEQ.SG15ALE00000AFL0000S500,2014.06,165269,NZDm,Household financial liabilities,Household net financial wealth,HHAL.QB
SNEQ.SG15ALE00000AFL0000S500N,2014.06,123,%,Household financial liabilities,As a percentage of household disposable income,HHAL.QR2
SNEQ.SG15ALE00000AFL0461S500,2014.06,137463,NZDm,Housing loans,Net equity in housing,HHAL.QB11
SNEQ.SG15ALE00000AFL7000S500,2014.06,220765,NZDm,Household financial liabilities (including rental properties),Memo item: Household debt including rental properties,HHAL.QM21
SNEQ.SG15ALE00000AFL7000S500N,2014.06,165,%,Household financial liabilities (including rental properties) as a percentage of household disposable income,Memo item: Household debt including rental properties,HHAL.QM23
SNEQ.SG15ALE00000AN60000S500,2014.06,558736,NZDm,Housing and land value,Household net wealth,HHAL.QC6
SNEQ.SG15ALE00000AN60000S500N,2014.06,417,%,Housing and land value,As a percentage of household disposable income,HHAL.QR4
SNEQ.SG15ALE00000B900000S500,2014.06,1177269,NZDm,Household net wealth,Household net wealth,HHAL.QC3
SNEQ.SG15ALE00000B900000S500N,2014.06,878,%,Household net wealth,As a percentage of household disposable income,HHAL.QR6
SNEQ.SG15ALE00000B910000S500,2014.06,618532,NZDm,Household net financial wealth,Household net financial wealth,HHAL.QC5
SNEQ.SG15ALE00000B910000S500N,2014.06,461,%,Household net financial wealth,As a percentage of household disposable income,HHAL.QR3
DDEQ.SHA,2014.09,1677500,no,Number of households (at end of quarter),Housing stock,PDWEL.Q.H1.na
DDEQ.SKA,2014.09,1775700,no,Number of private dwellings (at end of quarter),Housing stock,PDWEL.Q.D1.na
SNEA.SG15AB06NR00ANA0000S500,2014.09,134691,NZDm,Household disposable income (year ended),Household disposable income,HHAL.QC4rt12
SNEA.SG15AD041P00AFL0471S500,2014.09,10869,NZDm,Interest payments on housing loans (including rental properties),Memo item: Household debt servicing (year ended),HHAL.QD2.ZZH1rt12
SNEA.SG15AD041P00AFL0481S500,2014.09,1794,NZDm,Interest payments on consumer loans,Memo item: Household debt servicing (year ended),HHAL.QD2.ZZH2rt12
SNEA.SG15AD041P00ANA0000S500,2014.09,12663,NZDm,Total interest payments,Memo item: Household debt servicing (year ended),HHAL.QD2.ZZHrt12
SNEA.SG15AD041P00ANA0000S500N,2014.09,9,%,Total interest payments as a percentage of household disposable income,Memo item: Household debt servicing (year ended),HHAL.QR7.ZZHrt12
SNEQ.SG15AB01GE00ANA0000S900,2014.09,57922,NZDm,Expenditure GDP (quarterly),Nominal Gross Domestic Product (GDP),GDE.Q.EY.NA
SNEQ.SG15AB06NR00ANA0000S500,2014.09,32953,NZDm,Household disposable income (quarterly),Household disposable income,HHAL.QC4
SNEQ.SG15AD041P00AFL0471S500,2014.09,2880,NZDm,Interest payments on housing loans (including rental properties),Memo item: Household debt servicing (quarterly),HHAL.QD2.ZZH1
SNEQ.SG15AD041P00AFL0481S500,2014.09,464,NZDm,Interest payments on consumer loans,Memo item: Household debt servicing (quarterly),HHAL.QD2.ZZH2
SNEQ.SG15AD041P00ANA0000S500,2014.09,3344,NZDm,Total interest payments,Memo item: Household debt servicing (quarterly),HHAL.QD2.ZZH
SNEQ.SG15AD041P00ANA0000S500N,2014.09,10,%,Total interest payments as a percentage of household disposable income,Memo item: Household debt servicing (quarterly),HHAL.QR7.ZZH
SNEQ.SG15ALE00000AFA0000S500,2014.09,797013,NZDm,Household financial assets,Household net financial wealth,HHAL.QA
SNEQ.SG15ALE00000AFA0000S500N,2014.09,592,%,Household financial assets,As a percentage of household disposable income,HHAL.QR1
SNEQ.SG15ALE00000AFA0586S500,2014.09,427256,NZDm,Net equity in housing,Net equity in housing,HHAL.QC2
SNEQ.SG15ALE00000AFA0586S500N,2014.09,317,%,Net equity in housing,As a percentage of household disposable income,HHAL.QR5
SNEQ.SG15ALE00000AFL0000S500,2014.09,166563,NZDm,Household financial liabilities,Household net financial wealth,HHAL.QB
SNEQ.SG15ALE00000AFL0000S500N,2014.09,124,%,Household financial liabilities,As a percentage of household disposable income,HHAL.QR2
SNEQ.SG15ALE00000AFL0461S500,2014.09,138584,NZDm,Housing loans,Net equity in housing,HHAL.QB11
SNEQ.SG15ALE00000AFL7000S500,2014.09,222508,NZDm,Household financial liabilities (including rental properties),Memo item: Household debt including rental properties,HHAL.QM21
SNEQ.SG15ALE00000AFL7000S500N,2014.09,165,%,Household financial liabilities (including rental properties) as a percentage of household disposable income,Memo item: Household debt including rental properties,HHAL.QM23
SNEQ.SG15ALE00000AN60000S500,2014.09,565841,NZDm,Housing and land value,Household net wealth,HHAL.QC6
SNEQ.SG15ALE00000AN60000S500N,2014.09,420,%,Housing and land value,As a percentage of household disposable income,HHAL.QR4
SNEQ.SG15ALE00000B900000S500,2014.09,1196291,NZDm,Household net wealth,Household net wealth,HHAL.QC3
SNEQ.SG15ALE00000B900000S500N,2014.09,888,%,Household net wealth,As a percentage of household disposable income,HHAL.QR6
SNEQ.SG15ALE00000B910000S500,2014.09,630451,NZDm,Household net financial wealth,Household net financial wealth,HHAL.QC5
SNEQ.SG15ALE00000B910000S500N,2014.09,468,%,Household net financial wealth,As a percentage of household disposable income,HHAL.QR3
DDEQ.SHA,2014.12,1683500,no,Number of households (at end of quarter),Housing stock,PDWEL.Q.H1.na
DDEQ.SKA,2014.12,1780800,no,Number of private dwellings (at end of quarter),Housing stock,PDWEL.Q.D1.na
SNEA.SG15AB06NR00ANA0000S500,2014.12,134033,NZDm,Household disposable income (year ended),Household disposable income,HHAL.QC4rt12
SNEA.SG15AD041P00AFL0471S500,2014.12,11225,NZDm,Interest payments on housing loans (including rental properties),Memo item: Household debt servicing (year ended),HHAL.QD2.ZZH1rt12
SNEA.SG15AD041P00AFL0481S500,2014.12,1840,NZDm,Interest payments on consumer loans,Memo item: Household debt servicing (year ended),HHAL.QD2.ZZH2rt12
SNEA.SG15AD041P00ANA0000S500,2014.12,13065,NZDm,Total interest payments,Memo item: Household debt servicing (year ended),HHAL.QD2.ZZHrt12
SNEA.SG15AD041P00ANA0000S500N,2014.12,10,%,Total interest payments as a percentage of household disposable income,Memo item: Household debt servicing (year ended),HHAL.QR7.ZZHrt12
SNEQ.SG15AB01GE00ANA0000S900,2014.12,63722,NZDm,Expenditure GDP (quarterly),Nominal Gross Domestic Product (GDP),GDE.Q.EY.NA
SNEQ.SG15AB06NR00ANA0000S500,2014.12,35011,NZDm,Household disposable income (quarterly),Household disposable income,HHAL.QC4
SNEQ.SG15AD041P00AFL0471S500,2014.12,2948,NZDm,Interest payments on housing loans (including rental properties),Memo item: Household debt servicing (quarterly),HHAL.QD2.ZZH1
SNEQ.SG15AD041P00AFL0481S500,2014.12,482,NZDm,Interest payments on consumer loans,Memo item: Household debt servicing (quarterly),HHAL.QD2.ZZH2
SNEQ.SG15AD041P00ANA0000S500,2014.12,3430,NZDm,Total interest payments,Memo item: Household debt servicing (quarterly),HHAL.QD2.ZZH
SNEQ.SG15AD041P00ANA0000S500N,2014.12,10,%,Total interest payments as a percentage of household disposable income,Memo item: Household debt servicing (quarterly),HHAL.QR7.ZZH
SNEQ.SG15ALE00000AFA0000S500,2014.12,825845,NZDm,Household financial assets,Household net financial wealth,HHAL.QA
SNEQ.SG15ALE00000AFA0000S500N,2014.12,616,%,Household financial assets,As a percentage of household disposable income,HHAL.QR1
SNEQ.SG15ALE00000AFA0586S500,2014.12,440686,NZDm,Net equity in housing,Net equity in housing,HHAL.QC2
SNEQ.SG15ALE00000AFA0586S500N,2014.12,329,%,Net equity in housing,As a percentage of household disposable income,HHAL.QR5
SNEQ.SG15ALE00000AFL0000S500,2014.12,168576,NZDm,Household financial liabilities,Household net financial wealth,HHAL.QB
SNEQ.SG15ALE00000AFL0000S500N,2014.12,126,%,Household financial liabilities,As a percentage of household disposable income,HHAL.QR2
SNEQ.SG15ALE00000AFL0461S500,2014.12,140198,NZDm,Housing loans,Net equity in housing,HHAL.QB11
SNEQ.SG15ALE00000AFL7000S500,2014.12,225172,NZDm,Household financial liabilities (including rental properties),Memo item: Household debt including rental properties,HHAL.QM21
SNEQ.SG15ALE00000AFL7000S500N,2014.12,168,%,Household financial liabilities (including rental properties) as a percentage of household disposable income,Memo item: Household debt including rental properties,HHAL.QM23
SNEQ.SG15ALE00000AN60000S500,2014.12,580883,NZDm,Housing and land value,Household net wealth,HHAL.QC6
SNEQ.SG15ALE00000AN60000S500N,2014.12,433,%,Housing and land value,As a percentage of household disposable income,HHAL.QR4
SNEQ.SG15ALE00000B900000S500,2014.12,1238153,NZDm,Household net wealth,Household net wealth,HHAL.QC3
SNEQ.SG15ALE00000B900000S500N,2014.12,924,%,Household net wealth,As a percentage of household disposable income,HHAL.QR6
SNEQ.SG15ALE00000B910000S500,2014.12,657270,NZDm,Household net financial wealth,Household net financial wealth,HHAL.QC5
SNEQ.SG15ALE00000B910000S500N,2014.12,490,%,Household net financial wealth,As a percentage of household disposable income,HHAL.QR3
DDEQ.SHA,2015.03,1690500,no,Number of households (at end of quarter),Housing stock,PDWEL.Q.H1.na
DDEQ.SKA,2015.03,1786100,no,Number of private dwellings (at end of quarter),Housing stock,PDWEL.Q.D1.na
SNEA.SG15AB01GE00ANA0000S900,2015.03,242917,NZDm,Expenditure GDP (annual),Nominal Gross Domestic Product (GDP),NATE.Y.E0Y.na
SNEA.SG15AB01GP00ANA0000S900,2015.03,242917,NZDm,Production GDP (annual),Nominal Gross Domestic Product (GDP),NATA.Y.G0.na
SNEA.SG15AB06NR00ANA0000S500,2015.03,133492,NZDm,Household disposable income (year ended),Household disposable income,HHAL.QC4rt12
SNEA.SG15AD041P00AFL0471S500,2015.03,11592,NZDm,Interest payments on housing loans (including rental properties),Memo item: Household debt servicing (year ended),HHAL.QD2.ZZH1rt12
SNEA.SG15AD041P00AFL0481S500,2015.03,1881,NZDm,Interest payments on consumer loans,Memo item: Household debt servicing (year ended),HHAL.QD2.ZZH2rt12
SNEA.SG15AD041P00ANA0000S500,2015.03,13473,NZDm,Total interest payments,Memo item: Household debt servicing (year ended),HHAL.QD2.ZZHrt12
SNEA.SG15AD041P00ANA0000S500N,2015.03,10,%,Total interest payments as a percentage of household disposable income,Memo item: Household debt servicing (year ended),HHAL.QR7.ZZHrt12
SNEQ.SG15AB01GE00ANA0000S900,2015.03,62101,NZDm,Expenditure GDP (quarterly),Nominal Gross Domestic Product (GDP),GDE.Q.EY.NA
SNEQ.SG15AB06NR00ANA0000S500,2015.03,32878,NZDm,Household disposable income (quarterly),Household disposable income,HHAL.QC4
SNEQ.SG15AD041P00AFL0471S500,2015.03,3001,NZDm,Interest payments on housing loans (including rental properties),Memo item: Household debt servicing (quarterly),HHAL.QD2.ZZH1
SNEQ.SG15AD041P00AFL0481S500,2015.03,482,NZDm,Interest payments on consumer loans,Memo item: Household debt servicing (quarterly),HHAL.QD2.ZZH2
SNEQ.SG15AD041P00ANA0000S500,2015.03,3483,NZDm,Total interest payments,Memo item: Household debt servicing (quarterly),HHAL.QD2.ZZH
SNEQ.SG15AD041P00ANA0000S500N,2015.03,11,%,Total interest payments as a percentage of household disposable income,Memo item: Household debt servicing (quarterly),HHAL.QR7.ZZH
SNEQ.SG15ALE00000AFA0000S500,2015.03,846842,NZDm,Household financial assets,Household net financial wealth,HHAL.QA
SNEQ.SG15ALE00000AFA0000S500N,2015.03,634,%,Household financial assets,As a percentage of household disposable income,HHAL.QR1
SNEQ.SG15ALE00000AFA0586S500,2015.03,453294,NZDm,Net equity in housing,Net equity in housing,HHAL.QC2
SNEQ.SG15ALE00000AFA0586S500N,2015.03,340,%,Net equity in housing,As a percentage of household disposable income,HHAL.QR5
SNEQ.SG15ALE00000AFL0000S500,2015.03,171656,NZDm,Household financial liabilities,Household net financial wealth,HHAL.QB
SNEQ.SG15ALE00000AFL0000S500N,2015.03,129,%,Household financial liabilities,As a percentage of household disposable income,HHAL.QR2
SNEQ.SG15ALE00000AFL0461S500,2015.03,142625,NZDm,Housing loans,Net equity in housing,HHAL.QB11
SNEQ.SG15ALE00000AFL7000S500,2015.03,229033,NZDm,Household financial liabilities (including rental properties),Memo item: Household debt including rental properties,HHAL.QM21
SNEQ.SG15ALE00000AFL7000S500N,2015.03,172,%,Household financial liabilities (including rental properties) as a percentage of household disposable income,Memo item: Household debt including rental properties,HHAL.QM23
SNEQ.SG15ALE00000AN60000S500,2015.03,595920,NZDm,Housing and land value,Household net wealth,HHAL.QC6
SNEQ.SG15ALE00000AN60000S500N,2015.03,446,%,Housing and land value,As a percentage of household disposable income,HHAL.QR4
SNEQ.SG15ALE00000B900000S500,2015.03,1271105,NZDm,Household net wealth,Household net wealth,HHAL.QC3
SNEQ.SG15ALE00000B900000S500N,2015.03,952,%,Household net wealth,As a percentage of household disposable income,HHAL.QR6
SNEQ.SG15ALE00000B910000S500,2015.03,675185,NZDm,Household net financial wealth,Household net financial wealth,HHAL.QC5
SNEQ.SG15ALE00000B910000S500N,2015.03,506,%,Household net financial wealth,As a percentage of household disposable income,HHAL.QR3
DDEQ.SHA,2015.06,1697500,no,Number of households (at end of quarter),Housing stock,PDWEL.Q.H1.na
DDEQ.SKA,2015.06,1791800,no,Number of private dwellings (at end of quarter),Housing stock,PDWEL.Q.D1.na
SNEA.SG15AB06NR00ANA0000S500,2015.06,134634,NZDm,Household disposable income (year ended),Household disposable income,HHAL.QC4rt12
SNEA.SG15AD041P00AFL0471S500,2015.06,11845,NZDm,Interest payments on housing loans (including rental properties),Memo item: Household debt servicing (year ended),HHAL.QD2.ZZH1rt12
SNEA.SG15AD041P00AFL0481S500,2015.06,1914,NZDm,Interest payments on consumer loans,Memo item: Household debt servicing (year ended),HHAL.QD2.ZZH2rt12
SNEA.SG15AD041P00ANA0000S500,2015.06,13759,NZDm,Total interest payments,Memo item: Household debt servicing (year ended),HHAL.QD2.ZZHrt12
SNEA.SG15AD041P00ANA0000S500N,2015.06,10,%,Total interest payments as a percentage of household disposable income,Memo item: Household debt servicing (year ended),HHAL.QR7.ZZHrt12
SNEQ.SG15AB01GE00ANA0000S900,2015.06,62128,NZDm,Expenditure GDP (quarterly),Nominal Gross Domestic Product (GDP),GDE.Q.EY.NA
SNEQ.SG15AB06NR00ANA0000S500,2015.06,33792,NZDm,Household disposable income (quarterly),Household disposable income,HHAL.QC4
SNEQ.SG15AD041P00AFL0471S500,2015.06,3015,NZDm,Interest payments on housing loans (including rental properties),Memo item: Household debt servicing (quarterly),HHAL.QD2.ZZH1
SNEQ.SG15AD041P00AFL0481S500,2015.06,486,NZDm,Interest payments on consumer loans,Memo item: Household debt servicing (quarterly),HHAL.QD2.ZZH2
SNEQ.SG15AD041P00ANA0000S500,2015.06,3501,NZDm,Total interest payments,Memo item: Household debt servicing (quarterly),HHAL.QD2.ZZH
SNEQ.SG15AD041P00ANA0000S500N,2015.06,10,%,Total interest payments as a percentage of household disposable income,Memo item: Household debt servicing (quarterly),HHAL.QR7.ZZH
SNEQ.SG15ALE00000AFA0000S500,2015.06,844246,NZDm,Household financial assets,Household net financial wealth,HHAL.QA
SNEQ.SG15ALE00000AFA0000S500N,2015.06,627,%,Household financial assets,As a percentage of household disposable income,HHAL.QR1
SNEQ.SG15ALE00000AFA0586S500,2015.06,478349,NZDm,Net equity in housing,Net equity in housing,HHAL.QC2
SNEQ.SG15ALE00000AFA0586S500N,2015.06,355,%,Net equity in housing,As a percentage of household disposable income,HHAL.QR5
SNEQ.SG15ALE00000AFL0000S500,2015.06,174230,NZDm,Household financial liabilities,Household net financial wealth,HHAL.QB
SNEQ.SG15ALE00000AFL0000S500N,2015.06,129,%,Household financial liabilities,As a percentage of household disposable income,HHAL.QR2
SNEQ.SG15ALE00000AFL0461S500,2015.06,145028,NZDm,Housing loans,Net equity in housing,HHAL.QB11
SNEQ.SG15ALE00000AFL7000S500,2015.06,232555,NZDm,Household financial liabilities (including rental properties),Memo item: Household debt including rental properties,HHAL.QM21
SNEQ.SG15ALE00000AFL7000S500N,2015.06,173,%,Household financial liabilities (including rental properties) as a percentage of household disposable income,Memo item: Household debt including rental properties,HHAL.QM23
SNEQ.SG15ALE00000AN60000S500,2015.06,623377,NZDm,Housing and land value,Household net wealth,HHAL.QC6
SNEQ.SG15ALE00000AN60000S500N,2015.06,463,%,Housing and land value,As a percentage of household disposable income,HHAL.QR4
SNEQ.SG15ALE00000B900000S500,2015.06,1293393,NZDm,Household net wealth,Household net wealth,HHAL.QC3
SNEQ.SG15ALE00000B900000S500N,2015.06,961,%,Household net wealth,As a percentage of household disposable income,HHAL.QR6
SNEQ.SG15ALE00000B910000S500,2015.06,670017,NZDm,Household net financial wealth,Household net financial wealth,HHAL.QC5
SNEQ.SG15ALE00000B910000S500N,2015.06,498,%,Household net financial wealth,As a percentage of household disposable income,HHAL.QR3
DDEQ.SHA,2015.09,1705100,no,Number of households (at end of quarter),Housing stock,PDWEL.Q.H1.na
DDEQ.SKA,2015.09,1796600,no,Number of private dwellings (at end of quarter),Housing stock,PDWEL.Q.D1.na
SNEA.SG15AB06NR00ANA0000S500,2015.09,137025,NZDm,Household disposable income (year ended),Household disposable income,HHAL.QC4rt12
SNEA.SG15AD041P00AFL0471S500,2015.09,11932,NZDm,Interest payments on housing loans (including rental properties),Memo item: Household debt servicing (year ended),HHAL.QD2.ZZH1rt12
SNEA.SG15AD041P00AFL0481S500,2015.09,1929,NZDm,Interest payments on consumer loans,Memo item: Household debt servicing (year ended),HHAL.QD2.ZZH2rt12
SNEA.SG15AD041P00ANA0000S500,2015.09,13861,NZDm,Total interest payments,Memo item: Household debt servicing (year ended),HHAL.QD2.ZZHrt12
SNEA.SG15AD041P00ANA0000S500N,2015.09,10,%,Total interest payments as a percentage of household disposable income,Memo item: Household debt servicing (year ended),HHAL.QR7.ZZHrt12
SNEQ.SG15AB01GE00ANA0000S900,2015.09,61057,NZDm,Expenditure GDP (quarterly),Nominal Gross Domestic Product (GDP),GDE.Q.EY.NA
SNEQ.SG15AB06NR00ANA0000S500,2015.09,35344,NZDm,Household disposable income (quarterly),Household disposable income,HHAL.QC4
SNEQ.SG15AD041P00AFL0471S500,2015.09,2968,NZDm,Interest payments on housing loans (including rental properties),Memo item: Household debt servicing (quarterly),HHAL.QD2.ZZH1
SNEQ.SG15AD041P00AFL0481S500,2015.09,479,NZDm,Interest payments on consumer loans,Memo item: Household debt servicing (quarterly),HHAL.QD2.ZZH2
SNEQ.SG15AD041P00ANA0000S500,2015.09,3447,NZDm,Total interest payments,Memo item: Household debt servicing (quarterly),HHAL.QD2.ZZH
SNEQ.SG15AD041P00ANA0000S500N,2015.09,10,%,Total interest payments as a percentage of household disposable income,Memo item: Household debt servicing (quarterly),HHAL.QR7.ZZH
SNEQ.SG15ALE00000AFA0000S500,2015.09,838286,NZDm,Household financial assets,Household net financial wealth,HHAL.QA
SNEQ.SG15ALE00000AFA0000S500N,2015.09,612,%,Household financial assets,As a percentage of household disposable income,HHAL.QR1
SNEQ.SG15ALE00000AFA0586S500,2015.09,506480,NZDm,Net equity in housing,Net equity in housing,HHAL.QC2
SNEQ.SG15ALE00000AFA0586S500N,2015.09,370,%,Net equity in housing,As a percentage of household disposable income,HHAL.QR5
SNEQ.SG15ALE00000AFL0000S500,2015.09,177080,NZDm,Household financial liabilities,Household net financial wealth,HHAL.QB
SNEQ.SG15ALE00000AFL0000S500N,2015.09,129,%,Household financial liabilities,As a percentage of household disposable income,HHAL.QR2
SNEQ.SG15ALE00000AFL0461S500,2015.09,147879,NZDm,Housing loans,Net equity in housing,HHAL.QB11
SNEQ.SG15ALE00000AFL7000S500,2015.09,236535,NZDm,Household financial liabilities (including rental properties),Memo item: Household debt including rental properties,HHAL.QM21
SNEQ.SG15ALE00000AFL7000S500N,2015.09,173,%,Household financial liabilities (including rental properties) as a percentage of household disposable income,Memo item: Household debt including rental properties,HHAL.QM23
SNEQ.SG15ALE00000AN60000S500,2015.09,654359,NZDm,Housing and land value,Household net wealth,HHAL.QC6
SNEQ.SG15ALE00000AN60000S500N,2015.09,478,%,Housing and land value,As a percentage of household disposable income,HHAL.QR4
SNEQ.SG15ALE00000B900000S500,2015.09,1315565,NZDm,Household net wealth,Household net wealth,HHAL.QC3
SNEQ.SG15ALE00000B900000S500N,2015.09,960,%,Household net wealth,As a percentage of household disposable income,HHAL.QR6
SNEQ.SG15ALE00000B910000S500,2015.09,661206,NZDm,Household net financial wealth,Household net financial wealth,HHAL.QC5
SNEQ.SG15ALE00000B910000S500N,2015.09,483,%,Household net financial wealth,As a percentage of household disposable income,HHAL.QR3
DDEQ.SHA,2015.12,1711500,no,Number of households (at end of quarter),Housing stock,PDWEL.Q.H1.na
DDEQ.SKA,2015.12,1801900,no,Number of private dwellings (at end of quarter),Housing stock,PDWEL.Q.D1.na
SNEA.SG15AB06NR00ANA0000S500,2015.12,138366,NZDm,Household disposable income (year ended),Household disposable income,HHAL.QC4rt12
SNEA.SG15AD041P00AFL0471S500,2015.12,11894,NZDm,Interest payments on housing loans (including rental properties),Memo item: Household debt servicing (year ended),HHAL.QD2.ZZH1rt12
SNEA.SG15AD041P00AFL0481S500,2015.12,1928,NZDm,Interest payments on consumer loans,Memo item: Household debt servicing (year ended),HHAL.QD2.ZZH2rt12
SNEA.SG15AD041P00ANA0000S500,2015.12,13822,NZDm,Total interest payments,Memo item: Household debt servicing (year ended),HHAL.QD2.ZZHrt12
SNEA.SG15AD041P00ANA0000S500N,2015.12,10,%,Total interest payments as a percentage of household disposable income,Memo item: Household debt servicing (year ended),HHAL.QR7.ZZHrt12
SNEQ.SG15AB01GE00ANA0000S900,2015.12,66694,NZDm,Expenditure GDP (quarterly),Nominal Gross Domestic Product (GDP),GDE.Q.EY.NA
SNEQ.SG15AB06NR00ANA0000S500,2015.12,36352,NZDm,Household disposable income (quarterly),Household disposable income,HHAL.QC4
SNEQ.SG15AD041P00AFL0471S500,2015.12,2910,NZDm,Interest payments on housing loans (including rental properties),Memo item: Household debt servicing (quarterly),HHAL.QD2.ZZH1
SNEQ.SG15AD041P00AFL0481S500,2015.12,482,NZDm,Interest payments on consumer loans,Memo item: Household debt servicing (quarterly),HHAL.QD2.ZZH2
SNEQ.SG15AD041P00ANA0000S500,2015.12,3392,NZDm,Total interest payments,Memo item: Household debt servicing (quarterly),HHAL.QD2.ZZH
SNEQ.SG15AD041P00ANA0000S500N,2015.12,9,%,Total interest payments as a percentage of household disposable income,Memo item: Household debt servicing (quarterly),HHAL.QR7.ZZH
SNEQ.SG15ALE00000AFA0000S500,2015.12,855961,NZDm,Household financial assets,Household net financial wealth,HHAL.QA
SNEQ.SG15ALE00000AFA0000S500N,2015.12,619,%,Household financial assets,As a percentage of household disposable income,HHAL.QR1
SNEQ.SG15ALE00000AFA0586S500,2015.12,503708,NZDm,Net equity in housing,Net equity in housing,HHAL.QC2
SNEQ.SG15ALE00000AFA0586S500N,2015.12,364,%,Net equity in housing,As a percentage of household disposable income,HHAL.QR5
SNEQ.SG15ALE00000AFL0000S500,2015.12,180184,NZDm,Household financial liabilities,Household net financial wealth,HHAL.QB
SNEQ.SG15ALE00000AFL0000S500N,2015.12,130,%,Household financial liabilities,As a percentage of household disposable income,HHAL.QR2
SNEQ.SG15ALE00000AFL0461S500,2015.12,150737,NZDm,Housing loans,Net equity in housing,HHAL.QB11
SNEQ.SG15ALE00000AFL7000S500,2015.12,240769,NZDm,Household financial liabilities (including rental properties),Memo item: Household debt including rental properties,HHAL.QM21
SNEQ.SG15ALE00000AFL7000S500N,2015.12,174,%,Household financial liabilities (including rental properties) as a percentage of household disposable income,Memo item: Household debt including rental properties,HHAL.QM23
SNEQ.SG15ALE00000AN60000S500,2015.12,654445,NZDm,Housing and land value,Household net wealth,HHAL.QC6
SNEQ.SG15ALE00000AN60000S500N,2015.12,473,%,Housing and land value,As a percentage of household disposable income,HHAL.QR4
SNEQ.SG15ALE00000B900000S500,2015.12,1330222,NZDm,Household net wealth,Household net wealth,HHAL.QC3
SNEQ.SG15ALE00000B900000S500N,2015.12,961,%,Household net wealth,As a percentage of household disposable income,HHAL.QR6
SNEQ.SG15ALE00000B910000S500,2015.12,675777,NZDm,Household net financial wealth,Household net financial wealth,HHAL.QC5
SNEQ.SG15ALE00000B910000S500N,2015.12,488,%,Household net financial wealth,As a percentage of household disposable income,HHAL.QR3
DDEQ.SHA,2016.03,1718600,no,Number of households (at end of quarter),Housing stock,PDWEL.Q.H1.na
DDEQ.SKA,2016.03,1808000,no,Number of private dwellings (at end of quarter),Housing stock,PDWEL.Q.D1.na
SNEA.SG15AB01GE00ANA0000S900,2016.03,255569,NZDm,Expenditure GDP (annual),Nominal Gross Domestic Product (GDP),NATE.Y.E0Y.na
SNEA.SG15AB01GP00ANA0000S900,2016.03,255569,NZDm,Production GDP (annual),Nominal Gross Domestic Product (GDP),NATA.Y.G0.na
SNEA.SG15AB06NR00ANA0000S500,2016.03,141253,NZDm,Household disposable income (year ended),Household disposable income,HHAL.QC4rt12
SNEA.SG15AD041P00AFL0471S500,2016.03,11761,NZDm,Interest payments on housing loans (including rental properties),Memo item: Household debt servicing (year ended),HHAL.QD2.ZZH1rt12
SNEA.SG15AD041P00AFL0481S500,2016.03,1919,NZDm,Interest payments on consumer loans,Memo item: Household debt servicing (year ended),HHAL.QD2.ZZH2rt12
SNEA.SG15AD041P00ANA0000S500,2016.03,13680,NZDm,Total interest payments,Memo item: Household debt servicing (year ended),HHAL.QD2.ZZHrt12
SNEA.SG15AD041P00ANA0000S500N,2016.03,10,%,Total interest payments as a percentage of household disposable income,Memo item: Household debt servicing (year ended),HHAL.QR7.ZZHrt12
SNEQ.SG15AB01GE00ANA0000S900,2016.03,65691,NZDm,Expenditure GDP (quarterly),Nominal Gross Domestic Product (GDP),GDE.Q.EY.NA
SNEQ.SG15AB06NR00ANA0000S500,2016.03,35765,NZDm,Household disposable income (quarterly),Household disposable income,HHAL.QC4
SNEQ.SG15AD041P00AFL0471S500,2016.03,2867,NZDm,Interest payments on housing loans (including rental properties),Memo item: Household debt servicing (quarterly),HHAL.QD2.ZZH1
SNEQ.SG15AD041P00AFL0481S500,2016.03,473,NZDm,Interest payments on consumer loans,Memo item: Household debt servicing (quarterly),HHAL.QD2.ZZH2
SNEQ.SG15AD041P00ANA0000S500,2016.03,3340,NZDm,Total interest payments,Memo item: Household debt servicing (quarterly),HHAL.QD2.ZZH
SNEQ.SG15AD041P00ANA0000S500N,2016.03,9,%,Total interest payments as a percentage of household disposable income,Memo item: Household debt servicing (quarterly),HHAL.QR7.ZZH
SNEQ.SG15ALE00000AFA0000S500,2016.03,870121,NZDm,Household financial assets,Household net financial wealth,HHAL.QA
SNEQ.SG15ALE00000AFA0000S500N,2016.03,616,%,Household financial assets,As a percentage of household disposable income,HHAL.QR1
SNEQ.SG15ALE00000AFA0586S500,2016.03,525951,NZDm,Net equity in housing,Net equity in housing,HHAL.QC2
SNEQ.SG15ALE00000AFA0586S500N,2016.03,372,%,Net equity in housing,As a percentage of household disposable income,HHAL.QR5
SNEQ.SG15ALE00000AFL0000S500,2016.03,183664,NZDm,Household financial liabilities,Household net financial wealth,HHAL.QB
SNEQ.SG15ALE00000AFL0000S500N,2016.03,130,%,Household financial liabilities,As a percentage of household disposable income,HHAL.QR2
SNEQ.SG15ALE00000AFL0461S500,2016.03,153644,NZDm,Housing loans,Net equity in housing,HHAL.QB11
SNEQ.SG15ALE00000AFL7000S500,2016.03,245413,NZDm,Household financial liabilities (including rental properties),Memo item: Household debt including rental properties,HHAL.QM21
SNEQ.SG15ALE00000AFL7000S500N,2016.03,174,%,Household financial liabilities (including rental properties) as a percentage of household disposable income,Memo item: Household debt including rental properties,HHAL.QM23
SNEQ.SG15ALE00000AN60000S500,2016.03,679595,NZDm,Housing and land value,Household net wealth,HHAL.QC6
SNEQ.SG15ALE00000AN60000S500N,2016.03,481,%,Housing and land value,As a percentage of household disposable income,HHAL.QR4
SNEQ.SG15ALE00000B900000S500,2016.03,1366052,NZDm,Household net wealth,Household net wealth,HHAL.QC3
SNEQ.SG15ALE00000B900000S500N,2016.03,967,%,Household net wealth,As a percentage of household disposable income,HHAL.QR6
SNEQ.SG15ALE00000B910000S500,2016.03,686457,NZDm,Household net financial wealth,Household net financial wealth,HHAL.QC5
SNEQ.SG15ALE00000B910000S500N,2016.03,486,%,Household net financial wealth,As a percentage of household disposable income,HHAL.QR3
DDEQ.SHA,2016.06,1726800,no,Number of households (at end of quarter),Housing stock,PDWEL.Q.H1.na
DDEQ.SKA,2016.06,1814500,no,Number of private dwellings (at end of quarter),Housing stock,PDWEL.Q.D1.na
SNEA.SG15AB06NR00ANA0000S500,2016.06,143640,NZDm,Household disposable income (year ended),Household disposable income,HHAL.QC4rt12
SNEA.SG15AD041P00AFL0471S500,2016.06,11593,NZDm,Interest payments on housing loans (including rental properties),Memo item: Household debt servicing (year ended),HHAL.QD2.ZZH1rt12
SNEA.SG15AD041P00AFL0481S500,2016.06,1900,NZDm,Interest payments on consumer loans,Memo item: Household debt servicing (year ended),HHAL.QD2.ZZH2rt12
SNEA.SG15AD041P00ANA0000S500,2016.06,13493,NZDm,Total interest payments,Memo item: Household debt servicing (year ended),HHAL.QD2.ZZHrt12
SNEA.SG15AD041P00ANA0000S500N,2016.06,9,%,Total interest payments as a percentage of household disposable income,Memo item: Household debt servicing (year ended),HHAL.QR7.ZZHrt12
SNEQ.SG15AB01GE00ANA0000S900,2016.06,65469,NZDm,Expenditure GDP (quarterly),Nominal Gross Domestic Product (GDP),GDE.Q.EY.NA
SNEQ.SG15AB06NR00ANA0000S500,2016.06,36179,NZDm,Household disposable income (quarterly),Household disposable income,HHAL.QC4
SNEQ.SG15AD041P00AFL0471S500,2016.06,2848,NZDm,Interest payments on housing loans (including rental properties),Memo item: Household debt servicing (quarterly),HHAL.QD2.ZZH1
SNEQ.SG15AD041P00AFL0481S500,2016.06,467,NZDm,Interest payments on consumer loans,Memo item: Household debt servicing (quarterly),HHAL.QD2.ZZH2
SNEQ.SG15AD041P00ANA0000S500,2016.06,3315,NZDm,Total interest payments,Memo item: Household debt servicing (quarterly),HHAL.QD2.ZZH
SNEQ.SG15AD041P00ANA0000S500N,2016.06,9,%,Total interest payments as a percentage of household disposable income,Memo item: Household debt servicing (quarterly),HHAL.QR7.ZZH
SNEQ.SG15ALE00000AFA0000S500,2016.06,906803,NZDm,Household financial assets,Household net financial wealth,HHAL.QA
SNEQ.SG15ALE00000AFA0000S500N,2016.06,631,%,Household financial assets,As a percentage of household disposable income,HHAL.QR1
SNEQ.SG15ALE00000AFA0586S500,2016.06,569133,NZDm,Net equity in housing,Net equity in housing,HHAL.QC2
SNEQ.SG15ALE00000AFA0586S500N,2016.06,396,%,Net equity in housing,As a percentage of household disposable income,HHAL.QR5
SNEQ.SG15ALE00000AFL0000S500,2016.06,187728,NZDm,Household financial liabilities,Household net financial wealth,HHAL.QB
SNEQ.SG15ALE00000AFL0000S500N,2016.06,131,%,Household financial liabilities,As a percentage of household disposable income,HHAL.QR2
SNEQ.SG15ALE00000AFL0461S500,2016.06,157746,NZDm,Housing loans,Net equity in housing,HHAL.QB11
SNEQ.SG15ALE00000AFL7000S500,2016.06,251117,NZDm,Household financial liabilities (including rental properties),Memo item: Household debt including rental properties,HHAL.QM21
SNEQ.SG15ALE00000AFL7000S500N,2016.06,175,%,Household financial liabilities (including rental properties) as a percentage of household disposable income,Memo item: Household debt including rental properties,HHAL.QM23
SNEQ.SG15ALE00000AN60000S500,2016.06,726879,NZDm,Housing and land value,Household net wealth,HHAL.QC6
SNEQ.SG15ALE00000AN60000S500N,2016.06,506,%,Housing and land value,As a percentage of household disposable income,HHAL.QR4
SNEQ.SG15ALE00000B900000S500,2016.06,1445954,NZDm,Household net wealth,Household net wealth,HHAL.QC3
SNEQ.SG15ALE00000B900000S500N,2016.06,1007,%,Household net wealth,As a percentage of household disposable income,HHAL.QR6
SNEQ.SG15ALE00000B910000S500,2016.06,719075,NZDm,Household net financial wealth,Household net financial wealth,HHAL.QC5
SNEQ.SG15ALE00000B910000S500N,2016.06,501,%,Household net financial wealth,As a percentage of household disposable income,HHAL.QR3
DDEQ.SHA,2016.09,1735400,no,Number of households (at end of quarter),Housing stock,PDWEL.Q.H1.na
DDEQ.SKA,2016.09,1819800,no,Number of private dwellings (at end of quarter),Housing stock,PDWEL.Q.D1.na
SNEA.SG15AB06NR00ANA0000S500,2016.09,145424,NZDm,Household disposable income (year ended),Household disposable income,HHAL.QC4rt12
SNEA.SG15AD041P00AFL0471S500,2016.09,11456,NZDm,Interest payments on housing loans (including rental properties),Memo item: Household debt servicing (year ended),HHAL.QD2.ZZH1rt12
SNEA.SG15AD041P00AFL0481S500,2016.09,1889,NZDm,Interest payments on consumer loans,Memo item: Household debt servicing (year ended),HHAL.QD2.ZZH2rt12
SNEA.SG15AD041P00ANA0000S500,2016.09,13345,NZDm,Total interest payments,Memo item: Household debt servicing (year ended),HHAL.QD2.ZZHrt12
SNEA.SG15AD041P00ANA0000S500N,2016.09,9,%,Total interest payments as a percentage of household disposable income,Memo item: Household debt servicing (year ended),HHAL.QR7.ZZHrt12
SNEQ.SG15AB01GE00ANA0000S900,2016.09,64555,NZDm,Expenditure GDP (quarterly),Nominal Gross Domestic Product (GDP),GDE.Q.EY.NA
SNEQ.SG15AB06NR00ANA0000S500,2016.09,37128,NZDm,Household disposable income (quarterly),Household disposable income,HHAL.QC4
SNEQ.SG15AD041P00AFL0471S500,2016.09,2831,NZDm,Interest payments on housing loans (including rental properties),Memo item: Household debt servicing (quarterly),HHAL.QD2.ZZH1
SNEQ.SG15AD041P00AFL0481S500,2016.09,467,NZDm,Interest payments on consumer loans,Memo item: Household debt servicing (quarterly),HHAL.QD2.ZZH2
SNEQ.SG15AD041P00ANA0000S500,2016.09,3298,NZDm,Total interest payments,Memo item: Household debt servicing (quarterly),HHAL.QD2.ZZH
SNEQ.SG15AD041P00ANA0000S500N,2016.09,9,%,Total interest payments as a percentage of household disposable income,Memo item: Household debt servicing (quarterly),HHAL.QR7.ZZH
SNEQ.SG15ALE00000AFA0000S500,2016.09,936625,NZDm,Household financial assets,Household net financial wealth,HHAL.QA
SNEQ.SG15ALE00000AFA0000S500N,2016.09,644,%,Household financial assets,As a percentage of household disposable income,HHAL.QR1
SNEQ.SG15ALE00000AFA0586S500,2016.09,594171,NZDm,Net equity in housing,Net equity in housing,HHAL.QC2
SNEQ.SG15ALE00000AFA0586S500N,2016.09,409,%,Net equity in housing,As a percentage of household disposable income,HHAL.QR5
SNEQ.SG15ALE00000AFL0000S500,2016.09,191553,NZDm,Household financial liabilities,Household net financial wealth,HHAL.QB
SNEQ.SG15ALE00000AFL0000S500N,2016.09,132,%,Household financial liabilities,As a percentage of household disposable income,HHAL.QR2
SNEQ.SG15ALE00000AFL0461S500,2016.09,161425,NZDm,Housing loans,Net equity in housing,HHAL.QB11
SNEQ.SG15ALE00000AFL7000S500,2016.09,256425,NZDm,Household financial liabilities (including rental properties),Memo item: Household debt including rental properties,HHAL.QM21
SNEQ.SG15ALE00000AFL7000S500N,2016.09,176,%,Household financial liabilities (including rental properties) as a percentage of household disposable income,Memo item: Household debt including rental properties,HHAL.QM23
SNEQ.SG15ALE00000AN60000S500,2016.09,755596,NZDm,Housing and land value,Household net wealth,HHAL.QC6
SNEQ.SG15ALE00000AN60000S500N,2016.09,520,%,Housing and land value,As a percentage of household disposable income,HHAL.QR4
SNEQ.SG15ALE00000B900000S500,2016.09,1500669,NZDm,Household net wealth,Household net wealth,HHAL.QC3
SNEQ.SG15ALE00000B900000S500N,2016.09,1032,%,Household net wealth,As a percentage of household disposable income,HHAL.QR6
SNEQ.SG15ALE00000B910000S500,2016.09,745073,NZDm,Household net financial wealth,Household net financial wealth,HHAL.QC5
SNEQ.SG15ALE00000B910000S500N,2016.09,512,%,Household net financial wealth,As a percentage of household disposable income,HHAL.QR3
DDEQ.SHA,2016.12,1742500,no,Number of households (at end of quarter),Housing stock,PDWEL.Q.H1.na
DDEQ.SKA,2016.12,1826200,no,Number of private dwellings (at end of quarter),Housing stock,PDWEL.Q.D1.na
SNEA.SG15AB06NR00ANA0000S500,2016.12,148246,NZDm,Household disposable income (year ended),Household disposable income,HHAL.QC4rt12
SNEA.SG15AD041P00AFL0471S500,2016.12,11370,NZDm,Interest payments on housing loans (including rental properties),Memo item: Household debt servicing (year ended),HHAL.QD2.ZZH1rt12
SNEA.SG15AD041P00AFL0481S500,2016.12,1887,NZDm,Interest payments on consumer loans,Memo item: Household debt servicing (year ended),HHAL.QD2.ZZH2rt12
SNEA.SG15AD041P00ANA0000S500,2016.12,13257,NZDm,Total interest payments,Memo item: Household debt servicing (year ended),HHAL.QD2.ZZHrt12
SNEA.SG15AD041P00ANA0000S500N,2016.12,9,%,Total interest payments as a percentage of household disposable income,Memo item: Household debt servicing (year ended),HHAL.QR7.ZZHrt12
SNEQ.SG15AB01GE00ANA0000S900,2016.12,71211,NZDm,Expenditure GDP (quarterly),Nominal Gross Domestic Product (GDP),GDE.Q.EY.NA
SNEQ.SG15AB06NR00ANA0000S500,2016.12,39174,NZDm,Household disposable income (quarterly),Household disposable income,HHAL.QC4
SNEQ.SG15AD041P00AFL0471S500,2016.12,2823,NZDm,Interest payments on housing loans (including rental properties),Memo item: Household debt servicing (quarterly),HHAL.QD2.ZZH1
SNEQ.SG15AD041P00AFL0481S500,2016.12,480,NZDm,Interest payments on consumer loans,Memo item: Household debt servicing (quarterly),HHAL.QD2.ZZH2
SNEQ.SG15AD041P00ANA0000S500,2016.12,3303,NZDm,Total interest payments,Memo item: Household debt servicing (quarterly),HHAL.QD2.ZZH
SNEQ.SG15AD041P00ANA0000S500N,2016.12,8,%,Total interest payments as a percentage of household disposable income,Memo item: Household debt servicing (quarterly),HHAL.QR7.ZZH
SNEQ.SG15ALE00000AFA0000S500,2016.12,957241,NZDm,Household financial assets,Household net financial wealth,HHAL.QA
SNEQ.SG15ALE00000AFA0000S500N,2016.12,646,%,Household financial assets,As a percentage of household disposable income,HHAL.QR1
SNEQ.SG15ALE00000AFA0586S500,2016.12,599590,NZDm,Net equity in housing,Net equity in housing,HHAL.QC2
SNEQ.SG15ALE00000AFA0586S500N,2016.12,405,%,Net equity in housing,As a percentage of household disposable income,HHAL.QR5
SNEQ.SG15ALE00000AFL0000S500,2016.12,195063,NZDm,Household financial liabilities,Household net financial wealth,HHAL.QB
SNEQ.SG15ALE00000AFL0000S500N,2016.12,132,%,Household financial liabilities,As a percentage of household disposable income,HHAL.QR2
SNEQ.SG15ALE00000AFL0461S500,2016.12,164497,NZDm,Housing loans,Net equity in housing,HHAL.QB11
SNEQ.SG15ALE00000AFL7000S500,2016.12,261529,NZDm,Household financial liabilities (including rental properties),Memo item: Household debt including rental properties,HHAL.QM21
SNEQ.SG15ALE00000AFL7000S500N,2016.12,176,%,Household financial liabilities (including rental properties) as a percentage of household disposable income,Memo item: Household debt including rental properties,HHAL.QM23
SNEQ.SG15ALE00000AN60000S500,2016.12,764087,NZDm,Housing and land value,Household net wealth,HHAL.QC6
SNEQ.SG15ALE00000AN60000S500N,2016.12,515,%,Housing and land value,As a percentage of household disposable income,HHAL.QR4
SNEQ.SG15ALE00000B900000S500,2016.12,1526265,NZDm,Household net wealth,Household net wealth,HHAL.QC3
SNEQ.SG15ALE00000B900000S500N,2016.12,1030,%,Household net wealth,As a percentage of household disposable income,HHAL.QR6
SNEQ.SG15ALE00000B910000S500,2016.12,762178,NZDm,Household net financial wealth,Household net financial wealth,HHAL.QC5
SNEQ.SG15ALE00000B910000S500N,2016.12,514,%,Household net financial wealth,As a percentage of household disposable income,HHAL.QR3
DDEQ.SHA,2017.03,1751100,no,Number of households (at end of quarter),Housing stock,PDWEL.Q.H1.na
DDEQ.SKA,2017.03,1833100,no,Number of private dwellings (at end of quarter),Housing stock,PDWEL.Q.D1.na
SNEA.SG15AB01GE00ANA0000S900,2017.03,271553,NZDm,Expenditure GDP (annual),Nominal Gross Domestic Product (GDP),NATE.Y.E0Y.na
SNEA.SG15AB01GP00ANA0000S900,2017.03,271647,NZDm,Production GDP (annual),Nominal Gross Domestic Product (GDP),NATA.Y.G0.na
SNEA.SG15AB06NR00ANA0000S500,2017.03,151599,NZDm,Household disposable income (year ended),Household disposable income,HHAL.QC4rt12
SNEA.SG15AD041P00AFL0471S500,2017.03,11297,NZDm,Interest payments on housing loans (including rental properties),Memo item: Household debt servicing (year ended),HHAL.QD2.ZZH1rt12
SNEA.SG15AD041P00AFL0481S500,2017.03,1887,NZDm,Interest payments on consumer loans,Memo item: Household debt servicing (year ended),HHAL.QD2.ZZH2rt12
SNEA.SG15AD041P00ANA0000S500,2017.03,13184,NZDm,Total interest payments,Memo item: Household debt servicing (year ended),HHAL.QD2.ZZHrt12
SNEA.SG15AD041P00ANA0000S500N,2017.03,9,%,Total interest payments as a percentage of household disposable income,Memo item: Household debt servicing (year ended),HHAL.QR7.ZZHrt12
SNEQ.SG15AB01GE00ANA0000S900,2017.03,70318,NZDm,Expenditure GDP (quarterly),Nominal Gross Domestic Product (GDP),GDE.Q.EY.NA
SNEQ.SG15AB06NR00ANA0000S500,2017.03,39118,NZDm,Household disposable income (quarterly),Household disposable income,HHAL.QC4
SNEQ.SG15AD041P00AFL0471S500,2017.03,2795,NZDm,Interest payments on housing loans (including rental properties),Memo item: Household debt servicing (quarterly),HHAL.QD2.ZZH1
SNEQ.SG15AD041P00AFL0481S500,2017.03,473,NZDm,Interest payments on consumer loans,Memo item: Household debt servicing (quarterly),HHAL.QD2.ZZH2
SNEQ.SG15AD041P00ANA0000S500,2017.03,3268,NZDm,Total interest payments,Memo item: Household debt servicing (quarterly),HHAL.QD2.ZZH
SNEQ.SG15AD041P00ANA0000S500N,2017.03,8,%,Total interest payments as a percentage of household disposable income,Memo item: Household debt servicing (quarterly),HHAL.QR7.ZZH
SNEQ.SG15ALE00000AFA0000S500,2017.03,962132,NZDm,Household financial assets,Household net financial wealth,HHAL.QA
SNEQ.SG15ALE00000AFA0000S500N,2017.03,635,%,Household financial assets,As a percentage of household disposable income,HHAL.QR1
SNEQ.SG15ALE00000AFA0586S500,2017.03,604421,NZDm,Net equity in housing,Net equity in housing,HHAL.QC2
SNEQ.SG15ALE00000AFA0586S500N,2017.03,399,%,Net equity in housing,As a percentage of household disposable income,HHAL.QR5
SNEQ.SG15ALE00000AFL0000S500,2017.03,198796,NZDm,Household financial liabilities,Household net financial wealth,HHAL.QB
SNEQ.SG15ALE00000AFL0000S500N,2017.03,131,%,Household financial liabilities,As a percentage of household disposable income,HHAL.QR2
SNEQ.SG15ALE00000AFL0461S500,2017.03,167570,NZDm,Housing loans,Net equity in housing,HHAL.QB11
SNEQ.SG15ALE00000AFL7000S500,2017.03,265760,NZDm,Household financial liabilities (including rental properties),Memo item: Household debt including rental properties,HHAL.QM21
SNEQ.SG15ALE00000AFL7000S500N,2017.03,175,%,Household financial liabilities (including rental properties) as a percentage of household disposable income,Memo item: Household debt including rental properties,HHAL.QM23
SNEQ.SG15ALE00000AN60000S500,2017.03,771991,NZDm,Housing and land value,Household net wealth,HHAL.QC6
SNEQ.SG15ALE00000AN60000S500N,2017.03,509,%,Housing and land value,As a percentage of household disposable income,HHAL.QR4
SNEQ.SG15ALE00000B900000S500,2017.03,1535327,NZDm,Household net wealth,Household net wealth,HHAL.QC3
SNEQ.SG15ALE00000B900000S500N,2017.03,1013,%,Household net wealth,As a percentage of household disposable income,HHAL.QR6
SNEQ.SG15ALE00000B910000S500,2017.03,763335,NZDm,Household net financial wealth,Household net financial wealth,HHAL.QC5
SNEQ.SG15ALE00000B910000S500N,2017.03,504,%,Household net financial wealth,As a percentage of household disposable income,HHAL.QR3
DDEQ.SHA,2017.06,1760300,no,Number of households (at end of quarter),Housing stock,PDWEL.Q.H1.na
DDEQ.SKA,2017.06,1839600,no,Number of private dwellings (at end of quarter),Housing stock,PDWEL.Q.D1.na
SNEA.SG15AB06NR00ANA0000S500,2017.06,153146,NZDm,Household disposable income (year ended),Household disposable income,HHAL.QC4rt12
SNEA.SG15AD041P00AFL0471S500,2017.06,11275,NZDm,Interest payments on housing loans (including rental properties),Memo item: Household debt servicing (year ended),HHAL.QD2.ZZH1rt12
SNEA.SG15AD041P00AFL0481S500,2017.06,1917,NZDm,Interest payments on consumer loans,Memo item: Household debt servicing (year ended),HHAL.QD2.ZZH2rt12
SNEA.SG15AD041P00ANA0000S500,2017.06,13192,NZDm,Total interest payments,Memo item: Household debt servicing (year ended),HHAL.QD2.ZZHrt12
SNEA.SG15AD041P00ANA0000S500N,2017.06,9,%,Total interest payments as a percentage of household disposable income,Memo item: Household debt servicing (year ended),HHAL.QR7.ZZHrt12
SNEQ.SG15AB01GE00ANA0000S900,2017.06,69681,NZDm,Expenditure GDP (quarterly),Nominal Gross Domestic Product (GDP),GDE.Q.EY.NA
SNEQ.SG15AB06NR00ANA0000S500,2017.06,37726,NZDm,Household disposable income (quarterly),Household disposable income,HHAL.QC4
SNEQ.SG15AD041P00AFL0471S500,2017.06,2825,NZDm,Interest payments on housing loans (including rental properties),Memo item: Household debt servicing (quarterly),HHAL.QD2.ZZH1
SNEQ.SG15AD041P00AFL0481S500,2017.06,496,NZDm,Interest payments on consumer loans,Memo item: Household debt servicing (quarterly),HHAL.QD2.ZZH2
SNEQ.SG15AD041P00ANA0000S500,2017.06,3321,NZDm,Total interest payments,Memo item: Household debt servicing (quarterly),HHAL.QD2.ZZH
SNEQ.SG15AD041P00ANA0000S500N,2017.06,9,%,Total interest payments as a percentage of household disposable income,Memo item: Household debt servicing (quarterly),HHAL.QR7.ZZH
SNEQ.SG15ALE00000AFA0000S500,2017.06,992832,NZDm,Household financial assets,Household net financial wealth,HHAL.QA
SNEQ.SG15ALE00000AFA0000S500N,2017.06,648,%,Household financial assets,As a percentage of household disposable income,HHAL.QR1
SNEQ.SG15ALE00000AFA0586S500,2017.06,610977,NZDm,Net equity in housing,Net equity in housing,HHAL.QC2
SNEQ.SG15ALE00000AFA0586S500N,2017.06,399,%,Net equity in housing,As a percentage of household disposable income,HHAL.QR5
SNEQ.SG15ALE00000AFL0000S500,2017.06,201880,NZDm,Household financial liabilities,Household net financial wealth,HHAL.QB
SNEQ.SG15ALE00000AFL0000S500N,2017.06,132,%,Household financial liabilities,As a percentage of household disposable income,HHAL.QR2
SNEQ.SG15ALE00000AFL0461S500,2017.06,170450,NZDm,Housing loans,Net equity in housing,HHAL.QB11
SNEQ.SG15ALE00000AFL7000S500,2017.06,269542,NZDm,Household financial liabilities (including rental properties),Memo item: Household debt including rental properties,HHAL.QM21
SNEQ.SG15ALE00000AFL7000S500N,2017.06,176,%,Household financial liabilities (including rental properties) as a percentage of household disposable income,Memo item: Household debt including rental properties,HHAL.QM23
SNEQ.SG15ALE00000AN60000S500,2017.06,781426,NZDm,Housing and land value,Household net wealth,HHAL.QC6
SNEQ.SG15ALE00000AN60000S500N,2017.06,510,%,Housing and land value,As a percentage of household disposable income,HHAL.QR4
SNEQ.SG15ALE00000B900000S500,2017.06,1572378,NZDm,Household net wealth,Household net wealth,HHAL.QC3
SNEQ.SG15ALE00000B900000S500N,2017.06,1027,%,Household net wealth,As a percentage of household disposable income,HHAL.QR6
SNEQ.SG15ALE00000B910000S500,2017.06,790951,NZDm,Household net financial wealth,Household net financial wealth,HHAL.QC5
SNEQ.SG15ALE00000B910000S500N,2017.06,517,%,Household net financial wealth,As a percentage of household disposable income,HHAL.QR3
DDEQ.SHA,2017.09,1769000,no,Number of households (at end of quarter),Housing stock,PDWEL.Q.H1.na
DDEQ.SKA,2017.09,1845400,no,Number of private dwellings (at end of quarter),Housing stock,PDWEL.Q.D1.na
SNEA.SG15AB06NR00ANA0000S500,2017.09,155512,NZDm,Household disposable income (year ended),Household disposable income,HHAL.QC4rt12
SNEA.SG15AD041P00AFL0471S500,2017.09,11285,NZDm,Interest payments on housing loans (including rental properties),Memo item: Household debt servicing (year ended),HHAL.QD2.ZZH1rt12
SNEA.SG15AD041P00AFL0481S500,2017.09,1948,NZDm,Interest payments on consumer loans,Memo item: Household debt servicing (year ended),HHAL.QD2.ZZH2rt12
SNEA.SG15AD041P00ANA0000S500,2017.09,13233,NZDm,Total interest payments,Memo item: Household debt servicing (year ended),HHAL.QD2.ZZHrt12
SNEA.SG15AD041P00ANA0000S500N,2017.09,9,%,Total interest payments as a percentage of household disposable income,Memo item: Household debt servicing (year ended),HHAL.QR7.ZZHrt12
SNEQ.SG15AB01GE00ANA0000S900,2017.09,69354,NZDm,Expenditure GDP (quarterly),Nominal Gross Domestic Product (GDP),GDE.Q.EY.NA
SNEQ.SG15AB06NR00ANA0000S500,2017.09,39494,NZDm,Household disposable income (quarterly),Household disposable income,HHAL.QC4
SNEQ.SG15AD041P00AFL0471S500,2017.09,2842,NZDm,Interest payments on housing loans (including rental properties),Memo item: Household debt servicing (quarterly),HHAL.QD2.ZZH1
SNEQ.SG15AD041P00AFL0481S500,2017.09,499,NZDm,Interest payments on consumer loans,Memo item: Household debt servicing (quarterly),HHAL.QD2.ZZH2
SNEQ.SG15AD041P00ANA0000S500,2017.09,3341,NZDm,Total interest payments,Memo item: Household debt servicing (quarterly),HHAL.QD2.ZZH
SNEQ.SG15AD041P00ANA0000S500N,2017.09,9,%,Total interest payments as a percentage of household disposable income,Memo item: Household debt servicing (quarterly),HHAL.QR7.ZZH
SNEQ.SG15ALE00000AFA0000S500,2017.09,1020034,NZDm,Household financial assets,Household net financial wealth,HHAL.QA
SNEQ.SG15ALE00000AFA0000S500N,2017.09,656,%,Household financial assets,As a percentage of household disposable income,HHAL.QR1
SNEQ.SG15ALE00000AFA0586S500,2017.09,615490,NZDm,Net equity in housing,Net equity in housing,HHAL.QC2
SNEQ.SG15ALE00000AFA0586S500N,2017.09,396,%,Net equity in housing,As a percentage of household disposable income,HHAL.QR5
SNEQ.SG15ALE00000AFL0000S500,2017.09,204336,NZDm,Household financial liabilities,Household net financial wealth,HHAL.QB
SNEQ.SG15ALE00000AFL0000S500N,2017.09,131,%,Household financial liabilities,As a percentage of household disposable income,HHAL.QR2
SNEQ.SG15ALE00000AFL0461S500,2017.09,172679,NZDm,Housing loans,Net equity in housing,HHAL.QB11
SNEQ.SG15ALE00000AFL7000S500,2017.09,272459,NZDm,Household financial liabilities (including rental properties),Memo item: Household debt including rental properties,HHAL.QM21
SNEQ.SG15ALE00000AFL7000S500N,2017.09,175,%,Household financial liabilities (including rental properties) as a percentage of household disposable income,Memo item: Household debt including rental properties,HHAL.QM23
SNEQ.SG15ALE00000AN60000S500,2017.09,788169,NZDm,Housing and land value,Household net wealth,HHAL.QC6
SNEQ.SG15ALE00000AN60000S500N,2017.09,507,%,Housing and land value,As a percentage of household disposable income,HHAL.QR4
SNEQ.SG15ALE00000B900000S500,2017.09,1603867,NZDm,Household net wealth,Household net wealth,HHAL.QC3
SNEQ.SG15ALE00000B900000S500N,2017.09,1031,%,Household net wealth,As a percentage of household disposable income,HHAL.QR6
SNEQ.SG15ALE00000B910000S500,2017.09,815698,NZDm,Household net financial wealth,Household net financial wealth,HHAL.QC5
SNEQ.SG15ALE00000B910000S500N,2017.09,525,%,Household net financial wealth,As a percentage of household disposable income,HHAL.QR3
DDEQ.SHA,2017.12,1776700,no,Number of households (at end of quarter),Housing stock,PDWEL.Q.H1.na
DDEQ.SKA,2017.12,1851600,no,Number of private dwellings (at end of quarter),Housing stock,PDWEL.Q.D1.na
SNEA.SG15AB06NR00ANA0000S500,2017.12,158741,NZDm,Household disposable income (year ended),Household disposable income,HHAL.QC4rt12
SNEA.SG15AD041P00AFL0471S500,2017.12,11342,NZDm,Interest payments on housing loans (including rental properties),Memo item: Household debt servicing (year ended),HHAL.QD2.ZZH1rt12
SNEA.SG15AD041P00AFL0481S500,2017.12,1973,NZDm,Interest payments on consumer loans,Memo item: Household debt servicing (year ended),HHAL.QD2.ZZH2rt12
SNEA.SG15AD041P00ANA0000S500,2017.12,13315,NZDm,Total interest payments,Memo item: Household debt servicing (year ended),HHAL.QD2.ZZHrt12
SNEA.SG15AD041P00ANA0000S500N,2017.12,8,%,Total interest payments as a percentage of household disposable income,Memo item: Household debt servicing (year ended),HHAL.QR7.ZZHrt12
SNEQ.SG15AB01GE00ANA0000S900,2017.12,77181,NZDm,Expenditure GDP (quarterly),Nominal Gross Domestic Product (GDP),GDE.Q.EY.NA
SNEQ.SG15AB06NR00ANA0000S500,2017.12,42403,NZDm,Household disposable income (quarterly),Household disposable income,HHAL.QC4
SNEQ.SG15AD041P00AFL0471S500,2017.12,2880,NZDm,Interest payments on housing loans (including rental properties),Memo item: Household debt servicing (quarterly),HHAL.QD2.ZZH1
SNEQ.SG15AD041P00AFL0481S500,2017.12,505,NZDm,Interest payments on consumer loans,Memo item: Household debt servicing (quarterly),HHAL.QD2.ZZH2
SNEQ.SG15AD041P00ANA0000S500,2017.12,3385,NZDm,Total interest payments,Memo item: Household debt servicing (quarterly),HHAL.QD2.ZZH
SNEQ.SG15AD041P00ANA0000S500N,2017.12,8,%,Total interest payments as a percentage of household disposable income,Memo item: Household debt servicing (quarterly),HHAL.QR7.ZZH
SNEQ.SG15ALE00000AFA0000S500,2017.12,1048866,NZDm,Household financial assets,Household net financial wealth,HHAL.QA
SNEQ.SG15ALE00000AFA0000S500N,2017.12,661,%,Household financial assets,As a percentage of household disposable income,HHAL.QR1
SNEQ.SG15ALE00000AFA0586S500,2017.12,620094,NZDm,Net equity in housing,Net equity in housing,HHAL.QC2
SNEQ.SG15ALE00000AFA0586S500N,2017.12,391,%,Net equity in housing,As a percentage of household disposable income,HHAL.QR5
SNEQ.SG15ALE00000AFL0000S500,2017.12,207822,NZDm,Household financial liabilities,Household net financial wealth,HHAL.QB
SNEQ.SG15ALE00000AFL0000S500N,2017.12,131,%,Household financial liabilities,As a percentage of household disposable income,HHAL.QR2
SNEQ.SG15ALE00000AFL0461S500,2017.12,175645,NZDm,Housing loans,Net equity in housing,HHAL.QB11
SNEQ.SG15ALE00000AFL7000S500,2017.12,276337,NZDm,Household financial liabilities (including rental properties),Memo item: Household debt including rental properties,HHAL.QM21
SNEQ.SG15ALE00000AFL7000S500N,2017.12,174,%,Household financial liabilities (including rental properties) as a percentage of household disposable income,Memo item: Household debt including rental properties,HHAL.QM23
SNEQ.SG15ALE00000AN60000S500,2017.12,795739,NZDm,Housing and land value,Household net wealth,HHAL.QC6
SNEQ.SG15ALE00000AN60000S500N,2017.12,501,%,Housing and land value,As a percentage of household disposable income,HHAL.QR4
SNEQ.SG15ALE00000B900000S500,2017.12,1636784,NZDm,Household net wealth,Household net wealth,HHAL.QC3
SNEQ.SG15ALE00000B900000S500N,2017.12,1031,%,Household net wealth,As a percentage of household disposable income,HHAL.QR6
SNEQ.SG15ALE00000B910000S500,2017.12,841045,NZDm,Household net financial wealth,Household net financial wealth,HHAL.QC5
SNEQ.SG15ALE00000B910000S500N,2017.12,530,%,Household net financial wealth,As a percentage of household disposable income,HHAL.QR3
DDEQ.SHA,2018.03,1785100,no,Number of households (at end of quarter),Housing stock,PDWEL.Q.H1.na
DDEQ.SKA,2018.03,1859000,no,Number of private dwellings (at end of quarter),Housing stock,PDWEL.Q.D1.na
SNEA.SG15AB01GE00ANA0000S900,2018.03,290750,NZDm,Expenditure GDP (annual),Nominal Gross Domestic Product (GDP),NATE.Y.E0Y.na
SNEA.SG15AB01GP00ANA0000S900,2018.03,290976,NZDm,Production GDP (annual),Nominal Gross Domestic Product (GDP),NATA.Y.G0.na
SNEA.SG15AB06NR00ANA0000S500,2018.03,160616,NZDm,Household disposable income (year ended),Household disposable income,HHAL.QC4rt12
SNEA.SG15AD041P00AFL0471S500,2018.03,11460,NZDm,Interest payments on housing loans (including rental properties),Memo item: Household debt servicing (year ended),HHAL.QD2.ZZH1rt12
SNEA.SG15AD041P00AFL0481S500,2018.03,2014,NZDm,Interest payments on consumer loans,Memo item: Household debt servicing (year ended),HHAL.QD2.ZZH2rt12
SNEA.SG15AD041P00ANA0000S500,2018.03,13474,NZDm,Total interest payments,Memo item: Household debt servicing (year ended),HHAL.QD2.ZZHrt12
SNEA.SG15AD041P00ANA0000S500N,2018.03,8,%,Total interest payments as a percentage of household disposable income,Memo item: Household debt servicing (year ended),HHAL.QR7.ZZHrt12
SNEQ.SG15AB01GE00ANA0000S900,2018.03,74534,NZDm,Expenditure GDP (quarterly),Nominal Gross Domestic Product (GDP),GDE.Q.EY.NA
SNEQ.SG15AB06NR00ANA0000S500,2018.03,40993,NZDm,Household disposable income (quarterly),Household disposable income,HHAL.QC4
SNEQ.SG15AD041P00AFL0471S500,2018.03,2913,NZDm,Interest payments on housing loans (including rental properties),Memo item: Household debt servicing (quarterly),HHAL.QD2.ZZH1
SNEQ.SG15AD041P00AFL0481S500,2018.03,514,NZDm,Interest payments on consumer loans,Memo item: Household debt servicing (quarterly),HHAL.QD2.ZZH2
SNEQ.SG15AD041P00ANA0000S500,2018.03,3427,NZDm,Total interest payments,Memo item: Household debt servicing (quarterly),HHAL.QD2.ZZH
SNEQ.SG15AD041P00ANA0000S500N,2018.03,8,%,Total interest payments as a percentage of household disposable income,Memo item: Household debt servicing (quarterly),HHAL.QR7.ZZH
SNEQ.SG15ALE00000AFA0000S500,2018.03,1062216,NZDm,Household financial assets,Household net financial wealth,HHAL.QA
SNEQ.SG15ALE00000AFA0000S500N,2018.03,661,%,Household financial assets,As a percentage of household disposable income,HHAL.QR1
SNEQ.SG15ALE00000AFA0586S500,2018.03,622414,NZDm,Net equity in housing,Net equity in housing,HHAL.QC2
SNEQ.SG15ALE00000AFA0586S500N,2018.03,388,%,Net equity in housing,As a percentage of household disposable income,HHAL.QR5
SNEQ.SG15ALE00000AFL0000S500,2018.03,211378,NZDm,Household financial liabilities,Household net financial wealth,HHAL.QB
SNEQ.SG15ALE00000AFL0000S500N,2018.03,132,%,Household financial liabilities,As a percentage of household disposable income,HHAL.QR2
SNEQ.SG15ALE00000AFL0461S500,2018.03,178843,NZDm,Housing loans,Net equity in housing,HHAL.QB11
SNEQ.SG15ALE00000AFL7000S500,2018.03,280260,NZDm,Household financial liabilities (including rental properties),Memo item: Household debt including rental properties,HHAL.QM21
SNEQ.SG15ALE00000AFL7000S500N,2018.03,175,%,Household financial liabilities (including rental properties) as a percentage of household disposable income,Memo item: Household debt including rental properties,HHAL.QM23
SNEQ.SG15ALE00000AN60000S500,2018.03,801257,NZDm,Housing and land value,Household net wealth,HHAL.QC6
SNEQ.SG15ALE00000AN60000S500N,2018.03,499,%,Housing and land value,As a percentage of household disposable income,HHAL.QR4
SNEQ.SG15ALE00000B900000S500,2018.03,1652095,NZDm,Household net wealth,Household net wealth,HHAL.QC3
SNEQ.SG15ALE00000B900000S500N,2018.03,1029,%,Household net wealth,As a percentage of household disposable income,HHAL.QR6
SNEQ.SG15ALE00000B910000S500,2018.03,850838,NZDm,Household net financial wealth,Household net financial wealth,HHAL.QC5
SNEQ.SG15ALE00000B910000S500N,2018.03,530,%,Household net financial wealth,As a percentage of household disposable income,HHAL.QR3
DDEQ.SHA,2018.06,1794800,no,Number of households (at end of quarter),Housing stock,PDWEL.Q.H1.na
DDEQ.SKA,2018.06,1865900,no,Number of private dwellings (at end of quarter),Housing stock,PDWEL.Q.D1.na
SNEA.SG15AB06NR00ANA0000S500,2018.06,163749,NZDm,Household disposable income (year ended),Household disposable income,HHAL.QC4rt12
SNEA.SG15AD041P00AFL0471S500,2018.06,11575,NZDm,Interest payments on housing loans (including rental properties),Memo item: Household debt servicing (year ended),HHAL.QD2.ZZH1rt12
SNEA.SG15AD041P00AFL0481S500,2018.06,2039,NZDm,Interest payments on consumer loans,Memo item: Household debt servicing (year ended),HHAL.QD2.ZZH2rt12
SNEA.SG15AD041P00ANA0000S500,2018.06,13614,NZDm,Total interest payments,Memo item: Household debt servicing (year ended),HHAL.QD2.ZZHrt12
SNEA.SG15AD041P00ANA0000S500N,2018.06,8,%,Total interest payments as a percentage of household disposable income,Memo item: Household debt servicing (year ended),HHAL.QR7.ZZHrt12
SNEQ.SG15AB01GE00ANA0000S900,2018.06,74520,NZDm,Expenditure GDP (quarterly),Nominal Gross Domestic Product (GDP),GDE.Q.EY.NA
SNEQ.SG15AB06NR00ANA0000S500,2018.06,40859,NZDm,Household disposable income (quarterly),Household disposable income,HHAL.QC4
SNEQ.SG15AD041P00AFL0471S500,2018.06,2941,NZDm,Interest payments on housing loans (including rental properties),Memo item: Household debt servicing (quarterly),HHAL.QD2.ZZH1
SNEQ.SG15AD041P00AFL0481S500,2018.06,521,NZDm,Interest payments on consumer loans,Memo item: Household debt servicing (quarterly),HHAL.QD2.ZZH2
SNEQ.SG15AD041P00ANA0000S500,2018.06,3462,NZDm,Total interest payments,Memo item: Household debt servicing (quarterly),HHAL.QD2.ZZH
SNEQ.SG15AD041P00ANA0000S500N,2018.06,9,%,Total interest payments as a percentage of household disposable income,Memo item: Household debt servicing (quarterly),HHAL.QR7.ZZH
SNEQ.SG15ALE00000AFA0000S500,2018.06,1066609,NZDm,Household financial assets,Household net financial wealth,HHAL.QA
SNEQ.SG15ALE00000AFA0000S500N,2018.06,651,%,Household financial assets,As a percentage of household disposable income,HHAL.QR1
SNEQ.SG15ALE00000AFA0586S500,2018.06,623795,NZDm,Net equity in housing,Net equity in housing,HHAL.QC2
SNEQ.SG15ALE00000AFA0586S500N,2018.06,381,%,Net equity in housing,As a percentage of household disposable income,HHAL.QR5
SNEQ.SG15ALE00000AFL0000S500,2018.06,214900,NZDm,Household financial liabilities,Household net financial wealth,HHAL.QB
SNEQ.SG15ALE00000AFL0000S500N,2018.06,131,%,Household financial liabilities,As a percentage of household disposable income,HHAL.QR2
SNEQ.SG15ALE00000AFL0461S500,2018.06,182394,NZDm,Housing loans,Net equity in housing,HHAL.QB11
SNEQ.SG15ALE00000AFL7000S500,2018.06,284329,NZDm,Household financial liabilities (including rental properties),Memo item: Household debt including rental properties,HHAL.QM21
SNEQ.SG15ALE00000AFL7000S500N,2018.06,174,%,Household financial liabilities (including rental properties) as a percentage of household disposable income,Memo item: Household debt including rental properties,HHAL.QM23
SNEQ.SG15ALE00000AN60000S500,2018.06,806188,NZDm,Housing and land value,Household net wealth,HHAL.QC6
SNEQ.SG15ALE00000AN60000S500N,2018.06,492,%,Housing and land value,As a percentage of household disposable income,HHAL.QR4
SNEQ.SG15ALE00000B900000S500,2018.06,1657898,NZDm,Household net wealth,Household net wealth,HHAL.QC3
SNEQ.SG15ALE00000B900000S500N,2018.06,1013,%,Household net wealth,As a percentage of household disposable income,HHAL.QR6
SNEQ.SG15ALE00000B910000S500,2018.06,851710,NZDm,Household net financial wealth,Household net financial wealth,HHAL.QC5
SNEQ.SG15ALE00000B910000S500N,2018.06,520,%,Household net financial wealth,As a percentage of household disposable income,HHAL.QR3
DDEQ.SHA,2018.09,1802500,no,Number of households (at end of quarter),Housing stock,PDWEL.Q.H1.na
DDEQ.SKA,2018.09,1873900,no,Number of private dwellings (at end of quarter),Housing stock,PDWEL.Q.D1.na
SNEA.SG15AB06NR00ANA0000S500,2018.09,166724,NZDm,Household disposable income (year ended),Household disposable income,HHAL.QC4rt12
SNEA.SG15AD041P00AFL0471S500,2018.09,11703,NZDm,Interest payments on housing loans (including rental properties),Memo item: Household debt servicing (year ended),HHAL.QD2.ZZH1rt12
SNEA.SG15AD041P00AFL0481S500,2018.09,2038,NZDm,Interest payments on consumer loans,Memo item: Household debt servicing (year ended),HHAL.QD2.ZZH2rt12
SNEA.SG15AD041P00ANA0000S500,2018.09,13741,NZDm,Total interest payments,Memo item: Household debt servicing (year ended),HHAL.QD2.ZZHrt12
SNEA.SG15AD041P00ANA0000S500N,2018.09,8,%,Total interest payments as a percentage of household disposable income,Memo item: Household debt servicing (year ended),HHAL.QR7.ZZHrt12
SNEQ.SG15AB01GE00ANA0000S900,2018.09,73068,NZDm,Expenditure GDP (quarterly),Nominal Gross Domestic Product (GDP),GDE.Q.EY.NA
SNEQ.SG15AB06NR00ANA0000S500,2018.09,42469,NZDm,Household disposable income (quarterly),Household disposable income,HHAL.QC4
SNEQ.SG15AD041P00AFL0471S500,2018.09,2969,NZDm,Interest payments on housing loans (including rental properties),Memo item: Household debt servicing (quarterly),HHAL.QD2.ZZH1
SNEQ.SG15AD041P00AFL0481S500,2018.09,498,NZDm,Interest payments on consumer loans,Memo item: Household debt servicing (quarterly),HHAL.QD2.ZZH2
SNEQ.SG15AD041P00ANA0000S500,2018.09,3467,NZDm,Total interest payments,Memo item: Household debt servicing (quarterly),HHAL.QD2.ZZH
SNEQ.SG15AD041P00ANA0000S500N,2018.09,8,%,Total interest payments as a percentage of household disposable income,Memo item: Household debt servicing (quarterly),HHAL.QR7.ZZH
SNEQ.SG15ALE00000AFA0000S500,2018.09,1096594,NZDm,Household financial assets,Household net financial wealth,HHAL.QA
SNEQ.SG15ALE00000AFA0000S500N,2018.09,658,%,Household financial assets,As a percentage of household disposable income,HHAL.QR1
SNEQ.SG15ALE00000AFA0586S500,2018.09,630291,NZDm,Net equity in housing,Net equity in housing,HHAL.QC2
SNEQ.SG15ALE00000AFA0586S500N,2018.09,378,%,Net equity in housing,As a percentage of household disposable income,HHAL.QR5
SNEQ.SG15ALE00000AFL0000S500,2018.09,217920,NZDm,Household financial liabilities,Household net financial wealth,HHAL.QB
SNEQ.SG15ALE00000AFL0000S500N,2018.09,131,%,Household financial liabilities,As a percentage of household disposable income,HHAL.QR2
SNEQ.SG15ALE00000AFL0461S500,2018.09,185374,NZDm,Housing loans,Net equity in housing,HHAL.QB11
SNEQ.SG15ALE00000AFL7000S500,2018.09,287789,NZDm,Household financial liabilities (including rental properties),Memo item: Household debt including rental properties,HHAL.QM21
SNEQ.SG15ALE00000AFL7000S500N,2018.09,173,%,Household financial liabilities (including rental properties) as a percentage of household disposable income,Memo item: Household debt including rental properties,HHAL.QM23
SNEQ.SG15ALE00000AN60000S500,2018.09,815665,NZDm,Housing and land value,Household net wealth,HHAL.QC6
SNEQ.SG15ALE00000AN60000S500N,2018.09,489,%,Housing and land value,As a percentage of household disposable income,HHAL.QR4
SNEQ.SG15ALE00000B900000S500,2018.09,1694339,NZDm,Household net wealth,Household net wealth,HHAL.QC3
SNEQ.SG15ALE00000B900000S500N,2018.09,1016,%,Household net wealth,As a percentage of household disposable income,HHAL.QR6
SNEQ.SG15ALE00000B910000S500,2018.09,878674,NZDm,Household net financial wealth,Household net financial wealth,HHAL.QC5
SNEQ.SG15ALE00000B910000S500N,2018.09,527,%,Household net financial wealth,As a percentage of household disposable income,HHAL.QR3
DDEQ.SHA,2018.12,1809600,no,Number of households (at end of quarter),Housing stock,PDWEL.Q.H1.na
DDEQ.SKA,2018.12,1881300,no,Number of private dwellings (at end of quarter),Housing stock,PDWEL.Q.D1.na
SNEA.SG15AB06NR00ANA0000S500,2018.12,169402,NZDm,Household disposable income (year ended),Household disposable income,HHAL.QC4rt12
SNEA.SG15AD041P00AFL0471S500,2018.12,11817,NZDm,Interest payments on housing loans (including rental properties),Memo item: Household debt servicing (year ended),HHAL.QD2.ZZH1rt12
SNEA.SG15AD041P00AFL0481S500,2018.12,2039,NZDm,Interest payments on consumer loans,Memo item: Household debt servicing (year ended),HHAL.QD2.ZZH2rt12
SNEA.SG15AD041P00ANA0000S500,2018.12,13856,NZDm,Total interest payments,Memo item: Household debt servicing (year ended),HHAL.QD2.ZZHrt12
SNEA.SG15AD041P00ANA0000S500N,2018.12,8,%,Total interest payments as a percentage of household disposable income,Memo item: Household debt servicing (year ended),HHAL.QR7.ZZHrt12
SNEQ.SG15AB01GE00ANA0000S900,2018.12,80351,NZDm,Expenditure GDP (quarterly),Nominal Gross Domestic Product (GDP),GDE.Q.EY.NA
SNEQ.SG15AB06NR00ANA0000S500,2018.12,45081,NZDm,Household disposable income (quarterly),Household disposable income,HHAL.QC4
SNEQ.SG15AD041P00AFL0471S500,2018.12,2994,NZDm,Interest payments on housing loans (including rental properties),Memo item: Household debt servicing (quarterly),HHAL.QD2.ZZH1
SNEQ.SG15AD041P00AFL0481S500,2018.12,505,NZDm,Interest payments on consumer loans,Memo item: Household debt servicing (quarterly),HHAL.QD2.ZZH2
SNEQ.SG15AD041P00ANA0000S500,2018.12,3499,NZDm,Total interest payments,Memo item: Household debt servicing (quarterly),HHAL.QD2.ZZH
SNEQ.SG15AD041P00ANA0000S500N,2018.12,8,%,Total interest payments as a percentage of household disposable income,Memo item: Household debt servicing (quarterly),HHAL.QR7.ZZH
SNEQ.SG15ALE00000AFA0000S500,2018.12,1098526,NZDm,Household financial assets,Household net financial wealth,HHAL.QA
SNEQ.SG15ALE00000AFA0000S500N,2018.12,649,%,Household financial assets,As a percentage of household disposable income,HHAL.QR1
SNEQ.SG15ALE00000AFA0586S500,2018.12,638070,NZDm,Net equity in housing,Net equity in housing,HHAL.QC2
SNEQ.SG15ALE00000AFA0586S500N,2018.12,377,%,Net equity in housing,As a percentage of household disposable income,HHAL.QR5
SNEQ.SG15ALE00000AFL0000S500,2018.12,221731,NZDm,Household financial liabilities,Household net financial wealth,HHAL.QB
SNEQ.SG15ALE00000AFL0000S500N,2018.12,131,%,Household financial liabilities,As a percentage of household disposable income,HHAL.QR2
SNEQ.SG15ALE00000AFL0461S500,2018.12,188918,NZDm,Housing loans,Net equity in housing,HHAL.QB11
SNEQ.SG15ALE00000AFL7000S500,2018.12,291848,NZDm,Household financial liabilities (including rental properties),Memo item: Household debt including rental properties,HHAL.QM21
SNEQ.SG15ALE00000AFL7000S500N,2018.12,172,%,Household financial liabilities (including rental properties) as a percentage of household disposable income,Memo item: Household debt including rental properties,HHAL.QM23
SNEQ.SG15ALE00000AN60000S500,2018.12,826988,NZDm,Housing and land value,Household net wealth,HHAL.QC6
SNEQ.SG15ALE00000AN60000S500N,2018.12,488,%,Housing and land value,As a percentage of household disposable income,HHAL.QR4
SNEQ.SG15ALE00000B900000S500,2018.12,1703783,NZDm,Household net wealth,Household net wealth,HHAL.QC3
SNEQ.SG15ALE00000B900000S500N,2018.12,1006,%,Household net wealth,As a percentage of household disposable income,HHAL.QR6
SNEQ.SG15ALE00000B910000S500,2018.12,876795,NZDm,Household net financial wealth,Household net financial wealth,HHAL.QC5
SNEQ.SG15ALE00000B910000S500N,2018.12,518,%,Household net financial wealth,As a percentage of household disposable income,HHAL.QR3
DDEQ.SHA,2019.03,1816000,no,Number of households (at end of quarter),Housing stock,PDWEL.Q.H1.na
DDEQ.SKA,2019.03,1888000,no,Number of private dwellings (at end of quarter),Housing stock,PDWEL.Q.D1.na
SNEA.SG15AB01GE00ANA0000S900,2019.03,306181,NZDm,Expenditure GDP (annual),Nominal Gross Domestic Product (GDP),NATE.Y.E0Y.na
SNEA.SG15AB01GP00ANA0000S900,2019.03,306374,NZDm,Production GDP (annual),Nominal Gross Domestic Product (GDP),NATA.Y.G0.na
SNEA.SG15AB06NR00ANA0000S500,2019.03,171762,NZDm,Household disposable income (year ended),Household disposable income,HHAL.QC4rt12
SNEA.SG15AD041P00AFL0471S500,2019.03,11898,NZDm,Interest payments on housing loans (including rental properties),Memo item: Household debt servicing (year ended),HHAL.QD2.ZZH1rt12
SNEA.SG15AD041P00AFL0481S500,2019.03,2026,NZDm,Interest payments on consumer loans,Memo item: Household debt servicing (year ended),HHAL.QD2.ZZH2rt12
SNEA.SG15AD041P00ANA0000S500,2019.03,13924,NZDm,Total interest payments,Memo item: Household debt servicing (year ended),HHAL.QD2.ZZHrt12
SNEA.SG15AD041P00ANA0000S500N,2019.03,8,%,Total interest payments as a percentage of household disposable income,Memo item: Household debt servicing (year ended),HHAL.QR7.ZZHrt12
SNEQ.SG15AB01GE00ANA0000S900,2019.03,78242,NZDm,Expenditure GDP (quarterly),Nominal Gross Domestic Product (GDP),GDE.Q.EY.NA
SNEQ.SG15AB06NR00ANA0000S500,2019.03,43353,NZDm,Household disposable income (quarterly),Household disposable income,HHAL.QC4
SNEQ.SG15AD041P00AFL0471S500,2019.03,2994,NZDm,Interest payments on housing loans (including rental properties),Memo item: Household debt servicing (quarterly),HHAL.QD2.ZZH1
SNEQ.SG15AD041P00AFL0481S500,2019.03,502,NZDm,Interest payments on consumer loans,Memo item: Household debt servicing (quarterly),HHAL.QD2.ZZH2
SNEQ.SG15AD041P00ANA0000S500,2019.03,3496,NZDm,Total interest payments,Memo item: Household debt servicing (quarterly),HHAL.QD2.ZZH
SNEQ.SG15AD041P00ANA0000S500N,2019.03,8,%,Total interest payments as a percentage of household disposable income,Memo item: Household debt servicing (quarterly),HHAL.QR7.ZZH
SNEQ.SG15ALE00000AFA0000S500,2019.03,1116972,NZDm,Household financial assets,Household net financial wealth,HHAL.QA
SNEQ.SG15ALE00000AFA0000S500N,2019.03,650,%,Household financial assets,As a percentage of household disposable income,HHAL.QR1
SNEQ.SG15ALE00000AFA0586S500,2019.03,641277,NZDm,Net equity in housing,Net equity in housing,HHAL.QC2
SNEQ.SG15ALE00000AFA0586S500N,2019.03,373,%,Net equity in housing,As a percentage of household disposable income,HHAL.QR5
SNEQ.SG15ALE00000AFL0000S500,2019.03,225314,NZDm,Household financial liabilities,Household net financial wealth,HHAL.QB
SNEQ.SG15ALE00000AFL0000S500N,2019.03,131,%,Household financial liabilities,As a percentage of household disposable income,HHAL.QR2
SNEQ.SG15ALE00000AFL0461S500,2019.03,192217,NZDm,Housing loans,Net equity in housing,HHAL.QB11
SNEQ.SG15ALE00000AFL7000S500,2019.03,296235,NZDm,Household financial liabilities (including rental properties),Memo item: Household debt including rental properties,HHAL.QM21
SNEQ.SG15ALE00000AFL7000S500N,2019.03,173,%,Household financial liabilities (including rental properties) as a percentage of household disposable income,Memo item: Household debt including rental properties,HHAL.QM23
SNEQ.SG15ALE00000AN60000S500,2019.03,833494,NZDm,Housing and land value,Household net wealth,HHAL.QC6
SNEQ.SG15ALE00000AN60000S500N,2019.03,485,%,Housing and land value,As a percentage of household disposable income,HHAL.QR4
SNEQ.SG15ALE00000B900000S500,2019.03,1725152,NZDm,Household net wealth,Household net wealth,HHAL.QC3
SNEQ.SG15ALE00000B900000S500N,2019.03,1004,%,Household net wealth,As a percentage of household disposable income,HHAL.QR6
SNEQ.SG15ALE00000B910000S500,2019.03,891658,NZDm,Household net financial wealth,Household net financial wealth,HHAL.QC5
SNEQ.SG15ALE00000B910000S500N,2019.03,519,%,Household net financial wealth,As a percentage of household disposable income,HHAL.QR3
DDEQ.SHA,2019.06,1823900,no,Number of households (at end of quarter),Housing stock,PDWEL.Q.H1.na
DDEQ.SKA,2019.06,1896200,no,Number of private dwellings (at end of quarter),Housing stock,PDWEL.Q.D1.na
SNEA.SG15AB06NR00ANA0000S500,2019.06,174668,NZDm,Household disposable income (year ended),Household disposable income,HHAL.QC4rt12
SNEA.SG15AD041P00AFL0471S500,2019.06,11946,NZDm,Interest payments on housing loans (including rental properties),Memo item: Household debt servicing (year ended),HHAL.QD2.ZZH1rt12
SNEA.SG15AD041P00AFL0481S500,2019.06,2013,NZDm,Interest payments on consumer loans,Memo item: Household debt servicing (year ended),HHAL.QD2.ZZH2rt12
SNEA.SG15AD041P00ANA0000S500,2019.06,13959,NZDm,Total interest payments,Memo item: Household debt servicing (year ended),HHAL.QD2.ZZHrt12
SNEA.SG15AD041P00ANA0000S500N,2019.06,8,%,Total interest payments as a percentage of household disposable income,Memo item: Household debt servicing (year ended),HHAL.QR7.ZZHrt12
SNEQ.SG15AB01GE00ANA0000S900,2019.06,78662,NZDm,Expenditure GDP (quarterly),Nominal Gross Domestic Product (GDP),GDE.Q.EY.NA
SNEQ.SG15AB06NR00ANA0000S500,2019.06,43765,NZDm,Household disposable income (quarterly),Household disposable income,HHAL.QC4
SNEQ.SG15AD041P00AFL0471S500,2019.06,2988,NZDm,Interest payments on housing loans (including rental properties),Memo item: Household debt servicing (quarterly),HHAL.QD2.ZZH1
SNEQ.SG15AD041P00AFL0481S500,2019.06,507,NZDm,Interest payments on consumer loans,Memo item: Household debt servicing (quarterly),HHAL.QD2.ZZH2
SNEQ.SG15AD041P00ANA0000S500,2019.06,3495,NZDm,Total interest payments,Memo item: Household debt servicing (quarterly),HHAL.QD2.ZZH
SNEQ.SG15AD041P00ANA0000S500N,2019.06,8,%,Total interest payments as a percentage of household disposable income,Memo item: Household debt servicing (quarterly),HHAL.QR7.ZZH
SNEQ.SG15ALE00000AFA0000S500,2019.06,1108952,NZDm,Household financial assets,Household net financial wealth,HHAL.QA
SNEQ.SG15ALE00000AFA0000S500N,2019.06,635,%,Household financial assets,As a percentage of household disposable income,HHAL.QR1
SNEQ.SG15ALE00000AFA0586S500,2019.06,639473,NZDm,Net equity in housing,Net equity in housing,HHAL.QC2
SNEQ.SG15ALE00000AFA0586S500N,2019.06,366,%,Net equity in housing,As a percentage of household disposable income,HHAL.QR5
SNEQ.SG15ALE00000AFL0000S500,2019.06,229077,NZDm,Household financial liabilities,Household net financial wealth,HHAL.QB
SNEQ.SG15ALE00000AFL0000S500N,2019.06,131,%,Household financial liabilities,As a percentage of household disposable income,HHAL.QR2
SNEQ.SG15ALE00000AFL0461S500,2019.06,196120,NZDm,Housing loans,Net equity in housing,HHAL.QB11
SNEQ.SG15ALE00000AFL7000S500,2019.06,300434,NZDm,Household financial liabilities (including rental properties),Memo item: Household debt including rental properties,HHAL.QM21
SNEQ.SG15ALE00000AFL7000S500N,2019.06,172,%,Household financial liabilities (including rental properties) as a percentage of household disposable income,Memo item: Household debt including rental properties,HHAL.QM23
SNEQ.SG15ALE00000AN60000S500,2019.06,835593,NZDm,Housing and land value,Household net wealth,HHAL.QC6
SNEQ.SG15ALE00000AN60000S500N,2019.06,478,%,Housing and land value,As a percentage of household disposable income,HHAL.QR4
SNEQ.SG15ALE00000B900000S500,2019.06,1715468,NZDm,Household net wealth,Household net wealth,HHAL.QC3
SNEQ.SG15ALE00000B900000S500N,2019.06,982,%,Household net wealth,As a percentage of household disposable income,HHAL.QR6
SNEQ.SG15ALE00000B910000S500,2019.06,879875,NZDm,Household net financial wealth,Household net financial wealth,HHAL.QC5
SNEQ.SG15ALE00000B910000S500N,2019.06,504,%,Household net financial wealth,As a percentage of household disposable income,HHAL.QR3
DDEQ.SHA,2019.09,1831400,no,Number of households (at end of quarter),Housing stock,PDWEL.Q.H1.na
DDEQ.SKA,2019.09,1903900,no,Number of private dwellings (at end of quarter),Housing stock,PDWEL.Q.D1.na
SNEA.SG15AB06NR00ANA0000S500,2019.09,178169,NZDm,Household disposable income (year ended),Household disposable income,HHAL.QC4rt12
SNEA.SG15AD041P00AFL0471S500,2019.09,11925,NZDm,Interest payments on housing loans (including rental properties),Memo item: Household debt servicing (year ended),HHAL.QD2.ZZH1rt12
SNEA.SG15AD041P00AFL0481S500,2019.09,2000,NZDm,Interest payments on consumer loans,Memo item: Household debt servicing (year ended),HHAL.QD2.ZZH2rt12
SNEA.SG15AD041P00ANA0000S500,2019.09,13925,NZDm,Total interest payments,Memo item: Household debt servicing (year ended),HHAL.QD2.ZZHrt12
SNEA.SG15AD041P00ANA0000S500N,2019.09,8,%,Total interest payments as a percentage of household disposable income,Memo item: Household debt servicing (year ended),HHAL.QR7.ZZHrt12
SNEQ.SG15AB01GE00ANA0000S900,2019.09,77575,NZDm,Expenditure GDP (quarterly),Nominal Gross Domestic Product (GDP),GDE.Q.EY.NA
SNEQ.SG15AB06NR00ANA0000S500,2019.09,45970,NZDm,Household disposable income (quarterly),Household disposable income,HHAL.QC4
SNEQ.SG15AD041P00AFL0471S500,2019.09,2948,NZDm,Interest payments on housing loans (including rental properties),Memo item: Household debt servicing (quarterly),HHAL.QD2.ZZH1
SNEQ.SG15AD041P00AFL0481S500,2019.09,486,NZDm,Interest payments on consumer loans,Memo item: Household debt servicing (quarterly),HHAL.QD2.ZZH2
SNEQ.SG15AD041P00ANA0000S500,2019.09,3434,NZDm,Total interest payments,Memo item: Household debt servicing (quarterly),HHAL.QD2.ZZH
SNEQ.SG15AD041P00ANA0000S500N,2019.09,8,%,Total interest payments as a percentage of household disposable income,Memo item: Household debt servicing (quarterly),HHAL.QR7.ZZH
SNEQ.SG15ALE00000AFA0000S500,2019.09,1120392,NZDm,Household financial assets,Household net financial wealth,HHAL.QA
SNEQ.SG15ALE00000AFA0000S500N,2019.09,629,%,Household financial assets,As a percentage of household disposable income,HHAL.QR1
SNEQ.SG15ALE00000AFA0586S500,2019.09,653978,NZDm,Net equity in housing,Net equity in housing,HHAL.QC2
SNEQ.SG15ALE00000AFA0586S500N,2019.09,367,%,Net equity in housing,As a percentage of household disposable income,HHAL.QR5
SNEQ.SG15ALE00000AFL0000S500,2019.09,232350,NZDm,Household financial liabilities,Household net financial wealth,HHAL.QB
SNEQ.SG15ALE00000AFL0000S500N,2019.09,130,%,Household financial liabilities,As a percentage of household disposable income,HHAL.QR2
SNEQ.SG15ALE00000AFL0461S500,2019.09,199600,NZDm,Housing loans,Net equity in housing,HHAL.QB11
SNEQ.SG15ALE00000AFL7000S500,2019.09,304647,NZDm,Household financial liabilities (including rental properties),Memo item: Household debt including rental properties,HHAL.QM21
SNEQ.SG15ALE00000AFL7000S500N,2019.09,171,%,Household financial liabilities (including rental properties) as a percentage of household disposable income,Memo item: Household debt including rental properties,HHAL.QM23
SNEQ.SG15ALE00000AN60000S500,2019.09,853578,NZDm,Housing and land value,Household net wealth,HHAL.QC6
SNEQ.SG15ALE00000AN60000S500N,2019.09,479,%,Housing and land value,As a percentage of household disposable income,HHAL.QR4
SNEQ.SG15ALE00000B900000S500,2019.09,1741620,NZDm,Household net wealth,Household net wealth,HHAL.QC3
SNEQ.SG15ALE00000B900000S500N,2019.09,978,%,Household net wealth,As a percentage of household disposable income,HHAL.QR6
SNEQ.SG15ALE00000B910000S500,2019.09,888042,NZDm,Household net financial wealth,Household net financial wealth,HHAL.QC5
SNEQ.SG15ALE00000B910000S500N,2019.09,498,%,Household net financial wealth,As a percentage of household disposable income,HHAL.QR3
DDEQ.SHA,2019.12,1838900,no,Number of households (at end of quarter),Housing stock,PDWEL.Q.H1.na
DDEQ.SKA,2019.12,1911700,no,Number of private dwellings (at end of quarter),Housing stock,PDWEL.Q.D1.na
SNEA.SG15AB06NR00ANA0000S500,2019.12,181146,NZDm,Household disposable income (year ended),Household disposable income,HHAL.QC4rt12
SNEA.SG15AD041P00AFL0471S500,2019.12,11831,NZDm,Interest payments on housing loans (including rental properties),Memo item: Household debt servicing (year ended),HHAL.QD2.ZZH1rt12
SNEA.SG15AD041P00AFL0481S500,2019.12,1972,NZDm,Interest payments on consumer loans,Memo item: Household debt servicing (year ended),HHAL.QD2.ZZH2rt12
SNEA.SG15AD041P00ANA0000S500,2019.12,13803,NZDm,Total interest payments,Memo item: Household debt servicing (year ended),HHAL.QD2.ZZHrt12
SNEA.SG15AD041P00ANA0000S500N,2019.12,8,%,Total interest payments as a percentage of household disposable income,Memo item: Household debt servicing (year ended),HHAL.QR7.ZZHrt12
SNEQ.SG15AB01GE00ANA0000S900,2019.12,85456,NZDm,Expenditure GDP (quarterly),Nominal Gross Domestic Product (GDP),GDE.Q.EY.NA
SNEQ.SG15AB06NR00ANA0000S500,2019.12,48058,NZDm,Household disposable income (quarterly),Household disposable income,HHAL.QC4
SNEQ.SG15AD041P00AFL0471S500,2019.12,2900,NZDm,Interest payments on housing loans (including rental properties),Memo item: Household debt servicing (quarterly),HHAL.QD2.ZZH1
SNEQ.SG15AD041P00AFL0481S500,2019.12,477,NZDm,Interest payments on consumer loans,Memo item: Household debt servicing (quarterly),HHAL.QD2.ZZH2
SNEQ.SG15AD041P00ANA0000S500,2019.12,3377,NZDm,Total interest payments,Memo item: Household debt servicing (quarterly),HHAL.QD2.ZZH
SNEQ.SG15AD041P00ANA0000S500N,2019.12,7,%,Total interest payments as a percentage of household disposable income,Memo item: Household debt servicing (quarterly),HHAL.QR7.ZZH
SNEQ.SG15ALE00000AFA0000S500,2019.12,1137220,NZDm,Household financial assets,Household net financial wealth,HHAL.QA
SNEQ.SG15ALE00000AFA0000S500N,2019.12,628,%,Household financial assets,As a percentage of household disposable income,HHAL.QR1
SNEQ.SG15ALE00000AFA0586S500,2019.12,673150,NZDm,Net equity in housing,Net equity in housing,HHAL.QC2
SNEQ.SG15ALE00000AFA0586S500N,2019.12,372,%,Net equity in housing,As a percentage of household disposable income,HHAL.QR5
SNEQ.SG15ALE00000AFL0000S500,2019.12,236336,NZDm,Household financial liabilities,Household net financial wealth,HHAL.QB
SNEQ.SG15ALE00000AFL0000S500N,2019.12,131,%,Household financial liabilities,As a percentage of household disposable income,HHAL.QR2
SNEQ.SG15ALE00000AFL0461S500,2019.12,203486,NZDm,Housing loans,Net equity in housing,HHAL.QB11
SNEQ.SG15ALE00000AFL7000S500,2019.12,309906,NZDm,Household financial liabilities (including rental properties),Memo item: Household debt including rental properties,HHAL.QM21
SNEQ.SG15ALE00000AFL7000S500N,2019.12,171,%,Household financial liabilities (including rental properties) as a percentage of household disposable income,Memo item: Household debt including rental properties,HHAL.QM23
SNEQ.SG15ALE00000AN60000S500,2019.12,876636,NZDm,Housing and land value,Household net wealth,HHAL.QC6
SNEQ.SG15ALE00000AN60000S500N,2019.12,484,%,Housing and land value,As a percentage of household disposable income,HHAL.QR4
SNEQ.SG15ALE00000B900000S500,2019.12,1777520,NZDm,Household net wealth,Household net wealth,HHAL.QC3
SNEQ.SG15ALE00000B900000S500N,2019.12,981,%,Household net wealth,As a percentage of household disposable income,HHAL.QR6
SNEQ.SG15ALE00000B910000S500,2019.12,900884,NZDm,Household net financial wealth,Household net financial wealth,HHAL.QC5
SNEQ.SG15ALE00000B910000S500N,2019.12,497,%,Household net financial wealth,As a percentage of household disposable income,HHAL.QR3
DDEQ.SHA,2020.03,1846600,no,Number of households (at end of quarter),Housing stock,PDWEL.Q.H1.na
DDEQ.SKA,2020.03,1919800,no,Number of private dwellings (at end of quarter),Housing stock,PDWEL.Q.D1.na
SNEA.SG15AB01GE00ANA0000S900,2020.03,323232,NZDm,Expenditure GDP (annual),Nominal Gross Domestic Product (GDP),NATE.Y.E0Y.na
SNEA.SG15AB01GP00ANA0000S900,2020.03,323317,NZDm,Production GDP (annual),Nominal Gross Domestic Product (GDP),NATA.Y.G0.na
SNEA.SG15AB06NR00ANA0000S500,2020.03,184118,NZDm,Household disposable income (year ended),Household disposable income,HHAL.QC4rt12
SNEA.SG15AD041P00AFL0471S500,2020.03,11699,NZDm,Interest payments on housing loans (including rental properties),Memo item: Household debt servicing (year ended),HHAL.QD2.ZZH1rt12
SNEA.SG15AD041P00AFL0481S500,2020.03,1938,NZDm,Interest payments on consumer loans,Memo item: Household debt servicing (year ended),HHAL.QD2.ZZH2rt12
SNEA.SG15AD041P00ANA0000S500,2020.03,13637,NZDm,Total interest payments,Memo item: Household debt servicing (year ended),HHAL.QD2.ZZHrt12
SNEA.SG15AD041P00ANA0000S500N,2020.03,7,%,Total interest payments as a percentage of household disposable income,Memo item: Household debt servicing (year ended),HHAL.QR7.ZZHrt12
SNEQ.SG15AB01GE00ANA0000S900,2020.03,81538,NZDm,Expenditure GDP (quarterly),Nominal Gross Domestic Product (GDP),GDE.Q.EY.NA
SNEQ.SG15AB06NR00ANA0000S500,2020.03,46325,NZDm,Household disposable income (quarterly),Household disposable income,HHAL.QC4
SNEQ.SG15AD041P00AFL0471S500,2020.03,2862,NZDm,Interest payments on housing loans (including rental properties),Memo item: Household debt servicing (quarterly),HHAL.QD2.ZZH1
SNEQ.SG15AD041P00AFL0481S500,2020.03,468,NZDm,Interest payments on consumer loans,Memo item: Household debt servicing (quarterly),HHAL.QD2.ZZH2
SNEQ.SG15AD041P00ANA0000S500,2020.03,3330,NZDm,Total interest payments,Memo item: Household debt servicing (quarterly),HHAL.QD2.ZZH
SNEQ.SG15AD041P00ANA0000S500N,2020.03,7,%,Total interest payments as a percentage of household disposable income,Memo item: Household debt servicing (quarterly),HHAL.QR7.ZZH
SNEQ.SG15ALE00000AFA0000S500,2020.03,1137547,NZDm,Household financial assets,Household net financial wealth,HHAL.QA
SNEQ.SG15ALE00000AFA0000S500N,2020.03,618,%,Household financial assets,As a percentage of household disposable income,HHAL.QR1
SNEQ.SG15ALE00000AFA0586S500,2020.03,699062,NZDm,Net equity in housing,Net equity in housing,HHAL.QC2
SNEQ.SG15ALE00000AFA0586S500N,2020.03,380,%,Net equity in housing,As a percentage of household disposable income,HHAL.QR5
SNEQ.SG15ALE00000AFL0000S500,2020.03,239400,NZDm,Household financial liabilities,Household net financial wealth,HHAL.QB
SNEQ.SG15ALE00000AFL0000S500N,2020.03,130,%,Household financial liabilities,As a percentage of household disposable income,HHAL.QR2
SNEQ.SG15ALE00000AFL0461S500,2020.03,206834,NZDm,Housing loans,Net equity in housing,HHAL.QB11
SNEQ.SG15ALE00000AFL7000S500,2020.03,314319,NZDm,Household financial liabilities (including rental properties),Memo item: Household debt including rental properties,HHAL.QM21
SNEQ.SG15ALE00000AFL7000S500N,2020.03,171,%,Household financial liabilities (including rental properties) as a percentage of household disposable income,Memo item: Household debt including rental properties,HHAL.QM23
SNEQ.SG15ALE00000AN60000S500,2020.03,905896,NZDm,Housing and land value,Household net wealth,HHAL.QC6
SNEQ.SG15ALE00000AN60000S500N,2020.03,492,%,Housing and land value,As a percentage of household disposable income,HHAL.QR4
SNEQ.SG15ALE00000B900000S500,2020.03,1804043,NZDm,Household net wealth,Household net wealth,HHAL.QC3
SNEQ.SG15ALE00000B900000S500N,2020.03,980,%,Household net wealth,As a percentage of household disposable income,HHAL.QR6
SNEQ.SG15ALE00000B910000S500,2020.03,898147,NZDm,Household net financial wealth,Household net financial wealth,HHAL.QC5
SNEQ.SG15ALE00000B910000S500N,2020.03,488,%,Household net financial wealth,As a percentage of household disposable income,HHAL.QR3
DDEQ.SHA,2020.06,1854800,no,Number of households (at end of quarter),Housing stock,PDWEL.Q.H1.na
DDEQ.SKA,2020.06,1928300,no,Number of private dwellings (at end of quarter),Housing stock,PDWEL.Q.D1.na
SNEA.SG15AB06NR00ANA0000S500,2020.06,186579,NZDm,Household disposable income (year ended),Household disposable income,HHAL.QC4rt12
SNEA.SG15AD041P00AFL0471S500,2020.06,11427,NZDm,Interest payments on housing loans (including rental properties),Memo item: Household debt servicing (year ended),HHAL.QD2.ZZH1rt12
SNEA.SG15AD041P00AFL0481S500,2020.06,1846,NZDm,Interest payments on consumer loans,Memo item: Household debt servicing (year ended),HHAL.QD2.ZZH2rt12
SNEA.SG15AD041P00ANA0000S500,2020.06,13273,NZDm,Total interest payments,Memo item: Household debt servicing (year ended),HHAL.QD2.ZZHrt12
SNEA.SG15AD041P00ANA0000S500N,2020.06,7,%,Total interest payments as a percentage of household disposable income,Memo item: Household debt servicing (year ended),HHAL.QR7.ZZHrt12
SNEQ.SG15AB01GE00ANA0000S900,2020.06,73067,NZDm,Expenditure GDP (quarterly),Nominal Gross Domestic Product (GDP),GDE.Q.EY.NA
SNEQ.SG15AB06NR00ANA0000S500,2020.06,46226,NZDm,Household disposable income (quarterly),Household disposable income,HHAL.QC4
SNEQ.SG15AD041P00AFL0471S500,2020.06,2716,NZDm,Interest payments on housing loans (including rental properties),Memo item: Household debt servicing (quarterly),HHAL.QD2.ZZH1
SNEQ.SG15AD041P00AFL0481S500,2020.06,415,NZDm,Interest payments on consumer loans,Memo item: Household debt servicing (quarterly),HHAL.QD2.ZZH2
SNEQ.SG15AD041P00ANA0000S500,2020.06,3131,NZDm,Total interest payments,Memo item: Household debt servicing (quarterly),HHAL.QD2.ZZH
SNEQ.SG15AD041P00ANA0000S500N,2020.06,7,%,Total interest payments as a percentage of household disposable income,Memo item: Household debt servicing (quarterly),HHAL.QR7.ZZH
SNEQ.SG15ALE00000AFA0000S500,2020.06,1161942,NZDm,Household financial assets,Household net financial wealth,HHAL.QA
SNEQ.SG15ALE00000AFA0000S500N,2020.06,623,%,Household financial assets,As a percentage of household disposable income,HHAL.QR1
SNEQ.SG15ALE00000AFA0586S500,2020.06,696617,NZDm,Net equity in housing,Net equity in housing,HHAL.QC2
SNEQ.SG15ALE00000AFA0586S500N,2020.06,373,%,Net equity in housing,As a percentage of household disposable income,HHAL.QR5
SNEQ.SG15ALE00000AFL0000S500,2020.06,239789,NZDm,Household financial liabilities,Household net financial wealth,HHAL.QB
SNEQ.SG15ALE00000AFL0000S500N,2020.06,129,%,Household financial liabilities,As a percentage of household disposable income,HHAL.QR2
SNEQ.SG15ALE00000AFL0461S500,2020.06,208432,NZDm,Housing loans,Net equity in housing,HHAL.QB11
SNEQ.SG15ALE00000AFL7000S500,2020.06,315452,NZDm,Household financial liabilities (including rental properties),Memo item: Household debt including rental properties,HHAL.QM21
SNEQ.SG15ALE00000AFL7000S500N,2020.06,169,%,Household financial liabilities (including rental properties) as a percentage of household disposable income,Memo item: Household debt including rental properties,HHAL.QM23
SNEQ.SG15ALE00000AN60000S500,2020.06,905049,NZDm,Housing and land value,Household net wealth,HHAL.QC6
SNEQ.SG15ALE00000AN60000S500N,2020.06,485,%,Housing and land value,As a percentage of household disposable income,HHAL.QR4
SNEQ.SG15ALE00000B900000S500,2020.06,1827202,NZDm,Household net wealth,Household net wealth,HHAL.QC3
SNEQ.SG15ALE00000B900000S500N,2020.06,979,%,Household net wealth,As a percentage of household disposable income,HHAL.QR6
SNEQ.SG15ALE00000B910000S500,2020.06,922153,NZDm,Household net financial wealth,Household net financial wealth,HHAL.QC5
SNEQ.SG15ALE00000B910000S500N,2020.06,494,%,Household net financial wealth,As a percentage of household disposable income,HHAL.QR3
DDEQ.SHA,2020.09,1863700,no,Number of households (at end of quarter),Housing stock,PDWEL.Q.H1.na
DDEQ.SKA,2020.09,1937600,no,Number of private dwellings (at end of quarter),Housing stock,PDWEL.Q.D1.na
SNEA.SG15AB06NR00ANA0000S500,2020.09,189850,NZDm,Household disposable income (year ended),Household disposable income,HHAL.QC4rt12
SNEA.SG15AD041P00AFL0471S500,2020.09,11103,NZDm,Interest payments on housing loans (including rental properties),Memo item: Household debt servicing (year ended),HHAL.QD2.ZZH1rt12
SNEA.SG15AD041P00AFL0481S500,2020.09,1758,NZDm,Interest payments on consumer loans,Memo item: Household debt servicing (year ended),HHAL.QD2.ZZH2rt12
SNEA.SG15AD041P00ANA0000S500,2020.09,12861,NZDm,Total interest payments,Memo item: Household debt servicing (year ended),HHAL.QD2.ZZHrt12
SNEA.SG15AD041P00ANA0000S500N,2020.09,7,%,Total interest payments as a percentage of household disposable income,Memo item: Household debt servicing (year ended),HHAL.QR7.ZZHrt12
SNEQ.SG15AB01GE00ANA0000S900,2020.09,81071,NZDm,Expenditure GDP (quarterly),Nominal Gross Domestic Product (GDP),GDE.Q.EY.NA
SNEQ.SG15AB06NR00ANA0000S500,2020.09,49241,NZDm,Household disposable income (quarterly),Household disposable income,HHAL.QC4
SNEQ.SG15AD041P00AFL0471S500,2020.09,2625,NZDm,Interest payments on housing loans (including rental properties),Memo item: Household debt servicing (quarterly),HHAL.QD2.ZZH1
SNEQ.SG15AD041P00AFL0481S500,2020.09,398,NZDm,Interest payments on consumer loans,Memo item: Household debt servicing (quarterly),HHAL.QD2.ZZH2
SNEQ.SG15AD041P00ANA0000S500,2020.09,3023,NZDm,Total interest payments,Memo item: Household debt servicing (quarterly),HHAL.QD2.ZZH
SNEQ.SG15AD041P00ANA0000S500N,2020.09,6,%,Total interest payments as a percentage of household disposable income,Memo item: Household debt servicing (quarterly),HHAL.QR7.ZZH
SNEQ.SG15ALE00000AFA0000S500,2020.09,1189306,NZDm,Household financial assets,Household net financial wealth,HHAL.QA
SNEQ.SG15ALE00000AFA0000S500N,2020.09,626,%,Household financial assets,As a percentage of household disposable income,HHAL.QR1
SNEQ.SG15ALE00000AFA0586S500,2020.09,739381,NZDm,Net equity in housing,Net equity in housing,HHAL.QC2
SNEQ.SG15ALE00000AFA0586S500N,2020.09,390,%,Net equity in housing,As a percentage of household disposable income,HHAL.QR5
SNEQ.SG15ALE00000AFL0000S500,2020.09,243923,NZDm,Household financial liabilities,Household net financial wealth,HHAL.QB
SNEQ.SG15ALE00000AFL0000S500N,2020.09,129,%,Household financial liabilities,As a percentage of household disposable income,HHAL.QR2
SNEQ.SG15ALE00000AFL0461S500,2020.09,212858,NZDm,Housing loans,Net equity in housing,HHAL.QB11
SNEQ.SG15ALE00000AFL7000S500,2020.09,321405,NZDm,Household financial liabilities (including rental properties),Memo item: Household debt including rental properties,HHAL.QM21
SNEQ.SG15ALE00000AFL7000S500N,2020.09,169,%,Household financial liabilities (including rental properties) as a percentage of household disposable income,Memo item: Household debt including rental properties,HHAL.QM23
SNEQ.SG15ALE00000AN60000S500,2020.09,952239,NZDm,Housing and land value,Household net wealth,HHAL.QC6
SNEQ.SG15ALE00000AN60000S500N,2020.09,502,%,Housing and land value,As a percentage of household disposable income,HHAL.QR4
SNEQ.SG15ALE00000B900000S500,2020.09,1897623,NZDm,Household net wealth,Household net wealth,HHAL.QC3
SNEQ.SG15ALE00000B900000S500N,2020.09,1000,%,Household net wealth,As a percentage of household disposable income,HHAL.QR6
SNEQ.SG15ALE00000B910000S500,2020.09,945384,NZDm,Household net financial wealth,Household net financial wealth,HHAL.QC5
SNEQ.SG15ALE00000B910000S500N,2020.09,498,%,Household net financial wealth,As a percentage of household disposable income,HHAL.QR3
DDEQ.SHA,2020.12,1872200,no,Number of households (at end of quarter),Housing stock,PDWEL.Q.H1.na
DDEQ.SKA,2020.12,1946400,no,Number of private dwellings (at end of quarter),Housing stock,PDWEL.Q.D1.na
SNEA.SG15AB06NR00ANA0000S500,2020.12,193625,NZDm,Household disposable income (year ended),Household disposable income,HHAL.QC4rt12
SNEA.SG15AD041P00AFL0471S500,2020.12,10765,NZDm,Interest payments on housing loans (including rental properties),Memo item: Household debt servicing (year ended),HHAL.QD2.ZZH1rt12
SNEA.SG15AD041P00AFL0481S500,2020.12,1680,NZDm,Interest payments on consumer loans,Memo item: Household debt servicing (year ended),HHAL.QD2.ZZH2rt12
SNEA.SG15AD041P00ANA0000S500,2020.12,12445,NZDm,Total interest payments,Memo item: Household debt servicing (year ended),HHAL.QD2.ZZHrt12
SNEA.SG15AD041P00ANA0000S500N,2020.12,6,%,Total interest payments as a percentage of household disposable income,Memo item: Household debt servicing (year ended),HHAL.QR7.ZZHrt12
SNEQ.SG15AB01GE00ANA0000S900,2020.12,88116,NZDm,Expenditure GDP (quarterly),Nominal Gross Domestic Product (GDP),GDE.Q.EY.NA
SNEQ.SG15AB06NR00ANA0000S500,2020.12,51833,NZDm,Household disposable income (quarterly),Household disposable income,HHAL.QC4
SNEQ.SG15AD041P00AFL0471S500,2020.12,2562,NZDm,Interest payments on housing loans (including rental properties),Memo item: Household debt servicing (quarterly),HHAL.QD2.ZZH1
SNEQ.SG15AD041P00AFL0481S500,2020.12,398,NZDm,Interest payments on consumer loans,Memo item: Household debt servicing (quarterly),HHAL.QD2.ZZH2
SNEQ.SG15AD041P00ANA0000S500,2020.12,2960,NZDm,Total interest payments,Memo item: Household debt servicing (quarterly),HHAL.QD2.ZZH
SNEQ.SG15AD041P00ANA0000S500N,2020.12,6,%,Total interest payments as a percentage of household disposable income,Memo item: Household debt servicing (quarterly),HHAL.QR7.ZZH
SNEQ.SG15ALE00000AFA0000S500,2020.12,1233841,NZDm,Household financial assets,Household net financial wealth,HHAL.QA
SNEQ.SG15ALE00000AFA0000S500N,2020.12,637,%,Household financial assets,As a percentage of household disposable income,HHAL.QR1
SNEQ.SG15ALE00000AFA0586S500,2020.12,812828,NZDm,Net equity in housing,Net equity in housing,HHAL.QC2
SNEQ.SG15ALE00000AFA0586S500N,2020.12,420,%,Net equity in housing,As a percentage of household disposable income,HHAL.QR5
SNEQ.SG15ALE00000AFL0000S500,2020.12,250112,NZDm,Household financial liabilities,Household net financial wealth,HHAL.QB
SNEQ.SG15ALE00000AFL0000S500N,2020.12,129,%,Household financial liabilities,As a percentage of household disposable income,HHAL.QR2
SNEQ.SG15ALE00000AFL0461S500,2020.12,218956,NZDm,Housing loans,Net equity in housing,HHAL.QB11
SNEQ.SG15ALE00000AFL7000S500,2020.12,330898,NZDm,Household financial liabilities (including rental properties),Memo item: Household debt including rental properties,HHAL.QM21
SNEQ.SG15ALE00000AFL7000S500N,2020.12,171,%,Household financial liabilities (including rental properties) as a percentage of household disposable income,Memo item: Household debt including rental properties,HHAL.QM23
SNEQ.SG15ALE00000AN60000S500,2020.12,1031784,NZDm,Housing and land value,Household net wealth,HHAL.QC6
SNEQ.SG15ALE00000AN60000S500N,2020.12,533,%,Housing and land value,As a percentage of household disposable income,HHAL.QR4
SNEQ.SG15ALE00000B900000S500,2020.12,2015512,NZDm,Household net wealth,Household net wealth,HHAL.QC3
SNEQ.SG15ALE00000B900000S500N,2020.12,1041,%,Household net wealth,As a percentage of household disposable income,HHAL.QR6
SNEQ.SG15ALE00000B910000S500,2020.12,983728,NZDm,Household net financial wealth,Household net financial wealth,HHAL.QC5
SNEQ.SG15ALE00000B910000S500N,2020.12,508,%,Household net financial wealth,As a percentage of household disposable income,HHAL.QR3
DDEQ.SHA,2021.03,1880000,no,Number of households (at end of quarter),Housing stock,PDWEL.Q.H1.na
DDEQ.SKA,2021.03,1954500,no,Number of private dwellings (at end of quarter),Housing stock,PDWEL.Q.D1.na
SNEA.SG15AB01GE00ANA0000S900,2021.03,328424,NZDm,Expenditure GDP (annual),Nominal Gross Domestic Product (GDP),NATE.Y.E0Y.na
SNEA.SG15AB01GP00ANA0000S900,2021.03,328504,NZDm,Production GDP (annual),Nominal Gross Domestic Product (GDP),NATA.Y.G0.na
SNEA.SG15AB06NR00ANA0000S500,2021.03,199246,NZDm,Household disposable income (year ended),Household disposable income,HHAL.QC4rt12
SNEA.SG15AD041P00AFL0471S500,2021.03,10383,NZDm,Interest payments on housing loans (including rental properties),Memo item: Household debt servicing (year ended),HHAL.QD2.ZZH1rt12
SNEA.SG15AD041P00AFL0481S500,2021.03,1597,NZDm,Interest payments on consumer loans,Memo item: Household debt servicing (year ended),HHAL.QD2.ZZH2rt12
SNEA.SG15AD041P00ANA0000S500,2021.03,11980,NZDm,Total interest payments,Memo item: Household debt servicing (year ended),HHAL.QD2.ZZHrt12
SNEA.SG15AD041P00ANA0000S500N,2021.03,6,%,Total interest payments as a percentage of household disposable income,Memo item: Household debt servicing (year ended),HHAL.QR7.ZZHrt12
SNEQ.SG15AB01GE00ANA0000S900,2021.03,86170,NZDm,Expenditure GDP (quarterly),Nominal Gross Domestic Product (GDP),GDE.Q.EY.NA
SNEQ.SG15AB06NR00ANA0000S500,2021.03,51946,NZDm,Household disposable income (quarterly),Household disposable income,HHAL.QC4
SNEQ.SG15AD041P00AFL0471S500,2021.03,2480,NZDm,Interest payments on housing loans (including rental properties),Memo item: Household debt servicing (quarterly),HHAL.QD2.ZZH1
SNEQ.SG15AD041P00AFL0481S500,2021.03,385,NZDm,Interest payments on consumer loans,Memo item: Household debt servicing (quarterly),HHAL.QD2.ZZH2
SNEQ.SG15AD041P00ANA0000S500,2021.03,2865,NZDm,Total interest payments,Memo item: Household debt servicing (quarterly),HHAL.QD2.ZZH
SNEQ.SG15AD041P00ANA0000S500N,2021.03,6,%,Total interest payments as a percentage of household disposable income,Memo item: Household debt servicing (quarterly),HHAL.QR7.ZZH
SNEQ.SG15ALE00000AFA0000S500,2021.03,1278080,NZDm,Household financial assets,Household net financial wealth,HHAL.QA
SNEQ.SG15ALE00000AFA0000S500N,2021.03,642,%,Household financial assets,As a percentage of household disposable income,HHAL.QR1
SNEQ.SG15ALE00000AFA0586S500,2021.03,890984,NZDm,Net equity in housing,Net equity in housing,HHAL.QC2
SNEQ.SG15ALE00000AFA0586S500N,2021.03,447,%,Net equity in housing,As a percentage of household disposable income,HHAL.QR5
SNEQ.SG15ALE00000AFL0000S500,2021.03,256025,NZDm,Household financial liabilities,Household net financial wealth,HHAL.QB
SNEQ.SG15ALE00000AFL0000S500N,2021.03,129,%,Household financial liabilities,As a percentage of household disposable income,HHAL.QR2
SNEQ.SG15ALE00000AFL0461S500,2021.03,224914,NZDm,Housing loans,Net equity in housing,HHAL.QB11
SNEQ.SG15ALE00000AFL7000S500,2021.03,340192,NZDm,Household financial liabilities (including rental properties),Memo item: Household debt including rental properties,HHAL.QM21
SNEQ.SG15ALE00000AFL7000S500N,2021.03,171,%,Household financial liabilities (including rental properties) as a percentage of household disposable income,Memo item: Household debt including rental properties,HHAL.QM23
SNEQ.SG15ALE00000AN60000S500,2021.03,1115898,NZDm,Housing and land value,Household net wealth,HHAL.QC6
SNEQ.SG15ALE00000AN60000S500N,2021.03,560,%,Housing and land value,As a percentage of household disposable income,HHAL.QR4
SNEQ.SG15ALE00000B900000S500,2021.03,2137953,NZDm,Household net wealth,Household net wealth,HHAL.QC3
SNEQ.SG15ALE00000B900000S500N,2021.03,1073,%,Household net wealth,As a percentage of household disposable income,HHAL.QR6
SNEQ.SG15ALE00000B910000S500,2021.03,1022055,NZDm,Household net financial wealth,Household net financial wealth,HHAL.QC5
SNEQ.SG15ALE00000B910000S500N,2021.03,513,%,Household net financial wealth,As a percentage of household disposable income,HHAL.QR3
DDEQ.SHA,2021.06,1888200,no,Number of households (at end of quarter),Housing stock,PDWEL.Q.H1.na
DDEQ.SKA,2021.06,1963000,no,Number of private dwellings (at end of quarter),Housing stock,PDWEL.Q.D1.na
SNEA.SG15AB06NR00ANA0000S500,2021.06,202659,NZDm,Household disposable income (year ended),Household disposable income,HHAL.QC4rt12
SNEA.SG15AD041P00AFL0471S500,2021.06,10057,NZDm,Interest payments on housing loans (including rental properties),Memo item: Household debt servicing (year ended),HHAL.QD2.ZZH1rt12
SNEA.SG15AD041P00AFL0481S500,2021.06,1562,NZDm,Interest payments on consumer loans,Memo item: Household debt servicing (year ended),HHAL.QD2.ZZH2rt12
SNEA.SG15AD041P00ANA0000S500,2021.06,11619,NZDm,Total interest payments,Memo item: Household debt servicing (year ended),HHAL.QD2.ZZHrt12
SNEA.SG15AD041P00ANA0000S500N,2021.06,6,%,Total interest payments as a percentage of household disposable income,Memo item: Household debt servicing (year ended),HHAL.QR7.ZZHrt12
SNEQ.SG15AB01GE00ANA0000S900,2021.06,87926,NZDm,Expenditure GDP (quarterly),Nominal Gross Domestic Product (GDP),GDE.Q.EY.NA
SNEQ.SG15AB06NR00ANA0000S500,2021.06,49639,NZDm,Household disposable income (quarterly),Household disposable income,HHAL.QC4
SNEQ.SG15AD041P00AFL0471S500,2021.06,2390,NZDm,Interest payments on housing loans (including rental properties),Memo item: Household debt servicing (quarterly),HHAL.QD2.ZZH1
SNEQ.SG15AD041P00AFL0481S500,2021.06,381,NZDm,Interest payments on consumer loans,Memo item: Household debt servicing (quarterly),HHAL.QD2.ZZH2
SNEQ.SG15AD041P00ANA0000S500,2021.06,2771,NZDm,Total interest payments,Memo item: Household debt servicing (quarterly),HHAL.QD2.ZZH
SNEQ.SG15AD041P00ANA0000S500N,2021.06,6,%,Total interest payments as a percentage of household disposable income,Memo item: Household debt servicing (quarterly),HHAL.QR7.ZZH
SNEQ.SG15ALE00000AFA0000S500,2021.06,1318677,NZDm,Household financial assets,Household net financial wealth,HHAL.QA
SNEQ.SG15ALE00000AFA0000S500N,2021.06,651,%,Household financial assets,As a percentage of household disposable income,HHAL.QR1
SNEQ.SG15ALE00000AFA0586S500,2021.06,942179,NZDm,Net equity in housing,Net equity in housing,HHAL.QC2
SNEQ.SG15ALE00000AFA0586S500N,2021.06,465,%,Net equity in housing,As a percentage of household disposable income,HHAL.QR5
SNEQ.SG15ALE00000AFL0000S500,2021.06,263028,NZDm,Household financial liabilities,Household net financial wealth,HHAL.QB
SNEQ.SG15ALE00000AFL0000S500N,2021.06,130,%,Household financial liabilities,As a percentage of household disposable income,HHAL.QR2
SNEQ.SG15ALE00000AFL0461S500,2021.06,232088,NZDm,Housing loans,Net equity in housing,HHAL.QB11
SNEQ.SG15ALE00000AFL7000S500,2021.06,348748,NZDm,Household financial liabilities (including rental properties),Memo item: Household debt including rental properties,HHAL.QM21
SNEQ.SG15ALE00000AFL7000S500N,2021.06,172,%,Household financial liabilities (including rental properties) as a percentage of household disposable income,Memo item: Household debt including rental properties,HHAL.QM23
SNEQ.SG15ALE00000AN60000S500,2021.06,1174268,NZDm,Housing and land value,Household net wealth,HHAL.QC6
SNEQ.SG15ALE00000AN60000S500N,2021.06,579,%,Housing and land value,As a percentage of household disposable income,HHAL.QR4
SNEQ.SG15ALE00000B900000S500,2021.06,2229917,NZDm,Household net wealth,Household net wealth,HHAL.QC3
SNEQ.SG15ALE00000B900000S500N,2021.06,1100,%,Household net wealth,As a percentage of household disposable income,HHAL.QR6
SNEQ.SG15ALE00000B910000S500,2021.06,1055649,NZDm,Household net financial wealth,Household net financial wealth,HHAL.QC5
SNEQ.SG15ALE00000B910000S500N,2021.06,521,%,Household net financial wealth,As a percentage of household disposable income,HHAL.QR3
DDEQ.SHA,2021.09,1897200,no,Number of households (at end of quarter),Housing stock,PDWEL.Q.H1.na
DDEQ.SKA,2021.09,1972400,no,Number of private dwellings (at end of quarter),Housing stock,PDWEL.Q.D1.na
SNEA.SG15AB06NR00ANA0000S500,2021.09,205045,NZDm,Household disposable income (year ended),Household disposable income,HHAL.QC4rt12
SNEA.SG15AD041P00AFL0471S500,2021.09,9751,NZDm,Interest payments on housing loans (including rental properties),Memo item: Household debt servicing (year ended),HHAL.QD2.ZZH1rt12
SNEA.SG15AD041P00AFL0481S500,2021.09,1530,NZDm,Interest payments on consumer loans,Memo item: Household debt servicing (year ended),HHAL.QD2.ZZH2rt12
SNEA.SG15AD041P00ANA0000S500,2021.09,11281,NZDm,Total interest payments,Memo item: Household debt servicing (year ended),HHAL.QD2.ZZHrt12
SNEA.SG15AD041P00ANA0000S500N,2021.09,6,%,Total interest payments as a percentage of household disposable income,Memo item: Household debt servicing (year ended),HHAL.QR7.ZZHrt12
SNEQ.SG15AB01GE00ANA0000S900,2021.09,83797,NZDm,Expenditure GDP (quarterly),Nominal Gross Domestic Product (GDP),GDE.Q.EY.NA
SNEQ.SG15AB06NR00ANA0000S500,2021.09,51627,NZDm,Household disposable income (quarterly),Household disposable income,HHAL.QC4
SNEQ.SG15AD041P00AFL0471S500,2021.09,2319,NZDm,Interest payments on housing loans (including rental properties),Memo item: Household debt servicing (quarterly),HHAL.QD2.ZZH1
SNEQ.SG15AD041P00AFL0481S500,2021.09,365,NZDm,Interest payments on consumer loans,Memo item: Household debt servicing (quarterly),HHAL.QD2.ZZH2
SNEQ.SG15AD041P00ANA0000S500,2021.09,2684,NZDm,Total interest payments,Memo item: Household debt servicing (quarterly),HHAL.QD2.ZZH
SNEQ.SG15AD041P00ANA0000S500N,2021.09,5,%,Total interest payments as a percentage of household disposable income,Memo item: Household debt servicing (quarterly),HHAL.QR7.ZZH
SNEQ.SG15ALE00000AFA0000S500,2021.09,1393013,NZDm,Household financial assets,Household net financial wealth,HHAL.QA
SNEQ.SG15ALE00000AFA0000S500N,2021.09,679,%,Household financial assets,As a percentage of household disposable income,HHAL.QR1
SNEQ.SG15ALE00000AFA0586S500,2021.09,989820,NZDm,Net equity in housing,Net equity in housing,HHAL.QC2
SNEQ.SG15ALE00000AFA0586S500N,2021.09,483,%,Net equity in housing,As a percentage of household disposable income,HHAL.QR5
SNEQ.SG15ALE00000AFL0000S500,2021.09,267766,NZDm,Household financial liabilities,Household net financial wealth,HHAL.QB
SNEQ.SG15ALE00000AFL0000S500N,2021.09,131,%,Household financial liabilities,As a percentage of household disposable income,HHAL.QR2
SNEQ.SG15ALE00000AFL0461S500,2021.09,237816,NZDm,Housing loans,Net equity in housing,HHAL.QB11
SNEQ.SG15ALE00000AFL7000S500,2021.09,353856,NZDm,Household financial liabilities (including rental properties),Memo item: Household debt including rental properties,HHAL.QM21
SNEQ.SG15ALE00000AFL7000S500N,2021.09,173,%,Household financial liabilities (including rental properties) as a percentage of household disposable income,Memo item: Household debt including rental properties,HHAL.QM23
SNEQ.SG15ALE00000AN60000S500,2021.09,1227636,NZDm,Housing and land value,Household net wealth,HHAL.QC6
SNEQ.SG15ALE00000AN60000S500N,2021.09,599,%,Housing and land value,As a percentage of household disposable income,HHAL.QR4
SNEQ.SG15ALE00000B900000S500,2021.09,2352883,NZDm,Household net wealth,Household net wealth,HHAL.QC3
SNEQ.SG15ALE00000B900000S500N,2021.09,1148,%,Household net wealth,As a percentage of household disposable income,HHAL.QR6
SNEQ.SG15ALE00000B910000S500,2021.09,1125247,NZDm,Household net financial wealth,Household net financial wealth,HHAL.QC5
SNEQ.SG15ALE00000B910000S500N,2021.09,549,%,Household net financial wealth,As a percentage of household disposable income,HHAL.QR3
DDEQ.SHA,2021.12,1907200,no,Number of households (at end of quarter),Housing stock,PDWEL.Q.H1.na
DDEQ.SKA,2021.12,1982800,no,Number of private dwellings (at end of quarter),Housing stock,PDWEL.Q.D1.na
SNEA.SG15AB06NR00ANA0000S500,2021.12,207533,NZDm,Household disposable income (year ended),Household disposable income,HHAL.QC4rt12
SNEA.SG15AD041P00AFL0471S500,2021.12,9575,NZDm,Interest payments on housing loans (including rental properties),Memo item: Household debt servicing (year ended),HHAL.QD2.ZZH1rt12
SNEA.SG15AD041P00AFL0481S500,2021.12,1477,NZDm,Interest payments on consumer loans,Memo item: Household debt servicing (year ended),HHAL.QD2.ZZH2rt12
SNEA.SG15AD041P00ANA0000S500,2021.12,11052,NZDm,Total interest payments,Memo item: Household debt servicing (year ended),HHAL.QD2.ZZHrt12
SNEA.SG15AD041P00ANA0000S500N,2021.12,5,%,Total interest payments as a percentage of household disposable income,Memo item: Household debt servicing (year ended),HHAL.QR7.ZZHrt12
SNEQ.SG15AB01GE00ANA0000S900,2021.12,95096,NZDm,Expenditure GDP (quarterly),Nominal Gross Domestic Product (GDP),GDE.Q.EY.NA
SNEQ.SG15AB06NR00ANA0000S500,2021.12,54321,NZDm,Household disposable income (quarterly),Household disposable income,HHAL.QC4
SNEQ.SG15AD041P00AFL0471S500,2021.12,2386,NZDm,Interest payments on housing loans (including rental properties),Memo item: Household debt servicing (quarterly),HHAL.QD2.ZZH1
SNEQ.SG15AD041P00AFL0481S500,2021.12,346,NZDm,Interest payments on consumer loans,Memo item: Household debt servicing (quarterly),HHAL.QD2.ZZH2
SNEQ.SG15AD041P00ANA0000S500,2021.12,2732,NZDm,Total interest payments,Memo item: Household debt servicing (quarterly),HHAL.QD2.ZZH
SNEQ.SG15AD041P00ANA0000S500N,2021.12,5,%,Total interest payments as a percentage of household disposable income,Memo item: Household debt servicing (quarterly),HHAL.QR7.ZZH
SNEQ.SG15ALE00000AFA0000S500,2021.12,1448240,NZDm,Household financial assets,Household net financial wealth,HHAL.QA
SNEQ.SG15ALE00000AFA0000S500N,2021.12,698,%,Household financial assets,As a percentage of household disposable income,HHAL.QR1
SNEQ.SG15ALE00000AFA0586S500,2021.12,1059378,NZDm,Net equity in housing,Net equity in housing,HHAL.QC2
SNEQ.SG15ALE00000AFA0586S500N,2021.12,511,%,Net equity in housing,As a percentage of household disposable income,HHAL.QR5
SNEQ.SG15ALE00000AFL0000S500,2021.12,272941,NZDm,Household financial liabilities,Household net financial wealth,HHAL.QB
SNEQ.SG15ALE00000AFL0000S500N,2021.12,132,%,Household financial liabilities,As a percentage of household disposable income,HHAL.QR2
SNEQ.SG15ALE00000AFL0461S500,2021.12,242725,NZDm,Housing loans,Net equity in housing,HHAL.QB11
SNEQ.SG15ALE00000AFL7000S500,2021.12,361463,NZDm,Household financial liabilities (including rental properties),Memo item: Household debt including rental properties,HHAL.QM21
SNEQ.SG15ALE00000AFL7000S500N,2021.12,174,%,Household financial liabilities (including rental properties) as a percentage of household disposable income,Memo item: Household debt including rental properties,HHAL.QM23
SNEQ.SG15ALE00000AN60000S500,2021.12,1302103,NZDm,Housing and land value,Household net wealth,HHAL.QC6
SNEQ.SG15ALE00000AN60000S500N,2021.12,627,%,Housing and land value,As a percentage of household disposable income,HHAL.QR4
SNEQ.SG15ALE00000B900000S500,2021.12,2477402,NZDm,Household net wealth,Household net wealth,HHAL.QC3
SNEQ.SG15ALE00000B900000S500N,2021.12,1194,%,Household net wealth,As a percentage of household disposable income,HHAL.QR6
SNEQ.SG15ALE00000B910000S500,2021.12,1175299,NZDm,Household net financial wealth,Household net financial wealth,HHAL.QC5
SNEQ.SG15ALE00000B910000S500N,2021.12,566,%,Household net financial wealth,As a percentage of household disposable income,HHAL.QR3
DDEQ.SHA,2022.03,1916400,no,Number of households (at end of quarter),Housing stock,PDWEL.Q.H1.na
DDEQ.SKA,2022.03,1992400,no,Number of private dwellings (at end of quarter),Housing stock,PDWEL.Q.D1.na
SNEA.SG15AB01GE00ANA0000S900,2022.03,358982,NZDm,Expenditure GDP (annual),Nominal Gross Domestic Product (GDP),NATE.Y.E0Y.na
SNEA.SG15AB01GP00ANA0000S900,2022.03,359074,NZDm,Production GDP (annual),Nominal Gross Domestic Product (GDP),NATA.Y.G0.na
SNEA.SG15AB06NR00ANA0000S500,2022.03,208782,NZDm,Household disposable income (year ended),Household disposable income,HHAL.QC4rt12
SNEA.SG15AD041P00AFL0471S500,2022.03,9663,NZDm,Interest payments on housing loans (including rental properties),Memo item: Household debt servicing (year ended),HHAL.QD2.ZZH1rt12
SNEA.SG15AD041P00AFL0481S500,2022.03,1435,NZDm,Interest payments on consumer loans,Memo item: Household debt servicing (year ended),HHAL.QD2.ZZH2rt12
SNEA.SG15AD041P00ANA0000S500,2022.03,11098,NZDm,Total interest payments,Memo item: Household debt servicing (year ended),HHAL.QD2.ZZHrt12
SNEA.SG15AD041P00ANA0000S500N,2022.03,5,%,Total interest payments as a percentage of household disposable income,Memo item: Household debt servicing (year ended),HHAL.QR7.ZZHrt12
SNEQ.SG15AB01GE00ANA0000S900,2022.03,92163,NZDm,Expenditure GDP (quarterly),Nominal Gross Domestic Product (GDP),GDE.Q.EY.NA
SNEQ.SG15AB06NR00ANA0000S500,2022.03,53195,NZDm,Household disposable income (quarterly),Household disposable income,HHAL.QC4
SNEQ.SG15AD041P00AFL0471S500,2022.03,2568,NZDm,Interest payments on housing loans (including rental properties),Memo item: Household debt servicing (quarterly),HHAL.QD2.ZZH1
SNEQ.SG15AD041P00AFL0481S500,2022.03,343,NZDm,Interest payments on consumer loans,Memo item: Household debt servicing (quarterly),HHAL.QD2.ZZH2
SNEQ.SG15AD041P00ANA0000S500,2022.03,2911,NZDm,Total interest payments,Memo item: Household debt servicing (quarterly),HHAL.QD2.ZZH
SNEQ.SG15AD041P00ANA0000S500N,2022.03,6,%,Total interest payments as a percentage of household disposable income,Memo item: Household debt servicing (quarterly),HHAL.QR7.ZZH
SNEQ.SG15ALE00000AFA0000S500,2022.03,1475545,NZDm,Household financial assets,Household net financial wealth,HHAL.QA
SNEQ.SG15ALE00000AFA0000S500N,2022.03,707,%,Household financial assets,As a percentage of household disposable income,HHAL.QR1
SNEQ.SG15ALE00000AFA0586S500,2022.03,1026527,NZDm,Net equity in housing,Net equity in housing,HHAL.QC2
SNEQ.SG15ALE00000AFA0586S500N,2022.03,492,%,Net equity in housing,As a percentage of household disposable income,HHAL.QR5
SNEQ.SG15ALE00000AFL0000S500,2022.03,277122,NZDm,Household financial liabilities,Household net financial wealth,HHAL.QB
SNEQ.SG15ALE00000AFL0000S500N,2022.03,133,%,Household financial liabilities,As a percentage of household disposable income,HHAL.QR2
SNEQ.SG15ALE00000AFL0461S500,2022.03,246960,NZDm,Housing loans,Net equity in housing,HHAL.QB11
SNEQ.SG15ALE00000AFL7000S500,2022.03,365999,NZDm,Household financial liabilities (including rental properties),Memo item: Household debt including rental properties,HHAL.QM21
SNEQ.SG15ALE00000AFL7000S500N,2022.03,175,%,Household financial liabilities (including rental properties) as a percentage of household disposable income,Memo item: Household debt including rental properties,HHAL.QM23
SNEQ.SG15ALE00000AN60000S500,2022.03,1273487,NZDm,Housing and land value,Household net wealth,HHAL.QC6
SNEQ.SG15ALE00000AN60000S500N,2022.03,610,%,Housing and land value,As a percentage of household disposable income,HHAL.QR4
SNEQ.SG15ALE00000B900000S500,2022.03,2471910,NZDm,Household net wealth,Household net wealth,HHAL.QC3
SNEQ.SG15ALE00000B900000S500N,2022.03,1184,%,Household net wealth,As a percentage of household disposable income,HHAL.QR6
SNEQ.SG15ALE00000B910000S500,2022.03,1198423,NZDm,Household net financial wealth,Household net financial wealth,HHAL.QC5
SNEQ.SG15ALE00000B910000S500N,2022.03,574,%,Household net financial wealth,As a percentage of household disposable income,HHAL.QR3
DDEQ.SHA,2022.06,1927500,no,Number of households (at end of quarter),Housing stock,PDWEL.Q.H1.na
DDEQ.SKA,2022.06,2004000,no,Number of private dwellings (at end of quarter),Housing stock,PDWEL.Q.D1.na
SNEA.SG15AB06NR00ANA0000S500,2022.06,210831,NZDm,Household disposable income (year ended),Household disposable income,HHAL.QC4rt12
SNEA.SG15AD041P00AFL0471S500,2022.06,10127,NZDm,Interest payments on housing loans (including rental properties),Memo item: Household debt servicing (year ended),HHAL.QD2.ZZH1rt12
SNEA.SG15AD041P00AFL0481S500,2022.06,1404,NZDm,Interest payments on consumer loans,Memo item: Household debt servicing (year ended),HHAL.QD2.ZZH2rt12
SNEA.SG15AD041P00ANA0000S500,2022.06,11531,NZDm,Total interest payments,Memo item: Household debt servicing (year ended),HHAL.QD2.ZZHrt12
SNEA.SG15AD041P00ANA0000S500N,2022.06,6,%,Total interest payments as a percentage of household disposable income,Memo item: Household debt servicing (year ended),HHAL.QR7.ZZHrt12
SNEQ.SG15AB01GE00ANA0000S900,2022.06,94686,NZDm,Expenditure GDP (quarterly),Nominal Gross Domestic Product (GDP),GDE.Q.EY.NA
SNEQ.SG15AB06NR00ANA0000S500,2022.06,51688,NZDm,Household disposable income (quarterly),Household disposable income,HHAL.QC4
SNEQ.SG15AD041P00AFL0471S500,2022.06,2853,NZDm,Interest payments on housing loans (including rental properties),Memo item: Household debt servicing (quarterly),HHAL.QD2.ZZH1
SNEQ.SG15AD041P00AFL0481S500,2022.06,350,NZDm,Interest payments on consumer loans,Memo item: Household debt servicing (quarterly),HHAL.QD2.ZZH2
SNEQ.SG15AD041P00ANA0000S500,2022.06,3203,NZDm,Total interest payments,Memo item: Household debt servicing (quarterly),HHAL.QD2.ZZH
SNEQ.SG15AD041P00ANA0000S500N,2022.06,6,%,Total interest payments as a percentage of household disposable income,Memo item: Household debt servicing (quarterly),HHAL.QR7.ZZH
SNEQ.SG15ALE00000AFA0000S500,2022.06,1453486,NZDm,Household financial assets,Household net financial wealth,HHAL.QA
SNEQ.SG15ALE00000AFA0000S500N,2022.06,689,%,Household financial assets,As a percentage of household disposable income,HHAL.QR1
SNEQ.SG15ALE00000AFA0586S500,2022.06,992378,NZDm,Net equity in housing,Net equity in housing,HHAL.QC2
SNEQ.SG15ALE00000AFA0586S500N,2022.06,471,%,Net equity in housing,As a percentage of household disposable income,HHAL.QR5
SNEQ.SG15ALE00000AFL0000S500,2022.06,280094,NZDm,Household financial liabilities,Household net financial wealth,HHAL.QB
SNEQ.SG15ALE00000AFL0000S500N,2022.06,133,%,Household financial liabilities,As a percentage of household disposable income,HHAL.QR2
SNEQ.SG15ALE00000AFL0461S500,2022.06,250214,NZDm,Housing loans,Net equity in housing,HHAL.QB11
SNEQ.SG15ALE00000AFL7000S500,2022.06,369573,NZDm,Household financial liabilities (including rental properties),Memo item: Household debt including rental properties,HHAL.QM21
SNEQ.SG15ALE00000AFL7000S500N,2022.06,175,%,Household financial liabilities (including rental properties) as a percentage of household disposable income,Memo item: Household debt including rental properties,HHAL.QM23
SNEQ.SG15ALE00000AN60000S500,2022.06,1242592,NZDm,Housing and land value,Household net wealth,HHAL.QC6
SNEQ.SG15ALE00000AN60000S500N,2022.06,589,%,Housing and land value,As a percentage of household disposable income,HHAL.QR4
SNEQ.SG15ALE00000B900000S500,2022.06,2415984,NZDm,Household net wealth,Household net wealth,HHAL.QC3
SNEQ.SG15ALE00000B900000S500N,2022.06,1146,%,Household net wealth,As a percentage of household disposable income,HHAL.QR6
SNEQ.SG15ALE00000B910000S500,2022.06,1173392,NZDm,Household net financial wealth,Household net financial wealth,HHAL.QC5
SNEQ.SG15ALE00000B910000S500N,2022.06,557,%,Household net financial wealth,As a percentage of household disposable income,HHAL.QR3
DDEQ.SHA,2022.09,1939300,no,Number of households (at end of quarter),Housing stock,PDWEL.Q.H1.na
DDEQ.SKA,2022.09,2016200,no,Number of private dwellings (at end of quarter),Housing stock,PDWEL.Q.D1.na
SNEA.SG15AB06NR00ANA0000S500,2022.09,213414,NZDm,Household disposable income (year ended),Household disposable income,HHAL.QC4rt12
SNEA.SG15AD041P00AFL0471S500,2022.09,11079,NZDm,Interest payments on housing loans (including rental properties),Memo item: Household debt servicing (year ended),HHAL.QD2.ZZH1rt12
SNEA.SG15AD041P00AFL0481S500,2022.09,1379,NZDm,Interest payments on consumer loans,Memo item: Household debt servicing (year ended),HHAL.QD2.ZZH2rt12
SNEA.SG15AD041P00ANA0000S500,2022.09,12458,NZDm,Total interest payments,Memo item: Household debt servicing (year ended),HHAL.QD2.ZZHrt12
SNEA.SG15AD041P00ANA0000S500N,2022.09,6,%,Total interest payments as a percentage of household disposable income,Memo item: Household debt servicing (year ended),HHAL.QR7.ZZHrt12
SNEQ.SG15AB01GE00ANA0000S900,2022.09,94855,NZDm,Expenditure GDP (quarterly),Nominal Gross Domestic Product (GDP),GDE.Q.EY.NA
SNEQ.SG15AB06NR00ANA0000S500,2022.09,54210,NZDm,Household disposable income (quarterly),Household disposable income,HHAL.QC4
SNEQ.SG15AD041P00AFL0471S500,2022.09,3272,NZDm,Interest payments on housing loans (including rental properties),Memo item: Household debt servicing (quarterly),HHAL.QD2.ZZH1
SNEQ.SG15AD041P00AFL0481S500,2022.09,339,NZDm,Interest payments on consumer loans,Memo item: Household debt servicing (quarterly),HHAL.QD2.ZZH2
SNEQ.SG15AD041P00ANA0000S500,2022.09,3611,NZDm,Total interest payments,Memo item: Household debt servicing (quarterly),HHAL.QD2.ZZH
SNEQ.SG15AD041P00ANA0000S500N,2022.09,7,%,Total interest payments as a percentage of household disposable income,Memo item: Household debt servicing (quarterly),HHAL.QR7.ZZH
SNEQ.SG15ALE00000AFA0000S500,2022.09,1475006,NZDm,Household financial assets,Household net financial wealth,HHAL.QA
SNEQ.SG15ALE00000AFA0000S500N,2022.09,691,%,Household financial assets,As a percentage of household disposable income,HHAL.QR1
SNEQ.SG15ALE00000AFA0586S500,2022.09,952810,NZDm,Net equity in housing,Net equity in housing,HHAL.QC2
SNEQ.SG15ALE00000AFA0586S500N,2022.09,447,%,Net equity in housing,As a percentage of household disposable income,HHAL.QR5
SNEQ.SG15ALE00000AFL0000S500,2022.09,282621,NZDm,Household financial liabilities,Household net financial wealth,HHAL.QB
SNEQ.SG15ALE00000AFL0000S500N,2022.09,132,%,Household financial liabilities,As a percentage of household disposable income,HHAL.QR2
SNEQ.SG15ALE00000AFL0461S500,2022.09,252837,NZDm,Housing loans,Net equity in housing,HHAL.QB11
SNEQ.SG15ALE00000AFL7000S500,2022.09,372172,NZDm,Household financial liabilities (including rental properties),Memo item: Household debt including rental properties,HHAL.QM21
SNEQ.SG15ALE00000AFL7000S500N,2022.09,174,%,Household financial liabilities (including rental properties) as a percentage of household disposable income,Memo item: Household debt including rental properties,HHAL.QM23
SNEQ.SG15ALE00000AN60000S500,2022.09,1205647,NZDm,Housing and land value,Household net wealth,HHAL.QC6
SNEQ.SG15ALE00000AN60000S500N,2022.09,565,%,Housing and land value,As a percentage of household disposable income,HHAL.QR4
SNEQ.SG15ALE00000B900000S500,2022.09,2398032,NZDm,Household net wealth,Household net wealth,HHAL.QC3
SNEQ.SG15ALE00000B900000S500N,2022.09,1124,%,Household net wealth,As a percentage of household disposable income,HHAL.QR6
SNEQ.SG15ALE00000B910000S500,2022.09,1192385,NZDm,Household net financial wealth,Household net financial wealth,HHAL.QC5
SNEQ.SG15ALE00000B910000S500N,2022.09,559,%,Household net financial wealth,As a percentage of household disposable income,HHAL.QR3
DDEQ.SHA,2022.12,1950700,no,Number of households (at end of quarter),Housing stock,PDWEL.Q.H1.na
DDEQ.SKA,2022.12,2028100,no,Number of private dwellings (at end of quarter),Housing stock,PDWEL.Q.D1.na
SNEA.SG15AB06NR00ANA0000S500,2022.12,215128,NZDm,Household disposable income (year ended),Household disposable income,HHAL.QC4rt12
SNEA.SG15AD041P00AFL0471S500,2022.12,12325,NZDm,Interest payments on housing loans (including rental properties),Memo item: Household debt servicing (year ended),HHAL.QD2.ZZH1rt12
SNEA.SG15AD041P00AFL0481S500,2022.12,1377,NZDm,Interest payments on consumer loans,Memo item: Household debt servicing (year ended),HHAL.QD2.ZZH2rt12
SNEA.SG15AD041P00ANA0000S500,2022.12,13702,NZDm,Total interest payments,Memo item: Household debt servicing (year ended),HHAL.QD2.ZZHrt12
SNEA.SG15AD041P00ANA0000S500N,2022.12,6,%,Total interest payments as a percentage of household disposable income,Memo item: Household debt servicing (year ended),HHAL.QR7.ZZHrt12
SNEQ.SG15AB01GE00ANA0000S900,2022.12,104012,NZDm,Expenditure GDP (quarterly),Nominal Gross Domestic Product (GDP),GDE.Q.EY.NA
SNEQ.SG15AB06NR00ANA0000S500,2022.12,56035,NZDm,Household disposable income (quarterly),Household disposable income,HHAL.QC4
SNEQ.SG15AD041P00AFL0471S500,2022.12,3632,NZDm,Interest payments on housing loans (including rental properties),Memo item: Household debt servicing (quarterly),HHAL.QD2.ZZH1
SNEQ.SG15AD041P00AFL0481S500,2022.12,345,NZDm,Interest payments on consumer loans,Memo item: Household debt servicing (quarterly),HHAL.QD2.ZZH2
SNEQ.SG15AD041P00ANA0000S500,2022.12,3977,NZDm,Total interest payments,Memo item: Household debt servicing (quarterly),HHAL.QD2.ZZH
SNEQ.SG15AD041P00ANA0000S500N,2022.12,7,%,Total interest payments as a percentage of household disposable income,Memo item: Household debt servicing (quarterly),HHAL.QR7.ZZH
SNEQ.SG15ALE00000AFA0000S500,2022.12,1502204,NZDm,Household financial assets,Household net financial wealth,HHAL.QA
SNEQ.SG15ALE00000AFA0000S500N,2022.12,698,%,Household financial assets,As a percentage of household disposable income,HHAL.QR1
SNEQ.SG15ALE00000AFA0586S500,2022.12,933752,NZDm,Net equity in housing,Net equity in housing,HHAL.QC2
SNEQ.SG15ALE00000AFA0586S500N,2022.12,434,%,Net equity in housing,As a percentage of household disposable income,HHAL.QR5
SNEQ.SG15ALE00000AFL0000S500,2022.12,285878,NZDm,Household financial liabilities,Household net financial wealth,HHAL.QB
SNEQ.SG15ALE00000AFL0000S500N,2022.12,133,%,Household financial liabilities,As a percentage of household disposable income,HHAL.QR2
SNEQ.SG15ALE00000AFL0461S500,2022.12,255862,NZDm,Housing loans,Net equity in housing,HHAL.QB11
SNEQ.SG15ALE00000AFL7000S500,2022.12,375761,NZDm,Household financial liabilities (including rental properties),Memo item: Household debt including rental properties,HHAL.QM21
SNEQ.SG15ALE00000AFL7000S500N,2022.12,175,%,Household financial liabilities (including rental properties) as a percentage of household disposable income,Memo item: Household debt including rental properties,HHAL.QM23
SNEQ.SG15ALE00000AN60000S500,2022.12,1189614,NZDm,Housing and land value,Household net wealth,HHAL.QC6
SNEQ.SG15ALE00000AN60000S500N,2022.12,553,%,Housing and land value,As a percentage of household disposable income,HHAL.QR4
SNEQ.SG15ALE00000B900000S500,2022.12,2405940,NZDm,Household net wealth,Household net wealth,HHAL.QC3
SNEQ.SG15ALE00000B900000S500N,2022.12,1118,%,Household net wealth,As a percentage of household disposable income,HHAL.QR6
SNEQ.SG15ALE00000B910000S500,2022.12,1216326,NZDm,Household net financial wealth,Household net financial wealth,HHAL.QC5
SNEQ.SG15ALE00000B910000S500N,2022.12,565,%,Household net financial wealth,As a percentage of household disposable income,HHAL.QR3
DDEQ.SHA,2023.03,1961600,no,Number of households (at end of quarter),Housing stock,PDWEL.Q.H1.na
DDEQ.SKA,2023.03,2041500,no,Number of private dwellings (at end of quarter),Housing stock,PDWEL.Q.D1.na
SNEA.SG15AB01GE00ANA0000S900,2023.03,393752,NZDm,Expenditure GDP (annual),Nominal Gross Domestic Product (GDP),NATE.Y.E0Y.na
SNEA.SG15AB01GP00ANA0000S900,2023.03,393523,NZDm,Production GDP (annual),Nominal Gross Domestic Product (GDP),NATA.Y.G0.na
SNEA.SG15AB06NR00ANA0000S500,2023.03,217535,NZDm,Household disposable income (year ended),Household disposable income,HHAL.QC4rt12
SNEA.SG15AD041P00AFL0471S500,2023.03,13726,NZDm,Interest payments on housing loans (including rental properties),Memo item: Household debt servicing (year ended),HHAL.QD2.ZZH1rt12
SNEA.SG15AD041P00AFL0481S500,2023.03,1387,NZDm,Interest payments on consumer loans,Memo item: Household debt servicing (year ended),HHAL.QD2.ZZH2rt12
SNEA.SG15AD041P00ANA0000S500,2023.03,15113,NZDm,Total interest payments,Memo item: Household debt servicing (year ended),HHAL.QD2.ZZHrt12
SNEA.SG15AD041P00ANA0000S500N,2023.03,7,%,Total interest payments as a percentage of household disposable income,Memo item: Household debt servicing (year ended),HHAL.QR7.ZZHrt12
SNEQ.SG15AB01GE00ANA0000S900,2023.03,100200,NZDm,Expenditure GDP (quarterly),Nominal Gross Domestic Product (GDP),GDE.Q.EY.NA
SNEQ.SG15AB06NR00ANA0000S500,2023.03,55602,NZDm,Household disposable income (quarterly),Household disposable income,HHAL.QC4
SNEQ.SG15AD041P00AFL0471S500,2023.03,3969,NZDm,Interest payments on housing loans (including rental properties),Memo item: Household debt servicing (quarterly),HHAL.QD2.ZZH1
SNEQ.SG15AD041P00AFL0481S500,2023.03,353,NZDm,Interest payments on consumer loans,Memo item: Household debt servicing (quarterly),HHAL.QD2.ZZH2
SNEQ.SG15AD041P00ANA0000S500,2023.03,4322,NZDm,Total interest payments,Memo item: Household debt servicing (quarterly),HHAL.QD2.ZZH
SNEQ.SG15AD041P00ANA0000S500N,2023.03,8,%,Total interest payments as a percentage of household disposable income,Memo item: Household debt servicing (quarterly),HHAL.QR7.ZZH
SNEQ.SG15ALE00000AFA0000S500,2023.03,1525570,NZDm,Household financial assets,Household net financial wealth,HHAL.QA
SNEQ.SG15ALE00000AFA0000S500N,2023.03,701,%,Household financial assets,As a percentage of household disposable income,HHAL.QR1
SNEQ.SG15ALE00000AFA0586S500,2023.03,906373,NZDm,Net equity in housing,Net equity in housing,HHAL.QC2
SNEQ.SG15ALE00000AFA0586S500N,2023.03,417,%,Net equity in housing,As a percentage of household disposable income,HHAL.QR5
SNEQ.SG15ALE00000AFL0000S500,2023.03,288012,NZDm,Household financial liabilities,Household net financial wealth,HHAL.QB
SNEQ.SG15ALE00000AFL0000S500N,2023.03,132,%,Household financial liabilities,As a percentage of household disposable income,HHAL.QR2
SNEQ.SG15ALE00000AFL0461S500,2023.03,257691,NZDm,Housing loans,Net equity in housing,HHAL.QB11
SNEQ.SG15ALE00000AFL7000S500,2023.03,377775,NZDm,Household financial liabilities (including rental properties),Memo item: Household debt including rental properties,HHAL.QM21
SNEQ.SG15ALE00000AFL7000S500N,2023.03,174,%,Household financial liabilities (including rental properties) as a percentage of household disposable income,Memo item: Household debt including rental properties,HHAL.QM23
SNEQ.SG15ALE00000AN60000S500,2023.03,1164064,NZDm,Housing and land value,Household net wealth,HHAL.QC6
SNEQ.SG15ALE00000AN60000S500N,2023.03,535,%,Housing and land value,As a percentage of household disposable income,HHAL.QR4
SNEQ.SG15ALE00000B900000S500,2023.03,2401622,NZDm,Household net wealth,Household net wealth,HHAL.QC3
SNEQ.SG15ALE00000B900000S500N,2023.03,1104,%,Household net wealth,As a percentage of household disposable income,HHAL.QR6
SNEQ.SG15ALE00000B910000S500,2023.03,1237558,NZDm,Household net financial wealth,Household net financial wealth,HHAL.QC5
SNEQ.SG15ALE00000B910000S500N,2023.03,569,%,Household net financial wealth,As a percentage of household disposable income,HHAL.QR3
DDEQ.SHA,2023.06,1972500,no,Number of households (at end of quarter),Housing stock,PDWEL.Q.H1.na
DDEQ.SKA,2023.06,2052800,no,Number of private dwellings (at end of quarter),Housing stock,PDWEL.Q.D1.na
SNEA.SG15AB06NR00ANA0000S500,2023.06,222558,NZDm,Household disposable income (year ended),Household disposable income,HHAL.QC4rt12
SNEA.SG15AD041P00AFL0471S500,2023.06,15199,NZDm,Interest payments on housing loans (including rental properties),Memo item: Household debt servicing (year ended),HHAL.QD2.ZZH1rt12
SNEA.SG15AD041P00AFL0481S500,2023.06,1399,NZDm,Interest payments on consumer loans,Memo item: Household debt servicing (year ended),HHAL.QD2.ZZH2rt12
SNEA.SG15AD041P00ANA0000S500,2023.06,16598,NZDm,Total interest payments,Memo item: Household debt servicing (year ended),HHAL.QD2.ZZHrt12
SNEA.SG15AD041P00ANA0000S500N,2023.06,8,%,Total interest payments as a percentage of household disposable income,Memo item: Household debt servicing (year ended),HHAL.QR7.ZZHrt12
SNEQ.SG15AB01GE00ANA0000S900,2023.06,102575,NZDm,Expenditure GDP (quarterly),Nominal Gross Domestic Product (GDP),GDE.Q.EY.NA
SNEQ.SG15AB06NR00ANA0000S500,2023.06,56711,NZDm,Household disposable income (quarterly),Household disposable income,HHAL.QC4
SNEQ.SG15AD041P00AFL0471S500,2023.06,4327,NZDm,Interest payments on housing loans (including rental properties),Memo item: Household debt servicing (quarterly),HHAL.QD2.ZZH1
SNEQ.SG15AD041P00AFL0481S500,2023.06,362,NZDm,Interest payments on consumer loans,Memo item: Household debt servicing (quarterly),HHAL.QD2.ZZH2
SNEQ.SG15AD041P00ANA0000S500,2023.06,4689,NZDm,Total interest payments,Memo item: Household debt servicing (quarterly),HHAL.QD2.ZZH
SNEQ.SG15AD041P00ANA0000S500N,2023.06,8,%,Total interest payments as a percentage of household disposable income,Memo item: Household debt servicing (quarterly),HHAL.QR7.ZZH
SNEQ.SG15ALE00000AFA0000S500,2023.06,1522948,NZDm,Household financial assets,Household net financial wealth,HHAL.QA
SNEQ.SG15ALE00000AFA0000S500N,2023.06,684,%,Household financial assets,As a percentage of household disposable income,HHAL.QR1
SNEQ.SG15ALE00000AFA0586S500,2023.06,896469,NZDm,Net equity in housing,Net equity in housing,HHAL.QC2
SNEQ.SG15ALE00000AFA0586S500N,2023.06,403,%,Net equity in housing,As a percentage of household disposable income,HHAL.QR5
SNEQ.SG15ALE00000AFL0000S500,2023.06,290499,NZDm,Household financial liabilities,Household net financial wealth,HHAL.QB
SNEQ.SG15ALE00000AFL0000S500N,2023.06,131,%,Household financial liabilities,As a percentage of household disposable income,HHAL.QR2
SNEQ.SG15ALE00000AFL0461S500,2023.06,260233,NZDm,Housing loans,Net equity in housing,HHAL.QB11
SNEQ.SG15ALE00000AFL7000S500,2023.06,380277,NZDm,Household financial liabilities (including rental properties),Memo item: Household debt including rental properties,HHAL.QM21
SNEQ.SG15ALE00000AFL7000S500N,2023.06,171,%,Household financial liabilities (including rental properties) as a percentage of household disposable income,Memo item: Household debt including rental properties,HHAL.QM23
SNEQ.SG15ALE00000AN60000S500,2023.06,1156702,NZDm,Housing and land value,Household net wealth,HHAL.QC6
SNEQ.SG15ALE00000AN60000S500N,2023.06,520,%,Housing and land value,As a percentage of household disposable income,HHAL.QR4
SNEQ.SG15ALE00000B900000S500,2023.06,2389151,NZDm,Household net wealth,Household net wealth,HHAL.QC3
SNEQ.SG15ALE00000B900000S500N,2023.06,1074,%,Household net wealth,As a percentage of household disposable income,HHAL.QR6
SNEQ.SG15ALE00000B910000S500,2023.06,1232449,NZDm,Household net financial wealth,Household net financial wealth,HHAL.QC5
SNEQ.SG15ALE00000B910000S500N,2023.06,554,%,Household net financial wealth,As a percentage of household disposable income,HHAL.QR3
DDEQ.SHA,2023.09,1984300,no,Number of households (at end of quarter),Housing stock,PDWEL.Q.H1.na
DDEQ.SKA,2023.09,2065100,no,Number of private dwellings (at end of quarter),Housing stock,PDWEL.Q.D1.na
SNEA.SG15AB06NR00ANA0000S500,2023.09,226450,NZDm,Household disposable income (year ended),Household disposable income,HHAL.QC4rt12
SNEA.SG15AD041P00AFL0471S500,2023.09,16624,NZDm,Interest payments on housing loans (including rental properties),Memo item: Household debt servicing (year ended),HHAL.QD2.ZZH1rt12
SNEA.SG15AD041P00AFL0481S500,2023.09,1426,NZDm,Interest payments on consumer loans,Memo item: Household debt servicing (year ended),HHAL.QD2.ZZH2rt12
SNEA.SG15AD041P00ANA0000S500,2023.09,18050,NZDm,Total interest payments,Memo item: Household debt servicing (year ended),HHAL.QD2.ZZHrt12
SNEA.SG15AD041P00ANA0000S500N,2023.09,8,%,Total interest payments as a percentage of household disposable income,Memo item: Household debt servicing (year ended),HHAL.QR7.ZZHrt12
SNEQ.SG15AB01GE00ANA0000S900,2023.09,101210,NZDm,Expenditure GDP (quarterly),Nominal Gross Domestic Product (GDP),GDE.Q.EY.NA
SNEQ.SG15AB06NR00ANA0000S500,2023.09,58102,NZDm,Household disposable income (quarterly),Household disposable income,HHAL.QC4
SNEQ.SG15AD041P00AFL0471S500,2023.09,4696,NZDm,Interest payments on housing loans (including rental properties),Memo item: Household debt servicing (quarterly),HHAL.QD2.ZZH1
SNEQ.SG15AD041P00AFL0481S500,2023.09,367,NZDm,Interest payments on consumer loans,Memo item: Household debt servicing (quarterly),HHAL.QD2.ZZH2
SNEQ.SG15AD041P00ANA0000S500,2023.09,5063,NZDm,Total interest payments,Memo item: Household debt servicing (quarterly),HHAL.QD2.ZZH
SNEQ.SG15AD041P00ANA0000S500N,2023.09,9,%,Total interest payments as a percentage of household disposable income,Memo item: Household debt servicing (quarterly),HHAL.QR7.ZZH
SNEQ.SG15ALE00000AFA0000S500,2023.09,1538780,NZDm,Household financial assets,Household net financial wealth,HHAL.QA
SNEQ.SG15ALE00000AFA0000S500N,2023.09,680,%,Household financial assets,As a percentage of household disposable income,HHAL.QR1
SNEQ.SG15ALE00000AFA0586S500,2023.09,914619,NZDm,Net equity in housing,Net equity in housing,HHAL.QC2
SNEQ.SG15ALE00000AFA0586S500N,2023.09,404,%,Net equity in housing,As a percentage of household disposable income,HHAL.QR5
SNEQ.SG15ALE00000AFL0000S500,2023.09,292782,NZDm,Household financial liabilities,Household net financial wealth,HHAL.QB
SNEQ.SG15ALE00000AFL0000S500N,2023.09,129,%,Household financial liabilities,As a percentage of household disposable income,HHAL.QR2
SNEQ.SG15ALE00000AFL0461S500,2023.09,262499,NZDm,Housing loans,Net equity in housing,HHAL.QB11
SNEQ.SG15ALE00000AFL7000S500,2023.09,382939,NZDm,Household financial liabilities (including rental properties),Memo item: Household debt including rental properties,HHAL.QM21
SNEQ.SG15ALE00000AFL7000S500N,2023.09,169,%,Household financial liabilities (including rental properties) as a percentage of household disposable income,Memo item: Household debt including rental properties,HHAL.QM23
SNEQ.SG15ALE00000AN60000S500,2023.09,1177118,NZDm,Housing and land value,Household net wealth,HHAL.QC6
SNEQ.SG15ALE00000AN60000S500N,2023.09,520,%,Housing and land value,As a percentage of household disposable income,HHAL.QR4
SNEQ.SG15ALE00000B900000S500,2023.09,2423117,NZDm,Household net wealth,Household net wealth,HHAL.QC3
SNEQ.SG15ALE00000B900000S500N,2023.09,1070,%,Household net wealth,As a percentage of household disposable income,HHAL.QR6
SNEQ.SG15ALE00000B910000S500,2023.09,1245998,NZDm,Household net financial wealth,Household net financial wealth,HHAL.QC5
SNEQ.SG15ALE00000B910000S500N,2023.09,550,%,Household net financial wealth,As a percentage of household disposable income,HHAL.QR3
DDEQ.SHA,2023.12,1994600,no,Number of households (at end of quarter),Housing stock,PDWEL.Q.H1.na
DDEQ.SKA,2023.12,2075800,no,Number of private dwellings (at end of quarter),Housing stock,PDWEL.Q.D1.na
SNEA.SG15AB06NR00ANA0000S500,2023.12,230249,NZDm,Household disposable income (year ended),Household disposable income,HHAL.QC4rt12
SNEA.SG15AD041P00AFL0471S500,2023.12,18095,NZDm,Interest payments on housing loans (including rental properties),Memo item: Household debt servicing (year ended),HHAL.QD2.ZZH1rt12
SNEA.SG15AD041P00AFL0481S500,2023.12,1455,NZDm,Interest payments on consumer loans,Memo item: Household debt servicing (year ended),HHAL.QD2.ZZH2rt12
SNEA.SG15AD041P00ANA0000S500,2023.12,19550,NZDm,Total interest payments,Memo item: Household debt servicing (year ended),HHAL.QD2.ZZHrt12
SNEA.SG15AD041P00ANA0000S500N,2023.12,9,%,Total interest payments as a percentage of household disposable income,Memo item: Household debt servicing (year ended),HHAL.QR7.ZZHrt12
SNEQ.SG15AB01GE00ANA0000S900,2023.12,107950,NZDm,Expenditure GDP (quarterly),Nominal Gross Domestic Product (GDP),GDE.Q.EY.NA
SNEQ.SG15AB06NR00ANA0000S500,2023.12,59834,NZDm,Household disposable income (quarterly),Household disposable income,HHAL.QC4
SNEQ.SG15AD041P00AFL0471S500,2023.12,5103,NZDm,Interest payments on housing loans (including rental properties),Memo item: Household debt servicing (quarterly),HHAL.QD2.ZZH1
SNEQ.SG15AD041P00AFL0481S500,2023.12,374,NZDm,Interest payments on consumer loans,Memo item: Household debt servicing (quarterly),HHAL.QD2.ZZH2
SNEQ.SG15AD041P00ANA0000S500,2023.12,5477,NZDm,Total interest payments,Memo item: Household debt servicing (quarterly),HHAL.QD2.ZZH
SNEQ.SG15AD041P00ANA0000S500N,2023.12,9,%,Total interest payments as a percentage of household disposable income,Memo item: Household debt servicing (quarterly),HHAL.QR7.ZZH
SNEQ.SG15ALE00000AFA0000S500,2023.12,1543887,NZDm,Household financial assets,Household net financial wealth,HHAL.QA
SNEQ.SG15ALE00000AFA0000S500N,2023.12,671,%,Household financial assets,As a percentage of household disposable income,HHAL.QR1
SNEQ.SG15ALE00000AFA0586S500,2023.12,933656,NZDm,Net equity in housing,Net equity in housing,HHAL.QC2
SNEQ.SG15ALE00000AFA0586S500N,2023.12,406,%,Net equity in housing,As a percentage of household disposable income,HHAL.QR5
SNEQ.SG15ALE00000AFL0000S500,2023.12,296484,NZDm,Household financial liabilities,Household net financial wealth,HHAL.QB
SNEQ.SG15ALE00000AFL0000S500N,2023.12,129,%,Household financial liabilities,As a percentage of household disposable income,HHAL.QR2
SNEQ.SG15ALE00000AFL0461S500,2023.12,265946,NZDm,Housing loans,Net equity in housing,HHAL.QB11
SNEQ.SG15ALE00000AFL7000S500,2023.12,387060,NZDm,Household financial liabilities (including rental properties),Memo item: Household debt including rental properties,HHAL.QM21
SNEQ.SG15ALE00000AFL7000S500N,2023.12,168,%,Household financial liabilities (including rental properties) as a percentage of household disposable income,Memo item: Household debt including rental properties,HHAL.QM23
SNEQ.SG15ALE00000AN60000S500,2023.12,1199602,NZDm,Housing and land value,Household net wealth,HHAL.QC6
SNEQ.SG15ALE00000AN60000S500N,2023.12,521,%,Housing and land value,As a percentage of household disposable income,HHAL.QR4
SNEQ.SG15ALE00000B900000S500,2023.12,2447004,NZDm,Household net wealth,Household net wealth,HHAL.QC3
SNEQ.SG15ALE00000B900000S500N,2023.12,1063,%,Household net wealth,As a percentage of household disposable income,HHAL.QR6
SNEQ.SG15ALE00000B910000S500,2023.12,1247402,NZDm,Household net financial wealth,Household net financial wealth,HHAL.QC5
SNEQ.SG15ALE00000B910000S500N,2023.12,542,%,Household net financial wealth,As a percentage of household disposable income,HHAL.QR3
DDEQ.SHA,2024.03,2003300,no,Number of households (at end of quarter),Housing stock,PDWEL.Q.H1.na
DDEQ.SKA,2024.03,2084800,no,Number of private dwellings (at end of quarter),Housing stock,PDWEL.Q.D1.na
SNEA.SG15AB01GE00ANA0000S900,2024.03,417263,NZDm,Expenditure GDP (annual),Nominal Gross Domestic Product (GDP),NATE.Y.E0Y.na
SNEA.SG15AB01GP00ANA0000S900,2024.03,415586,NZDm,Production GDP (annual),Nominal Gross Domestic Product (GDP),NATA.Y.G0.na
SNEA.SG15AB06NR00ANA0000S500,2024.03,234700,NZDm,Household disposable income (year ended),Household disposable income,HHAL.QC4rt12
SNEA.SG15AD041P00AFL0471S500,2024.03,19487,NZDm,Interest payments on housing loans (including rental properties),Memo item: Household debt servicing (year ended),HHAL.QD2.ZZH1rt12
SNEA.SG15AD041P00AFL0481S500,2024.03,1488,NZDm,Interest payments on consumer loans,Memo item: Household debt servicing (year ended),HHAL.QD2.ZZH2rt12
SNEA.SG15AD041P00ANA0000S500,2024.03,20975,NZDm,Total interest payments,Memo item: Household debt servicing (year ended),HHAL.QD2.ZZHrt12
SNEA.SG15AD041P00ANA0000S500N,2024.03,9,%,Total interest payments as a percentage of household disposable income,Memo item: Household debt servicing (year ended),HHAL.QR7.ZZHrt12
SNEQ.SG15AB01GE00ANA0000S900,2024.03,105529,NZDm,Expenditure GDP (quarterly),Nominal Gross Domestic Product (GDP),GDE.Q.EY.NA
SNEQ.SG15AB06NR00ANA0000S500,2024.03,60053,NZDm,Household disposable income (quarterly),Household disposable income,HHAL.QC4
SNEQ.SG15AD041P00AFL0471S500,2024.03,5361,NZDm,Interest payments on housing loans (including rental properties),Memo item: Household debt servicing (quarterly),HHAL.QD2.ZZH1
SNEQ.SG15AD041P00AFL0481S500,2024.03,385,NZDm,Interest payments on consumer loans,Memo item: Household debt servicing (quarterly),HHAL.QD2.ZZH2
SNEQ.SG15AD041P00ANA0000S500,2024.03,5746,NZDm,Total interest payments,Memo item: Household debt servicing (quarterly),HHAL.QD2.ZZH
SNEQ.SG15AD041P00ANA0000S500N,2024.03,10,%,Total interest payments as a percentage of household disposable income,Memo item: Household debt servicing (quarterly),HHAL.QR7.ZZH
SNEQ.SG15ALE00000AFA0000S500,2024.03,1559966,NZDm,Household financial assets,Household net financial wealth,HHAL.QA
SNEQ.SG15ALE00000AFA0000S500N,2024.03,665,%,Household financial assets,As a percentage of household disposable income,HHAL.QR1
SNEQ.SG15ALE00000AFA0586S500,2024.03,938301,NZDm,Net equity in housing,Net equity in housing,HHAL.QC2
SNEQ.SG15ALE00000AFA0586S500N,2024.03,400,%,Net equity in housing,As a percentage of household disposable income,HHAL.QR5
SNEQ.SG15ALE00000AFL0000S500,2024.03,298959,NZDm,Household financial liabilities,Household net financial wealth,HHAL.QB
SNEQ.SG15ALE00000AFL0000S500N,2024.03,127,%,Household financial liabilities,As a percentage of household disposable income,HHAL.QR2
SNEQ.SG15ALE00000AFL0461S500,2024.03,268152,NZDm,Housing loans,Net equity in housing,HHAL.QB11
SNEQ.SG15ALE00000AFL7000S500,2024.03,389202,NZDm,Household financial liabilities (including rental properties),Memo item: Household debt including rental properties,HHAL.QM21
SNEQ.SG15ALE00000AFL7000S500N,2024.03,166,%,Household financial liabilities (including rental properties) as a percentage of household disposable income,Memo item: Household debt including rental properties,HHAL.QM23
SNEQ.SG15ALE00000AN60000S500,2024.03,1206453,NZDm,Housing and land value,Household net wealth,HHAL.QC6
SNEQ.SG15ALE00000AN60000S500N,2024.03,514,%,Housing and land value,As a percentage of household disposable income,HHAL.QR4
SNEQ.SG15ALE00000B900000S500,2024.03,2467460,NZDm,Household net wealth,Household net wealth,HHAL.QC3
SNEQ.SG15ALE00000B900000S500N,2024.03,1051,%,Household net wealth,As a percentage of household disposable income,HHAL.QR6
SNEQ.SG15ALE00000B910000S500,2024.03,1261008,NZDm,Household net financial wealth,Household net financial wealth,HHAL.QC5
SNEQ.SG15ALE00000B910000S500N,2024.03,537,%,Household net financial wealth,As a percentage of household disposable income,HHAL.QR3
DDEQ.SHA,2024.06,2012000,no,Number of households (at end of quarter),Housing stock,PDWEL.Q.H1.na
DDEQ.SKA,2024.06,2093900,no,Number of private dwellings (at end of quarter),Housing stock,PDWEL.Q.D1.na
SNEA.SG15AB06NR00ANA0000S500,2024.06,236513,NZDm,Household disposable income (year ended),Household disposable income,HHAL.QC4rt12
SNEA.SG15AD041P00AFL0471S500,2024.06,20759,NZDm,Interest payments on housing loans (including rental properties),Memo item: Household debt servicing (year ended),HHAL.QD2.ZZH1rt12
SNEA.SG15AD041P00AFL0481S500,2024.06,1512,NZDm,Interest payments on consumer loans,Memo item: Household debt servicing (year ended),HHAL.QD2.ZZH2rt12
SNEA.SG15AD041P00ANA0000S500,2024.06,22271,NZDm,Total interest payments,Memo item: Household debt servicing (year ended),HHAL.QD2.ZZHrt12
SNEA.SG15AD041P00ANA0000S500N,2024.06,9,%,Total interest payments as a percentage of household disposable income,Memo item: Household debt servicing (year ended),HHAL.QR7.ZZHrt12
SNEQ.SG15AB01GE00ANA0000S900,2024.06,105446,NZDm,Expenditure GDP (quarterly),Nominal Gross Domestic Product (GDP),GDE.Q.EY.NA
SNEQ.SG15AB06NR00ANA0000S500,2024.06,58524,NZDm,Household disposable income (quarterly),Household disposable income,HHAL.QC4
SNEQ.SG15AD041P00AFL0471S500,2024.06,5598,NZDm,Interest payments on housing loans (including rental properties),Memo item: Household debt servicing (quarterly),HHAL.QD2.ZZH1
SNEQ.SG15AD041P00AFL0481S500,2024.06,386,NZDm,Interest payments on consumer loans,Memo item: Household debt servicing (quarterly),HHAL.QD2.ZZH2
SNEQ.SG15AD041P00ANA0000S500,2024.06,5984,NZDm,Total interest payments,Memo item: Household debt servicing (quarterly),HHAL.QD2.ZZH
SNEQ.SG15AD041P00ANA0000S500N,2024.06,10,%,Total interest payments as a percentage of household disposable income,Memo item: Household debt servicing (quarterly),HHAL.QR7.ZZH
SNEQ.SG15ALE00000AFA0000S500,2024.06,1546762,NZDm,Household financial assets,Household net financial wealth,HHAL.QA
SNEQ.SG15ALE00000AFA0000S500N,2024.06,654,%,Household financial assets,As a percentage of household disposable income,HHAL.QR1
SNEQ.SG15ALE00000AFA0586S500,2024.06,927732,NZDm,Net equity in housing,Net equity in housing,HHAL.QC2
SNEQ.SG15ALE00000AFA0586S500N,2024.06,392,%,Net equity in housing,As a percentage of household disposable income,HHAL.QR5
SNEQ.SG15ALE00000AFL0000S500,2024.06,301087,NZDm,Household financial liabilities,Household net financial wealth,HHAL.QB
SNEQ.SG15ALE00000AFL0000S500N,2024.06,127,%,Household financial liabilities,As a percentage of household disposable income,HHAL.QR2
SNEQ.SG15ALE00000AFL0461S500,2024.06,270565,NZDm,Housing loans,Net equity in housing,HHAL.QB11
SNEQ.SG15ALE00000AFL7000S500,2024.06,392117,NZDm,Household financial liabilities (including rental properties),Memo item: Household debt including rental properties,HHAL.QM21
SNEQ.SG15ALE00000AFL7000S500N,2024.06,166,%,Household financial liabilities (including rental properties) as a percentage of household disposable income,Memo item: Household debt including rental properties,HHAL.QM23
SNEQ.SG15ALE00000AN60000S500,2024.06,1198297,NZDm,Housing and land value,Household net wealth,HHAL.QC6
SNEQ.SG15ALE00000AN60000S500N,2024.06,507,%,Housing and land value,As a percentage of household disposable income,HHAL.QR4
SNEQ.SG15ALE00000B900000S500,2024.06,2443973,NZDm,Household net wealth,Household net wealth,HHAL.QC3
SNEQ.SG15ALE00000B900000S500N,2024.06,1033,%,Household net wealth,As a percentage of household disposable income,HHAL.QR6
SNEQ.SG15ALE00000B910000S500,2024.06,1245675,NZDm,Household net financial wealth,Household net financial wealth,HHAL.QC5
SNEQ.SG15ALE00000B910000S500N,2024.06,527,%,Household net financial wealth,As a percentage of household disposable income,HHAL.QR3
DDEQ.SHA,2024.09,2020100,no,Number of households (at end of quarter),Housing stock,PDWEL.Q.H1.na
DDEQ.SKA,2024.09,2102400,no,Number of private dwellings (at end of quarter),Housing stock,PDWEL.Q.D1.na
SNEA.SG15AB06NR00ANA0000S500,2024.09,238040,NZDm,Household disposable income (year ended),Household disposable income,HHAL.QC4rt12
SNEA.SG15AD041P00AFL0471S500,2024.09,21862,NZDm,Interest payments on housing loans (including rental properties),Memo item: Household debt servicing (year ended),HHAL.QD2.ZZH1rt12
SNEA.SG15AD041P00AFL0481S500,2024.09,1532,NZDm,Interest payments on consumer loans,Memo item: Household debt servicing (year ended),HHAL.QD2.ZZH2rt12
SNEA.SG15AD041P00ANA0000S500,2024.09,23394,NZDm,Total interest payments,Memo item: Household debt servicing (year ended),HHAL.QD2.ZZHrt12
SNEA.SG15AD041P00ANA0000S500N,2024.09,10,%,Total interest payments as a percentage of household disposable income,Memo item: Household debt servicing (year ended),HHAL.QR7.ZZHrt12
SNEQ.SG15AB01GE00ANA0000S900,2024.09,103037,NZDm,Expenditure GDP (quarterly),Nominal Gross Domestic Product (GDP),GDE.Q.EY.NA
SNEQ.SG15AB06NR00ANA0000S500,2024.09,59629,NZDm,Household disposable income (quarterly),Household disposable income,HHAL.QC4
SNEQ.SG15AD041P00AFL0471S500,2024.09,5799,NZDm,Interest payments on housing loans (including rental properties),Memo item: Household debt servicing (quarterly),HHAL.QD2.ZZH1
SNEQ.SG15AD041P00AFL0481S500,2024.09,387,NZDm,Interest payments on consumer loans,Memo item: Household debt servicing (quarterly),HHAL.QD2.ZZH2
SNEQ.SG15AD041P00ANA0000S500,2024.09,6186,NZDm,Total interest payments,Memo item: Household debt servicing (quarterly),HHAL.QD2.ZZH
SNEQ.SG15AD041P00ANA0000S500N,2024.09,10,%,Total interest payments as a percentage of household disposable income,Memo item: Household debt servicing (quarterly),HHAL.QR7.ZZH
SNEQ.SG15ALE00000AFA0000S500,2024.09,1548873,NZDm,Household financial assets,Household net financial wealth,HHAL.QA
SNEQ.SG15ALE00000AFA0000S500N,2024.09,651,%,Household financial assets,As a percentage of household disposable income,HHAL.QR1
SNEQ.SG15ALE00000AFA0586S500,2024.09,924301,NZDm,Net equity in housing,Net equity in housing,HHAL.QC2
SNEQ.SG15ALE00000AFA0586S500N,2024.09,388,%,Net equity in housing,As a percentage of household disposable income,HHAL.QR5
SNEQ.SG15ALE00000AFL0000S500,2024.09,303305,NZDm,Household financial liabilities,Household net financial wealth,HHAL.QB
SNEQ.SG15ALE00000AFL0000S500N,2024.09,127,%,Household financial liabilities,As a percentage of household disposable income,HHAL.QR2
SNEQ.SG15ALE00000AFL0461S500,2024.09,272798,NZDm,Housing loans,Net equity in housing,HHAL.QB11
SNEQ.SG15ALE00000AFL7000S500,2024.09,395287,NZDm,Household financial liabilities (including rental properties),Memo item: Household debt including rental properties,HHAL.QM21
SNEQ.SG15ALE00000AFL7000S500N,2024.09,166,%,Household financial liabilities (including rental properties) as a percentage of household disposable income,Memo item: Household debt including rental properties,HHAL.QM23
SNEQ.SG15ALE00000AN60000S500,2024.09,1197099,NZDm,Housing and land value,Household net wealth,HHAL.QC6
SNEQ.SG15ALE00000AN60000S500N,2024.09,503,%,Housing and land value,As a percentage of household disposable income,HHAL.QR4
SNEQ.SG15ALE00000B900000S500,2024.09,2442668,NZDm,Household net wealth,Household net wealth,HHAL.QC3
SNEQ.SG15ALE00000B900000S500N,2024.09,1026,%,Household net wealth,As a percentage of household disposable income,HHAL.QR6
SNEQ.SG15ALE00000B910000S500,2024.09,1245568,NZDm,Household net financial wealth,Household net financial wealth,HHAL.QC5
SNEQ.SG15ALE00000B910000S500N,2024.09,523,%,Household net financial wealth,As a percentage of household disposable income,HHAL.QR3
DDEQ.SHA,2024.12,2027700,no,Number of households (at end of quarter),Housing stock,PDWEL.Q.H1.na
DDEQ.SKA,2024.12,2110200,no,Number of private dwellings (at end of quarter),Housing stock,PDWEL.Q.D1.na
SNEA.SG15AB06NR00ANA0000S500,2024.12,239929,NZDm,Household disposable income (year ended),Household disposable income,HHAL.QC4rt12
SNEA.SG15AD041P00AFL0471S500,2024.12,22623,NZDm,Interest payments on housing loans (including rental properties),Memo item: Household debt servicing (year ended),HHAL.QD2.ZZH1rt12
SNEA.SG15AD041P00AFL0481S500,2024.12,1541,NZDm,Interest payments on consumer loans,Memo item: Household debt servicing (year ended),HHAL.QD2.ZZH2rt12
SNEA.SG15AD041P00ANA0000S500,2024.12,24164,NZDm,Total interest payments,Memo item: Household debt servicing (year ended),HHAL.QD2.ZZHrt12
SNEA.SG15AD041P00ANA0000S500N,2024.12,10,%,Total interest payments as a percentage of household disposable income,Memo item: Household debt servicing (year ended),HHAL.QR7.ZZHrt12
SNEQ.SG15AB01GE00ANA0000S900,2024.12,112800,NZDm,Expenditure GDP (quarterly),Nominal Gross Domestic Product (GDP),GDE.Q.EY.NA
SNEQ.SG15AB06NR00ANA0000S500,2024.12,61723,NZDm,Household disposable income (quarterly),Household disposable income,HHAL.QC4
SNEQ.SG15AD041P00AFL0471S500,2024.12,5864,NZDm,Interest payments on housing loans (including rental properties),Memo item: Household debt servicing (quarterly),HHAL.QD2.ZZH1
SNEQ.SG15AD041P00AFL0481S500,2024.12,383,NZDm,Interest payments on consumer loans,Memo item: Household debt servicing (quarterly),HHAL.QD2.ZZH2
SNEQ.SG15AD041P00ANA0000S500,2024.12,6247,NZDm,Total interest payments,Memo item: Household debt servicing (quarterly),HHAL.QD2.ZZH
SNEQ.SG15AD041P00ANA0000S500N,2024.12,10,%,Total interest payments as a percentage of household disposable income,Memo item: Household debt servicing (quarterly),HHAL.QR7.ZZH
SNEQ.SG15ALE00000AFA0000S500,2024.12,1566480,NZDm,Household financial assets,Household net financial wealth,HHAL.QA
SNEQ.SG15ALE00000AFA0000S500N,2024.12,653,%,Household financial assets,As a percentage of household disposable income,HHAL.QR1
SNEQ.SG15ALE00000AFA0586S500,2024.12,934800,NZDm,Net equity in housing,Net equity in housing,HHAL.QC2
SNEQ.SG15ALE00000AFA0586S500N,2024.12,390,%,Net equity in housing,As a percentage of household disposable income,HHAL.QR5
SNEQ.SG15ALE00000AFL0000S500,2024.12,306618,NZDm,Household financial liabilities,Household net financial wealth,HHAL.QB
SNEQ.SG15ALE00000AFL0000S500N,2024.12,128,%,Household financial liabilities,As a percentage of household disposable income,HHAL.QR2
SNEQ.SG15ALE00000AFL0461S500,2024.12,276282,NZDm,Housing loans,Net equity in housing,HHAL.QB11
SNEQ.SG15ALE00000AFL7000S500,2024.12,400208,NZDm,Household financial liabilities (including rental properties),Memo item: Household debt including rental properties,HHAL.QM21
SNEQ.SG15ALE00000AFL7000S500N,2024.12,167,%,Household financial liabilities (including rental properties) as a percentage of household disposable income,Memo item: Household debt including rental properties,HHAL.QM23
SNEQ.SG15ALE00000AN60000S500,2024.12,1211082,NZDm,Housing and land value,Household net wealth,HHAL.QC6
SNEQ.SG15ALE00000AN60000S500N,2024.12,505,%,Housing and land value,As a percentage of household disposable income,HHAL.QR4
SNEQ.SG15ALE00000B900000S500,2024.12,2470944,NZDm,Household net wealth,Household net wealth,HHAL.QC3
SNEQ.SG15ALE00000B900000S500N,2024.12,1030,%,Household net wealth,As a percentage of household disposable income,HHAL.QR6
SNEQ.SG15ALE00000B910000S500,2024.12,1259862,NZDm,Household net financial wealth,Household net financial wealth,HHAL.QC5
SNEQ.SG15ALE00000B910000S500N,2024.12,525,%,Household net financial wealth,As a percentage of household disposable income,HHAL.QR3
DDEQ.SHA,2025.03,2034500,no,Number of households (at end of quarter),Housing stock,PDWEL.Q.H1.na
DDEQ.SKA,2025.03,2117300,no,Number of private dwellings (at end of quarter),Housing stock,PDWEL.Q.D1.na
SNEA.SG15AB01GE00ANA0000S900,2025.03,431639,NZDm,Expenditure GDP (annual),Nominal Gross Domestic Product (GDP),NATE.Y.E0Y.na
SNEA.SG15AB06NR00ANA0000S500,2025.03,241403,NZDm,Household disposable income (year ended),Household disposable income,HHAL.QC4rt12
SNEA.SG15AD041P00AFL0471S500,2025.03,22994,NZDm,Interest payments on housing loans (including rental properties),Memo item: Household debt servicing (year ended),HHAL.QD2.ZZH1rt12
SNEA.SG15AD041P00AFL0481S500,2025.03,1538,NZDm,Interest payments on consumer loans,Memo item: Household debt servicing (year ended),HHAL.QD2.ZZH2rt12
SNEA.SG15AD041P00ANA0000S500,2025.03,24532,NZDm,Total interest payments,Memo item: Household debt servicing (year ended),HHAL.QD2.ZZHrt12
SNEA.SG15AD041P00ANA0000S500N,2025.03,10,%,Total interest payments as a percentage of household disposable income,Memo item: Household debt servicing (year ended),HHAL.QR7.ZZHrt12
SNEQ.SG15AB01GE00ANA0000S900,2025.03,110356,NZDm,Expenditure GDP (quarterly),Nominal Gross Domestic Product (GDP),GDE.Q.EY.NA
SNEQ.SG15AB06NR00ANA0000S500,2025.03,61527,NZDm,Household disposable income (quarterly),Household disposable income,HHAL.QC4
SNEQ.SG15AD041P00AFL0471S500,2025.03,5732,NZDm,Interest payments on housing loans (including rental properties),Memo item: Household debt servicing (quarterly),HHAL.QD2.ZZH1
SNEQ.SG15AD041P00AFL0481S500,2025.03,382,NZDm,Interest payments on consumer loans,Memo item: Household debt servicing (quarterly),HHAL.QD2.ZZH2
SNEQ.SG15AD041P00ANA0000S500,2025.03,6114,NZDm,Total interest payments,Memo item: Household debt servicing (quarterly),HHAL.QD2.ZZH
SNEQ.SG15AD041P00ANA0000S500N,2025.03,10,%,Total interest payments as a percentage of household disposable income,Memo item: Household debt servicing (quarterly),HHAL.QR7.ZZH
SNEQ.SG15ALE00000AFA0000S500,2025.03,1572446,NZDm,Household financial assets,Household net financial wealth,HHAL.QA
SNEQ.SG15ALE00000AFA0000S500N,2025.03,651,%,Household financial assets,As a percentage of household disposable income,HHAL.QR1
SNEQ.SG15ALE00000AFA0586S500,2025.03,935994,NZDm,Net equity in housing,Net equity in housing,HHAL.QC2
SNEQ.SG15ALE00000AFA0586S500N,2025.03,388,%,Net equity in housing,As a percentage of household disposable income,HHAL.QR5
SNEQ.SG15ALE00000AFL0000S500,2025.03,310089,NZDm,Household financial liabilities,Household net financial wealth,HHAL.QB
SNEQ.SG15ALE00000AFL0000S500N,2025.03,129,%,Household financial liabilities,As a percentage of household disposable income,HHAL.QR2
SNEQ.SG15ALE00000AFL0461S500,2025.03,279184,NZDm,Housing loans,Net equity in housing,HHAL.QB11
SNEQ.SG15ALE00000AFL7000S500,2025.03,404273,NZDm,Household financial liabilities (including rental properties),Memo item: Household debt including rental properties,HHAL.QM21
SNEQ.SG15ALE00000AFL7000S500N,2025.03,168,%,Household financial liabilities (including rental properties) as a percentage of household disposable income,Memo item: Household debt including rental properties,HHAL.QM23
SNEQ.SG15ALE00000AN60000S500,2025.03,1215178,NZDm,Housing and land value,Household net wealth,HHAL.QC6
SNEQ.SG15ALE00000AN60000S500N,2025.03,503,%,Housing and land value,As a percentage of household disposable income,HHAL.QR4
SNEQ.SG15ALE00000B900000S500,2025.03,2477535,NZDm,Household net wealth,Household net wealth,HHAL.QC3
SNEQ.SG15ALE00000B900000S500N,2025.03,1026,%,Household net wealth,As a percentage of household disposable income,HHAL.QR6
SNEQ.SG15ALE00000B910000S500,2025.03,1262357,NZDm,Household net financial wealth,Household net financial wealth,HHAL.QC5
SNEQ.SG15ALE00000B910000S500N,2025.03,523,%,Household net financial wealth,As a percentage of household disposable income,HHAL.QR3
DDEQ.SHA,2025.06,2041900,no,Number of households (at end of quarter),Housing stock,PDWEL.Q.H1.na
DDEQ.SKA,2025.06,2125000,no,Number of private dwellings (at end of quarter),Housing stock,PDWEL.Q.D1.na
SNEA.SG15AB06NR00ANA0000S500,2025.06,244403,NZDm,Household disposable income (year ended),Household disposable income,HHAL.QC4rt12
SNEA.SG15AD041P00AFL0471S500,2025.06,22890,NZDm,Interest payments on housing loans (including rental properties),Memo item: Household debt servicing (year ended),HHAL.QD2.ZZH1rt12
SNEA.SG15AD041P00AFL0481S500,2025.06,1532,NZDm,Interest payments on consumer loans,Memo item: Household debt servicing (year ended),HHAL.QD2.ZZH2rt12
SNEA.SG15AD041P00ANA0000S500,2025.06,24422,NZDm,Total interest payments,Memo item: Household debt servicing (year ended),HHAL.QD2.ZZHrt12
SNEA.SG15AD041P00ANA0000S500N,2025.06,10,%,Total interest payments as a percentage of household disposable income,Memo item: Household debt servicing (year ended),HHAL.QR7.ZZHrt12
SNEQ.SG15AB01GE00ANA0000S900,2025.06,109910,NZDm,Expenditure GDP (quarterly),Nominal Gross Domestic Product (GDP),GDE.Q.EY.NA
SNEQ.SG15AB06NR00ANA0000S500,2025.06,61524,NZDm,Household disposable income (quarterly),Household disposable income,HHAL.QC4
SNEQ.SG15AD041P00AFL0471S500,2025.06,5494,NZDm,Interest payments on housing loans (including rental properties),Memo item: Household debt servicing (quarterly),HHAL.QD2.ZZH1
SNEQ.SG15AD041P00AFL0481S500,2025.06,380,NZDm,Interest payments on consumer loans,Memo item: Household debt servicing (quarterly),HHAL.QD2.ZZH2
SNEQ.SG15AD041P00ANA0000S500,2025.06,5874,NZDm,Total interest payments,Memo item: Household debt servicing (quarterly),HHAL.QD2.ZZH
SNEQ.SG15AD041P00ANA0000S500N,2025.06,10,%,Total interest payments as a percentage of household disposable income,Memo item: Household debt servicing (quarterly),HHAL.QR7.ZZH
SNEQ.SG15ALE00000AFA0000S500,2025.06,1575136,NZDm,Household financial assets,Household net financial wealth,HHAL.QA
SNEQ.SG15ALE00000AFA0000S500N,2025.06,645,%,Household financial assets,As a percentage of household disposable income,HHAL.QR1
SNEQ.SG15ALE00000AFA0586S500,2025.06,921152,NZDm,Net equity in housing,Net equity in housing,HHAL.QC2
SNEQ.SG15ALE00000AFA0586S500N,2025.06,377,%,Net equity in housing,As a percentage of household disposable income,HHAL.QR5
SNEQ.SG15ALE00000AFL0000S500,2025.06,313638,NZDm,Household financial liabilities,Household net financial wealth,HHAL.QB
SNEQ.SG15ALE00000AFL0000S500N,2025.06,128,%,Household financial liabilities,As a percentage of household disposable income,HHAL.QR2
SNEQ.SG15ALE00000AFL0461S500,2025.06,282805,NZDm,Housing loans,Net equity in housing,HHAL.QB11
SNEQ.SG15ALE00000AFL7000S500,2025.06,409471,NZDm,Household financial liabilities (including rental properties),Memo item: Household debt including rental properties,HHAL.QM21
SNEQ.SG15ALE00000AFL7000S500N,2025.06,168,%,Household financial liabilities (including rental properties) as a percentage of household disposable income,Memo item: Household debt including rental properties,HHAL.QM23
SNEQ.SG15ALE00000AN60000S500,2025.06,1203957,NZDm,Housing and land value,Household net wealth,HHAL.QC6
SNEQ.SG15ALE00000AN60000S500N,2025.06,493,%,Housing and land value,As a percentage of household disposable income,HHAL.QR4
SNEQ.SG15ALE00000B900000S500,2025.06,2465455,NZDm,Household net wealth,Household net wealth,HHAL.QC3
SNEQ.SG15ALE00000B900000S500N,2025.06,1009,%,Household net wealth,As a percentage of household disposable income,HHAL.QR6
SNEQ.SG15ALE00000B910000S500,2025.06,1261498,NZDm,Household net financial wealth,Household net financial wealth,HHAL.QC5
SNEQ.SG15ALE00000B910000S500N,2025.06,516,%,Household net financial wealth,As a percentage of household disposable income,HHAL.QR3
